<?xml version="1.0" encoding="utf-8" ?>
<dwsync>
<file name="bitly.php" server="documanaged.com//public_html/" local="130671219015125056" remote="130789373400000000" Dst="2" />
<file name="ajax.php" server="documanaged.com//public_html/" local="130794541676471696" remote="130794541800000000" Dst="2" />
<file name="browser.detection.php" server="documanaged.com//public_html/" local="130120783144619833" remote="130789373400000000" Dst="2" />
<file name="install.php" server="documanaged.com//public_html/" local="130662428064855934" remote="130789373400000000" Dst="2" />
<file name="mat.thumb.php" server="documanaged.com//public_html/" local="130387019291572024" remote="130789373400000000" Dst="2" />
<file name="uploader.php" server="documanaged.com//public_html/" local="130790439468275756" remote="130790439000000000" Dst="2" />
<file name="bitly.php" server="smartypantsplugins.com//public_html/sandbox/" local="130671219015125056" remote="130791302400000000" Dst="2" />
<file name="ajax.php" server="smartypantsplugins.com//public_html/sandbox/" local="130790268111814428" remote="130791302400000000" Dst="2" />
<file name="browser.detection.php" server="smartypantsplugins.com//public_html/sandbox/" local="130120783144619833" remote="130791302400000000" Dst="2" />
<file name="install.php" server="smartypantsplugins.com//public_html/sandbox/" local="130662428064855934" remote="130791302400000000" Dst="2" />
<file name="uploader.php" server="smartypantsplugins.com//public_html/sandbox/" local="130790439468275756" remote="130791302400000000" Dst="2" />
<file name="mat.thumb.php" server="smartypantsplugins.com//public_html/sandbox/" local="130387019291572024" remote="130791302400000000" Dst="2" />
</dwsync>