<?xml version="1.0" encoding="UTF-8"?>
<GetProductCategoriesForSKUResponse xmlns="http://mws.amazonservices.com/schema/Products/2011-10-01">
   <GetProductCategoriesForSKUResult>
        <Self>
            <ProductCategoryId>String</ProductCategoryId>
            <ProductCategoryName>String</ProductCategoryName>
            <Parent>
                <ProductCategoryId>String</ProductCategoryId>
                <ProductCategoryName>String</ProductCategoryName>
                
            </Parent>
        </Self>
    </GetProductCategoriesForSKUResult>
   <ResponseMetadata>
        <RequestId>String</RequestId>
    </ResponseMetadata>
</GetProductCategoriesForSKUResponse>
