<wpml-config>
	<admin-texts>
		<key name="rtb-settings">
			<key name="booking-page" />
			<key name="success-message" />
			<key name="date-format" />
			<key name="time-format" />
			<key name="i8n" />
			<key name="reply-to-name" />
			<key name="subject-booking-admin" />
			<key name="template-booking-admin" />
			<key name="subject-booking-user" />
			<key name="template-booking-user" />
			<key name="subject-confirmed-user" />
			<key name="template-confirmed-user" />
			<key name="subject-rejected-user" />
			<key name="template-rejected-user" />
		</key>
	</admin-texts>
</wpml-config>
