<?xml version="1.0" encoding="UTF-8"?>
<ListOrderItemsByNextTokenResponse xmlns="https://mws.amazonservices.com/Orders/2011-01-01">
  <ListOrderItemsByNextTokenResult>
    <!--Optional:-->
    <NextToken>string</NextToken>
    <AmazonOrderId>string</AmazonOrderId>
    <!--Optional:-->
    <OrderItems>
      <!--1 or more repetitions:-->
      <OrderItem>
        <ASIN>string</ASIN>
        <!--Optional:-->
        <SellerSKU>string</SellerSKU>
        <OrderItemId>string</OrderItemId>
        <!--Optional:-->
        <Title>string</Title>
        <QuantityOrdered>100</QuantityOrdered>
        <!--Optional:-->
        <QuantityShipped>100</QuantityShipped>
        <!--Optional:-->
        <ItemPrice>
          <!--Optional:-->
          <CurrencyCode>string</CurrencyCode>
          <!--Optional:-->
          <Amount>string</Amount>
        </ItemPrice>
        <!--Optional:-->
        <ShippingPrice>
          <!--Optional:-->
          <CurrencyCode>string</CurrencyCode>
          <!--Optional:-->
          <Amount>string</Amount>
        </ShippingPrice>
        <!--Optional:-->
        <GiftWrapPrice>
          <!--Optional:-->
          <CurrencyCode>string</CurrencyCode>
          <!--Optional:-->
          <Amount>string</Amount>
        </GiftWrapPrice>
        <!--Optional:-->
        <ItemTax>
          <!--Optional:-->
          <CurrencyCode>string</CurrencyCode>
          <!--Optional:-->
          <Amount>string</Amount>
        </ItemTax>
        <!--Optional:-->
        <ShippingTax>
          <!--Optional:-->
          <CurrencyCode>string</CurrencyCode>
          <!--Optional:-->
          <Amount>string</Amount>
        </ShippingTax>
        <!--Optional:-->
        <GiftWrapTax>
          <!--Optional:-->
          <CurrencyCode>string</CurrencyCode>
          <!--Optional:-->
          <Amount>string</Amount>
        </GiftWrapTax>
        <!--Optional:-->
        <ShippingDiscount>
          <!--Optional:-->
          <CurrencyCode>string</CurrencyCode>
          <!--Optional:-->
          <Amount>string</Amount>
        </ShippingDiscount>
        <!--Optional:-->
        <PromotionDiscount>
          <!--Optional:-->
          <CurrencyCode>string</CurrencyCode>
          <!--Optional:-->
          <Amount>string</Amount>
        </PromotionDiscount>
        <!--Optional:-->
        <PromotionIds>
          <!--1 or more repetitions:-->
          <PromotionId>string</PromotionId>
        </PromotionIds>
        <!--Optional:-->
        <CODFee>
          <!--Optional:-->
          <CurrencyCode>string</CurrencyCode>
          <!--Optional:-->
          <Amount>string</Amount>
        </CODFee>
        <!--Optional:-->
        <CODFeeDiscount>
          <!--Optional:-->
          <CurrencyCode>string</CurrencyCode>
          <!--Optional:-->
          <Amount>string</Amount>
        </CODFeeDiscount>
        <!--Optional:-->
        <GiftMessageText>string</GiftMessageText>
        <!--Optional:-->
        <GiftWrapLevel>string</GiftWrapLevel>
        <!--Optional:-->
        <InvoiceData>
          <!--Optional:-->
          <InvoiceRequirement>string</InvoiceRequirement>
          <!--Optional:-->
          <BuyerSelectedInvoiceCategory>string</BuyerSelectedInvoiceCategory>
          <!--Optional:-->
          <InvoiceTitle>string</InvoiceTitle>
          <!--Optional:-->
          <InvoiceInformation>string</InvoiceInformation>
        </InvoiceData>
      </OrderItem>
    </OrderItems>
  </ListOrderItemsByNextTokenResult>
  <ResponseMetadata>
    <RequestId>string</RequestId>
  </ResponseMetadata>
</ListOrderItemsByNextTokenResponse>