{"results":[{"user":{"gender":"female","name":{"title":"miss","first":"noelle","last":"soto"},"location":{"street":"5280 locust rd","city":"bakersfield","state":"vermont","zip":"61061"},"email":"noelle.soto10@example.com","username":"lazygorilla451","password":"shei","salt":"MmJRhJOv","md5":"2e54f88d2fc6c4af22dc9bfc4d493a13","sha1":"af541505e2f6d2b4854f224c99feec5aa77d3717","sha256":"3420135fcd94e91de7945996fede8d37649cd514928a23b0418ad10c5f74a82a","registered":"1298037781","dob":"480915253","phone":"(538)-240-1772","cell":"(223)-511-8642","SSN":"457-44-4103","picture":{"large":"http://api.randomuser.me/portraits/women/47.jpg","medium":"http://api.randomuser.me/portraits/med/women/47.jpg","thumbnail":"http://api.randomuser.me/portraits/thumb/women/47.jpg"},"version":"0.4.1"},"seed":"f4a0beef77c37d5d"}]}