<wpml-config>
    <custom-types>
        <custom-type translate="1">ywcm_message</custom-type>
    </custom-types>
    <custom-fields>
        <custom-field action="translate">_ywcm_message_products_cart_text</custom-field>
        <custom-field action="translate">_ywcm_message_categories_cart_text</custom-field>
        <custom-field action="translate">_ywcm_message_simple_message_text</custom-field>
        <custom-field action="translate">_ywcm_message_button</custom-field>
        <custom-field action="ignore">_ywcm_message_expire</custom-field>
    </custom-fields>
</wpml-config>