{
    "background_image_url": "",
    "builtin_background_image" : "light-gray-5.jpg",
    "background_color": "#acacac",
    "background_tiling_enabled": "false",
    "logo_width": "200px",
    "logo_height": "100px",
    "content_box_opacity": "0.6",
    "content_box_color": "#000000",
    "text_headline_font_name": "times-new-roman",
    "text_headline_font_size": "42px",
    "text_headline_font_color": "#d9d9d9",
    "text_description_font_name": "times-new-roman",
    "text_description_font_size": "20px",
    "text_description_font_color": "#d9d9d9",
    "text_disclaimer_font_name": "arial",
    "text_disclaimer_font_size": "14px",
    "text_disclaimer_font_color": "#FFFFFF",
    "text_footer_font_name": "arial",
    "text_footer_font_size": "12px",
    "text_footer_font_color": "#FFFFFF",
    "email_button_width": "120px",
    "email_button_height": "42px",
    "email_button_font_name": "arial",
    "email_button_font_size": "18px",
    "email_button_font_color": "#ffffff",
    "email_button_color": "#606060",
    "css": "#content-area { box-shadow: 1px 7px 36px -5px rgba(34,34,34,1)}"
}