<?xml version="1.0" encoding="UTF-8"?>
<GetReportRequestListByNextTokenResponse xmlns="http://mws.amazonaws.com/doc/2009-01-01/">
  <GetReportRequestListByNextTokenResult>
    <NextToken>string</NextToken>
    <HasNext>false</HasNext>
    <!--1 or more repetitions:-->
    <ReportRequestInfo>
      <ReportRequestId>string</ReportRequestId>
      <ReportType>string</ReportType>
      <StartDate>2007-10-25T23:36:28</StartDate>
      <EndDate>2004-02-14T10:44:14</EndDate>
      <SubmittedDate>2018-10-31T22:36:46-07:00</SubmittedDate>
      <ReportProcessingStatus>string</ReportProcessingStatus>
    </ReportRequestInfo>
  </GetReportRequestListByNextTokenResult>
  <ResponseMetadata>
    <RequestId>string</RequestId>
  </ResponseMetadata>
</GetReportRequestListByNextTokenResponse>