<refentry id="package.payment.payment-dta.dtazv.getmetadata">
 <refnamediv>
  <refname>
   <function>DTAZV::getMetaData</function>
  </refname>
  <refpurpose>Returns an array with information about the transactions.</refpurpose>
 </refnamediv>
 <refsynopsisdiv>
  <funcsynopsis>
   <funcsynopsisinfo>require_once &apos;/DTAZV.php&apos;;</funcsynopsisinfo>
   <funcprototype>
    <funcdef>
     array
     <function>DTAZV::getMetaData</function>
    </funcdef>
    <paramdef />
   </funcprototype>
  </funcsynopsis>
 </refsynopsisdiv>
 <refsect1 id="package.payment.payment-dta.dtazv.getmetadata.desc">
  &title.desc;
  &notdocumented;
</refsect1>
 <refsect1 id="package.payment.payment-dta.dtazv.getmetadata.returns">
  &title.returns;
  <para>
   <emphasis>returns</emphasis>
   Returns an array with keys: &quot;sender_name&quot;,    &quot;sender_bank_code&quot;, &quot;sender_account&quot;, &quot;sum_amounts&quot;,    &quot;type&quot;, &quot;sum_bankcodes&quot;, &quot;sum_accounts&quot;, &quot;count&quot;, &quot;date&quot;
  </para>
 </refsect1>
 <refsect1 id="package.payment.payment-dta.dtazv.getmetadata.throws">
  &title.throws;
  <para>
   <emphasis>throws</emphasis>
   no exceptions thrown
  </para>
 </refsect1>
 <refsect1 id="package.payment.payment-dta.dtazv.getmetadata.note">
  &title.note;
  &note.notstatic;
</refsect1>
</refentry>
