<refentry id="package.payment.payment-dta.dtazv.parse">
 <refnamediv>
  <refname>
   <function>DTAZV::parse</function>
  </refname>
  <refpurpose>Parser. Read data from an existing DTAZV file content.</refpurpose>
 </refnamediv>
 <refsynopsisdiv>
  <funcsynopsis>
   <funcsynopsisinfo>require_once &apos;/DTAZV.php&apos;;</funcsynopsisinfo>
   <funcprototype>
    <funcdef>
     void
     <function>DTAZV::parse</function>
    </funcdef>
    <paramdef>
     string
     <parameter>$input</parameter>
    </paramdef>
   </funcprototype>
  </funcsynopsis>
 </refsynopsisdiv>
 <refsect1 id="package.payment.payment-dta.dtazv.parse.desc">
  &title.desc;
  &notdocumented;
</refsect1>
 <refsect1 id="package.payment.payment-dta.dtazv.parse.param">
  &title.param;
  <para>
   <variablelist>
    <varlistentry>
     <term>
      &type.string;
      <parameter>$input</parameter>
     </term>
     <listitem>
      <para>content of DTAZV file</para>
     </listitem>
    </varlistentry>
   </variablelist>
  </para>
 </refsect1>
 <refsect1 id="package.payment.payment-dta.dtazv.parse.throws">
  &title.throws;
  <para>
   <emphasis>throws</emphasis>
   Payment_DTA_Exception on unrecognized input
  </para>
 </refsect1>
 <refsect1 id="package.payment.payment-dta.dtazv.parse.note">
  &title.note;
  &note.notstatic;
</refsect1>
</refentry>
