<wpml-config>
    <admin-texts>
        <key name="woocommerce_paypal_pro_settings">
            <key name="title" />
            <key name="description" />
        </key>
        <key name="woocommerce_paypal_pro_payflow_settings">
            <key name="title" />
            <key name="description" />
        </key>
        <key name="woocommerce_paypal_express_settings">
            <key name="title" />
            <key name="description" />
            <key name="pp_button_type_text_button" />
            <key name="gift_wrap_name" />
        </key>
    </admin-texts>    
</wpml-config>

