{
  "name": "angular-ui-calendar",
  "version": "0.8.1",
  "description": "A complete AngularJS directive for the Arshaw FullCalendar.",
  "author": "https://github.com/angular-ui/ui-calendar/graphs/contributors",
  "license": "MIT",
  "homepage": "http://angular-ui.github.com",
  "main": "./src/calendar.js",
  "ignore": [
    "**/.*",
    "node_modules",
    "bower_components",
    "test*",
    "demo*",
    "gruntFile.js",
    "package.json"
  ],
  "dependencies": {
    "angular": "~1.2.x",
    "jquery": "~2.x",
    "jquery-ui": "~1.10.3",
    "fullcalendar": "~1.x"
  },
  "devDependencies": {
    "angular-mocks": "~1.x",
    "bootstrap-css": "2.3.1"
  },
  "resolutions": {
    "jquery": "~2.x"
  },
  "_release": "0.8.1",
  "_resolution": {
    "type": "version",
    "tag": "0.8.1",
    "commit": "9755f523ffea7fe25a0ff4510ca4c89a2b235f23"
  },
  "_source": "git://github.com/angular-ui/ui-calendar.git",
  "_target": "*",
  "_originalSource": "angular-ui-calendar"
}