<?xml version="1.0" encoding="utf-8" ?>
<dwsync>
<file name="shortcodes.php" server="dlg360.com//public_html/" local="129960788091933533" remote="129960787200000000" Dst="2" />
<file name="applications.php" server="dlg360.com//public_html/" local="129821713249041171" remote="129926431800000000" Dst="2" />
<file name="widgets.php" server="dlg360.com//public_html/" local="129720658422218176" remote="129926431800000000" Dst="2" />
<file name="applications.php" server="havredegracerental.com//home/www/havredegracerental.com/html/" local="129956667790497592" remote="129956818800000000" Dst="2" />
<file name="shortcodes.php" server="havredegracerental.com//home/www/havredegracerental.com/html/" local="129956659625320570" remote="129956818800000000" Dst="2" />
<file name="widgets.php" server="havredegracerental.com//home/www/havredegracerental.com/html/" local="129720658422218176" remote="129956769600000000" Dst="2" />
<file name="applications.php" server="dlg360.com//public_html/wordpress/" local="130168311475585129" remote="130168311600000000" Dst="2" />
<file name="shortcodes.php" server="dlg360.com//public_html/wordpress/" local="130239197302941640" remote="130239196800000000" Dst="2" />
<file name="widgets.php" server="dlg360.com//public_html/wordpress/" local="129720658422218176" remote="130167405000000000" Dst="2" />
<file name="applications.php" server="dlg360.com//public_html/new/wp-content/" local="129956667790497592" remote="130044817800000000" Dst="1" />
<file name="shortcodes.php" server="dlg360.com//public_html/new/wp-content/" local="129960806838505775" remote="130044817800000000" Dst="1" />
<file name="widgets.php" server="dlg360.com//public_html/new/wp-content/" local="129720658422218176" remote="130044817800000000" Dst="1" />
<file name="applications.php" server="dlg360.com//public_html/new3/" local="129956667790497592" remote="130132075200000000" Dst="2" />
<file name="shortcodes.php" server="dlg360.com//public_html/new3/" local="129960806838505775" remote="130132075200000000" Dst="2" />
<file name="widgets.php" server="dlg360.com//public_html/new3/" local="129720658422218176" remote="130132075200000000" Dst="2" />
<file name="shortcodes.php" server="smartypantsplugins.com//public_html/" local="130389579948673957" remote="130389545400000000" Dst="2" />
<file name="applications.php" server="smartypantsplugins.com//public_html/" local="130528425641841583" remote="130528425600000000" Dst="2" />
<file name="applications.php" server="harrisonpm.com" local="130360902151361321" remote="130360830000000000" Dst="1" />
<file name="shortcodes.php" server="77.245.78.154" local="130386030969763250" remote="130386210600000000" Dst="1" />
<file name="shortcodes.php" server="dlgresults.com//public_html/uk/" local="130389579948673957" remote="130389543600000000" Dst="2" />
<file name="shortcodes.php" server="jkrockhomes.com//public_html/jkrockhomes.com/" local="130407527994231389" remote="130407492000000000" Dst="2" />
<file name="shortcodes.php" server="dlgresults.com//public_html/wordpress/" local="130415395141147875" remote="130415359200000000" Dst="2" />
</dwsync>