{
    "default": {
        "width": 600,
        "height": 400,
        "curve_color": "#FAB618",
        "background_color": "#000,Dash:#000",
        "background_gradient": "Start:#000,End:#000",
        "title_font": "calibri.ttf,10,#FFF",
        "default_font": "pf_arma_five.ttf,6,#FFF",
        "x-axis-label-rotation": 40,
        "label-pos": "-150,8",
        "title-pos": "10,18",
        "graph-area": "70,30,-10,-60"
    },
    "btc-162x150": {
        "width": 162,
        "height": 150,
        "curve_color": "#FAB618",
        "background_color": "#000,Dash:#000",
        "background_gradient": "Start:#000,End:#000",
        "title_font": "calibri.ttf,10,#FFF",
        "default_font": "pf_arma_five.ttf,6,#FFF",
        "x-axis-label-rotation": 40,
        "x-axis-date-format": "Y",
        "title": " ",
        "label-pos": "-116,8",
        "graph-area": "35,25,-5,-30",
        "graph-background-color": "#000"
    },
    "btc-250x165": {
        "width": 250,
        "height": 165,
        "curve_color": "#FAB618",
        "background_color": "#000,Dash:#000",
        "background_gradient": "Start:#000,End:#000",
        "title_font": "calibri.ttf,10,#FFF",
        "default_font": "pf_arma_five.ttf,6,#FFF",
        "x-axis-label-rotation": 40,
        "graph-area": "50,30,-10,-50",
        "graph-background-color": "#000"
    },
    "btc-500x330": {
        "width": 500,
        "height": 330,
        "curve_color": "#FAB618",
        "background_color": "#000,Dash:#000",
        "background_gradient": "Start:#000,End:#000",
        "title_font": "calibri.ttf,10,#FFF",
        "default_font": "pf_arma_five.ttf,6,#FFF",
        "x-axis-label-rotation": 40,
        "label-pos": "-150,8",
        "title-pos": "10,18",
        "graph-area": "70,30,-10,-60",
        "graph-background-color": "#000"
    },
    "btc-700x450": {
        "width": 700,
        "height": 450,
        "curve_color": "#FAB618",
        "background_color": "#000,Dash:#000",
        "background_gradient": "Start:#000,End:#000",
        "title_font": "calibri.ttf,10,#FFF",
        "default_font": "pf_arma_five.ttf,6,#FFF",
        "x-axis-label-rotation": 40,
        "label-pos": "-150,8",
        "title-pos": "10,18",
        "graph-area": "70,30,-10,-60",
        "graph-background-color": "#000"
    },
    "orange-162x150": {
        "width": 162,
        "height": 150,
        "curve_color": "#FF0000",
        "background_color": "#f7931a,Dash:#f7931a",
        "background_gradient": "Start:#f7931a,End:#D88116",
        "title_font": "calibri.ttf,10,#FFF",
        "default_font": "pf_arma_five.ttf,6,#000",
        "x-axis-label-rotation": 40,
        "x-axis-date-format": "Y",
        "title": " ",
        "label-pos": "-116,8",
        "graph-area": "35,25,-5,-30",
        "graph-background-color": "#000"
    },
    "orange-250x165": {
        "width": 250,
        "height": 165,
        "curve_color": "#FF0000",
        "background_color": "#f7931a,Dash:#f7931a",
        "background_gradient": "Start:#f7931a,End:#D88116",
        "title_font": "calibri.ttf,10,#FFF",
        "default_font": "pf_arma_five.ttf,6,#000",
        "x-axis-label-rotation": 40,
        "graph-area": "50,30,-10,-50",
        "graph-background-color": "#000"
    },
    "orange-500x330": {
        "width": 500,
        "height": 330,
        "curve_color": "#FF0000",
        "background_color": "#f7931a,Dash:#f7931a",
        "background_gradient": "Start:#f7931a,End:#D88116",
        "title_font": "calibri.ttf,10,#FFF",
        "default_font": "pf_arma_five.ttf,6,#000",
        "x-axis-label-rotation": 40,
        "label-pos": "-150,8",
        "title-pos": "10,18",
        "graph-area": "70,30,-10,-60",
        "graph-background-color": "#000"
    },
    "orange-700x450": {
        "width": 700,
        "height": 450,
        "curve_color": "#FF0000",
        "background_color": "#f7931a,Dash:#f7931a",
        "background_gradient": "Start:#f7931a,End:#D88116",
        "title_font": "calibri.ttf,10,#FFF",
        "default_font": "pf_arma_five.ttf,6,#000",
        "x-axis-label-rotation": 40,
        "label-pos": "-150,8",
        "title-pos": "10,18",
        "graph-area": "70,30,-10,-60",
        "graph-background-color": "#000"
    },
    "blue-162x150": {
        "width": 162,
        "height": 150,
        "curve_color": "#00FF00",
        "background_color": "#59ADF2,Dash:57DEF2",
        "background_gradient": "Start:#84D1F5,End:#6098B2",
        "title_font": "calibri.ttf,10,#FFF",
        "default_font": "pf_arma_five.ttf,6,#000",
        "x-axis-label-rotation": 40,
        "x-axis-date-format": "Y",
        "title": " ",
        "label-pos": "-116,8",
        "graph-area": "35,25,-5,-30",
        "graph-background-color": "#000"
    },
    "blue-250x165": {
        "width": 250,
        "height": 165,
        "curve_color": "#00FF00",
        "background_color": "#59ADF2,Dash:57DEF2",
        "background_gradient": "Start:#84D1F5,End:#6098B2",
        "title_font": "calibri.ttf,10,#FFF",
        "default_font": "pf_arma_five.ttf,6,#000",
        "x-axis-label-rotation": 40,
        "graph-area": "50,30,-10,-50",
        "graph-background-color": "#000"
    },
    "blue-500x330": {
        "width": 500,
        "height": 330,
        "curve_color": "#00FF00",
        "background_color": "#59ADF2,Dash:57DEF2",
        "background_gradient": "Start:#84D1F5,End:#6098B2",
        "title_font": "calibri.ttf,10,#FFF",
        "default_font": "pf_arma_five.ttf,6,#000",
        "x-axis-label-rotation": 40,
        "label-pos": "-150,8",
        "title-pos": "10,18",
        "graph-area": "70,30,-10,-60",
        "graph-background-color": "#000"
    },
    "blue-700x450": {
        "width": 700,
        "height": 450,
        "curve_color": "#00FF00",
        "background_color": "#59ADF2,Dash:57DEF2",
        "background_gradient": "Start:#84D1F5,End:#6098B2",
        "title_font": "calibri.ttf,10,#FFF",
        "default_font": "pf_arma_five.ttf,6,#000",
        "x-axis-label-rotation": 40,
        "label-pos": "-150,8",
        "title-pos": "10,18",
        "graph-area": "70,30,-10,-60",
        "graph-background-color": "#000"
    }
}
