<?xml version="1.0" ?>

<container xmlns="http://symfony.com/schema/dic/services"
    xmlns:xsi="http://www.w3.org/2001/XMLSchema-instance"
    xsi:schemaLocation="http://symfony.com/schema/dic/services http://symfony.com/schema/dic/services/services-1.0.xsd">

    <imports>
        <import resource="reports.xml"/>
    </imports>
    
    <services>
        <service id="evp_reporting.report_manager" class="Evp\Bundle\ReportingBundle\Service\ReportManager">
            <argument type="service" id="logger"/>
            <argument type="service" id="form.factory"/>
            <argument type="service" id="router"/>
        </service>
    </services>
</container>
