<?xml version="1.0" encoding="utf-8"?>
<config type="module" version="1.5.0">
	<name>Country</name>
	<fields count="1">
		<field1>
			<name>country</name>
			<format>varchar(75)</format>
			<type>select</type>
			<values type="multi">
				<option value=""></option>
				<option value="Netherlands">Netherlands</option>
				<option value="Abu Dhabi">Abu Dhabi</option><option value="Abu Dhabi (United Arab Emirates)">Abu Dhabi (United Arab Emirates)</option><option value="Admiralty Islands">Admiralty Islands</option><option value="Admiralty Islands (Papua New Guinea)">Admiralty Islands (Papua New Guinea)</option><option value="Afars">Afars</option><option value="Afghanistan">Afghanistan</option><option value="Aitutaki">Aitutaki</option><option value="Aitutaki (Cook Islands) (New Zealand)">Aitutaki (Cook Islands) (New Zealand)</option><option value="Ajman">Ajman</option><option value="Ajman (United Arab Emirates)">Ajman (United Arab Emirates)</option><option value="Aland Island">Aland Island</option><option value="Aland Island (Finland)">Aland Island (Finland)</option><option value="Albania">Albania</option><option value="Alberta (Canada)">Alberta (Canada)</option><option value="Alderney">Alderney</option><option value="Alderney, Channel Islands (Great Britain)">Alderney, Channel Islands (Great Britain)</option><option value="Algeria">Algeria</option><option value="Alhucemas">Alhucemas</option><option value="Alhucemas (Spain)">Alhucemas (Spain)</option><option value="Alofi Island">Alofi Island</option><option value="Alofi Island (New Caledonia)">Alofi Island (New Caledonia)</option><option value="American Samoa">American Samoa</option><option value="Andaman Islands">Andaman Islands</option><option value="Andaman Islands (India)">Andaman Islands (India)</option><option value="Andorra">Andorra</option><option value="Angola">Angola</option><option value="Anguilla">Anguilla</option><option value="Anjouan">Anjouan</option><option value="Anjouan (Comoros)">Anjouan (Comoros)</option><option value="Annobon Island">Annobon Island</option><option value="Annobon Island (Equatorial Guinea)">Annobon Island (Equatorial Guinea)</option><option value="Antigua">Antigua</option><option value="Antigua and Barbuda">Antigua and Barbuda</option><option value="Argentina">Argentina</option><option value="Armenia">Armenia</option><option value="Aruba">Aruba</option><option value="Ascension">Ascension</option><option value="Astypalaia">Astypalaia</option><option value="Astypalaia (Greece)">Astypalaia (Greece)</option><option value="Atafu">Atafu</option><option value="Atafu (Western Samoa)">Atafu (Western Samoa)</option><option value="Atiu">Atiu</option><option value="Atiu (Cook Islands)">Atiu (Cook Islands)</option><option value="Australia">Australia</option><option value="Austria">Austria</option><option value="Avarua">Avarua</option><option value="Avarua (New Zealand)">Avarua (New Zealand)</option><option value="Azerbaijan">Azerbaijan</option><option value="Azores">Azores</option><option value="Azores (Portugal)">Azores (Portugal)</option><option value="Bahamas">Bahamas</option><option value="Bahrain">Bahrain</option><option value="Baker Island">Baker Island</option><option value="Balearic Islands">Balearic Islands</option><option value="Balearic Islands (Spain)">Balearic Islands (Spain)</option><option value="Baluchistan">Baluchistan</option><option value="Baluchistan (Pakistan)">Baluchistan (Pakistan)</option><option value="Bangladesh">Bangladesh</option><option value="Bank Island">Bank Island</option><option value="Banks Island (Vanuatu)">Banks Island (Vanuatu)</option><option value="Barbados">Barbados</option><option value="Barbuda">Barbuda</option><option value="Barbuda (Antigua and Barbuda)">Barbuda (Antigua and Barbuda)</option><option value="Barthelemy">Barthelemy</option><option value="Barthelemy (Guadeloupe)">Barthelemy (Guadeloupe)</option><option value="Belarus">Belarus</option><option value="Belgium">Belgium</option><option value="Belize">Belize</option><option value="Benin">Benin</option><option value="Bermuda">Bermuda</option><option value="Bhutan">Bhutan</option><option value="Bismark Archipelago">Bismark Archipelago</option><option value="Bismark Archipelago (Papua New Guinea)">Bismark Archipelago (Papua New Guinea)</option><option value="Bolivia">Bolivia</option><option value="Bonaire">Bonaire</option><option value="Bonaire (Netherlands Antilles)">Bonaire (Netherlands Antilles)</option><option value="Borabora">Borabora</option><option value="Borabora (French Polynesia)">Borabora (French Polynesia)</option><option value="Borneo (Indonesia)">Borneo (Indonesia)</option><option value="Borneo (Kalimantan) (Indonesia)">Borneo (Kalimantan) (Indonesia)</option><option value="Borneo (North) (Malaysia)">Borneo (North) (Malaysia)</option><option value="Bosnia-Herzegovina">Bosnia-Herzegovina</option><option value="Botswana">Botswana</option><option value="Bougainville">Bougainville</option><option value="Bougainville (Papua New Guinea)">Bougainville (Papua New Guinea)</option><option value="Bourbon">Bourbon</option><option value="Bourbon (Reunion)">Bourbon (Reunion)</option><option value="Brazil">Brazil</option><option value="British Columbia (Canada)">British Columbia (Canada)</option><option value="British Guiana">British Guiana</option><option value="British Guiana (Guyana)">British Guiana (Guyana)</option><option value="British Honduras">British Honduras</option><option value="British Honduras (Belize)">British Honduras (Belize)</option><option value="British Virgin Islands">British Virgin Islands</option><option value="Brunei Darussalam">Brunei Darussalam</option><option value="Buka">Buka</option><option value="Buka (Papua New Guinea)">Buka (Papua New Guinea)</option><option value="Bulgaria">Bulgaria</option><option value="Burkina Faso">Burkina Faso</option><option value="Burma">Burma</option><option value="Burundi">Burundi</option><option value="Caicos Islands">Caicos Islands</option><option value="Caicos Islands (Turks and Caicos Islands)">Caicos Islands (Turks and Caicos Islands)</option><option value="Cambodia">Cambodia</option><option value="Cameroon">Cameroon</option><option value="Canada">Canada</option><option value="Canary Islands">Canary Islands</option><option value="Canary Islands (Spain)">Canary Islands (Spain)</option><option value="Canton Island">Canton Island</option><option value="Canton Island (Kiribati)">Canton Island (Kiribati)</option><option value="Cape Verde">Cape Verde</option><option value="Cayman Islands">Cayman Islands</option><option value="Central African Republic">Central African Republic</option><option value="Ceuta">Ceuta</option><option value="Ceuta (Spain)">Ceuta (Spain)</option><option value="Ceylon">Ceylon</option><option value="Ceylon (Sri Lanka)">Ceylon (Sri Lanka)</option><option value="Chad">Chad</option><option value="Chaferinas Islands">Chaferinas Islands</option><option value="Chaferinas Islands (Spain)">Chaferinas Islands (Spain)</option><option value="Chalki">Chalki</option><option value="Chalki (Greece)">Chalki (Greece)</option><option value="Channel Islands">Channel Islands</option><option value="Channel Islands (Jersey, Guernsey, Alderney and Sark)">Channel Islands (Jersey, Guernsey, Alderney and Sark)</option><option value="Chile">Chile</option><option value="China">China</option><option value="Christiansted, US Virgin Islands">Christiansted, US Virgin Islands</option><option value="Christmas Island (Australia)">Christmas Island (Australia)</option><option value="Christmas Island (Kiribati)">Christmas Island (Kiribati)</option><option value="Chuuk (Truk), Micronesia">Chuuk (Truk), Micronesia</option><option value="Cocos Island">Cocos Island</option><option value="Cocos Island (Australia)">Cocos Island (Australia)</option><option value="Colombia">Colombia</option><option value="Commonwealth of the Northern Mariana Islands">Commonwealth of the Northern Mariana Islands</option><option value="Comoros">Comoros</option><option value="Congo (Brazzaville),Republic of the">Congo (Brazzaville),Republic of the</option><option value="Congo, Democratic Republic of the">Congo, Democratic Republic of the</option><option value="Cook Islands">Cook Islands</option><option value="Cook Islands (New Zealand)">Cook Islands (New Zealand)</option><option value="Corisco Island">Corisco Island</option><option value="Corisco Island (Equatorial Guinea)">Corisco Island (Equatorial Guinea)</option><option value="Corsica">Corsica</option><option value="Corsica (France)">Corsica (France)</option><option value="Costa Rica">Costa Rica</option><option value="Cote d Ivoire">Cote d Ivoire</option><option value="Cote d Ivoire (Ivory Coast)">Cote d Ivoire (Ivory Coast)</option><option value="Crete">Crete</option><option value="Crete (Greece)">Crete (Greece)</option><option value="Croatia">Croatia</option><option value="Cuba">Cuba</option><option value="Cumino Island">Cumino Island</option><option value="Cumino Island (Malta)">Cumino Island (Malta)</option><option value="Curacao">Curacao</option><option value="Curacao (Netherlands Antilles)">Curacao (Netherlands Antilles)</option><option value="Cyjrenaica">Cyjrenaica</option><option value="Cyjrenaica (Libya)">Cyjrenaica (Libya)</option><option value="Cyprus">Cyprus</option><option value="Czech Republic">Czech Republic</option><option value="Dahomey">Dahomey</option><option value="Dahomey (Benin)">Dahomey (Benin)</option><option value="Damao">Damao</option><option value="Damao (India)">Damao (India)</option><option value="Danger Islands">Danger Islands</option><option value="Danger Islands (New Zealand)">Danger Islands (New Zealand)</option><option value="Democratic People's Republic of Korea">Democratic People's Republic of Korea</option><option value="Democratic Republic of the Congo">Democratic Republic of the Congo</option><option value="Denmark">Denmark</option><option value="Desirade Island">Desirade Island</option><option value="Desirade Island (Guadeloupe)">Desirade Island (Guadeloupe)</option><option value="Diu">Diu</option><option value="Diu (India)">Diu (India)</option><option value="Djibouti">Djibouti</option><option value="Dodecanese Islands">Dodecanese Islands</option><option value="Dodecanese Islands (Greece)">Dodecanese Islands (Greece)</option><option value="Doha">Doha</option><option value="Doha (Qatar)">Doha (Qatar)</option><option value="Dominica">Dominica</option><option value="Dominican Republic">Dominican Republic</option><option value="Dubai">Dubai</option><option value="Dubai (United Arab Emirates)">Dubai (United Arab Emirates)</option><option value="East Timor">East Timor</option><option value="East Timor (Indonesia)">East Timor (Indonesia)</option><option value="Eastern Island, Midway Islands">Eastern Island, Midway Islands</option><option value="Ebeye, Marshall Islands">Ebeye, Marshall Islands</option><option value="Ecuador">Ecuador</option><option value="Egypt">Egypt</option><option value="Eire">Eire</option><option value="Eire (Ireland)">Eire (Ireland)</option><option value="El Salvador">El Salvador</option><option value="Ellice Islands">Ellice Islands</option><option value="Ellice Islands (Tuvalu)">Ellice Islands (Tuvalu)</option><option value="Elobey Islands">Elobey Islands</option><option value="Elobey Islands (Equatorial Guinea)">Elobey Islands (Equatorial Guinea)</option><option value="Enderbury Island">Enderbury Island</option><option value="Enderbury Island (Kiribati)">Enderbury Island (Kiribati)</option><option value="England">England</option><option value="England (Great Britain and Northern Ireland)">England (Great Britain and Northern Ireland)</option><option value="Equatorial Guinea">Equatorial Guinea</option><option value="Eritrea">Eritrea</option><option value="Estonia">Estonia</option><option value="Ethiopia">Ethiopia</option><option value="Fakaofo">Fakaofo</option><option value="Fakaofo (Western Samoa)">Fakaofo (Western Samoa)</option><option value="Falkland Islands">Falkland Islands</option><option value="Fanning Island">Fanning Island</option><option value="Fanning Island (Kiribati)">Fanning Island (Kiribati)</option><option value="Faroe Islands">Faroe Islands</option><option value="Federated States of Micronesia">Federated States of Micronesia</option><option value="Fernando Po">Fernando Po</option><option value="Fernando Po (Equatorial Guinea)">Fernando Po (Equatorial Guinea)</option><option value="Fezzan">Fezzan</option><option value="Fezzan (Libya)">Fezzan (Libya)</option><option value="Fiji">Fiji</option><option value="Finland">Finland</option><option value="Formosa">Formosa</option><option value="Formosa (Taiwan)">Formosa (Taiwan)</option><option value="France">France</option><option value="France, Metropolitan (France)">France, Metropolitan (France)</option><option value="Frederiksted, US Virgin Islands">Frederiksted, US Virgin Islands</option><option value="French Guiana">French Guiana</option><option value="French Oceania">French Oceania</option><option value="French Oceania (French Polynesia)">French Oceania (French Polynesia)</option><option value="French Polynesia">French Polynesia</option><option value="French Somaliland">French Somaliland</option><option value="French Somaliland (Djibouti)">French Somaliland (Djibouti)</option><option value="French Territory of the Afars and Issas (Djibouti)">French Territory of the Afars and Issas (Djibouti)</option><option value="French West Indies">French West Indies</option><option value="French West Indies (Guadeloupe or Martinique)">French West Indies (Guadeloupe or Martinique)</option><option value="French West Indies (Martinique)">French West Indies (Martinique)</option><option value="Friendly Islands">Friendly Islands</option><option value="Friendly Islands (Tonga)">Friendly Islands (Tonga)</option><option value="Fujairah">Fujairah</option><option value="Fujairah (United Arab Emirates)">Fujairah (United Arab Emirates)</option><option value="Futuna">Futuna</option><option value="Futuna (Wallis and Futuna Islands)">Futuna (Wallis and Futuna Islands)</option><option value="Gabon">Gabon</option><option value="Gambia">Gambia</option><option value="Gambier">Gambier</option><option value="Gambier (French Polynesia)">Gambier (French Polynesia)</option><option value="Georgia, Republic of">Georgia, Republic of</option><option value="Germany">Germany</option><option value="Ghana">Ghana</option><option value="Gibraltar">Gibraltar</option><option value="Gilbert Islands">Gilbert Islands</option><option value="Gilbert Islands (Kiribati)">Gilbert Islands (Kiribati)</option><option value="Goa">Goa</option><option value="Goa (India)">Goa (India)</option><option value="Gozo Island">Gozo Island</option><option value="Gozo Island (Malta)">Gozo Island (Malta)</option><option value="Grand Comoro">Grand Comoro</option><option value="Grand Comoro (Comoros)">Grand Comoro (Comoros)</option><option value="Great Britain">Great Britain</option><option value="Great Britain and Northern Ireland">Great Britain and Northern Ireland</option><option value="Greece">Greece</option><option value="Greenland">Greenland</option><option value="Grenada">Grenada</option><option value="Grenadines">Grenadines</option><option value="Grenadines (St. Vincent and the Grenadines)">Grenadines (St. Vincent and the Grenadines)</option><option value="Guadeloupe">Guadeloupe</option><option value="Guam">Guam</option><option value="Guatemala">Guatemala</option><option value="Guernsey">Guernsey</option><option value="Guernsey, Channel Islands (Great Britain)">Guernsey, Channel Islands (Great Britain)</option><option value="Guinea">Guinea</option><option value="Guinea-Bissau">Guinea-Bissau</option><option value="Guyana">Guyana</option><option value="Hainan Island">Hainan Island</option><option value="Hainan Island (China)">Hainan Island (China)</option><option value="Haiti">Haiti</option><option value="Hashemite Kingdom">Hashemite Kingdom</option><option value="Hashemite Kingdom (Jordan)">Hashemite Kingdom (Jordan)</option><option value="Hervey">Hervey</option><option value="Hervey (Cook Islands) (New Zealand)">Hervey (Cook Islands) (New Zealand)</option><option value="Hivaoa">Hivaoa</option><option value="Hivaoa (French Polynesia)">Hivaoa (French Polynesia)</option><option value="Holland">Holland</option><option value="Holland (Netherlands)">Holland (Netherlands)</option><option value="Honduras">Honduras</option><option value="Hong Kong">Hong Kong</option><option value="Howard Island">Howard Island</option><option value="Huahine">Huahine</option><option value="Huahine (French Polynesia)">Huahine (French Polynesia)</option><option value="Huan Island">Huan Island</option><option value="Huan Island (New Caledonia)">Huan Island (New Caledonia)</option><option value="Hungary">Hungary</option><option value="Iceland">Iceland</option><option value="India">India</option><option value="Indonesia">Indonesia</option><option value="Iran">Iran</option><option value="Iraq">Iraq</option><option value="Ireland">Ireland</option><option value="Irian Barat">Irian Barat</option><option value="Irian Barat (Indonesia)">Irian Barat (Indonesia)</option><option value="Isle of Man">Isle of Man</option><option value="Isle of Man (Great Britain)">Isle of Man (Great Britain)</option><option value="Isle of Pines">Isle of Pines</option><option value="Isle of Pines">Isle of Pines</option><option value="Isle of Pines (New Caledonia)">Isle of Pines (New Caledonia)</option><option value="Isle of Pines, West Indies (Cuba)">Isle of Pines, West Indies (Cuba)</option><option value="Israel">Israel</option><option value="Issas">Issas</option><option value="Italy">Italy</option><option value="Jamaica">Jamaica</option><option value="Japan">Japan</option><option value="Jarvis Island">Jarvis Island</option><option value="Jersey">Jersey</option><option value="Jersey (Channel Islands) (Great Britain)">Jersey (Channel Islands) (Great Britain)</option><option value="Johnston Island">Johnston Island</option><option value="Johore">Johore</option><option value="Johore (Malaysia)">Johore (Malaysia)</option><option value="Jordan">Jordan</option><option value="Kalimantan">Kalimantan</option><option value="Kalymnos">Kalymnos</option><option value="Kalymnos (Greece)">Kalymnos (Greece)</option><option value="Kampuchea">Kampuchea</option><option value="Kampuchea (Cambodia)">Kampuchea (Cambodia)</option><option value="Karpathos">Karpathos</option><option value="Karpathos (Greece)">Karpathos (Greece)</option><option value="Kassos">Kassos</option><option value="Kassos (Greece)">Kassos (Greece)</option><option value="Kastellorizon">Kastellorizon</option><option value="Kastellorizon (Greece)">Kastellorizon (Greece)</option><option value="Kazakhstan">Kazakhstan</option><option value="Kedah">Kedah</option><option value="Kedah (Malaysia)">Kedah (Malaysia)</option><option value="Keeling Islands">Keeling Islands</option><option value="Keeling Islands (Australia)">Keeling Islands (Australia)</option><option value="Kelantan">Kelantan</option><option value="Kelantan (Malaysia)">Kelantan (Malaysia)</option><option value="Kenya">Kenya</option><option value="Kingman Reef">Kingman Reef</option><option value="Kingshill, US Virgin Islands">Kingshill, US Virgin Islands</option><option value="Kiribati">Kiribati</option><option value="Korea, Democratic Peoples Republic of (North Korea)">Korea, Democratic Peoples Republic of (North Korea)</option><option value="Korea, Republic of (South Korea)">Korea, Republic of (South Korea)</option><option value="Koror">Koror</option><option value="Kos">Kos</option><option value="Kos (Greece)">Kos (Greece)</option><option value="Kosrae, Micronesia">Kosrae, Micronesia</option><option value="Kowloon">Kowloon</option><option value="Kowloon (Hong Kong)">Kowloon (Hong Kong)</option><option value="Kuwait">Kuwait</option><option value="Kwajalein, Marshall Islands">Kwajalein, Marshall Islands</option><option value="Kyrgyzstan">Kyrgyzstan</option><option value="Labrador">Labrador</option><option value="Labrador (Canada)">Labrador (Canada)</option><option value="Labuan">Labuan</option><option value="Labuan (Malaysia)">Labuan (Malaysia)</option><option value="Laos">Laos</option><option value="Latvia">Latvia</option><option value="Lebanon">Lebanon</option><option value="Leipsos">Leipsos</option><option value="Leipsos (Greece)">Leipsos (Greece)</option><option value="Leros">Leros</option><option value="Leros (Greece)">Leros (Greece)</option><option value="Les Saints Island">Les Saints Island</option><option value="Les Saints Island (Guadeloupe)">Les Saints Island (Guadeloupe)</option><option value="Lesotho">Lesotho</option><option value="Liberia">Liberia</option><option value="Libya">Libya</option><option value="Liechtenstein">Liechtenstein</option><option value="Lithuania">Lithuania</option><option value="Lord Howe Island">Lord Howe Island</option><option value="Lord Howe Island (Australia)">Lord Howe Island (Australia)</option><option value="Loyalty Islands">Loyalty Islands</option><option value="Loyalty Islands (New Caledonia)">Loyalty Islands (New Caledonia)</option><option value="Luxembourg">Luxembourg</option><option value="Macao">Macao</option><option value="Macau">Macau</option><option value="Macau (Macao)">Macau (Macao)</option><option value="Macedonia, Republic of">Macedonia, Republic of</option><option value="Madagascar">Madagascar</option><option value="Madeira Islands">Madeira Islands</option><option value="Madeira Islands (Portugal)">Madeira Islands (Portugal)</option><option value="Maderia Islands">Maderia Islands</option><option value="Majuro, Marshall Islands">Majuro, Marshall Islands</option><option value="Malacca">Malacca</option><option value="Malacca (Malaysia)">Malacca (Malaysia)</option><option value="Malagasy Republic">Malagasy Republic</option><option value="Malagasy Republic (Madagascar)">Malagasy Republic (Madagascar)</option><option value="Malawi">Malawi</option><option value="Malaya">Malaya</option><option value="Malaya (Malaysia)">Malaya (Malaysia)</option><option value="Malaysia">Malaysia</option><option value="Maldives">Maldives</option><option value="Mali">Mali</option><option value="Malta">Malta</option><option value="Manahiki">Manahiki</option><option value="Manahiki (New Zealand)">Manahiki (New Zealand)</option><option value="Manchuria">Manchuria</option><option value="Manchuria (China)">Manchuria (China)</option><option value="Mangaia">Mangaia</option><option value="Mangaia (Cook Islands) (New Zealand)">Mangaia (Cook Islands) (New Zealand)</option><option value="Manitoba (Canada)">Manitoba (Canada)</option><option value="Manua Islands, American Samoa">Manua Islands, American Samoa</option><option value="Manuai">Manuai</option><option value="Manuai (Cook Islands) (New Zealand)">Manuai (Cook Islands) (New Zealand)</option><option value="Marie Galante">Marie Galante</option><option value="Marie Galante (Guadeloupe)">Marie Galante (Guadeloupe)</option><option value="Marquesas Islands">Marquesas Islands</option><option value="Marquesas Islands (French Polynesia)">Marquesas Islands (French Polynesia)</option><option value="Marshall Islands">Marshall Islands</option><option value="Martinique">Martinique</option><option value="Mauke">Mauke</option><option value="Mauke (Cook Islands) (New Zealand)">Mauke (Cook Islands) (New Zealand)</option><option value="Mauritania">Mauritania</option><option value="Mauritius">Mauritius</option><option value="Mayotte">Mayotte</option><option value="Mayotte (France)">Mayotte (France)</option><option value="Melilla">Melilla</option><option value="Melilla (Spain)">Melilla (Spain)</option><option value="Mexico">Mexico</option><option value="Micronesia, Federated States of">Micronesia, Federated States of</option><option value="Midway Island">Midway Island</option><option value="Midway Islands">Midway Islands</option><option value="Miquelon">Miquelon</option><option value="Miquelon (St. Pierre and Miquelon)">Miquelon (St. Pierre and Miquelon)</option><option value="Mitiaro">Mitiaro</option><option value="Mitiaro (Cook Islands) (New Zealand)">Mitiaro (Cook Islands) (New Zealand)</option><option value="Moheli">Moheli</option><option value="Moheli (Comoros)">Moheli (Comoros)</option><option value="Moldova">Moldova</option><option value="Monaco">Monaco</option><option value="Monaco (France)">Monaco (France)</option><option value="Mongolia">Mongolia</option><option value="Montserrat">Montserrat</option><option value="Moorea">Moorea</option><option value="Moorea (French Polynesia)">Moorea (French Polynesia)</option><option value="Morocco">Morocco</option><option value="Mozambique">Mozambique</option><option value="Muscat">Muscat</option><option value="Muscat (Oman)">Muscat (Oman)</option><option value="Myanmar">Myanmar</option><option value="Myanmar (Burma)">Myanmar (Burma)</option><option value="Namibia">Namibia</option><option value="Nansil Islands">Nansil Islands</option><option value="Nansil Islands (Ryukyu Islands) (Japan)">Nansil Islands (Ryukyu Islands) (Japan)</option><option value="Nauru">Nauru</option><option value="Navassa Island">Navassa Island</option><option value="Negri Sembilan">Negri Sembilan</option><option value="Negri Sembilan (Malaysia)">Negri Sembilan (Malaysia)</option><option value="Nepal">Nepal</option><option value="Netherlands Antilles">Netherlands Antilles</option><option value="Netherlands Antilles (Aruba)">Netherlands Antilles (Aruba)</option><option value="Netherlands Antilles (Bonaire)">Netherlands Antilles (Bonaire)</option><option value="Netherlands Antilles (Curacao)">Netherlands Antilles (Curacao)</option><option value="Netherlands Antilles (St. Maarten)">Netherlands Antilles (St. Maarten)</option><option value="Netherlands West Indies">Netherlands West Indies</option><option value="Netherlands West Indies (Netherlands Antilles)">Netherlands West Indies (Netherlands Antilles)</option><option value="Nevis">Nevis</option><option value="Nevis (St. Christopher and Nevis)">Nevis (St. Christopher and Nevis)</option><option value="New Britain">New Britain</option><option value="New Britain (Papua New Guinea)">New Britain (Papua New Guinea)</option><option value="New Brunswick (Canada)">New Brunswick (Canada)</option><option value="New Caledonia">New Caledonia</option><option value="New Hanover">New Hanover</option><option value="New Hanover (Papua New Guinea)">New Hanover (Papua New Guinea)</option><option value="New Hebrides">New Hebrides</option><option value="New Hebrides (Vanuatu)">New Hebrides (Vanuatu)</option><option value="New Ireland">New Ireland</option><option value="New Ireland (Papua New Guinea)">New Ireland (Papua New Guinea)</option><option value="New South Wales">New South Wales</option><option value="New South Wales (Australia)">New South Wales (Australia)</option><option value="New Zealand">New Zealand</option><option value="Newfoundland">Newfoundland</option><option value="Newfoundland (Canada)">Newfoundland (Canada)</option><option value="Nicaragua">Nicaragua</option><option value="Niger">Niger</option><option value="Nigeria">Nigeria</option><option value="Nissiros">Nissiros</option><option value="Nissiros (Greece)">Nissiros (Greece)</option><option value="Niue">Niue</option><option value="Niue (New Zealand)">Niue (New Zealand)</option><option value="Norfolk Island">Norfolk Island</option><option value="Norfolk Island (Australia)">Norfolk Island (Australia)</option><option value="North Borneo">North Borneo</option><option value="North Borneo (Malaysia)">North Borneo (Malaysia)</option><option value="North Korea">North Korea</option><option value="North Korea (Korea, Democratic People's Republic of)">North Korea (Korea, Democratic People's Republic of)</option><option value="Northern Ireland">Northern Ireland</option><option value="Northern Ireland (Great Britain and Northern Ireland)">Northern Ireland (Great Britain and Northern Ireland)</option><option value="Northern Mariana Islands, Commonwealth of">Northern Mariana Islands, Commonwealth of</option><option value="Northwest Territory (Canada)">Northwest Territory (Canada)</option><option value="Norway">Norway</option><option value="Nova Scotia (Canada)">Nova Scotia (Canada)</option><option value="Nukahiva">Nukahiva</option><option value="Nukahiva (French Polynesia)">Nukahiva (French Polynesia)</option><option value="Nukunonu">Nukunonu</option><option value="Nukunonu (Western Samoa)">Nukunonu (Western Samoa)</option><option value="Nyasaland">Nyasaland</option><option value="Nyasaland (Malawi)">Nyasaland (Malawi)</option><option value="Ocean Island">Ocean Island</option><option value="Ocean Island (Kiribati)">Ocean Island (Kiribati)</option><option value="Okinawa">Okinawa</option><option value="Okinawa (Japan)">Okinawa (Japan)</option><option value="Okinawa (Ryukyu Islands) (Japan)">Okinawa (Ryukyu Islands) (Japan)</option><option value="Oman">Oman</option><option value="Ontario (Canada)">Ontario (Canada)</option><option value="Pago Pago, American Samoa">Pago Pago, American Samoa</option><option value="Pahang">Pahang</option><option value="Pahang (Malaysia)">Pahang (Malaysia)</option><option value="Pakistan">Pakistan</option><option value="Palau">Palau</option><option value="Palmerston">Palmerston</option><option value="Palmerston (Avarua) (New Zealand)">Palmerston (Avarua) (New Zealand)</option><option value="Palmyra Island">Palmyra Island</option><option value="Panama">Panama</option><option value="Papua New Guinea">Papua New Guinea</option><option value="Paraguay">Paraguay</option><option value="Parry">Parry</option><option value="Parry (Cook Islands) (New Zealand)">Parry (Cook Islands) (New Zealand)</option><option value="Patmos">Patmos</option><option value="Patmos (Greece)">Patmos (Greece)</option><option value="Pemba">Pemba</option><option value="Pemba (Tanzania)">Pemba (Tanzania)</option><option value="Penang">Penang</option><option value="Penang (Malaysia)">Penang (Malaysia)</option><option value="Penghu Islands">Penghu Islands</option><option value="Penghu Islands (Taiwan)">Penghu Islands (Taiwan)</option><option value="Penon de Velez de la Gomera">Penon de Velez de la Gomera</option><option value="Penon de Velez de la Gomera (Spain)">Penon de Velez de la Gomera (Spain)</option><option value="Penrhyn">Penrhyn</option><option value="Penrhyn (Tongareva) (New Zealand)">Penrhyn (Tongareva) (New Zealand)</option><option value="Perak">Perak</option><option value="Perak (Malaysia)">Perak (Malaysia)</option><option value="Perlis">Perlis</option><option value="Perlis (Malaysia)">Perlis (Malaysia)</option><option value="Persia">Persia</option><option value="Persia (Iran)">Persia (Iran)</option><option value="Peru">Peru</option><option value="Pescadores Islands">Pescadores Islands</option><option value="Pescadores Islands (Taiwan)">Pescadores Islands (Taiwan)</option><option value="Petite Terre">Petite Terre</option><option value="Petite Terre (Guadeloupe)">Petite Terre (Guadeloupe)</option><option value="Philippines">Philippines</option><option value="Pitcairn Island">Pitcairn Island</option><option value="Pohnpei, Micronesia">Pohnpei, Micronesia</option><option value="Poland">Poland</option><option value="Portugal">Portugal</option><option value="Prince Edward Island (Canada)">Prince Edward Island (Canada)</option><option value="Province Wellesley">Province Wellesley</option><option value="Province Wellesley (Malaysia)">Province Wellesley (Malaysia)</option><option value="Puerto Rico">Puerto Rico</option><option value="Pukapuka">Pukapuka</option><option value="Pukapuka (New Zealand)">Pukapuka (New Zealand)</option><option value="Qatar">Qatar</option><option value="Quebec (Canada)">Quebec (Canada)</option><option value="Queensland">Queensland</option><option value="Queensland (Australia)">Queensland (Australia)</option><option value="Quemoy">Quemoy</option><option value="Quemoy (Taiwan)">Quemoy (Taiwan)</option><option value="Raiatea">Raiatea</option><option value="Raiatea (French Polynesia)">Raiatea (French Polynesia)</option><option value="Rakaanga">Rakaanga</option><option value="Rakaanga (New Zealand)">Rakaanga (New Zealand)</option><option value="Rapa">Rapa</option><option value="Rapa (French Polynesia)">Rapa (French Polynesia)</option><option value="Rarotonga">Rarotonga</option><option value="Rarotonga (Cook Islands) (New Zealand)">Rarotonga (Cook Islands) (New Zealand)</option><option value="Ras al Kaimah">Ras al Kaimah</option><option value="Ras al Kaimah (United Arab Emirates)">Ras al Kaimah (United Arab Emirates)</option><option value="Redonda">Redonda</option><option value="Redonda (Antigua and Barbuda)">Redonda (Antigua and Barbuda)</option><option value="Republic of Georgia">Republic of Georgia</option><option value="Republic of Korea">Republic of Korea</option><option value="Republic of the Congo">Republic of the Congo</option><option value="Republic of the Marshall Islands">Republic of the Marshall Islands</option><option value="Reunion">Reunion</option><option value="Rhodesia">Rhodesia</option><option value="Rhodesia (Zimbabwe)">Rhodesia (Zimbabwe)</option><option value="Rio Muni">Rio Muni</option><option value="Rio Muni (Equatorial Guinea)">Rio Muni (Equatorial Guinea)</option><option value="Rodos">Rodos</option><option value="Rodos (Greece)">Rodos (Greece)</option><option value="Rodrigues">Rodrigues</option><option value="Rodrigues (Mauritius)">Rodrigues (Mauritius)</option><option value="Romania">Romania</option><option value="Rota, Northern Mariana Islands">Rota, Northern Mariana Islands</option><option value="Russia">Russia</option><option value="Rwanda">Rwanda</option><option value="Saba">Saba</option><option value="Saba (Netherlands Antilles)">Saba (Netherlands Antilles)</option><option value="Sabah">Sabah</option><option value="Sabah (Malaysia)">Sabah (Malaysia)</option><option value="Saint Bartholomew">Saint Bartholomew</option><option value="Saint Bartholomew (Guadeloupe)">Saint Bartholomew (Guadeloupe)</option><option value="Saint Christopher (St. Kitts) and Nevis">Saint Christopher (St. Kitts) and Nevis</option><option value="Saint Christopher and Nevis">Saint Christopher and Nevis</option><option value="Saint Croix, US Virgin Islands">Saint Croix, US Virgin Islands</option><option value="Saint Eustatius">Saint Eustatius</option><option value="Saint Eustatius (Netherlands Antilles)">Saint Eustatius (Netherlands Antilles)</option><option value="Saint Helena">Saint Helena</option><option value="Saint John, US Virgin Islands">Saint John, US Virgin Islands</option><option value="Saint Kitts">Saint Kitts</option><option value="Saint Kitts (St. Christopher and Nevis)">Saint Kitts (St. Christopher and Nevis)</option><option value="Saint Lucia">Saint Lucia</option><option value="Saint Maarten">Saint Maarten</option><option value="Saint Maarten (Netherlands Antilles)">Saint Maarten (Netherlands Antilles)</option><option value="Saint Martin (France)">Saint Martin (France)</option><option value="Saint Martin (French part) (Guadeloupe)">Saint Martin (French part) (Guadeloupe)</option><option value="Saint Martin (Netherlands part)(Netherlands Antilles)">Saint Martin (Netherlands part)(Netherlands Antilles)</option><option value="Saint Martin (Netherlands)">Saint Martin (Netherlands)</option><option value="Saint Pierre and Miquelon">Saint Pierre and Miquelon</option><option value="Saint Thomas, US Virgin Islands">Saint Thomas, US Virgin Islands</option><option value="Saint Vincent and the Grenadines">Saint Vincent and the Grenadines</option><option value="Sainte Marie de Madagascar (Madagascar)">Sainte Marie de Madagascar (Madagascar)</option><option value="Saipan, Northern Mariana Islands">Saipan, Northern Mariana Islands</option><option value="Salvador">Salvador</option><option value="Salvador (El Salvador)">Salvador (El Salvador)</option><option value="San Marino">San Marino</option><option value="Sand Island, Midway Islands">Sand Island, Midway Islands</option><option value="Santa Cruz Islands">Santa Cruz Islands</option><option value="Santa Cruz Islands (Solomon Island)">Santa Cruz Islands (Solomon Island)</option><option value="Sao Tome and Principe">Sao Tome and Principe</option><option value="Sarawak">Sarawak</option><option value="Sarawak (Malaysia)">Sarawak (Malaysia)</option><option value="Sark">Sark</option><option value="Sark, Channel Islands (Great Britain)">Sark, Channel Islands (Great Britain)</option><option value="Saskatchewan (Canada)">Saskatchewan (Canada)</option><option value="Saudi Arabia">Saudi Arabia</option><option value="Savage Island">Savage Island</option><option value="Savage Island (Niue) (New Zealand)">Savage Island (Niue) (New Zealand)</option><option value="Savaii Island">Savaii Island</option><option value="Savaii Island (British) (Western Samoa)">Savaii Island (British) (Western Samoa)</option><option value="Scotland">Scotland</option><option value="Scotland (Great Britain and Northern Ireland)">Scotland (Great Britain and Northern Ireland)</option><option value="Selangor">Selangor</option><option value="Selangor (Malaysia)">Selangor (Malaysia)</option><option value="Senegal">Senegal</option><option value="Serbia-Montenegro">Serbia-Montenegro</option><option value="Seychelles">Seychelles</option><option value="Sharja">Sharja</option><option value="Sharja (United Arab Emirates)">Sharja (United Arab Emirates)</option><option value="Shikoku">Shikoku</option><option value="Shikoku (Japan)">Shikoku (Japan)</option><option value="Siam">Siam</option><option value="Siam (Thailand)">Siam (Thailand)</option><option value="Sierra Leone">Sierra Leone</option><option value="Sikkim">Sikkim</option><option value="Sikkim (India)">Sikkim (India)</option><option value="Singapore">Singapore</option><option value="Slovak Republic">Slovak Republic</option><option value="Slovenia">Slovenia</option><option value="Society Islands">Society Islands</option><option value="Society Islands (French Polynesia)">Society Islands (French Polynesia)</option><option value="Solomon Islands">Solomon Islands</option><option value="Somali Democratic Republic">Somali Democratic Republic</option><option value="Somali Democratic Republic (Somalia)">Somali Democratic Republic (Somalia)</option><option value="Somalia">Somalia</option><option value="Somaliland">Somaliland</option><option value="Somaliland (Somalia)">Somaliland (Somalia)</option><option value="South Africa">South Africa</option><option value="South Australia">South Australia</option><option value="South Australia (Australia)">South Australia (Australia)</option><option value="South Georgia">South Georgia</option><option value="South Georgia (Falkland Islands)">South Georgia (Falkland Islands)</option><option value="South Korea">South Korea</option><option value="South Korea (Korea, Republic of)">South Korea (Korea, Republic of)</option><option value="South-West Africa">South-West Africa</option><option value="South-West Africa (Namibia)">South-West Africa (Namibia)</option><option value="Spain">Spain</option><option value="Spitzbergen">Spitzbergen</option><option value="Spitzbergen (Norway)">Spitzbergen (Norway)</option><option value="Sri Lanka">Sri Lanka</option><option value="St. Barthelemy">St. Barthelemy</option><option value="St. Eustatius (Netherlands Antilles)">St. Eustatius (Netherlands Antilles)</option><option value="St. Kitts">St. Kitts</option><option value="St. Lucia">St. Lucia</option><option value="St. Maarten (Netherlands Antilles)">St. Maarten (Netherlands Antilles)</option><option value="St. Martin (Guadeloupe)">St. Martin (Guadeloupe)</option><option value="St. Vincent">St. Vincent</option><option value="Ste. Marie de Madagascar">Ste. Marie de Madagascar</option><option value="Ste. Marie de Madagascar (Madagascar)">Ste. Marie de Madagascar (Madagascar)</option><option value="Sudan">Sudan</option><option value="Suriname">Suriname</option><option value="Suwarrow Islands">Suwarrow Islands</option><option value="Suwarrow Islands (New Zealand)">Suwarrow Islands (New Zealand)</option><option value="Swain's Island, American Samoa">Swain's Island, American Samoa</option><option value="Swan Islands">Swan Islands</option><option value="Swan Islands (Honduras)">Swan Islands (Honduras)</option><option value="Swaziland">Swaziland</option><option value="Sweden">Sweden</option><option value="Switzerland">Switzerland</option><option value="Symi">Symi</option><option value="Symi (Greece)">Symi (Greece)</option><option value="Syrian Arab Republic">Syrian Arab Republic</option><option value="Tahaa">Tahaa</option><option value="Tahaa (French Polynesia)">Tahaa (French Polynesia)</option><option value="Tahiti">Tahiti</option><option value="Tahiti (French Polynesia)">Tahiti (French Polynesia)</option><option value="Taiwan">Taiwan</option><option value="Tajikistan">Tajikistan</option><option value="Tanzania">Tanzania</option><option value="Tasmania">Tasmania</option><option value="Tasmania (Australia)">Tasmania (Australia)</option><option value="Tchad">Tchad</option><option value="Tchad (Chad)">Tchad (Chad)</option><option value="Thailand">Thailand</option><option value="Thursday Island">Thursday Island</option><option value="Thursday Island (Australia)">Thursday Island (Australia)</option><option value="Tibet">Tibet</option><option value="Tibet (China)">Tibet (China)</option><option value="Tilos">Tilos</option><option value="Tilos (Greece)">Tilos (Greece)</option><option value="Timor">Timor</option><option value="Timor (Indonesia)">Timor (Indonesia)</option><option value="Tinian, Northern Mariana Islands">Tinian, Northern Mariana Islands</option><option value="Tobago">Tobago</option><option value="Tobago (Trinidad and Tobago)">Tobago (Trinidad and Tobago)</option><option value="Togo">Togo</option><option value="Tokelau (Union) Group (Western Samoa)">Tokelau (Union) Group (Western Samoa)</option><option value="Tokelau Group">Tokelau Group</option><option value="Tonga">Tonga</option><option value="Tongareva">Tongareva</option><option value="Tongareva (New Zealand)">Tongareva (New Zealand)</option><option value="Tori Shima">Tori Shima</option><option value="Tori Shima (Ryukyu Islands) (Japan)">Tori Shima (Ryukyu Islands) (Japan)</option><option value="Torres Island">Torres Island</option><option value="Torres Island (Vanuatu)">Torres Island (Vanuatu)</option><option value="Trans-Jordan">Trans-Jordan</option><option value="Trans-Jordan (Hashemite Kingdom) (Jordan)">Trans-Jordan (Hashemite Kingdom) (Jordan)</option><option value="Transkei">Transkei</option><option value="Transkei (South Africa)">Transkei (South Africa)</option><option value="Trengganu">Trengganu</option><option value="Trengganu (Malaysia)">Trengganu (Malaysia)</option><option value="Trinidad and Tobago">Trinidad and Tobago</option><option value="Tripolitania">Tripolitania</option><option value="Tripolitania (Libya)">Tripolitania (Libya)</option><option value="Tristan da Cunha">Tristan da Cunha</option><option value="Trucial States">Trucial States</option><option value="Trucial States (United Arab Emirates)">Trucial States (United Arab Emirates)</option><option value="Truk (See Chuuk Island)">Truk (See Chuuk Island)</option><option value="Tuamotou">Tuamotou</option><option value="Tuamotou (French Polynesia)">Tuamotou (French Polynesia)</option><option value="Tubuai">Tubuai</option><option value="Tubuai (French Polynesia)">Tubuai (French Polynesia)</option><option value="Tunisia">Tunisia</option><option value="Turkey">Turkey</option><option value="Turkmenistan">Turkmenistan</option><option value="Turks and Caicos Islands">Turks and Caicos Islands</option><option value="Tutuila Island, American Samoa">Tutuila Island, American Samoa</option><option value="Tuvalu">Tuvalu</option><option value="U.S. Virgin Islands">U.S. Virgin Islands</option><option value="Uganda">Uganda</option><option value="Ukraine">Ukraine</option><option value="Umm al Quaiwain">Umm al Quaiwain</option><option value="Umm al Quaiwain (United Arab Emirates)">Umm al Quaiwain (United Arab Emirates)</option><option value="Umm Said">Umm Said</option><option value="Umm Said (Qatar)">Umm Said (Qatar)</option><option value="Union Group">Union Group</option><option value="Union Group (Western Samoa)">Union Group (Western Samoa)</option><option value="United Arab Emirates">United Arab Emirates</option><option value="United Kingdom">United Kingdom</option><option value="United Nations, New York">United Nations, New York</option><option value="United States">United States</option><option value="Upolu Island">Upolu Island</option><option value="Upolu Island (Western Samoa)">Upolu Island (Western Samoa)</option><option value="Uruguay">Uruguay</option><option value="Uzbekistan">Uzbekistan</option><option value="Vanuatu">Vanuatu</option><option value="Vatican City">Vatican City</option><option value="Venezuela">Venezuela</option><option value="Victoria">Victoria</option><option value="Victoria (Australia)">Victoria (Australia)</option><option value="Vietnam">Vietnam</option><option value="Virgin Islands">Virgin Islands</option><option value="Virgin Islands (British)">Virgin Islands (British)</option><option value="Wake Island">Wake Island</option><option value="Wales">Wales</option><option value="Wales (Great Britain and Northern Ireland)">Wales (Great Britain and Northern Ireland)</option><option value="Wallis and Futuna Islands">Wallis and Futuna Islands</option><option value="Wellesley">Wellesley</option><option value="Wellesley, Province (Malaysia)">Wellesley, Province (Malaysia)</option><option value="West New Guinea">West New Guinea</option><option value="West New Guinea (Indonesia)">West New Guinea (Indonesia)</option><option value="Western Australia">Western Australia</option><option value="Western Australia (Australia)">Western Australia (Australia)</option><option value="Western Samoa">Western Samoa</option><option value="Yap, Micronesia">Yap, Micronesia</option><option value="Yemen">Yemen</option><option value="Yugoslavia">Yugoslavia</option><option value="Yugoslavia (see individual republics)">Yugoslavia (see individual republics)</option><option value="Yukon Territory (Canada)">Yukon Territory (Canada)</option><option value="Zafarani Islands">Zafarani Islands</option><option value="Zafarani Islands (Spain)">Zafarani Islands (Spain)</option><option value="Zaire (Congo Dem Rep)">Zaire (Congo Dem Rep)</option><option value="Zambia">Zambia</option><option value="Zanzibar">Zanzibar</option><option value="Zanzibar (Tanzania)">Zanzibar (Tanzania)</option><option value="Zimbabwe">Zimbabwe</option>
			</values>
		</field1>
	</fields>
	<help>Dropdown of countries</help>
</config>
