<?xml version="1.0" encoding="utf-8"?>
<config type="system" version="1.5.0" hide="forms">
	<name>Meta</name>
	<fields count="4">
		<field1>
			<type>meta</type>
			<format>none</format>
		</field1>
		<field2>
			<label>Key</label>
			<size>5</size>
			<maxlength>64</maxlength>
			<default>id</default>
			<format>none</format>
			<cat>parameter</cat>
		</field2>	
		<field3>
			<label>Value</label>
			<size>5</size>
			<maxlength>64</maxlength>
			<format>none</format>
			<cat>parameter</cat>
		</field3>	
		<field4>
			<label>Table</label>
			<size>5</size>
			<maxlength>64</maxlength>
			<format>none</format>
			<cat>parameter</cat>
		</field4>	
	</fields>
</config>