<?xml version="1.0" encoding="utf-8"?>
<config type="module" version="1.5.0">
	<name>Name (4-parts)</name>
	<fields count="4">
		<field1>
			<name>title</name>
			<label>Title</label>
			<maxlength>3</maxlength>
			<default></default>
			<width></width>
			<format>varchar(3)</format>
			<size>3</size>
		</field1>
		<field2>
			<name>first</name>
			<label>First</label>
			<maxlength>30</maxlength>
			<default></default>
			<width></width>
			<format>varchar(30)</format>
			<size>15</size>

		</field2>
		<field3>
			<name>last</name>
			<label>Last</label>
			<maxlength>60</maxlength>
			<default></default>
			<width></width>
			<format>varchar(60)</format>
			<size>30</size>
		</field3>
		<field4>
			<name>suffix</name>
			<label>Suffix</label>
			<maxlength>15</maxlength>
			<default></default>
			<width></width>
			<format>varchar(15)</format>
			<size>3</size>
		</field4>
	</fields>
	<help>Name field in 4 parts.</help>
</config>