<?xml version="1.0" encoding="utf-8"?>
<config type="system" version="1.5.0" hide="forms">
	<name>Action</name>
	<fields count="1">
		<field1>
			<name>action</name>
			<format>varchar(10)</format>
			<type>select</type>
			<values type="multi">
				<option value="0">*</option>
				<option value="list">List</option>
				<option value="add">Add</option>
				<option value="view">View</option>
				<option value="edit">Edit</option>
				<option value="delete">Delete</option>
				<option value="other">Other</option>
			</values>
		</field1>
	</fields>
</config>