<?xml version="1.0" encoding="utf-8"?>
<config type="module" version="1.5.0" hide="forms">
	<name>Language</name>
	<fields count="1">
		<field1>
			<name>lang</name>
			<format>varchar(5)</format>
			<type>select</type>
			<values type="multi">
				<option value="en">English</option>
				<option value="nl">Dutch</option>
				<option value="fr">French</option>
				<option value="de">German</option>
				<option value="es">Spanish</option>
				<option value="br">Brazilian</option>
				<option value="da">Danish</option>
				<option value="ee">Estonian</option>
				<option value="fi">Finish</option>
				<option value="gr">Greek</option>
				<option value="hu">Hungarian</option>
				<option value="it">Italian</option>
				<option value="nn">Norwegian Nynorsk</option>
				<option value="no">Norwegian</option>
				<option value="pl">Polish</option>
				<option value="pt">Portuguese</option>
				<option value="ro">Romanian</option>
				<option value="ru">Russian</option>
				<option value="se">Swedish</option>
				<option value="sk">Slovak</option>
				<option value="th">Thai</option>
				<option value="tr">Turkish</option>
				<option value="yu">Serbian</option>
			</values>
		</field1>
	</fields>
	<help>Drop down of common languages (in ISO format).</help>
</config>
