{
	"author" : "dcoda",
	"author_url" : "http:\/\/dcoda.co.uk",
	"license" : "GPL3",
	"css_class":"",
	"include" : [],
	"classes" :
	{
		"application":"bv35v_application",
		"table":"bv35v_data_table",
		"data":"bv35v_data_settings",
		"form":"bv35v_data_form",
		"_load":
		[
			"bv35v_action",
			"bv35v_fs",
			"bv35v_view",
			"bv35v_http",
			"bv35v_tag",
			"bv35v_data_xml",
			"bv35v_data_csv",
			"bv35v_data_table",
			"bv35v_data_form",
			"bv35v_request",
			"bv35v_data_sqlite"
		]
	},
	"probono" : true,
	"folders" :{"b" : "library/base"},
	"priority" : 20,
	"alternate" : {}
}