<refentry id="package.payment.payment-dta.dta.savefile">
 <refnamediv>
  <refname>
   <function>DTA::saveFile</function>
  </refname>
  <refpurpose>Writes the DTA file.</refpurpose>
 </refnamediv>
 <refsynopsisdiv>
  <funcsynopsis>
   <funcsynopsisinfo>require_once &apos;/DTA.php&apos;;</funcsynopsisinfo>
   <funcprototype>
    <funcdef>
     boolean
     <function>DTA::saveFile</function>
    </funcdef>
    <paramdef>
     string
     <parameter>$filename</parameter>
    </paramdef>
   </funcprototype>
  </funcsynopsis>
 </refsynopsisdiv>
 <refsect1 id="package.payment.payment-dta.dta.savefile.desc">
  &title.desc;
  &notdocumented;
</refsect1>
 <refsect1 id="package.payment.payment-dta.dta.savefile.param">
  &title.param;
  <para>
   <variablelist>
    <varlistentry>
     <term>
      &type.string;
      <parameter>$filename</parameter>
     </term>
     <listitem>
      <para>Filename.</para>
     </listitem>
    </varlistentry>
   </variablelist>
  </para>
 </refsect1>
 <refsect1 id="package.payment.payment-dta.dta.savefile.throws">
  &title.throws;
  <para>
   <emphasis>throws</emphasis>
   no exceptions thrown
  </para>
 </refsect1>
 <refsect1 id="package.payment.payment-dta.dta.savefile.note">
  &title.note;
  &note.notstatic;
</refsect1>
</refentry>
