<?xml version="1.0" encoding="UTF-8"?>
<gesmes:Envelope xmlns:gesmes="http://www.gesmes.org/xml/2002-08-01" xmlns="http://www.ecb.int/vocabulary/2002-08-01/eurofxref">
    <gesmes:subject>Reference rates</gesmes:subject>
    <gesmes:Sender>
        <gesmes:name>European Central Bank</gesmes:name>
    </gesmes:Sender>
    <Cube>
        <Cube time='2012-06-26'>
            <Cube currency='USD' rate='1.2475'/>
            <Cube currency='JPY' rate='98.97'/>
            <Cube currency='BGN' rate='1.9558'/>
            <Cube currency='CZK' rate='25.963'/>
            <Cube currency='DKK' rate='7.4334'/>
            <Cube currency='GBP' rate='0.79960'/>
            <Cube currency='HUF' rate='286.40'/>
            <Cube currency='LTL' rate='3.4528'/>
            <Cube currency='LVL' rate='0.6965'/>
            <Cube currency='PLN' rate='4.2480'/>
            <Cube currency='RON' rate='4.4510'/>
            <Cube currency='SEK' rate='8.8204'/>
            <Cube currency='CHF' rate='1.2010'/>
            <Cube currency='NOK' rate='7.4995'/>
            <Cube currency='HRK' rate='7.5150'/>
            <Cube currency='RUB' rate='41.2200'/>
            <Cube currency='TRY' rate='2.2683'/>
            <Cube currency='AUD' rate='1.2432'/>
            <Cube currency='BRL' rate='2.5768'/>
            <Cube currency='CAD' rate='1.2824'/>
            <Cube currency='CNY' rate='7.9387'/>
            <Cube currency='HKD' rate='9.6800'/>
            <Cube currency='IDR' rate='11821.50'/>
            <Cube currency='ILS' rate='4.9145'/>
            <Cube currency='INR' rate='71.1260'/>
            <Cube currency='KRW' rate='1445.32'/>
            <Cube currency='MXN' rate='17.3809'/>
            <Cube currency='MYR' rate='3.9801'/>
            <Cube currency='NZD' rate='1.5784'/>
            <Cube currency='PHP' rate='52.951'/>
            <Cube currency='SGD' rate='1.5983'/>
            <Cube currency='THB' rate='39.708'/>
            <Cube currency='ZAR' rate='10.5785'/>
        </Cube>
    </Cube>
</gesmes:Envelope>