{"ELEMENTCOUNT":"8","ATTRIBUTES":"{\"savebuttontext\":\"\",\"confirmation\":\"\",\"sendemail\":\"on\",\"adminemail\":\"\",\"emailfield\":\"0\",\"emailconfirmation\":\"\",\"emailformtouser\":\"on\",\"labelposition\":\"left\"}","ENTITY":"faccess","TYPE":"DB","DATA":"{\"8\":{\"subelements\":{\"1\":{\"id\":\"1\",\"populate\":\"player\"}},\"id\":\"8\",\"label\":\"Project   \",\"x\":\"191\",\"y\":\"183\",\"type\":\"system_project\",\"column\":\"PROJECT\",\"children\":\"1\",\"attributes\":{\"zfsize\":\"\",\"zfmaxlength\":\"\",\"zfrows\":\"\",\"zfregex\":\"\",\"zfrepeatable\":\"0\",\"zfguidelines\":\"Project to which these settings are attached. This is optional.\"}},\"6\":{\"subelements\":{\"1\":{\"id\":\"1\",\"populate\":\"1\"}},\"mandatory\":\"1\",\"id\":\"6\",\"label\":\"Access type    \",\"x\":\"191\",\"y\":\"244\",\"type\":\"system_access_type\",\"column\":\"TYPE\",\"children\":\"1\",\"attributes\":{\"zfsize\":\"\",\"zfmaxlength\":\"\",\"zfrows\":\"\",\"zfregex\":\"\",\"zfrepeatable\":\"0\",\"zfguidelines\":\"Choose whether this is related to a form or a page.\"}},\"7\":{\"subelements\":{\"1\":{\"id\":\"1\",\"populate\":\"\"}},\"rules\":[{\"type\":\"rule_formfield\",\"parameters\":[\"6\",\"value\",\"\",\"EQ\",\"2\",\"show\"]}],\"id\":\"7\",\"label\":\"Page   \",\"x\":\"191\",\"y\":\"305\",\"type\":\"text_large\",\"column\":\"PAGE\",\"children\":\"1\",\"attributes\":{\"zfsize\":\"\",\"zfmaxlength\":\"\",\"zfrows\":\"\",\"zfregex\":\"\",\"zfrepeatable\":\"0\",\"zfguidelines\":\"\"}},\"1\":{\"subelements\":{\"1\":{\"id\":\"1\",\"populate\":\"\",\"sortorder\":\"1\"},\"2\":{\"id\":\"2\",\"populate\":\"0\"},\"3\":{\"id\":\"3\",\"populate\":\"0\"},\"4\":{\"id\":\"4\",\"populate\":\"\"}},\"mandatory\":\"1\",\"id\":\"1\",\"label\":\"Form    \",\"x\":\"191\",\"y\":\"362\",\"type\":\"system_form\",\"column\":\"FORMID\",\"children\":\"4\",\"attributes\":{\"zfsize\":\"\",\"zfmaxlength\":\"\",\"zfrows\":\"\",\"zfregex\":\"\",\"zfrepeatable\":\"0\",\"zfguidelines\":\"\"}},\"3\":{\"subelements\":{\"1\":{\"id\":\"1\",\"populate\":\"0\",\"sortorder\":\"2\"}},\"mandatory\":\"1\",\"id\":\"3\",\"label\":\"Action    \",\"x\":\"191\",\"y\":\"423\",\"type\":\"system_action\",\"column\":\"ACTION\",\"children\":\"1\",\"attributes\":{\"zfsize\":\"\",\"zfmaxlength\":\"\",\"zfrows\":\"\",\"zfregex\":\"\",\"zfrepeatable\":\"0\",\"zfguidelines\":\"\"}},\"4\":{\"subelements\":{\"1\":{\"id\":\"1\",\"populate\":\"\",\"sortorder\":\"3\"}},\"id\":\"4\",\"label\":\"Rules    \",\"x\":\"191\",\"y\":\"484\",\"type\":\"textarea\",\"column\":\"RULES\",\"children\":\"1\",\"attributes\":{\"zfsize\":\"\",\"zfmaxlength\":\"\",\"zfrows\":\"\",\"zfregex\":\"\",\"zfrepeatable\":\"0\",\"zfguidelines\":\"\"}},\"2\":{\"subelements\":{\"1\":{\"id\":\"1\",\"populate\":\"1\",\"sortorder\":\"4\"}},\"mandatory\":\"1\",\"id\":\"2\",\"label\":\"Role    \",\"x\":\"191\",\"y\":\"592\",\"type\":\"system_role\",\"column\":\"ROLEID\",\"children\":\"1\",\"attributes\":{\"zfsize\":\"\",\"zfmaxlength\":\"\",\"zfrows\":\"\",\"zfregex\":\"\",\"zfrepeatable\":\"0\",\"zfguidelines\":\"\"}},\"5\":{\"subelements\":{\"1\":{\"id\":\"1\",\"populate\":\"1\"}},\"id\":\"5\",\"label\":\"Allowed    \",\"x\":\"191\",\"y\":\"653\",\"type\":\"checkbox\",\"column\":\"ALLOWED\",\"children\":\"1\",\"attributes\":{\"zfsize\":\"\",\"zfmaxlength\":\"\",\"zfrows\":\"\",\"zfregex\":\"\",\"zfrepeatable\":\"0\",\"zfguidelines\":\"\"}}}","CUSTOM":"","LABEL":"Access","PROJECT":"player","ID":"3","NAME":"faccess"}