{"ELEMENTCOUNT":"10","ATTRIBUTES":"{\"savebuttontext\":\"\",\"confirmation\":\"\",\"sendemail\":\"on\",\"adminemail\":\"\",\"emailfield\":\"0\",\"emailconfirmation\":\"\",\"emailformtouser\":\"on\",\"labelposition\":\"left\"}","ENTITY":"flink","TYPE":"DB","DATA":"{\"6\":{\"subelements\":{\"1\":{\"id\":\"1\",\"populate\":\"form\",\"sortorder\":\"1\",\"hide\":\"0\"}},\"id\":\"6\",\"label\":\"From  \",\"x\":\"191\",\"y\":\"183\",\"type\":\"system_display\",\"column\":\"DISPLAYIN\",\"children\":\"1\",\"attributes\":{\"zfsize\":\"\",\"zfmaxlength\":\"\",\"zfrows\":\"\",\"zfregex\":\"\",\"zfrepeatable\":\"0\",\"zfguidelines\":\"\"}},\"1\":{\"subelements\":{\"1\":{\"id\":\"1\",\"populate\":\"\",\"sortorder\":\"4\",\"hide\":\"0\"},\"2\":{\"id\":\"2\",\"populate\":\"0\"},\"3\":{\"id\":\"3\",\"populate\":\"0\"},\"4\":{\"id\":\"4\",\"populate\":\"\"}},\"mandatory\":\"1\",\"searchable\":\"1\",\"id\":\"1\",\"label\":\"Form  \",\"x\":\"191\",\"y\":\"244\",\"type\":\"system_form\",\"column\":\"FORMIN\",\"children\":\"4\",\"attributes\":{\"zfsize\":\"\",\"zfmaxlength\":\"\",\"zfrows\":\"\",\"zfregex\":\"\",\"zfrepeatable\":\"0\",\"zfguidelines\":\"\"}},\"13\":{\"subelements\":{\"1\":{\"id\":\"1\",\"populate\":\"form\",\"sortorder\":\"3\",\"hide\":\"0\"}},\"id\":\"13\",\"label\":\"To  \",\"x\":\"191\",\"y\":\"305\",\"type\":\"system_display\",\"column\":\"DISPLAYOUT\",\"children\":\"1\",\"attributes\":{\"zfsize\":\"\",\"zfmaxlength\":\"\",\"zfrows\":\"\",\"zfregex\":\"\",\"zfrepeatable\":\"0\",\"zfguidelines\":\"\"}},\"2\":{\"subelements\":{\"1\":{\"id\":\"1\",\"populate\":\"\",\"sortorder\":\"2\",\"hide\":\"0\"},\"2\":{\"id\":\"2\",\"populate\":\"0\"},\"3\":{\"id\":\"3\",\"populate\":\"0\"},\"4\":{\"id\":\"4\",\"populate\":\"\"}},\"mandatory\":\"1\",\"id\":\"2\",\"label\":\"Form  \",\"x\":\"191\",\"y\":\"366\",\"type\":\"system_form\",\"column\":\"FORMOUT\",\"children\":\"4\",\"attributes\":{\"zfsize\":\"\",\"zfmaxlength\":\"\",\"zfrows\":\"\",\"zfregex\":\"\",\"zfrepeatable\":\"0\",\"zfguidelines\":\"\"}},\"12\":{\"subelements\":{\"1\":{\"id\":\"1\",\"populate\":\"\",\"sortorder\":\"5\",\"hide\":\"1\"}},\"id\":\"12\",\"label\":\"and Action  \",\"x\":\"191\",\"y\":\"427\",\"type\":\"text_large\",\"column\":\"ACTIONOUT\",\"children\":\"1\",\"attributes\":{\"zfsize\":\"\",\"zfmaxlength\":\"\",\"zfrows\":\"\",\"zfregex\":\"\",\"zfrepeatable\":\"0\",\"zfguidelines\":\"\"}},\"9\":{\"subelements\":{\"1\":{\"id\":\"1\",\"populate\":\"\",\"sortorder\":\"8\",\"hide\":\"1\"}},\"id\":\"9\",\"label\":\"or URL  \",\"x\":\"191\",\"y\":\"484\",\"type\":\"text_large\",\"column\":\"FORMOUTALT\",\"children\":\"1\",\"attributes\":{\"zfsize\":\"\",\"zfmaxlength\":\"\",\"zfrows\":\"\",\"zfregex\":\"\",\"zfrepeatable\":\"0\",\"zfguidelines\":\"\"}},\"8\":{\"subelements\":{\"1\":{\"id\":\"1\",\"populate\":\"\",\"sortorder\":\"5\",\"hide\":\"0\"}},\"id\":\"8\",\"label\":\"Mapping  \",\"x\":\"191\",\"y\":\"541\",\"type\":\"textarea\",\"column\":\"MAPPING\",\"children\":\"1\",\"attributes\":{\"zfsize\":\"\",\"zfmaxlength\":\"\",\"zfrows\":\"\",\"zfregex\":\"\",\"zfrepeatable\":\"0\",\"zfguidelines\":\"\"}},\"5\":{\"subelements\":{\"1\":{\"id\":\"1\",\"populate\":\"\",\"sortorder\":\"6\"}},\"id\":\"5\",\"label\":\"Label \",\"x\":\"191\",\"y\":\"649\",\"type\":\"text_large\",\"column\":\"ACTION\",\"children\":\"1\",\"attributes\":{\"zfsize\":\"\",\"zfmaxlength\":\"\",\"zfrows\":\"\",\"zfregex\":\"\",\"zfrepeatable\":\"0\",\"zfguidelines\":\"\"}},\"4\":{\"subelements\":{\"1\":{\"id\":\"1\",\"populate\":\"\",\"sortorder\":\"4\",\"hide\":\"1\"}},\"id\":\"4\",\"label\":\"Icon  \",\"x\":\"191\",\"y\":\"706\",\"type\":\"text_large\",\"column\":\"ICON\",\"children\":\"1\",\"attributes\":{\"zfsize\":\"\",\"zfmaxlength\":\"\",\"zfrows\":\"\",\"zfregex\":\"\",\"zfrepeatable\":\"0\",\"zfguidelines\":\"\"}},\"14\":{\"subelements\":{\"1\":{\"id\":\"1\",\"populate\":\"R\"},\"2\":{\"id\":\"2\",\"populate\":\"R=For each row,T=Top of page,B=Bottom of page\",\"label\":\"Key pairs\"},\"3\":{\"id\":\"3\",\"populate\":\"\",\"label\":\"Size\"}},\"id\":\"14\",\"label\":\"Position \",\"x\":\"191\",\"y\":\"763\",\"type\":\"select\",\"column\":\"POSITION\",\"children\":\"3\",\"attributes\":{\"zfsize\":\"\",\"zfmaxlength\":\"\",\"zfrows\":\"\",\"zfregex\":\"\",\"zfrepeatable\":\"0\",\"zfguidelines\":\"\"}}}","CUSTOM":"","LABEL":"Links","PROJECT":"player","ID":"1","NAME":"flink"}