{"ELEMENTCOUNT":"8","ATTRIBUTES":"{\"savebuttontext\":\"\",\"confirmation\":\"\",\"sendemail\":\"on\",\"emailfield\":\"0\",\"emailconfirmation\":\"\",\"emailformtouser\":\"on\",\"labelposition\":\"left\"}","ENTITY":"form_settings","TYPE":"formonly","DATA":"{\"7\":{\"subelements\":{\"1\":{\"id\":\"1\",\"populate\":\"\"}},\"id\":\"7\",\"label\":\"Save Button Text \",\"x\":\"191\",\"y\":\"183\",\"type\":\"text\",\"column\":\"SAVEBUTTONTEXT\",\"children\":\"1\",\"attributes\":{\"zfsize\":\"\",\"zfmaxlength\":\"\",\"zfrows\":\"\",\"zfregex\":\"\",\"zfrepeatable\":\"0\",\"zfguidelines\":\"Text to appear when saving the form. By default Save will appear.\"}},\"1\":{\"subelements\":{\"1\":{\"id\":\"1\",\"populate\":\"\"}},\"id\":\"1\",\"label\":\"Confirmation Message              \",\"x\":\"191\",\"y\":\"240\",\"type\":\"textarea\",\"column\":\"CONFIRMATION\",\"children\":\"1\",\"attributes\":{\"zfsize\":\"\",\"zfmaxlength\":\"\",\"zfrows\":\"\",\"zfregex\":\"\",\"zfrepeatable\":\"0\",\"zfguidelines\":\"Enter a confirmation message that will be shown to the user when they complete this form.\"}},\"4\":{\"subelements\":{\"1\":{\"id\":\"1\",\"populate\":\"0\"}},\"id\":\"4\",\"label\":\"Email Confirmation to User             \",\"x\":\"191\",\"y\":\"348\",\"type\":\"checkbox\",\"column\":\"SENDEMAIL\",\"children\":\"1\",\"attributes\":{\"zfsize\":\"\",\"zfmaxlength\":\"\",\"zfrows\":\"\",\"zfregex\":\"\",\"zfrepeatable\":\"0\",\"zfguidelines\":\"Tick to send an email message when the user completes this form. Make sure you add a field of type Email to your form.\"}},\"8\":{\"subelements\":{\"1\":{\"id\":\"1\",\"populate\":\"\"}},\"id\":\"8\",\"label\":\"Email Confirmation To\",\"x\":\"191\",\"y\":\"396\",\"type\":\"email\",\"column\":\"ADMINEMAIL\",\"children\":\"1\",\"attributes\":{\"zfsize\":\"\",\"zfmaxlength\":\"\",\"zfrows\":\"\",\"zfregex\":\"\",\"zfrepeatable\":\"0\",\"zfguidelines\":\"Enter an email address to receive a copy of the form at this address\"}},\"5\":{\"subelements\":{\"1\":{\"id\":\"1\",\"populate\":\"0\"}},\"id\":\"5\",\"label\":\"Email field            \",\"x\":\"191\",\"y\":\"454\",\"type\":\"system_formemailfield\",\"column\":\"EMAILFIELD\",\"children\":\"1\",\"attributes\":{\"zfsize\":\"\",\"zfmaxlength\":\"\",\"zfrows\":\"\",\"zfregex\":\"\",\"zfrepeatable\":\"0\",\"zfguidelines\":\"\"}},\"2\":{\"subelements\":{\"1\":{\"id\":\"1\",\"populate\":\"\"}},\"id\":\"2\",\"label\":\"Email Message              \",\"x\":\"191\",\"y\":\"515\",\"type\":\"textarea\",\"column\":\"EMAILCONFIRMATION\",\"children\":\"1\",\"attributes\":{\"zfsize\":\"\",\"zfmaxlength\":\"\",\"zfrows\":\"\",\"zfregex\":\"\",\"zfrepeatable\":\"0\",\"zfguidelines\":\"Enter an email confirmation message that will be sent to the user.\"}},\"3\":{\"subelements\":{\"1\":{\"id\":\"1\",\"populate\":\"0\"}},\"id\":\"3\",\"label\":\"Email Form Contents             \",\"x\":\"191\",\"y\":\"622\",\"type\":\"checkbox\",\"column\":\"EMAILFORMTOUSER\",\"children\":\"1\",\"attributes\":{\"zfsize\":\"\",\"zfmaxlength\":\"\",\"zfrows\":\"\",\"zfregex\":\"\",\"zfrepeatable\":\"0\",\"zfguidelines\":\"Tick to include the form's content in the email message to the user.\"}},\"6\":{\"subelements\":{\"1\":{\"id\":\"1\",\"populate\":\"left\"},\"2\":{\"id\":\"2\",\"populate\":\"left=Left,top=Top\",\"label\":\"Key pairs\"},\"3\":{\"id\":\"3\",\"populate\":\"\",\"label\":\"Size\"}},\"id\":\"6\",\"label\":\"Label position           \",\"x\":\"191\",\"y\":\"671\",\"type\":\"select\",\"column\":\"LABELPOSITION\",\"children\":\"3\",\"attributes\":{\"zfsize\":\"\",\"zfmaxlength\":\"\",\"zfrows\":\"\",\"zfregex\":\"\",\"zfrepeatable\":\"0\",\"zfguidelines\":\"\"}}}","CUSTOM":"","LABEL":"Form Settings","PROJECT":"player","ID":"21","NAME":"form_settings"}