{"ELEMENTCOUNT":"3","ATTRIBUTES":"null","ENTITY":"frole","TYPE":"DB","DATA":"{\"3\":{\"subelements\":{\"1\":{\"id\":\"1\",\"populate\":\"bookings\"}},\"id\":\"3\",\"label\":\"Project \",\"x\":\"189\",\"y\":\"186\",\"type\":\"system_project\",\"column\":\"PROJECT\",\"children\":\"1\",\"attributes\":{\"zfsize\":\"\",\"zfmaxlength\":\"\",\"zfrows\":\"\",\"zfregex\":\"\",\"zfrepeatable\":\"0\",\"zfguidelines\":\"Project to which these settings are attached. This is optional.\"}},\"1\":{\"subelements\":{\"1\":{\"id\":\"1\",\"populate\":\"\"}},\"mandatory\":\"1\",\"unique\":\"1\",\"id\":\"1\",\"label\":\"Role short name \",\"x\":\"189\",\"y\":\"244\",\"type\":\"text_large\",\"column\":\"NAME\",\"children\":\"1\",\"attributes\":{\"zfsize\":\"\",\"zfmaxlength\":\"\",\"zfrows\":\"\",\"zfregex\":\"\",\"zfrepeatable\":\"0\",\"zfguidelines\":\"Short name for the role, for example ADMIN, USER, etc\"}},\"2\":{\"subelements\":{\"1\":{\"id\":\"1\",\"populate\":\"\"}},\"mandatory\":\"1\",\"unique\":\"1\",\"id\":\"2\",\"label\":\"Description \",\"x\":\"189\",\"y\":\"301\",\"type\":\"text_large\",\"column\":\"DESCRIPTION\",\"children\":\"1\",\"attributes\":{\"zfsize\":\"\",\"zfmaxlength\":\"\",\"zfrows\":\"\",\"zfregex\":\"\",\"zfrepeatable\":\"0\",\"zfguidelines\":\"Textual description of the role\"}}}","CUSTOM":"","LABEL":"Roles","PROJECT":"player","ID":"2","NAME":"frole"}