<?xml version="1.0" encoding="utf-8" ?><dwsync><file name="ui-icons_525252_0.png" server="icafe.lcisd.org" local="3443640180" remote="12033574772" /><file name="ui-icons_ffffff_0.png" server="icafe.lcisd.org" local="3443640180" remote="12033574772" /><file name="ui-icons_66B3FF_0.png" server="icafe.lcisd.org" local="3443640180" remote="12033574772" /><file name="ui-icons_3399ff_0.png" server="icafe.lcisd.org" local="3443640180" remote="12033574772" /><file name="ui-icons_0E6D38_0.png" server="icafe.lcisd.org" local="3443640180" remote="12033574772" /><file name="ui-icons_19A053_0.png" server="icafe.lcisd.org" local="3443640180" remote="12033574772" /><file name="ui-icons_333333_0.png" server="icafe.lcisd.org" local="3443640180" remote="12033574772" /><file name="ui-icons_d4d4d4_0.png" server="icafe.lcisd.org" local="3443640180" remote="20623509364" /></dwsync>