<?xml version="1.0" encoding="UTF-8"?>
<project-private xmlns="http://www.netbeans.org/ns/project-private/1">
    <editor-bookmarks xmlns="http://www.netbeans.org/ns/editor-bookmarks/1">
        <file>
            <url>menu.product.add.php</url>
            <line>56</line>
        </file>
        <file>
            <url>digishop.php</url>
            <line>0</line>
            <line>0</line>
            <line>0</line>
        </file>
    </editor-bookmarks>
    <editor-bookmarks xmlns="http://www.netbeans.org/ns/editor-bookmarks/2" lastBookmarkId="26">
        <file>
            <url>menu.product.add.php</url>
            <bookmark id="0">
                <name/>
                <line>74</line>
                <key/>
            </bookmark>
        </file>
        <file>
            <url>orbisius-cyberstore.php</url>
            <bookmark id="10">
                <name/>
                <line>658</line>
                <key/>
            </bookmark>
            <bookmark id="8">
                <name/>
                <line>698</line>
                <key/>
            </bookmark>
            <bookmark id="22">
                <name/>
                <line>699</line>
                <key/>
            </bookmark>
            <bookmark id="1">
                <name/>
                <line>1120</line>
                <key/>
            </bookmark>
            <bookmark id="4">
                <name/>
                <line>1261</line>
                <key/>
            </bookmark>
            <bookmark id="9">
                <name/>
                <line>1267</line>
                <key/>
            </bookmark>
            <bookmark id="21">
                <name/>
                <line>1288</line>
                <key/>
            </bookmark>
            <bookmark id="25">
                <name/>
                <line>1470</line>
                <key/>
            </bookmark>
            <bookmark id="6">
                <name/>
                <line>1486</line>
                <key/>
            </bookmark>
            <bookmark id="20">
                <name/>
                <line>1564</line>
                <key/>
            </bookmark>
        </file>
        <file>
            <url>menu.settings.php</url>
            <bookmark id="26">
                <name/>
                <line>269</line>
                <key/>
            </bookmark>
        </file>
        <file>
            <url>digishop.php</url>
            <bookmark id="0">
                <name/>
                <line>0</line>
                <key/>
            </bookmark>
            <bookmark id="0">
                <name/>
                <line>0</line>
                <key/>
            </bookmark>
            <bookmark id="0">
                <name/>
                <line>0</line>
                <key/>
            </bookmark>
        </file>
    </editor-bookmarks>
    <open-files xmlns="http://www.netbeans.org/ns/projectui-open-files/2">
        <group name="Club, Updater"/>
        <group>
            <file>file:/C:/Copy/Dropbox/cloud/projects/default/htdocs/wordpress313/wp-content/plugins/orbisius-cyberstore/orbisius-cyberstore.php</file>
            <file>file:/C:/Copy/Dropbox/cloud/projects/default/htdocs/wordpress313/wp-content/plugins/orbisius-cyberstore/menu.settings.php</file>
            <file>file:/C:/Copy/Dropbox/cloud/projects/default/htdocs/wordpress313/wp-content/plugins/orbisius-cyberstore/readme.txt</file>
        </group>
    </open-files>
</project-private>
