{
    "status": "ok",
    "count": 66,
    "count_total": 65,
    "pages": 1,
    "posts": [{
        "id": 218,
        "type": "post",
        "slug": "%d9%85%d9%8a%d9%83%d8%b3-%d8%b9%d8%b1%d8%a8%d9%8a",
        "url": "http:\/\/www.devnia.com\/fonts\/%d9%85%d9%8a%d9%83%d8%b3-%d8%b9%d8%b1%d8%a8%d9%8a\/",
        "status": "publish",
        "title": "\u0645\u064a\u0643\u0633 \u0639\u0631\u0628\u064a",
        "title_plain": "\u0645\u064a\u0643\u0633 \u0639\u0631\u0628\u064a",
        "content": "",
        "excerpt": "",
        "date": "2014-12-26 11:39:35",
        "modified": "2014-12-26 11:39:35",
        "categories": [{
            "id": 10,
            "slug": "%d8%ae%d8%b7%d9%88%d8%b7-sans",
            "title": "\u062e\u0637\u0648\u0637 sans",
            "description": "",
            "parent": 0,
            "post_count": 1
        }],
        "tags": [],
        "author": {
            "id": 1,
            "slug": "admin",
            "name": "admin",
            "first_name": "",
            "last_name": "",
            "nickname": "admin",
            "url": "",
            "description": ""
        },
        "comments": [],
        "attachments": [],
        "comment_count": 0,
        "comment_status": "open",
        "custom_fields": {
            "YOUR_PREFIX_url": "http:\/\/fonts.hosni.netdna-cdn.com\/fonts\/cdn\/file_font\/?font=themixarab",
            "YOUR_PREFIX_urlcss": "font-family: \"themixarab\";"
        }
    }, {
        "id": 218,
        "type": "post",
        "slug": "%d9%85%d9%8a%d9%83%d8%b3-%d8%b9%d8%b1%d8%a8%d9%8a",
        "url": "http:\/\/www.devnia.com\/fonts\/%d9%85%d9%8a%d9%83%d8%b3-%d8%b9%d8%b1%d8%a8%d9%8a\/",
        "status": "publish",
        "title": "\u0645\u064a\u0643\u0633 \u0639\u0631\u0628\u064a",
        "title_plain": "\u0645\u064a\u0643\u0633 \u0639\u0631\u0628\u064a",
        "content": "",
        "excerpt": "",
        "date": "2014-12-26 11:39:35",
        "modified": "2014-12-26 11:39:35",
        "categories": [{
            "id": 10,
            "slug": "%d8%ae%d8%b7%d9%88%d8%b7-sans",
            "title": "\u062e\u0637\u0648\u0637 sans",
            "description": "",
            "parent": 0,
            "post_count": 1
        }],
        "tags": [],
        "author": {
            "id": 1,
            "slug": "admin",
            "name": "admin",
            "first_name": "",
            "last_name": "",
            "nickname": "admin",
            "url": "",
            "description": ""
        },
        "comments": [],
        "attachments": [],
        "comment_count": 0,
        "comment_status": "open",
        "custom_fields": {
            "YOUR_PREFIX_url": "http:\/\/fonts.hosni.netdna-cdn.com\/fonts\/cdn\/file_font\/?font=themixarab",
            "YOUR_PREFIX_urlcss": "font-family: \"themixarab\";"
        }
    }, {
        "id": 213,
        "type": "post",
        "slug": "%d8%ac%d8%b0%d9%88%d8%b1-%d9%81%d9%84%d8%a7%d8%aa",
        "url": "http:\/\/www.devnia.com\/fonts\/%d8%ac%d8%b0%d9%88%d8%b1-%d9%81%d9%84%d8%a7%d8%aa\/",
        "status": "publish",
        "title": "\u062c\u0630\u0648\u0631 \u0641\u0644\u0627\u062a",
        "title_plain": "\u062c\u0630\u0648\u0631 \u0641\u0644\u0627\u062a",
        "content": "",
        "excerpt": "",
        "date": "2014-12-18 14:26:01",
        "modified": "2014-12-18 14:34:05",
        "categories": [{
            "id": 2,
            "slug": "%d8%ae%d8%b7%d9%88%d8%b7-%d9%85%d9%86%d9%88%d8%b9%d8%a9",
            "title": "\u062e\u0637\u0648\u0637 \u0645\u0646\u0648\u0639\u0629",
            "description": "",
            "parent": 0,
            "post_count": 16
        }],
        "tags": [],
        "author": {
            "id": 1,
            "slug": "admin",
            "name": "admin",
            "first_name": "",
            "last_name": "",
            "nickname": "admin",
            "url": "",
            "description": ""
        },
        "comments": [],
        "attachments": [],
        "comment_count": 0,
        "comment_status": "open",
        "custom_fields": {
            "YOUR_PREFIX_url": "http:\/\/fonts.hosni.netdna-cdn.com\/fonts\/cdn\/file_font\/?font=JF_Flat_Regular",
            "YOUR_PREFIX_urlcss": "font-family: \"JF_Flat_Regular\";"
        }
    }, {
        "id": 210,
        "type": "post",
        "slug": "%d8%b1%d8%a7%d9%88%d9%8a",
        "url": "http:\/\/www.devnia.com\/fonts\/%d8%b1%d8%a7%d9%88%d9%8a\/",
        "status": "publish",
        "title": "\u0631\u0627\u0648\u064a",
        "title_plain": "\u0631\u0627\u0648\u064a",
        "content": "",
        "excerpt": "",
        "date": "2014-09-13 13:11:43",
        "modified": "2014-12-23 06:45:23",
        "categories": [{
            "id": 9,
            "slug": "%d9%85%d8%ac%d9%85%d9%88%d8%b9%d8%a9-%d8%b1%d8%a7%d9%88%d9%8a",
            "title": "\u0645\u062c\u0645\u0648\u0639\u0629 \u0631\u0627\u0648\u064a",
            "description": "",
            "parent": 0,
            "post_count": 2
        }],
        "tags": [],
        "author": {
            "id": 1,
            "slug": "admin",
            "name": "admin",
            "first_name": "",
            "last_name": "",
            "nickname": "admin",
            "url": "",
            "description": ""
        },
        "comments": [],
        "attachments": [],
        "comment_count": 0,
        "comment_status": "open",
        "custom_fields": {
            "YOUR_PREFIX_url": "http:\/\/fonts.hosni.netdna-cdn.com\/fonts\/cdn\/file_font\/?font=VIP_Rawy_Thin",
            "YOUR_PREFIX_urlcss": "font-family:\"VIP_Rawy_Thin\";"
        }
    }, {
        "id": 205,
        "type": "post",
        "slug": "%d8%b1%d8%a7%d9%88%d9%8a-%d8%b3%d8%aa%d8%b1%d8%a7%d9%8a%d9%83",
        "url": "http:\/\/www.devnia.com\/fonts\/%d8%b1%d8%a7%d9%88%d9%8a-%d8%b3%d8%aa%d8%b1%d8%a7%d9%8a%d9%83\/",
        "status": "publish",
        "title": "\u0631\u0627\u0648\u064a \u0633\u062a\u0631\u0627\u064a\u0643",
        "title_plain": "\u0631\u0627\u0648\u064a \u0633\u062a\u0631\u0627\u064a\u0643",
        "content": "",
        "excerpt": "",
        "date": "2014-09-08 03:43:40",
        "modified": "2014-12-23 10:10:39",
        "categories": [{
            "id": 9,
            "slug": "%d9%85%d8%ac%d9%85%d9%88%d8%b9%d8%a9-%d8%b1%d8%a7%d9%88%d9%8a",
            "title": "\u0645\u062c\u0645\u0648\u0639\u0629 \u0631\u0627\u0648\u064a",
            "description": "",
            "parent": 0,
            "post_count": 2
        }],
        "tags": [],
        "author": {
            "id": 1,
            "slug": "admin",
            "name": "admin",
            "first_name": "",
            "last_name": "",
            "nickname": "admin",
            "url": "",
            "description": ""
        },
        "comments": [],
        "attachments": [],
        "comment_count": 0,
        "comment_status": "open",
        "custom_fields": {
            "YOUR_PREFIX_url": "http:\/\/fonts.hosni.netdna-cdn.com\/fonts\/cdn\/file_font\/?font=VIP_Strick",
            "YOUR_PREFIX_urlcss": "font-family: \"VIP_Strick\";"
        }
    }, {
        "id": 200,
        "type": "post",
        "slug": "%d8%ae%d8%b7-%d8%a7%d9%84%d8%ac%d8%b2%d9%8a%d8%b1%d8%a9",
        "url": "http:\/\/www.devnia.com\/fonts\/%d8%ae%d8%b7-%d8%a7%d9%84%d8%ac%d8%b2%d9%8a%d8%b1%d8%a9\/",
        "status": "publish",
        "title": "\u062e\u0637 \u0627\u0644\u062c\u0632\u064a\u0631\u0629",
        "title_plain": "\u062e\u0637 \u0627\u0644\u062c\u0632\u064a\u0631\u0629",
        "content": "",
        "excerpt": "",
        "date": "2014-08-21 11:47:22",
        "modified": "2014-12-18 14:13:59",
        "categories": [{
            "id": 2,
            "slug": "%d8%ae%d8%b7%d9%88%d8%b7-%d9%85%d9%86%d9%88%d8%b9%d8%a9",
            "title": "\u062e\u0637\u0648\u0637 \u0645\u0646\u0648\u0639\u0629",
            "description": "",
            "parent": 0,
            "post_count": 16
        }],
        "tags": [],
        "author": {
            "id": 1,
            "slug": "admin",
            "name": "admin",
            "first_name": "",
            "last_name": "",
            "nickname": "admin",
            "url": "",
            "description": ""
        },
        "comments": [],
        "attachments": [],
        "comment_count": 0,
        "comment_status": "open",
        "custom_fields": {
            "YOUR_PREFIX_url": "http:\/\/fonts.hosni.netdna-cdn.com\/fonts\/cdn\/file_font\/?font=Al-Jazeera-Arabic",
            "YOUR_PREFIX_urlcss": "font-family: \"Al-Jazeera-Arabic\";"
        }
    }, {
        "id": 197,
        "type": "post",
        "slug": "%d8%af%d8%b1%d9%88%d9%8a%d8%af-%d8%b3%d8%a7%d9%86%d8%b3",
        "url": "http:\/\/www.devnia.com\/fonts\/%d8%af%d8%b1%d9%88%d9%8a%d8%af-%d8%b3%d8%a7%d9%86%d8%b3\/",
        "status": "publish",
        "title": "\u062f\u0631\u0648\u064a\u062f \u0633\u0627\u0646\u0633",
        "title_plain": "\u062f\u0631\u0648\u064a\u062f \u0633\u0627\u0646\u0633",
        "content": "",
        "excerpt": "",
        "date": "2014-05-14 19:15:56",
        "modified": "2014-12-18 14:46:43",
        "categories": [{
            "id": 2,
            "slug": "%d8%ae%d8%b7%d9%88%d8%b7-%d9%85%d9%86%d9%88%d8%b9%d8%a9",
            "title": "\u062e\u0637\u0648\u0637 \u0645\u0646\u0648\u0639\u0629",
            "description": "",
            "parent": 0,
            "post_count": 16
        }],
        "tags": [],
        "author": {
            "id": 1,
            "slug": "admin",
            "name": "admin",
            "first_name": "",
            "last_name": "",
            "nickname": "admin",
            "url": "",
            "description": ""
        },
        "comments": [],
        "attachments": [],
        "comment_count": 0,
        "comment_status": "open",
        "custom_fields": {
            "YOUR_PREFIX_url": "http:\/\/fonts.hosni.netdna-cdn.com\/fonts\/cdn\/file_font\/?font=DroidSansArabic",
            "YOUR_PREFIX_urlcss": "font-family: \"Droid_Sans_Arabic\";"
        }
    }, {
        "id": 189,
        "type": "post",
        "slug": "%d8%ac%d8%b0%d9%88%d8%b1",
        "url": "http:\/\/www.devnia.com\/fonts\/%d8%ac%d8%b0%d9%88%d8%b1\/",
        "status": "publish",
        "title": "\u062c\u0630\u0648\u0631",
        "title_plain": "\u062c\u0630\u0648\u0631",
        "content": "",
        "excerpt": "",
        "date": "2013-12-26 03:59:12",
        "modified": "2014-12-23 13:03:52",
        "categories": [{
            "id": 2,
            "slug": "%d8%ae%d8%b7%d9%88%d8%b7-%d9%85%d9%86%d9%88%d8%b9%d8%a9",
            "title": "\u062e\u0637\u0648\u0637 \u0645\u0646\u0648\u0639\u0629",
            "description": "",
            "parent": 0,
            "post_count": 16
        }],
        "tags": [],
        "author": {
            "id": 1,
            "slug": "admin",
            "name": "admin",
            "first_name": "",
            "last_name": "",
            "nickname": "admin",
            "url": "",
            "description": ""
        },
        "comments": [],
        "attachments": [],
        "comment_count": 0,
        "comment_status": "open",
        "custom_fields": {
            "YOUR_PREFIX_url": "http:\/\/fonts.hosni.netdna-cdn.com\/fonts\/cdn\/file_font\/?font=AraJozoor-Regular",
            "YOUR_PREFIX_urlcss": "font-family: 'AraJozoor-Regular';"
        }
    }, {
        "id": 179,
        "type": "post",
        "slug": "%d8%a7%d9%84%d8%b2%d9%87%d8%b1%d8%a7%d8%a1",
        "url": "http:\/\/www.devnia.com\/fonts\/%d8%a7%d9%84%d8%b2%d9%87%d8%b1%d8%a7%d8%a1\/",
        "status": "publish",
        "title": "\u0627\u0644\u0632\u0647\u0631\u0627\u0621",
        "title_plain": "\u0627\u0644\u0632\u0647\u0631\u0627\u0621",
        "content": "",
        "excerpt": "",
        "date": "2013-12-02 14:25:19",
        "modified": "2015-01-18 12:05:22",
        "categories": [{
            "id": 2,
            "slug": "%d8%ae%d8%b7%d9%88%d8%b7-%d9%85%d9%86%d9%88%d8%b9%d8%a9",
            "title": "\u062e\u0637\u0648\u0637 \u0645\u0646\u0648\u0639\u0629",
            "description": "",
            "parent": 0,
            "post_count": 16
        }],
        "tags": [],
        "author": {
            "id": 1,
            "slug": "admin",
            "name": "admin",
            "first_name": "",
            "last_name": "",
            "nickname": "admin",
            "url": "",
            "description": ""
        },
        "comments": [],
        "attachments": [],
        "comment_count": 0,
        "comment_status": "open",
        "custom_fields": {
            "YOUR_PREFIX_url": "http:\/\/cdn.jsdelivr.net\/darfonts\/0.1\/sul-zah-thw-san\/stylesheet.css",
            "YOUR_PREFIX_urlcss": "font-family: 'zahra_arabicregular';"
        }
    }, {
        "id": 176,
        "type": "post",
        "slug": "%d8%a7%d9%84%d8%b3%d9%84%d8%b7%d8%a7%d9%86%d9%8a",
        "url": "http:\/\/www.devnia.com\/fonts\/%d8%a7%d9%84%d8%b3%d9%84%d8%b7%d8%a7%d9%86%d9%8a\/",
        "status": "publish",
        "title": "\u0627\u0644\u0633\u0644\u0637\u0627\u0646\u064a",
        "title_plain": "\u0627\u0644\u0633\u0644\u0637\u0627\u0646\u064a",
        "content": "",
        "excerpt": "",
        "date": "2013-12-02 14:23:11",
        "modified": "2013-12-02 14:23:11",
        "categories": [{
            "id": 2,
            "slug": "%d8%ae%d8%b7%d9%88%d8%b7-%d9%85%d9%86%d9%88%d8%b9%d8%a9",
            "title": "\u062e\u0637\u0648\u0637 \u0645\u0646\u0648\u0639\u0629",
            "description": "",
            "parent": 0,
            "post_count": 16
        }],
        "tags": [],
        "author": {
            "id": 1,
            "slug": "admin",
            "name": "admin",
            "first_name": "",
            "last_name": "",
            "nickname": "admin",
            "url": "",
            "description": ""
        },
        "comments": [],
        "attachments": [],
        "comment_count": 0,
        "comment_status": "open",
        "custom_fields": {
            "YOUR_PREFIX_url": "http:\/\/cdn.jsdelivr.net\/darfonts\/0.1\/sul-zah-thw-san\/stylesheet.css",
            "YOUR_PREFIX_urlcss": "font-family: 'sultan_-_3_line_2sultan3line';"
        }
    }, {
        "id": 174,
        "type": "post",
        "slug": "%d8%a7%d9%84%d8%b3%d8%b1%d8%af%d8%a7%d8%b1",
        "url": "http:\/\/www.devnia.com\/fonts\/%d8%a7%d9%84%d8%b3%d8%b1%d8%af%d8%a7%d8%b1\/",
        "status": "publish",
        "title": "\u0627\u0644\u0633\u0631\u062f\u0627\u0631",
        "title_plain": "\u0627\u0644\u0633\u0631\u062f\u0627\u0631",
        "content": "",
        "excerpt": "",
        "date": "2013-12-02 14:21:03",
        "modified": "2013-12-02 14:21:03",
        "categories": [{
            "id": 2,
            "slug": "%d8%ae%d8%b7%d9%88%d8%b7-%d9%85%d9%86%d9%88%d8%b9%d8%a9",
            "title": "\u062e\u0637\u0648\u0637 \u0645\u0646\u0648\u0639\u0629",
            "description": "",
            "parent": 0,
            "post_count": 16
        }],
        "tags": [],
        "author": {
            "id": 1,
            "slug": "admin",
            "name": "admin",
            "first_name": "",
            "last_name": "",
            "nickname": "admin",
            "url": "",
            "description": ""
        },
        "comments": [],
        "attachments": [],
        "comment_count": 0,
        "comment_status": "open",
        "custom_fields": {
            "YOUR_PREFIX_url": "http:\/\/cdn.jsdelivr.net\/darfonts\/0.1\/maw-had-hur-srd\/stylesheet.css",
            "YOUR_PREFIX_urlcss": "font-family: 'a_sardar_hoorregular';"
        }
    }, {
        "id": 171,
        "type": "post",
        "slug": "%d8%a7%d9%84%d8%ad%d8%b1%d8%a9",
        "url": "http:\/\/www.devnia.com\/fonts\/%d8%a7%d9%84%d8%ad%d8%b1%d8%a9\/",
        "status": "publish",
        "title": "\u0627\u0644\u062d\u0631\u0629",
        "title_plain": "\u0627\u0644\u062d\u0631\u0629",
        "content": "",
        "excerpt": "",
        "date": "2013-12-02 14:18:03",
        "modified": "2013-12-02 14:18:03",
        "categories": [{
            "id": 2,
            "slug": "%d8%ae%d8%b7%d9%88%d8%b7-%d9%85%d9%86%d9%88%d8%b9%d8%a9",
            "title": "\u062e\u0637\u0648\u0637 \u0645\u0646\u0648\u0639\u0629",
            "description": "",
            "parent": 0,
            "post_count": 16
        }],
        "tags": [],
        "author": {
            "id": 1,
            "slug": "admin",
            "name": "admin",
            "first_name": "",
            "last_name": "",
            "nickname": "admin",
            "url": "",
            "description": ""
        },
        "comments": [],
        "attachments": [],
        "comment_count": 0,
        "comment_status": "open",
        "custom_fields": {
            "YOUR_PREFIX_url": "http:\/\/cdn.jsdelivr.net\/darfonts\/0.1\/maw-had-hur-srd\/stylesheet.css",
            "YOUR_PREFIX_urlcss": "font-family: 'alhurraregular';"
        }
    }, {
        "id": 165,
        "type": "post",
        "slug": "%d8%a7%d9%84%d9%85%d9%88%d8%a7%d8%b4",
        "url": "http:\/\/www.devnia.com\/fonts\/%d8%a7%d9%84%d9%85%d9%88%d8%a7%d8%b4\/",
        "status": "publish",
        "title": "\u0627\u0644\u0645\u0648\u0627\u0634",
        "title_plain": "\u0627\u0644\u0645\u0648\u0627\u0634",
        "content": "",
        "excerpt": "",
        "date": "2013-12-02 14:13:56",
        "modified": "2013-12-02 14:13:56",
        "categories": [{
            "id": 2,
            "slug": "%d8%ae%d8%b7%d9%88%d8%b7-%d9%85%d9%86%d9%88%d8%b9%d8%a9",
            "title": "\u062e\u0637\u0648\u0637 \u0645\u0646\u0648\u0639\u0629",
            "description": "",
            "parent": 0,
            "post_count": 16
        }],
        "tags": [],
        "author": {
            "id": 1,
            "slug": "admin",
            "name": "admin",
            "first_name": "",
            "last_name": "",
            "nickname": "admin",
            "url": "",
            "description": ""
        },
        "comments": [],
        "attachments": [],
        "comment_count": 0,
        "comment_status": "open",
        "custom_fields": {
            "YOUR_PREFIX_url": "http:\/\/cdn.jsdelivr.net\/darfonts\/0.1\/maw-had-hur-srd\/stylesheet.css",
            "YOUR_PREFIX_urlcss": "font-family: 'al_mawash_shatt_al-arabnormal';"
        }
    }, {
        "id": 161,
        "type": "post",
        "slug": "%d8%a7%d9%8a%d8%b1%d8%a7%d9%86-%d9%86%d8%b3%d8%aa%d8%b9%d9%84%d9%8a%d9%82",
        "url": "http:\/\/www.devnia.com\/fonts\/%d8%a7%d9%8a%d8%b1%d8%a7%d9%86-%d9%86%d8%b3%d8%aa%d8%b9%d9%84%d9%8a%d9%82\/",
        "status": "publish",
        "title": "\u0627\u064a\u0631\u0627\u0646 \u0646\u0633\u062a\u0639\u0644\u064a\u0642",
        "title_plain": "\u0627\u064a\u0631\u0627\u0646 \u0646\u0633\u062a\u0639\u0644\u064a\u0642",
        "content": "",
        "excerpt": "",
        "date": "2013-12-02 14:06:29",
        "modified": "2013-12-02 14:06:29",
        "categories": [{
            "id": 8,
            "slug": "%d8%ae%d8%b7%d9%88%d8%b7-%d9%81%d8%a7%d8%b1%d8%b3%d9%8a%d8%a9",
            "title": "\u062e\u0637\u0648\u0637 \u0641\u0627\u0631\u0633\u064a\u0629",
            "description": "",
            "parent": 0,
            "post_count": 1
        }],
        "tags": [],
        "author": {
            "id": 1,
            "slug": "admin",
            "name": "admin",
            "first_name": "",
            "last_name": "",
            "nickname": "admin",
            "url": "",
            "description": ""
        },
        "comments": [],
        "attachments": [],
        "comment_count": 0,
        "comment_status": "open",
        "custom_fields": {
            "YOUR_PREFIX_url": "http:\/\/cdn.jsdelivr.net\/darfonts\/0.1\/fdk-fpa-irn-isp\/stylesheet.css",
            "YOUR_PREFIX_urlcss": "font-family: 'irannastaliqregular';"
        }
    }, {
        "id": 159,
        "type": "post",
        "slug": "%d8%a3%d8%aa%d9%8a%d9%84%d8%a7",
        "url": "http:\/\/www.devnia.com\/fonts\/%d8%a3%d8%aa%d9%8a%d9%84%d8%a7\/",
        "status": "publish",
        "title": "\u0623\u062a\u064a\u0644\u0627",
        "title_plain": "\u0623\u062a\u064a\u0644\u0627",
        "content": "",
        "excerpt": "",
        "date": "2013-12-02 14:04:55",
        "modified": "2013-12-02 14:04:55",
        "categories": [{
            "id": 2,
            "slug": "%d8%ae%d8%b7%d9%88%d8%b7-%d9%85%d9%86%d9%88%d8%b9%d8%a9",
            "title": "\u062e\u0637\u0648\u0637 \u0645\u0646\u0648\u0639\u0629",
            "description": "",
            "parent": 0,
            "post_count": 16
        }],
        "tags": [],
        "author": {
            "id": 1,
            "slug": "admin",
            "name": "admin",
            "first_name": "",
            "last_name": "",
            "nickname": "admin",
            "url": "",
            "description": ""
        },
        "comments": [],
        "attachments": [],
        "comment_count": 0,
        "comment_status": "open",
        "custom_fields": {
            "YOUR_PREFIX_url": "http:\/\/cdn.jsdelivr.net\/darfonts\/0.1\/fdk-fpa-irn-isp\/stylesheet.css",
            "YOUR_PREFIX_urlcss": "font-family: 'fp_atilabold';"
        }
    }, {
        "id": 157,
        "type": "post",
        "slug": "%d8%a3%d8%a8%d8%a7%d9%86",
        "url": "http:\/\/www.devnia.com\/fonts\/%d8%a3%d8%a8%d8%a7%d9%86\/",
        "status": "publish",
        "title": "\u0623\u0628\u0627\u0646",
        "title_plain": "\u0623\u0628\u0627\u0646",
        "content": "",
        "excerpt": "",
        "date": "2013-12-02 14:02:22",
        "modified": "2013-12-02 14:02:22",
        "categories": [{
            "id": 2,
            "slug": "%d8%ae%d8%b7%d9%88%d8%b7-%d9%85%d9%86%d9%88%d8%b9%d8%a9",
            "title": "\u062e\u0637\u0648\u0637 \u0645\u0646\u0648\u0639\u0629",
            "description": "",
            "parent": 0,
            "post_count": 16
        }],
        "tags": [],
        "author": {
            "id": 1,
            "slug": "admin",
            "name": "admin",
            "first_name": "",
            "last_name": "",
            "nickname": "admin",
            "url": "",
            "description": ""
        },
        "comments": [],
        "attachments": [],
        "comment_count": 0,
        "comment_status": "open",
        "custom_fields": {
            "YOUR_PREFIX_url": "http:\/\/cdn.jsdelivr.net\/darfonts\/0.1\/fdk-fpa-irn-isp\/stylesheet.css",
            "YOUR_PREFIX_urlcss": "font-family: 'fdk_abanregular'"
        }
    }, {
        "id": 155,
        "type": "post",
        "slug": "%d8%a7%d9%84%d9%82%d8%b7%d8%b1%d9%8a%d8%a9",
        "url": "http:\/\/www.devnia.com\/fonts\/%d8%a7%d9%84%d9%82%d8%b7%d8%b1%d9%8a%d8%a9\/",
        "status": "publish",
        "title": "\u0627\u0644\u0642\u0637\u0631\u064a\u0629",
        "title_plain": "\u0627\u0644\u0642\u0637\u0631\u064a\u0629",
        "content": "",
        "excerpt": "",
        "date": "2013-12-02 13:57:36",
        "modified": "2013-12-02 13:57:36",
        "categories": [{
            "id": 2,
            "slug": "%d8%ae%d8%b7%d9%88%d8%b7-%d9%85%d9%86%d9%88%d8%b9%d8%a9",
            "title": "\u062e\u0637\u0648\u0637 \u0645\u0646\u0648\u0639\u0629",
            "description": "",
            "parent": 0,
            "post_count": 16
        }],
        "tags": [],
        "author": {
            "id": 1,
            "slug": "admin",
            "name": "admin",
            "first_name": "",
            "last_name": "",
            "nickname": "admin",
            "url": "",
            "description": ""
        },
        "comments": [],
        "attachments": [],
        "comment_count": 0,
        "comment_status": "open",
        "custom_fields": {
            "YOUR_PREFIX_url": "http:\/\/cdn.jsdelivr.net\/darfonts\/0.1\/coc-kh-arb-splr\/stylesheet.css",
            "YOUR_PREFIX_urlcss": "font-family: 'splart-h-qertajj2regular';"
        }
    }, {
        "id": 153,
        "type": "post",
        "slug": "%d8%ae%d8%a7%d9%84%d8%af-%d8%a7%d9%84%d8%b9%d8%b1%d8%a8%d9%8a%d8%a9",
        "url": "http:\/\/www.devnia.com\/fonts\/%d8%ae%d8%a7%d9%84%d8%af-%d8%a7%d9%84%d8%b9%d8%b1%d8%a8%d9%8a%d8%a9\/",
        "status": "publish",
        "title": "\u062e\u0627\u0644\u062f \u0627\u0644\u0639\u0631\u0628\u064a\u0629",
        "title_plain": "\u062e\u0627\u0644\u062f \u0627\u0644\u0639\u0631\u0628\u064a\u0629",
        "content": "",
        "excerpt": "",
        "date": "2013-12-02 13:52:43",
        "modified": "2013-12-02 13:52:43",
        "categories": [{
            "id": 2,
            "slug": "%d8%ae%d8%b7%d9%88%d8%b7-%d9%85%d9%86%d9%88%d8%b9%d8%a9",
            "title": "\u062e\u0637\u0648\u0637 \u0645\u0646\u0648\u0639\u0629",
            "description": "",
            "parent": 0,
            "post_count": 16
        }],
        "tags": [],
        "author": {
            "id": 1,
            "slug": "admin",
            "name": "admin",
            "first_name": "",
            "last_name": "",
            "nickname": "admin",
            "url": "",
            "description": ""
        },
        "comments": [],
        "attachments": [],
        "comment_count": 0,
        "comment_status": "open",
        "custom_fields": {
            "YOUR_PREFIX_url": "<link href=\"http:\/\/cdn.jsdelivr.net\/darfonts\/0.1\/coc-kh-arb-splr\/stylesheet.css\" rel=\"stylesheet\">",
            "YOUR_PREFIX_urlcss": "font-family: 'khalaad_al-arakhalaadalarabeh';"
        }
    }, {
        "id": 150,
        "type": "post",
        "slug": "%d8%a7%d9%84%d8%a7%d8%ae%d8%a8%d8%a7%d8%b1%d9%8a%d8%a9",
        "url": "http:\/\/www.devnia.com\/fonts\/%d8%a7%d9%84%d8%a7%d8%ae%d8%a8%d8%a7%d8%b1%d9%8a%d8%a9\/",
        "status": "publish",
        "title": "\u0627\u0644\u0627\u062e\u0628\u0627\u0631\u064a\u0629",
        "title_plain": "\u0627\u0644\u0627\u062e\u0628\u0627\u0631\u064a\u0629",
        "content": "",
        "excerpt": "",
        "date": "2013-12-02 13:43:58",
        "modified": "2013-12-02 13:50:32",
        "categories": [{
            "id": 2,
            "slug": "%d8%ae%d8%b7%d9%88%d8%b7-%d9%85%d9%86%d9%88%d8%b9%d8%a9",
            "title": "\u062e\u0637\u0648\u0637 \u0645\u0646\u0648\u0639\u0629",
            "description": "",
            "parent": 0,
            "post_count": 16
        }],
        "tags": [],
        "author": {
            "id": 1,
            "slug": "admin",
            "name": "admin",
            "first_name": "",
            "last_name": "",
            "nickname": "admin",
            "url": "",
            "description": ""
        },
        "comments": [],
        "attachments": [],
        "comment_count": 0,
        "comment_status": "open",
        "custom_fields": {
            "YOUR_PREFIX_url": "http:\/\/cdn.jsdelivr.net\/darfonts\/0.1\/coc-kh-arb-splr\/stylesheet.css",
            "YOUR_PREFIX_urlcss": "font-family: 'al_ekbariah_fontregular';"
        }
    }, {
        "id": 134,
        "type": "post",
        "slug": "mo-nawel",
        "url": "http:\/\/www.devnia.com\/fonts\/mo-nawel\/",
        "status": "publish",
        "title": "MO Nawel",
        "title_plain": "MO Nawel",
        "content": "",
        "excerpt": "",
        "date": "2013-11-23 18:10:51",
        "modified": "2013-11-23 18:13:14",
        "categories": [{
            "id": 2,
            "slug": "%d8%ae%d8%b7%d9%88%d8%b7-%d9%85%d9%86%d9%88%d8%b9%d8%a9",
            "title": "\u062e\u0637\u0648\u0637 \u0645\u0646\u0648\u0639\u0629",
            "description": "",
            "parent": 0,
            "post_count": 16
        }],
        "tags": [],
        "author": {
            "id": 1,
            "slug": "admin",
            "name": "admin",
            "first_name": "",
            "last_name": "",
            "nickname": "admin",
            "url": "",
            "description": ""
        },
        "comments": [],
        "attachments": [],
        "comment_count": 0,
        "comment_status": "open",
        "custom_fields": {
            "YOUR_PREFIX_url": "http:\/\/waheeds.eb2a.com\/mo-nawal\/stylesheet.css",
            "YOUR_PREFIX_urlcss": "font-family: 'mo_nawelregular';"
        }
    }, {
        "id": 116,
        "type": "post",
        "slug": "%d8%ac%d9%88%d8%a7%d9%84%d9%85-%d8%ae%d8%b7-%d8%ad%d8%b1",
        "url": "http:\/\/www.devnia.com\/fonts\/%d8%ac%d9%88%d8%a7%d9%84%d9%85-%d8%ae%d8%b7-%d8%ad%d8%b1\/",
        "status": "publish",
        "title": "\u062c\u0648\u0627\u0644\u0645 &#8211; \u062e\u0637 \u062d\u0631",
        "title_plain": "\u062c\u0648\u0627\u0644\u0645 &#8211; \u062e\u0637 \u062d\u0631",
        "content": "",
        "excerpt": "",
        "date": "2013-11-21 22:49:50",
        "modified": "2013-11-25 11:52:52",
        "categories": [{
            "id": 2,
            "slug": "%d8%ae%d8%b7%d9%88%d8%b7-%d9%85%d9%86%d9%88%d8%b9%d8%a9",
            "title": "\u062e\u0637\u0648\u0637 \u0645\u0646\u0648\u0639\u0629",
            "description": "",
            "parent": 0,
            "post_count": 16
        }],
        "tags": [],
        "author": {
            "id": 1,
            "slug": "admin",
            "name": "admin",
            "first_name": "",
            "last_name": "",
            "nickname": "admin",
            "url": "",
            "description": ""
        },
        "comments": [],
        "attachments": [],
        "comment_count": 0,
        "comment_status": "open",
        "custom_fields": {
            "YOUR_PREFIX_url": "http:\/\/waheeds.eb2a.com\/gulam\/stylesheet.css",
            "YOUR_PREFIX_urlcss": "font-family: 'ghalam1regular';"
        }
    }, {
        "id": 114,
        "type": "post",
        "slug": "ge-%d8%a8%d9%88%d9%83%d8%b3",
        "url": "http:\/\/www.devnia.com\/fonts\/ge-%d8%a8%d9%88%d9%83%d8%b3\/",
        "status": "publish",
        "title": "GE \u0628\u0648\u0643\u0633",
        "title_plain": "GE \u0628\u0648\u0643\u0633",
        "content": "",
        "excerpt": "",
        "date": "2013-11-21 22:49:03",
        "modified": "2013-11-24 00:50:15",
        "categories": [{
            "id": 4,
            "slug": "%d9%85%d8%ac%d9%85%d9%88%d8%b9%d8%a9-ge",
            "title": "\u0645\u062c\u0645\u0648\u0639\u0629 GE",
            "description": "",
            "parent": 0,
            "post_count": 20
        }],
        "tags": [],
        "author": {
            "id": 1,
            "slug": "admin",
            "name": "admin",
            "first_name": "",
            "last_name": "",
            "nickname": "admin",
            "url": "",
            "description": ""
        },
        "comments": [],
        "attachments": [],
        "comment_count": 0,
        "comment_status": "open",
        "custom_fields": {
            "YOUR_PREFIX_url": "http:\/\/cdn.jsdelivr.net\/darfonts\/0.1\/sstwo-eleg-ssunq-box\/stylesheet.css",
            "YOUR_PREFIX_urlcss": "font-family: 'ge_boxregular';"
        }
    }, {
        "id": 112,
        "type": "post",
        "slug": "ge-%d9%8a%d9%88%d9%86%d9%8a%d9%83%d9%8a%d9%88",
        "url": "http:\/\/www.devnia.com\/fonts\/ge-%d9%8a%d9%88%d9%86%d9%8a%d9%83%d9%8a%d9%88\/",
        "status": "publish",
        "title": "GE \u064a\u0648\u0646\u064a\u0643\u064a\u0648",
        "title_plain": "GE \u064a\u0648\u0646\u064a\u0643\u064a\u0648",
        "content": "",
        "excerpt": "",
        "date": "2013-11-21 22:48:34",
        "modified": "2013-11-24 00:50:19",
        "categories": [{
            "id": 4,
            "slug": "%d9%85%d8%ac%d9%85%d9%88%d8%b9%d8%a9-ge",
            "title": "\u0645\u062c\u0645\u0648\u0639\u0629 GE",
            "description": "",
            "parent": 0,
            "post_count": 20
        }],
        "tags": [],
        "author": {
            "id": 1,
            "slug": "admin",
            "name": "admin",
            "first_name": "",
            "last_name": "",
            "nickname": "admin",
            "url": "",
            "description": ""
        },
        "comments": [],
        "attachments": [],
        "comment_count": 0,
        "comment_status": "open",
        "custom_fields": {
            "YOUR_PREFIX_url": "http:\/\/cdn.jsdelivr.net\/darfonts\/0.1\/sstwo-eleg-ssunq-box\/stylesheet.css",
            "YOUR_PREFIX_urlcss": "font-family: 'ge_ss_uniquebold';"
        }
    }, {
        "id": 110,
        "type": "post",
        "slug": "ge-%d8%a7%d9%84%d9%8a%d8%ac%d8%a7%d9%86%d8%aa",
        "url": "http:\/\/www.devnia.com\/fonts\/ge-%d8%a7%d9%84%d9%8a%d8%ac%d8%a7%d9%86%d8%aa\/",
        "status": "publish",
        "title": "GE \u0627\u0644\u064a\u062c\u0627\u0646\u062a",
        "title_plain": "GE \u0627\u0644\u064a\u062c\u0627\u0646\u062a",
        "content": "",
        "excerpt": "",
        "date": "2013-11-21 22:47:59",
        "modified": "2013-11-24 00:50:26",
        "categories": [{
            "id": 4,
            "slug": "%d9%85%d8%ac%d9%85%d9%88%d8%b9%d8%a9-ge",
            "title": "\u0645\u062c\u0645\u0648\u0639\u0629 GE",
            "description": "",
            "parent": 0,
            "post_count": 20
        }],
        "tags": [],
        "author": {
            "id": 1,
            "slug": "admin",
            "name": "admin",
            "first_name": "",
            "last_name": "",
            "nickname": "admin",
            "url": "",
            "description": ""
        },
        "comments": [],
        "attachments": [],
        "comment_count": 0,
        "comment_status": "open",
        "custom_fields": {
            "YOUR_PREFIX_url": "http:\/\/cdn.jsdelivr.net\/darfonts\/0.1\/sstwo-eleg-ssunq-box\/stylesheet.css",
            "YOUR_PREFIX_urlcss": "font-family: 'ge_elegantmedium';"
        }
    }, {
        "id": 108,
        "type": "post",
        "slug": "ge-ss-2",
        "url": "http:\/\/www.devnia.com\/fonts\/ge-ss-2\/",
        "status": "publish",
        "title": "GE SS 2",
        "title_plain": "GE SS 2",
        "content": "",
        "excerpt": "",
        "date": "2013-11-21 22:47:25",
        "modified": "2013-11-24 00:50:27",
        "categories": [{
            "id": 4,
            "slug": "%d9%85%d8%ac%d9%85%d9%88%d8%b9%d8%a9-ge",
            "title": "\u0645\u062c\u0645\u0648\u0639\u0629 GE",
            "description": "",
            "parent": 0,
            "post_count": 20
        }],
        "tags": [],
        "author": {
            "id": 1,
            "slug": "admin",
            "name": "admin",
            "first_name": "",
            "last_name": "",
            "nickname": "admin",
            "url": "",
            "description": ""
        },
        "comments": [],
        "attachments": [],
        "comment_count": 0,
        "comment_status": "open",
        "custom_fields": {
            "YOUR_PREFIX_url": "http:\/\/cdn.jsdelivr.net\/darfonts\/0.1\/sstwo-eleg-ssunq-box\/stylesheet.css",
            "YOUR_PREFIX_urlcss": "font-family: 'ge_ss_twomedium';"
        }
    }, {
        "id": 105,
        "type": "post",
        "slug": "ge-%d9%88%d8%a7%d9%8a%d8%af",
        "url": "http:\/\/www.devnia.com\/fonts\/ge-%d9%88%d8%a7%d9%8a%d8%af\/",
        "status": "publish",
        "title": "GE \u0648\u0627\u064a\u062f",
        "title_plain": "GE \u0648\u0627\u064a\u062f",
        "content": "",
        "excerpt": "",
        "date": "2013-11-21 22:41:21",
        "modified": "2013-11-24 00:48:37",
        "categories": [{
            "id": 4,
            "slug": "%d9%85%d8%ac%d9%85%d9%88%d8%b9%d8%a9-ge",
            "title": "\u0645\u062c\u0645\u0648\u0639\u0629 GE",
            "description": "",
            "parent": 0,
            "post_count": 20
        }],
        "tags": [],
        "author": {
            "id": 1,
            "slug": "admin",
            "name": "admin",
            "first_name": "",
            "last_name": "",
            "nickname": "admin",
            "url": "",
            "description": ""
        },
        "comments": [],
        "attachments": [],
        "comment_count": 0,
        "comment_status": "open",
        "custom_fields": {
            "YOUR_PREFIX_url": "http:\/\/cdn.jsdelivr.net\/darfonts\/0.1\/tv-tha-tye-wide\/stylesheet.css",
            "YOUR_PREFIX_urlcss": "font-family: 'ge_wideextrabold';"
        }
    }, {
        "id": 103,
        "type": "post",
        "slug": "ge-%d8%aa%d8%a7%d9%8a",
        "url": "http:\/\/www.devnia.com\/fonts\/ge-%d8%aa%d8%a7%d9%8a\/",
        "status": "publish",
        "title": "GE \u062a\u0627\u064a",
        "title_plain": "GE \u062a\u0627\u064a",
        "content": "",
        "excerpt": "",
        "date": "2013-11-21 22:40:44",
        "modified": "2013-11-24 00:48:37",
        "categories": [{
            "id": 4,
            "slug": "%d9%85%d8%ac%d9%85%d9%88%d8%b9%d8%a9-ge",
            "title": "\u0645\u062c\u0645\u0648\u0639\u0629 GE",
            "description": "",
            "parent": 0,
            "post_count": 20
        }],
        "tags": [],
        "author": {
            "id": 1,
            "slug": "admin",
            "name": "admin",
            "first_name": "",
            "last_name": "",
            "nickname": "admin",
            "url": "",
            "description": ""
        },
        "comments": [],
        "attachments": [],
        "comment_count": 0,
        "comment_status": "open",
        "custom_fields": {
            "YOUR_PREFIX_url": "http:\/\/cdn.jsdelivr.net\/darfonts\/0.1\/tv-tha-tye-wide\/stylesheet.css",
            "YOUR_PREFIX_urlcss": "font-family: 'ge_tyeregular';"
        }
    }, {
        "id": 101,
        "type": "post",
        "slug": "ge-%d8%b3%d9%85%d9%8a%d9%86",
        "url": "http:\/\/www.devnia.com\/fonts\/ge-%d8%b3%d9%85%d9%8a%d9%86\/",
        "status": "publish",
        "title": "GE \u0633\u0645\u064a\u0646",
        "title_plain": "GE \u0633\u0645\u064a\u0646",
        "content": "",
        "excerpt": "",
        "date": "2013-11-21 22:40:07",
        "modified": "2013-11-24 00:48:33",
        "categories": [{
            "id": 4,
            "slug": "%d9%85%d8%ac%d9%85%d9%88%d8%b9%d8%a9-ge",
            "title": "\u0645\u062c\u0645\u0648\u0639\u0629 GE",
            "description": "",
            "parent": 0,
            "post_count": 20
        }],
        "tags": [],
        "author": {
            "id": 1,
            "slug": "admin",
            "name": "admin",
            "first_name": "",
            "last_name": "",
            "nickname": "admin",
            "url": "",
            "description": ""
        },
        "comments": [],
        "attachments": [],
        "comment_count": 0,
        "comment_status": "open",
        "custom_fields": {
            "YOUR_PREFIX_url": "http:\/\/cdn.jsdelivr.net\/darfonts\/0.1\/tv-tha-tye-wide\/stylesheet.css",
            "YOUR_PREFIX_urlcss": " font-family: 'ge_thameenregular';"
        }
    }, {
        "id": 99,
        "type": "post",
        "slug": "ge-%d8%aa%d9%8a-%d9%81%d9%8a",
        "url": "http:\/\/www.devnia.com\/fonts\/ge-%d8%aa%d9%8a-%d9%81%d9%8a\/",
        "status": "publish",
        "title": "GE \u062a\u064a \u0641\u064a",
        "title_plain": "GE \u062a\u064a \u0641\u064a",
        "content": "",
        "excerpt": "",
        "date": "2013-11-21 22:39:31",
        "modified": "2013-11-24 00:48:28",
        "categories": [{
            "id": 4,
            "slug": "%d9%85%d8%ac%d9%85%d9%88%d8%b9%d8%a9-ge",
            "title": "\u0645\u062c\u0645\u0648\u0639\u0629 GE",
            "description": "",
            "parent": 0,
            "post_count": 20
        }],
        "tags": [],
        "author": {
            "id": 1,
            "slug": "admin",
            "name": "admin",
            "first_name": "",
            "last_name": "",
            "nickname": "admin",
            "url": "",
            "description": ""
        },
        "comments": [],
        "attachments": [],
        "comment_count": 0,
        "comment_status": "open",
        "custom_fields": {
            "YOUR_PREFIX_url": "http:\/\/cdn.jsdelivr.net\/darfonts\/0.1\/tv-tha-tye-wide\/stylesheet.css",
            "YOUR_PREFIX_urlcss": "font-family: 'ge_ss_tvbold';"
        }
    }, {
        "id": 97,
        "type": "post",
        "slug": "ge-ss-3",
        "url": "http:\/\/www.devnia.com\/fonts\/ge-ss-3\/",
        "status": "publish",
        "title": "GE SS 3",
        "title_plain": "GE SS 3",
        "content": "",
        "excerpt": "",
        "date": "2013-11-21 22:35:53",
        "modified": "2013-11-24 00:46:56",
        "categories": [{
            "id": 4,
            "slug": "%d9%85%d8%ac%d9%85%d9%88%d8%b9%d8%a9-ge",
            "title": "\u0645\u062c\u0645\u0648\u0639\u0629 GE",
            "description": "",
            "parent": 0,
            "post_count": 20
        }],
        "tags": [],
        "author": {
            "id": 1,
            "slug": "admin",
            "name": "admin",
            "first_name": "",
            "last_name": "",
            "nickname": "admin",
            "url": "",
            "description": ""
        },
        "comments": [],
        "attachments": [],
        "comment_count": 0,
        "comment_status": "open",
        "custom_fields": {
            "YOUR_PREFIX_url": "http:\/\/cdn.jsdelivr.net\/darfonts\/0.1\/dinone-dintwo-sstext-ssthree\/stylesheet.css",
            "YOUR_PREFIX_urlcss": "font-family: 'ge_ss_threeregular';"
        }
    }, {
        "id": 95,
        "type": "post",
        "slug": "ge-ss",
        "url": "http:\/\/www.devnia.com\/fonts\/ge-ss\/",
        "status": "publish",
        "title": "GE SS",
        "title_plain": "GE SS",
        "content": "",
        "excerpt": "",
        "date": "2013-11-21 22:35:20",
        "modified": "2013-11-24 00:46:54",
        "categories": [{
            "id": 4,
            "slug": "%d9%85%d8%ac%d9%85%d9%88%d8%b9%d8%a9-ge",
            "title": "\u0645\u062c\u0645\u0648\u0639\u0629 GE",
            "description": "",
            "parent": 0,
            "post_count": 20
        }],
        "tags": [],
        "author": {
            "id": 1,
            "slug": "admin",
            "name": "admin",
            "first_name": "",
            "last_name": "",
            "nickname": "admin",
            "url": "",
            "description": ""
        },
        "comments": [],
        "attachments": [],
        "comment_count": 0,
        "comment_status": "open",
        "custom_fields": {
            "YOUR_PREFIX_url": "http:\/\/cdn.jsdelivr.net\/darfonts\/0.1\/dinone-dintwo-sstext-ssthree\/stylesheet.css",
            "YOUR_PREFIX_urlcss": "font-family: 'ge_ssmedium';"
        }
    }, {
        "id": 93,
        "type": "post",
        "slug": "ge-%d8%af%d9%8a%d9%86%d8%a7%d8%b1-1",
        "url": "http:\/\/www.devnia.com\/fonts\/ge-%d8%af%d9%8a%d9%86%d8%a7%d8%b1-1\/",
        "status": "publish",
        "title": "GE \u062f\u064a\u0646\u0627\u0631 1",
        "title_plain": "GE \u062f\u064a\u0646\u0627\u0631 1",
        "content": "",
        "excerpt": "",
        "date": "2013-11-21 22:34:45",
        "modified": "2013-11-24 00:46:49",
        "categories": [{
            "id": 4,
            "slug": "%d9%85%d8%ac%d9%85%d9%88%d8%b9%d8%a9-ge",
            "title": "\u0645\u062c\u0645\u0648\u0639\u0629 GE",
            "description": "",
            "parent": 0,
            "post_count": 20
        }],
        "tags": [],
        "author": {
            "id": 1,
            "slug": "admin",
            "name": "admin",
            "first_name": "",
            "last_name": "",
            "nickname": "admin",
            "url": "",
            "description": ""
        },
        "comments": [],
        "attachments": [],
        "comment_count": 0,
        "comment_status": "open",
        "custom_fields": {
            "YOUR_PREFIX_url": "http:\/\/cdn.jsdelivr.net\/darfonts\/0.1\/dinone-dintwo-sstext-ssthree\/stylesheet.css",
            "YOUR_PREFIX_urlcss": " font-family: 'ge_dinar_oneregular';"
        }
    }, {
        "id": 91,
        "type": "post",
        "slug": "ge-%d8%af%d9%8a%d9%86%d8%a7%d8%b1-2",
        "url": "http:\/\/www.devnia.com\/fonts\/ge-%d8%af%d9%8a%d9%86%d8%a7%d8%b1-2\/",
        "status": "publish",
        "title": "GE \u062f\u064a\u0646\u0627\u0631 2",
        "title_plain": "GE \u062f\u064a\u0646\u0627\u0631 2",
        "content": "",
        "excerpt": "",
        "date": "2013-11-21 22:34:10",
        "modified": "2013-11-24 00:46:45",
        "categories": [{
            "id": 4,
            "slug": "%d9%85%d8%ac%d9%85%d9%88%d8%b9%d8%a9-ge",
            "title": "\u0645\u062c\u0645\u0648\u0639\u0629 GE",
            "description": "",
            "parent": 0,
            "post_count": 20
        }],
        "tags": [],
        "author": {
            "id": 1,
            "slug": "admin",
            "name": "admin",
            "first_name": "",
            "last_name": "",
            "nickname": "admin",
            "url": "",
            "description": ""
        },
        "comments": [],
        "attachments": [],
        "comment_count": 0,
        "comment_status": "open",
        "custom_fields": {
            "YOUR_PREFIX_url": "http:\/\/cdn.jsdelivr.net\/darfonts\/0.1\/dinone-dintwo-sstext-ssthree\/stylesheet.css",
            "YOUR_PREFIX_urlcss": " font-family: 'ge_dinar_tworegular';"
        }
    }, {
        "id": 89,
        "type": "post",
        "slug": "ge-%d8%b3%d9%85%d9%88%d8%ab-%d9%84%d8%a7%d9%8a%d8%aa",
        "url": "http:\/\/www.devnia.com\/fonts\/ge-%d8%b3%d9%85%d9%88%d8%ab-%d9%84%d8%a7%d9%8a%d8%aa\/",
        "status": "publish",
        "title": "GE \u0633\u0645\u0648\u062b \u0644\u0627\u064a\u062a",
        "title_plain": "GE \u0633\u0645\u0648\u062b \u0644\u0627\u064a\u062a",
        "content": "",
        "excerpt": "",
        "date": "2013-11-21 22:33:32",
        "modified": "2013-11-24 00:44:09",
        "categories": [{
            "id": 4,
            "slug": "%d9%85%d8%ac%d9%85%d9%88%d8%b9%d8%a9-ge",
            "title": "\u0645\u062c\u0645\u0648\u0639\u0629 GE",
            "description": "",
            "parent": 0,
            "post_count": 20
        }],
        "tags": [],
        "author": {
            "id": 1,
            "slug": "admin",
            "name": "admin",
            "first_name": "",
            "last_name": "",
            "nickname": "admin",
            "url": "",
            "description": ""
        },
        "comments": [],
        "attachments": [],
        "comment_count": 0,
        "comment_status": "open",
        "custom_fields": {
            "YOUR_PREFIX_url": "http:\/\/cdn.jsdelivr.net\/darfonts\/0.1\/cont-hili-jarida-smoth\/stylesheet.css",
            "YOUR_PREFIX_urlcss": "font-family: 'ge_smoothlight';"
        }
    }, {
        "id": 87,
        "type": "post",
        "slug": "ge-%d8%ac%d8%b1%d9%8a%d8%af%d8%a9",
        "url": "http:\/\/www.devnia.com\/fonts\/ge-%d8%ac%d8%b1%d9%8a%d8%af%d8%a9\/",
        "status": "publish",
        "title": "GE \u062c\u0631\u064a\u062f\u0629",
        "title_plain": "GE \u062c\u0631\u064a\u062f\u0629",
        "content": "",
        "excerpt": "",
        "date": "2013-11-21 22:32:48",
        "modified": "2013-11-24 00:44:15",
        "categories": [{
            "id": 4,
            "slug": "%d9%85%d8%ac%d9%85%d9%88%d8%b9%d8%a9-ge",
            "title": "\u0645\u062c\u0645\u0648\u0639\u0629 GE",
            "description": "",
            "parent": 0,
            "post_count": 20
        }],
        "tags": [],
        "author": {
            "id": 1,
            "slug": "admin",
            "name": "admin",
            "first_name": "",
            "last_name": "",
            "nickname": "admin",
            "url": "",
            "description": ""
        },
        "comments": [],
        "attachments": [],
        "comment_count": 0,
        "comment_status": "open",
        "custom_fields": {
            "YOUR_PREFIX_url": "http:\/\/cdn.jsdelivr.net\/darfonts\/0.1\/cont-hili-jarida-smoth\/stylesheet.css",
            "YOUR_PREFIX_urlcss": "font-family: 'ge_jaridaheavy';"
        }
    }, {
        "id": 85,
        "type": "post",
        "slug": "ge-%d9%87%d9%8a%d9%84%d9%8a",
        "url": "http:\/\/www.devnia.com\/fonts\/ge-%d9%87%d9%8a%d9%84%d9%8a\/",
        "status": "publish",
        "title": "GE \u0647\u064a\u0644\u064a",
        "title_plain": "GE \u0647\u064a\u0644\u064a",
        "content": "",
        "excerpt": "",
        "date": "2013-11-21 22:32:06",
        "modified": "2013-11-24 00:44:12",
        "categories": [{
            "id": 4,
            "slug": "%d9%85%d8%ac%d9%85%d9%88%d8%b9%d8%a9-ge",
            "title": "\u0645\u062c\u0645\u0648\u0639\u0629 GE",
            "description": "",
            "parent": 0,
            "post_count": 20
        }],
        "tags": [],
        "author": {
            "id": 1,
            "slug": "admin",
            "name": "admin",
            "first_name": "",
            "last_name": "",
            "nickname": "admin",
            "url": "",
            "description": ""
        },
        "comments": [],
        "attachments": [],
        "comment_count": 0,
        "comment_status": "open",
        "custom_fields": {
            "YOUR_PREFIX_url": "http:\/\/cdn.jsdelivr.net\/darfonts\/0.1\/cont-hili-jarida-smoth\/stylesheet.css",
            "YOUR_PREFIX_urlcss": "font-family: 'ge_hiliregular';"
        }
    }, {
        "id": 83,
        "type": "post",
        "slug": "ge-%d9%83%d9%88%d9%86%d8%aa%d8%b1%d8%a7%d8%b3",
        "url": "http:\/\/www.devnia.com\/fonts\/ge-%d9%83%d9%88%d9%86%d8%aa%d8%b1%d8%a7%d8%b3\/",
        "status": "publish",
        "title": "GE \u0643\u0648\u0646\u062a\u0631\u0627\u0633",
        "title_plain": "GE \u0643\u0648\u0646\u062a\u0631\u0627\u0633",
        "content": "",
        "excerpt": "",
        "date": "2013-11-21 22:30:57",
        "modified": "2013-11-24 00:44:10",
        "categories": [{
            "id": 4,
            "slug": "%d9%85%d8%ac%d9%85%d9%88%d8%b9%d8%a9-ge",
            "title": "\u0645\u062c\u0645\u0648\u0639\u0629 GE",
            "description": "",
            "parent": 0,
            "post_count": 20
        }],
        "tags": [],
        "author": {
            "id": 1,
            "slug": "admin",
            "name": "admin",
            "first_name": "",
            "last_name": "",
            "nickname": "admin",
            "url": "",
            "description": ""
        },
        "comments": [],
        "attachments": [],
        "comment_count": 0,
        "comment_status": "open",
        "custom_fields": {
            "YOUR_PREFIX_url": "http:\/\/cdn.jsdelivr.net\/darfonts\/0.1\/cont-hili-jarida-smoth\/stylesheet.css",
            "YOUR_PREFIX_urlcss": "font-family: 'ge_contrastbold';"
        }
    }, {
        "id": 81,
        "type": "post",
        "slug": "ge-%d9%81%d9%84%d9%88",
        "url": "http:\/\/www.devnia.com\/fonts\/ge-%d9%81%d9%84%d9%88\/",
        "status": "publish",
        "title": "GE \u0641\u0644\u0648",
        "title_plain": "GE \u0641\u0644\u0648",
        "content": "",
        "excerpt": "",
        "date": "2013-11-21 19:21:32",
        "modified": "2014-12-26 00:02:29",
        "categories": [{
            "id": 4,
            "slug": "%d9%85%d8%ac%d9%85%d9%88%d8%b9%d8%a9-ge",
            "title": "\u0645\u062c\u0645\u0648\u0639\u0629 GE",
            "description": "",
            "parent": 0,
            "post_count": 20
        }],
        "tags": [],
        "author": {
            "id": 1,
            "slug": "admin",
            "name": "admin",
            "first_name": "",
            "last_name": "",
            "nickname": "admin",
            "url": "",
            "description": ""
        },
        "comments": [],
        "attachments": [],
        "comment_count": 0,
        "comment_status": "open",
        "custom_fields": {
            "YOUR_PREFIX_url": "http:\/\/fonts.hosni.netdna-cdn.com\/fonts\/cdn\/file_font\/?font=ge-flow",
            "YOUR_PREFIX_urlcss": " font-family: 'ge-flow';"
        }
    }, {
        "id": 79,
        "type": "post",
        "slug": "ge-%d9%83%d9%8a%d8%b1%d9%81",
        "url": "http:\/\/www.devnia.com\/fonts\/ge-%d9%83%d9%8a%d8%b1%d9%81\/",
        "status": "publish",
        "title": "GE \u0643\u064a\u0631\u0641",
        "title_plain": "GE \u0643\u064a\u0631\u0641",
        "content": "",
        "excerpt": "",
        "date": "2013-11-21 19:20:54",
        "modified": "2014-12-25 23:55:55",
        "categories": [{
            "id": 4,
            "slug": "%d9%85%d8%ac%d9%85%d9%88%d8%b9%d8%a9-ge",
            "title": "\u0645\u062c\u0645\u0648\u0639\u0629 GE",
            "description": "",
            "parent": 0,
            "post_count": 20
        }],
        "tags": [],
        "author": {
            "id": 1,
            "slug": "admin",
            "name": "admin",
            "first_name": "",
            "last_name": "",
            "nickname": "admin",
            "url": "",
            "description": ""
        },
        "comments": [],
        "attachments": [],
        "comment_count": 0,
        "comment_status": "open",
        "custom_fields": {
            "YOUR_PREFIX_url": "http:\/\/fonts.hosni.netdna-cdn.com\/fonts\/cdn\/file_font\/?font=ge-curves-medium",
            "YOUR_PREFIX_urlcss": "font-family: 'ge-curves-medium';"
        }
    }, {
        "id": 77,
        "type": "post",
        "slug": "ge-%d9%83%d8%a7%d8%a8",
        "url": "http:\/\/www.devnia.com\/fonts\/ge-%d9%83%d8%a7%d8%a8\/",
        "status": "publish",
        "title": "GE \u0643\u0627\u0628",
        "title_plain": "GE \u0643\u0627\u0628",
        "content": "",
        "excerpt": "",
        "date": "2013-11-21 19:20:20",
        "modified": "2014-12-25 23:52:17",
        "categories": [{
            "id": 4,
            "slug": "%d9%85%d8%ac%d9%85%d9%88%d8%b9%d8%a9-ge",
            "title": "\u0645\u062c\u0645\u0648\u0639\u0629 GE",
            "description": "",
            "parent": 0,
            "post_count": 20
        }],
        "tags": [],
        "author": {
            "id": 1,
            "slug": "admin",
            "name": "admin",
            "first_name": "",
            "last_name": "",
            "nickname": "admin",
            "url": "",
            "description": ""
        },
        "comments": [],
        "attachments": [],
        "comment_count": 0,
        "comment_status": "open",
        "custom_fields": {
            "YOUR_PREFIX_url": "http:\/\/fonts.hosni.netdna-cdn.com\/fonts\/cdn\/file_font\/?font=ge-cap-medium",
            "YOUR_PREFIX_urlcss": "font-family: 'ge-cap-medium';"
        }
    }, {
        "id": 75,
        "type": "post",
        "slug": "ge-%d8%b9%d8%a7%d8%b5%d9%81%d8%a9",
        "url": "http:\/\/www.devnia.com\/fonts\/ge-%d8%b9%d8%a7%d8%b5%d9%81%d8%a9\/",
        "status": "publish",
        "title": "GE \u0639\u0627\u0635\u0641\u0629",
        "title_plain": "GE \u0639\u0627\u0635\u0641\u0629",
        "content": "",
        "excerpt": "",
        "date": "2013-11-21 19:19:47",
        "modified": "2014-12-25 23:49:05",
        "categories": [{
            "id": 4,
            "slug": "%d9%85%d8%ac%d9%85%d9%88%d8%b9%d8%a9-ge",
            "title": "\u0645\u062c\u0645\u0648\u0639\u0629 GE",
            "description": "",
            "parent": 0,
            "post_count": 20
        }],
        "tags": [],
        "author": {
            "id": 1,
            "slug": "admin",
            "name": "admin",
            "first_name": "",
            "last_name": "",
            "nickname": "admin",
            "url": "",
            "description": ""
        },
        "comments": [],
        "attachments": [],
        "comment_count": 0,
        "comment_status": "open",
        "custom_fields": {
            "YOUR_PREFIX_url": "http:\/\/fonts.hosni.netdna-cdn.com\/fonts\/cdn\/file_font\/?font=ge-asifa-bold",
            "YOUR_PREFIX_urlcss": "font-family: 'ge-asifa-bold';"
        }
    }, {
        "id": 73,
        "type": "post",
        "slug": "%d9%87%d8%a7%d9%83%d9%86-%d9%84%d8%a8%d9%86%d8%a7%d9%86",
        "url": "http:\/\/www.devnia.com\/fonts\/%d9%87%d8%a7%d9%83%d9%86-%d9%84%d8%a8%d9%86%d8%a7%d9%86\/",
        "status": "publish",
        "title": "\u0647\u0627\u0643\u0646 \u0644\u0628\u0646\u0627\u0646",
        "title_plain": "\u0647\u0627\u0643\u0646 \u0644\u0628\u0646\u0627\u0646",
        "content": "",
        "excerpt": "",
        "date": "2013-11-21 18:35:55",
        "modified": "2013-11-25 14:56:21",
        "categories": [{
            "id": 3,
            "slug": "%d9%85%d8%ac%d9%85%d9%88%d8%b9%d8%a9-hacen",
            "title": "\u0645\u062c\u0645\u0648\u0639\u0629 hacen",
            "description": "",
            "parent": 0,
            "post_count": 19
        }],
        "tags": [],
        "author": {
            "id": 1,
            "slug": "admin",
            "name": "admin",
            "first_name": "",
            "last_name": "",
            "nickname": "admin",
            "url": "",
            "description": ""
        },
        "comments": [],
        "attachments": [],
        "comment_count": 0,
        "comment_status": "open",
        "custom_fields": {
            "YOUR_PREFIX_url": "http:\/\/cdn.jsdelivr.net\/darfonts\/0.1\/typo-promo-sahafa-lebn\/stylesheet.css",
            "YOUR_PREFIX_urlcss": "font-family: 'hacen_lebanonregular';"
        }
    }, {
        "id": 71,
        "type": "post",
        "slug": "%d9%87%d8%a7%d9%83%d9%86-%d8%b5%d8%ad%d8%a7%d9%81%d8%a9",
        "url": "http:\/\/www.devnia.com\/fonts\/%d9%87%d8%a7%d9%83%d9%86-%d8%b5%d8%ad%d8%a7%d9%81%d8%a9\/",
        "status": "publish",
        "title": "\u0647\u0627\u0643\u0646 \u0635\u062d\u0627\u0641\u0629",
        "title_plain": "\u0647\u0627\u0643\u0646 \u0635\u062d\u0627\u0641\u0629",
        "content": "",
        "excerpt": "",
        "date": "2013-11-21 18:35:28",
        "modified": "2013-11-25 14:56:21",
        "categories": [{
            "id": 3,
            "slug": "%d9%85%d8%ac%d9%85%d9%88%d8%b9%d8%a9-hacen",
            "title": "\u0645\u062c\u0645\u0648\u0639\u0629 hacen",
            "description": "",
            "parent": 0,
            "post_count": 19
        }],
        "tags": [],
        "author": {
            "id": 1,
            "slug": "admin",
            "name": "admin",
            "first_name": "",
            "last_name": "",
            "nickname": "admin",
            "url": "",
            "description": ""
        },
        "comments": [],
        "attachments": [],
        "comment_count": 0,
        "comment_status": "open",
        "custom_fields": {
            "YOUR_PREFIX_url": "http:\/\/cdn.jsdelivr.net\/darfonts\/0.1\/typo-promo-sahafa-lebn\/stylesheet.css",
            "YOUR_PREFIX_urlcss": " font-family: 'hacen_sahafaregular';"
        }
    }, {
        "id": 69,
        "type": "post",
        "slug": "%d9%87%d8%a7%d9%83%d9%86-%d8%a8%d8%b1%d9%88%d9%85%d9%88",
        "url": "http:\/\/www.devnia.com\/fonts\/%d9%87%d8%a7%d9%83%d9%86-%d8%a8%d8%b1%d9%88%d9%85%d9%88\/",
        "status": "publish",
        "title": "\u0647\u0627\u0643\u0646 \u0628\u0631\u0648\u0645\u0648",
        "title_plain": "\u0647\u0627\u0643\u0646 \u0628\u0631\u0648\u0645\u0648",
        "content": "",
        "excerpt": "",
        "date": "2013-11-21 18:34:52",
        "modified": "2013-11-25 14:56:22",
        "categories": [{
            "id": 3,
            "slug": "%d9%85%d8%ac%d9%85%d9%88%d8%b9%d8%a9-hacen",
            "title": "\u0645\u062c\u0645\u0648\u0639\u0629 hacen",
            "description": "",
            "parent": 0,
            "post_count": 19
        }],
        "tags": [],
        "author": {
            "id": 1,
            "slug": "admin",
            "name": "admin",
            "first_name": "",
            "last_name": "",
            "nickname": "admin",
            "url": "",
            "description": ""
        },
        "comments": [],
        "attachments": [],
        "comment_count": 0,
        "comment_status": "open",
        "custom_fields": {
            "YOUR_PREFIX_url": "http:\/\/cdn.jsdelivr.net\/darfonts\/0.1\/typo-promo-sahafa-lebn\/stylesheet.css",
            "YOUR_PREFIX_urlcss": "font-family: 'hacen_promoterregular';"
        }
    }, {
        "id": 67,
        "type": "post",
        "slug": "%d9%87%d8%a7%d9%83%d9%86-%d8%aa%d9%8a%d8%a8%d9%88%d8%ac%d8%b1%d8%a7%d9%81%d9%8a%d9%83",
        "url": "http:\/\/www.devnia.com\/fonts\/%d9%87%d8%a7%d9%83%d9%86-%d8%aa%d9%8a%d8%a8%d9%88%d8%ac%d8%b1%d8%a7%d9%81%d9%8a%d9%83\/",
        "status": "publish",
        "title": "\u0647\u0627\u0643\u0646 \u062a\u064a\u0628\u0648\u062c\u0631\u0627\u0641\u064a\u0643",
        "title_plain": "\u0647\u0627\u0643\u0646 \u062a\u064a\u0628\u0648\u062c\u0631\u0627\u0641\u064a\u0643",
        "content": "",
        "excerpt": "",
        "date": "2013-11-21 18:33:43",
        "modified": "2013-11-25 14:56:22",
        "categories": [{
            "id": 3,
            "slug": "%d9%85%d8%ac%d9%85%d9%88%d8%b9%d8%a9-hacen",
            "title": "\u0645\u062c\u0645\u0648\u0639\u0629 hacen",
            "description": "",
            "parent": 0,
            "post_count": 19
        }],
        "tags": [],
        "author": {
            "id": 1,
            "slug": "admin",
            "name": "admin",
            "first_name": "",
            "last_name": "",
            "nickname": "admin",
            "url": "",
            "description": ""
        },
        "comments": [],
        "attachments": [],
        "comment_count": 0,
        "comment_status": "open",
        "custom_fields": {
            "YOUR_PREFIX_url": "http:\/\/cdn.jsdelivr.net\/darfonts\/0.1\/typo-promo-sahafa-lebn\/stylesheet.css",
            "YOUR_PREFIX_urlcss": "font-family: 'hacen_typographerregular';"
        }
    }, {
        "id": 65,
        "type": "post",
        "slug": "%d9%87%d8%a7%d9%83%d9%86-%d8%aa%d9%88%d9%86%d8%b3",
        "url": "http:\/\/www.devnia.com\/fonts\/%d9%87%d8%a7%d9%83%d9%86-%d8%aa%d9%88%d9%86%d8%b3\/",
        "status": "publish",
        "title": "\u0647\u0627\u0643\u0646 \u062a\u0648\u0646\u0633",
        "title_plain": "\u0647\u0627\u0643\u0646 \u062a\u0648\u0646\u0633",
        "content": "",
        "excerpt": "",
        "date": "2013-11-21 18:32:56",
        "modified": "2013-11-25 14:56:22",
        "categories": [{
            "id": 3,
            "slug": "%d9%85%d8%ac%d9%85%d9%88%d8%b9%d8%a9-hacen",
            "title": "\u0645\u062c\u0645\u0648\u0639\u0629 hacen",
            "description": "",
            "parent": 0,
            "post_count": 19
        }],
        "tags": [],
        "author": {
            "id": 1,
            "slug": "admin",
            "name": "admin",
            "first_name": "",
            "last_name": "",
            "nickname": "admin",
            "url": "",
            "description": ""
        },
        "comments": [],
        "attachments": [],
        "comment_count": 0,
        "comment_status": "open",
        "custom_fields": {
            "YOUR_PREFIX_url": "http:\/\/cdn.jsdelivr.net\/darfonts\/0.1\/tah-van-sud-tun\/stylesheet.css",
            "YOUR_PREFIX_urlcss": "font-family: 'hacen_tunisiaregular';"
        }
    }, {
        "id": 63,
        "type": "post",
        "slug": "%d9%87%d8%a7%d9%83%d9%86-%d8%a7%d9%84%d8%b3%d9%88%d8%af%d8%a7%d9%86",
        "url": "http:\/\/www.devnia.com\/fonts\/%d9%87%d8%a7%d9%83%d9%86-%d8%a7%d9%84%d8%b3%d9%88%d8%af%d8%a7%d9%86\/",
        "status": "publish",
        "title": "\u0647\u0627\u0643\u0646 \u0627\u0644\u0633\u0648\u062f\u0627\u0646",
        "title_plain": "\u0647\u0627\u0643\u0646 \u0627\u0644\u0633\u0648\u062f\u0627\u0646",
        "content": "",
        "excerpt": "",
        "date": "2013-11-21 18:28:42",
        "modified": "2013-11-25 14:56:25",
        "categories": [{
            "id": 3,
            "slug": "%d9%85%d8%ac%d9%85%d9%88%d8%b9%d8%a9-hacen",
            "title": "\u0645\u062c\u0645\u0648\u0639\u0629 hacen",
            "description": "",
            "parent": 0,
            "post_count": 19
        }],
        "tags": [],
        "author": {
            "id": 1,
            "slug": "admin",
            "name": "admin",
            "first_name": "",
            "last_name": "",
            "nickname": "admin",
            "url": "",
            "description": ""
        },
        "comments": [],
        "attachments": [],
        "comment_count": 0,
        "comment_status": "open",
        "custom_fields": {
            "YOUR_PREFIX_url": "http:\/\/cdn.jsdelivr.net\/darfonts\/0.1\/tah-van-sud-tun\/stylesheet.css",
            "YOUR_PREFIX_urlcss": "font-family: 'hacen_sudanregular';"
        }
    }, {
        "id": 61,
        "type": "post",
        "slug": "%d9%87%d8%a7%d9%83%d9%86-%d9%81%d8%a7%d9%86%d9%8a%d9%84%d9%8a%d8%a7",
        "url": "http:\/\/www.devnia.com\/fonts\/%d9%87%d8%a7%d9%83%d9%86-%d9%81%d8%a7%d9%86%d9%8a%d9%84%d9%8a%d8%a7\/",
        "status": "publish",
        "title": "\u0647\u0627\u0643\u0646 \u0641\u0627\u0646\u064a\u0644\u064a\u0627",
        "title_plain": "\u0647\u0627\u0643\u0646 \u0641\u0627\u0646\u064a\u0644\u064a\u0627",
        "content": "",
        "excerpt": "",
        "date": "2013-11-21 18:28:12",
        "modified": "2013-11-25 14:56:25",
        "categories": [{
            "id": 3,
            "slug": "%d9%85%d8%ac%d9%85%d9%88%d8%b9%d8%a9-hacen",
            "title": "\u0645\u062c\u0645\u0648\u0639\u0629 hacen",
            "description": "",
            "parent": 0,
            "post_count": 19
        }],
        "tags": [],
        "author": {
            "id": 1,
            "slug": "admin",
            "name": "admin",
            "first_name": "",
            "last_name": "",
            "nickname": "admin",
            "url": "",
            "description": ""
        },
        "comments": [],
        "attachments": [],
        "comment_count": 0,
        "comment_status": "open",
        "custom_fields": {
            "YOUR_PREFIX_url": "http:\/\/cdn.jsdelivr.net\/darfonts\/0.1\/tah-van-sud-tun\/stylesheet.css",
            "YOUR_PREFIX_urlcss": "font-family: 'hacen_vanillaregular';"
        }
    }, {
        "id": 59,
        "type": "post",
        "slug": "%d9%87%d8%a7%d9%83%d9%86-%d8%b7%d9%87%d8%b1%d8%a7%d9%86",
        "url": "http:\/\/www.devnia.com\/fonts\/%d9%87%d8%a7%d9%83%d9%86-%d8%b7%d9%87%d8%b1%d8%a7%d9%86\/",
        "status": "publish",
        "title": "\u0647\u0627\u0643\u0646 \u0637\u0647\u0631\u0627\u0646",
        "title_plain": "\u0647\u0627\u0643\u0646 \u0637\u0647\u0631\u0627\u0646",
        "content": "",
        "excerpt": "",
        "date": "2013-11-21 18:27:29",
        "modified": "2013-11-25 14:56:26",
        "categories": [{
            "id": 3,
            "slug": "%d9%85%d8%ac%d9%85%d9%88%d8%b9%d8%a9-hacen",
            "title": "\u0645\u062c\u0645\u0648\u0639\u0629 hacen",
            "description": "",
            "parent": 0,
            "post_count": 19
        }],
        "tags": [],
        "author": {
            "id": 1,
            "slug": "admin",
            "name": "admin",
            "first_name": "",
            "last_name": "",
            "nickname": "admin",
            "url": "",
            "description": ""
        },
        "comments": [],
        "attachments": [],
        "comment_count": 0,
        "comment_status": "open",
        "custom_fields": {
            "YOUR_PREFIX_url": "http:\/\/cdn.jsdelivr.net\/darfonts\/0.1\/tah-van-sud-tun\/stylesheet.css",
            "YOUR_PREFIX_urlcss": " font-family: 'hacen_tehranregular';"
        }
    }, {
        "id": 57,
        "type": "post",
        "slug": "%d9%87%d8%a7%d9%83%d9%86-%d9%84%d9%8a%d9%86%d8%a7%d8%b1",
        "url": "http:\/\/www.devnia.com\/fonts\/%d9%87%d8%a7%d9%83%d9%86-%d9%84%d9%8a%d9%86%d8%a7%d8%b1\/",
        "status": "publish",
        "title": "\u0647\u0627\u0643\u0646 \u0644\u064a\u0646\u0627\u0631",
        "title_plain": "\u0647\u0627\u0643\u0646 \u0644\u064a\u0646\u0627\u0631",
        "content": "",
        "excerpt": "",
        "date": "2013-11-21 18:24:17",
        "modified": "2013-11-25 14:56:27",
        "categories": [{
            "id": 3,
            "slug": "%d9%85%d8%ac%d9%85%d9%88%d8%b9%d8%a9-hacen",
            "title": "\u0645\u062c\u0645\u0648\u0639\u0629 hacen",
            "description": "",
            "parent": 0,
            "post_count": 19
        }],
        "tags": [],
        "author": {
            "id": 1,
            "slug": "admin",
            "name": "admin",
            "first_name": "",
            "last_name": "",
            "nickname": "admin",
            "url": "",
            "description": ""
        },
        "comments": [],
        "attachments": [],
        "comment_count": 0,
        "comment_status": "open",
        "custom_fields": {
            "YOUR_PREFIX_url": "http:\/\/cdn.jsdelivr.net\/darfonts\/0.1\/liner\/stylesheet.css",
            "YOUR_PREFIX_urlcss": "font-family: 'hacen_liner_screenregular';"
        }
    }, {
        "id": 55,
        "type": "post",
        "slug": "%d9%87%d8%a7%d9%83%d9%86-%d8%a7%d9%83%d8%b3%d8%aa%d9%86%d8%af",
        "url": "http:\/\/www.devnia.com\/fonts\/%d9%87%d8%a7%d9%83%d9%86-%d8%a7%d9%83%d8%b3%d8%aa%d9%86%d8%af\/",
        "status": "publish",
        "title": "\u0647\u0627\u0643\u0646 \u0627\u0643\u0633\u062a\u0646\u062f",
        "title_plain": "\u0647\u0627\u0643\u0646 \u0627\u0643\u0633\u062a\u0646\u062f",
        "content": "",
        "excerpt": "",
        "date": "2013-11-21 18:22:21",
        "modified": "2013-11-25 14:56:27",
        "categories": [{
            "id": 3,
            "slug": "%d9%85%d8%ac%d9%85%d9%88%d8%b9%d8%a9-hacen",
            "title": "\u0645\u062c\u0645\u0648\u0639\u0629 hacen",
            "description": "",
            "parent": 0,
            "post_count": 19
        }],
        "tags": [],
        "author": {
            "id": 1,
            "slug": "admin",
            "name": "admin",
            "first_name": "",
            "last_name": "",
            "nickname": "admin",
            "url": "",
            "description": ""
        },
        "comments": [],
        "attachments": [],
        "comment_count": 0,
        "comment_status": "open",
        "custom_fields": {
            "YOUR_PREFIX_url": "http:\/\/cdn.jsdelivr.net\/darfonts\/0.1\/jor-saud-ext\/stylesheet.css",
            "YOUR_PREFIX_urlcss": " font-family: 'hacen_extenderregular';"
        }
    }, {
        "id": 53,
        "type": "post",
        "slug": "%d9%87%d8%a7%d9%83%d9%86-%d8%a7%d9%84%d8%b3%d8%b9%d9%88%d8%af%d9%8a%d8%a9",
        "url": "http:\/\/www.devnia.com\/fonts\/%d9%87%d8%a7%d9%83%d9%86-%d8%a7%d9%84%d8%b3%d8%b9%d9%88%d8%af%d9%8a%d8%a9\/",
        "status": "publish",
        "title": "\u0647\u0627\u0643\u0646 \u0627\u0644\u0633\u0639\u0648\u062f\u064a\u0629",
        "title_plain": "\u0647\u0627\u0643\u0646 \u0627\u0644\u0633\u0639\u0648\u062f\u064a\u0629",
        "content": "",
        "excerpt": "",
        "date": "2013-11-21 18:21:25",
        "modified": "2013-11-25 14:56:28",
        "categories": [{
            "id": 3,
            "slug": "%d9%85%d8%ac%d9%85%d9%88%d8%b9%d8%a9-hacen",
            "title": "\u0645\u062c\u0645\u0648\u0639\u0629 hacen",
            "description": "",
            "parent": 0,
            "post_count": 19
        }],
        "tags": [],
        "author": {
            "id": 1,
            "slug": "admin",
            "name": "admin",
            "first_name": "",
            "last_name": "",
            "nickname": "admin",
            "url": "",
            "description": ""
        },
        "comments": [],
        "attachments": [],
        "comment_count": 0,
        "comment_status": "open",
        "custom_fields": {
            "YOUR_PREFIX_url": "http:\/\/cdn.jsdelivr.net\/darfonts\/0.1\/jor-saud-ext\/stylesheet.css",
            "YOUR_PREFIX_urlcss": "font-family: 'hacen_saudi_arabiaregular';"
        }
    }, {
        "id": 51,
        "type": "post",
        "slug": "%d9%87%d8%a7%d9%83%d9%86-%d8%a7%d9%84%d8%a7%d8%b1%d8%af%d9%86",
        "url": "http:\/\/www.devnia.com\/fonts\/%d9%87%d8%a7%d9%83%d9%86-%d8%a7%d9%84%d8%a7%d8%b1%d8%af%d9%86\/",
        "status": "publish",
        "title": "\u0647\u0627\u0643\u0646 \u0627\u0644\u0627\u0631\u062f\u0646",
        "title_plain": "\u0647\u0627\u0643\u0646 \u0627\u0644\u0627\u0631\u062f\u0646",
        "content": "",
        "excerpt": "",
        "date": "2013-11-21 18:20:40",
        "modified": "2013-11-25 14:56:30",
        "categories": [{
            "id": 3,
            "slug": "%d9%85%d8%ac%d9%85%d9%88%d8%b9%d8%a9-hacen",
            "title": "\u0645\u062c\u0645\u0648\u0639\u0629 hacen",
            "description": "",
            "parent": 0,
            "post_count": 19
        }],
        "tags": [],
        "author": {
            "id": 1,
            "slug": "admin",
            "name": "admin",
            "first_name": "",
            "last_name": "",
            "nickname": "admin",
            "url": "",
            "description": ""
        },
        "comments": [],
        "attachments": [],
        "comment_count": 0,
        "comment_status": "open",
        "custom_fields": {
            "YOUR_PREFIX_url": "http:\/\/cdn.jsdelivr.net\/darfonts\/0.1\/jor-saud-ext\/stylesheet.css",
            "YOUR_PREFIX_urlcss": "font-family: 'hacen_jordanregular';"
        }
    }, {
        "id": 49,
        "type": "post",
        "slug": "%d9%87%d8%a7%d9%83%d9%86-%d9%82%d8%b7%d8%b1",
        "url": "http:\/\/www.devnia.com\/fonts\/%d9%87%d8%a7%d9%83%d9%86-%d9%82%d8%b7%d8%b1\/",
        "status": "publish",
        "title": "\u0647\u0627\u0643\u0646 \u0642\u0637\u0631",
        "title_plain": "\u0647\u0627\u0643\u0646 \u0642\u0637\u0631",
        "content": "",
        "excerpt": "",
        "date": "2013-11-21 18:18:26",
        "modified": "2013-11-25 14:56:31",
        "categories": [{
            "id": 3,
            "slug": "%d9%85%d8%ac%d9%85%d9%88%d8%b9%d8%a9-hacen",
            "title": "\u0645\u062c\u0645\u0648\u0639\u0629 hacen",
            "description": "",
            "parent": 0,
            "post_count": 19
        }],
        "tags": [],
        "author": {
            "id": 1,
            "slug": "admin",
            "name": "admin",
            "first_name": "",
            "last_name": "",
            "nickname": "admin",
            "url": "",
            "description": ""
        },
        "comments": [],
        "attachments": [],
        "comment_count": 0,
        "comment_status": "open",
        "custom_fields": {
            "YOUR_PREFIX_url": "http:\/\/cdn.jsdelivr.net\/darfonts\/0.1\/frehand-news-samara-qatar\/stylesheet.css",
            "YOUR_PREFIX_urlcss": "font-family: 'hacen_qatarregular';"
        }
    }, {
        "id": 47,
        "type": "post",
        "slug": "%d9%87%d8%a7%d9%83%d9%86-%d8%b3%d9%85%d8%a7%d8%b1%d8%a9",
        "url": "http:\/\/www.devnia.com\/fonts\/%d9%87%d8%a7%d9%83%d9%86-%d8%b3%d9%85%d8%a7%d8%b1%d8%a9\/",
        "status": "publish",
        "title": "\u0647\u0627\u0643\u0646 \u0633\u0645\u0627\u0631\u0629",
        "title_plain": "\u0647\u0627\u0643\u0646 \u0633\u0645\u0627\u0631\u0629",
        "content": "",
        "excerpt": "",
        "date": "2013-11-21 18:17:56",
        "modified": "2013-11-25 14:56:33",
        "categories": [{
            "id": 3,
            "slug": "%d9%85%d8%ac%d9%85%d9%88%d8%b9%d8%a9-hacen",
            "title": "\u0645\u062c\u0645\u0648\u0639\u0629 hacen",
            "description": "",
            "parent": 0,
            "post_count": 19
        }],
        "tags": [],
        "author": {
            "id": 1,
            "slug": "admin",
            "name": "admin",
            "first_name": "",
            "last_name": "",
            "nickname": "admin",
            "url": "",
            "description": ""
        },
        "comments": [],
        "attachments": [],
        "comment_count": 0,
        "comment_status": "open",
        "custom_fields": {
            "YOUR_PREFIX_url": "http:\/\/cdn.jsdelivr.net\/darfonts\/0.1\/frehand-news-samara-qatar\/stylesheet.css",
            "YOUR_PREFIX_urlcss": "font-family: 'hacen_samraregular';"
        }
    }, {
        "id": 45,
        "type": "post",
        "slug": "%d9%87%d8%a7%d9%83%d9%86-%d8%ad%d8%b1",
        "url": "http:\/\/www.devnia.com\/fonts\/%d9%87%d8%a7%d9%83%d9%86-%d8%ad%d8%b1\/",
        "status": "publish",
        "title": "\u0647\u0627\u0643\u0646 \u062d\u0631",
        "title_plain": "\u0647\u0627\u0643\u0646 \u062d\u0631",
        "content": "",
        "excerpt": "",
        "date": "2013-11-21 18:17:11",
        "modified": "2013-11-25 14:56:34",
        "categories": [{
            "id": 3,
            "slug": "%d9%85%d8%ac%d9%85%d9%88%d8%b9%d8%a9-hacen",
            "title": "\u0645\u062c\u0645\u0648\u0639\u0629 hacen",
            "description": "",
            "parent": 0,
            "post_count": 19
        }],
        "tags": [],
        "author": {
            "id": 1,
            "slug": "admin",
            "name": "admin",
            "first_name": "",
            "last_name": "",
            "nickname": "admin",
            "url": "",
            "description": ""
        },
        "comments": [],
        "attachments": [],
        "comment_count": 0,
        "comment_status": "open",
        "custom_fields": {
            "YOUR_PREFIX_url": "http:\/\/cdn.jsdelivr.net\/darfonts\/0.1\/frehand-news-samara-qatar\/stylesheet.css",
            "YOUR_PREFIX_urlcss": "font-family: 'hacen_freehandregular';"
        }
    }, {
        "id": 43,
        "type": "post",
        "slug": "%d9%87%d8%a7%d9%83%d9%86-%d9%86%d9%8a%d9%88%d8%b2",
        "url": "http:\/\/www.devnia.com\/fonts\/%d9%87%d8%a7%d9%83%d9%86-%d9%86%d9%8a%d9%88%d8%b2\/",
        "status": "publish",
        "title": "\u0647\u0627\u0643\u0646 \u0646\u064a\u0648\u0632",
        "title_plain": "\u0647\u0627\u0643\u0646 \u0646\u064a\u0648\u0632",
        "content": "",
        "excerpt": "",
        "date": "2013-11-21 18:16:16",
        "modified": "2013-11-25 14:56:34",
        "categories": [{
            "id": 3,
            "slug": "%d9%85%d8%ac%d9%85%d9%88%d8%b9%d8%a9-hacen",
            "title": "\u0645\u062c\u0645\u0648\u0639\u0629 hacen",
            "description": "",
            "parent": 0,
            "post_count": 19
        }],
        "tags": [],
        "author": {
            "id": 1,
            "slug": "admin",
            "name": "admin",
            "first_name": "",
            "last_name": "",
            "nickname": "admin",
            "url": "",
            "description": ""
        },
        "comments": [],
        "attachments": [],
        "comment_count": 0,
        "comment_status": "open",
        "custom_fields": {
            "YOUR_PREFIX_url": "http:\/\/cdn.jsdelivr.net\/darfonts\/0.1\/frehand-news-samara-qatar\/stylesheet.css",
            "YOUR_PREFIX_urlcss": "font-family: 'hacen_newspaperregular';"
        }
    }, {
        "id": 41,
        "type": "post",
        "slug": "%d9%87%d8%a7%d9%83%d9%86-%d9%85%d8%b5%d8%b1",
        "url": "http:\/\/www.devnia.com\/fonts\/%d9%87%d8%a7%d9%83%d9%86-%d9%85%d8%b5%d8%b1\/",
        "status": "publish",
        "title": "\u0647\u0627\u0643\u0646 \u0645\u0635\u0631",
        "title_plain": "\u0647\u0627\u0643\u0646 \u0645\u0635\u0631",
        "content": "",
        "excerpt": "",
        "date": "2013-11-21 18:14:17",
        "modified": "2013-11-25 14:56:35",
        "categories": [{
            "id": 3,
            "slug": "%d9%85%d8%ac%d9%85%d9%88%d8%b9%d8%a9-hacen",
            "title": "\u0645\u062c\u0645\u0648\u0639\u0629 hacen",
            "description": "",
            "parent": 0,
            "post_count": 19
        }],
        "tags": [],
        "author": {
            "id": 1,
            "slug": "admin",
            "name": "admin",
            "first_name": "",
            "last_name": "",
            "nickname": "admin",
            "url": "",
            "description": ""
        },
        "comments": [],
        "attachments": [],
        "comment_count": 0,
        "comment_status": "open",
        "custom_fields": {
            "YOUR_PREFIX_url": "http:\/\/cdn.jsdelivr.net\/darfonts\/0.1\/casa-egy-dalal\/stylesheet.css",
            "YOUR_PREFIX_urlcss": "font-family: 'hacen_egyptregular';"
        }
    }, {
        "id": 39,
        "type": "post",
        "slug": "%d9%87%d8%a7%d9%83%d9%86-%d8%af%d9%84%d8%a7%d9%84",
        "url": "http:\/\/www.devnia.com\/fonts\/%d9%87%d8%a7%d9%83%d9%86-%d8%af%d9%84%d8%a7%d9%84\/",
        "status": "publish",
        "title": "\u0647\u0627\u0643\u0646 \u062f\u0644\u0627\u0644",
        "title_plain": "\u0647\u0627\u0643\u0646 \u062f\u0644\u0627\u0644",
        "content": "",
        "excerpt": "",
        "date": "2013-11-21 18:13:44",
        "modified": "2013-11-25 14:56:35",
        "categories": [{
            "id": 3,
            "slug": "%d9%85%d8%ac%d9%85%d9%88%d8%b9%d8%a9-hacen",
            "title": "\u0645\u062c\u0645\u0648\u0639\u0629 hacen",
            "description": "",
            "parent": 0,
            "post_count": 19
        }],
        "tags": [],
        "author": {
            "id": 1,
            "slug": "admin",
            "name": "admin",
            "first_name": "",
            "last_name": "",
            "nickname": "admin",
            "url": "",
            "description": ""
        },
        "comments": [],
        "attachments": [],
        "comment_count": 0,
        "comment_status": "open",
        "custom_fields": {
            "YOUR_PREFIX_url": "http:\/\/cdn.jsdelivr.net\/darfonts\/0.1\/casa-egy-dalal\/stylesheet.css",
            "YOUR_PREFIX_urlcss": "font-family: 'hacen_dalalregular';"
        }
    }, {
        "id": 37,
        "type": "post",
        "slug": "%d9%87%d8%a7%d9%83%d9%86-%d9%83%d8%a7%d8%b2%d8%a7%d8%a8%d9%84%d8%a7%d9%86%d9%83%d8%a7",
        "url": "http:\/\/www.devnia.com\/fonts\/%d9%87%d8%a7%d9%83%d9%86-%d9%83%d8%a7%d8%b2%d8%a7%d8%a8%d9%84%d8%a7%d9%86%d9%83%d8%a7\/",
        "status": "publish",
        "title": "\u0647\u0627\u0643\u0646 \u0643\u0627\u0632\u0627\u0628\u0644\u0627\u0646\u0643\u0627",
        "title_plain": "\u0647\u0627\u0643\u0646 \u0643\u0627\u0632\u0627\u0628\u0644\u0627\u0646\u0643\u0627",
        "content": "",
        "excerpt": "",
        "date": "2013-11-21 18:13:01",
        "modified": "2013-11-25 14:56:36",
        "categories": [{
            "id": 3,
            "slug": "%d9%85%d8%ac%d9%85%d9%88%d8%b9%d8%a9-hacen",
            "title": "\u0645\u062c\u0645\u0648\u0639\u0629 hacen",
            "description": "",
            "parent": 0,
            "post_count": 19
        }],
        "tags": [],
        "author": {
            "id": 1,
            "slug": "admin",
            "name": "admin",
            "first_name": "",
            "last_name": "",
            "nickname": "admin",
            "url": "",
            "description": ""
        },
        "comments": [],
        "attachments": [],
        "comment_count": 0,
        "comment_status": "open",
        "custom_fields": {
            "YOUR_PREFIX_url": "http:\/\/cdn.jsdelivr.net\/darfonts\/0.1\/casa-egy-dalal\/stylesheet.css",
            "YOUR_PREFIX_urlcss": "font-family: 'hacen_casablancaregular';font-family: 'hacen_casablancaregular';"
        }
    }, {
        "id": 19,
        "type": "post",
        "slug": "%d8%aa%d9%87%d8%a8%d9%8a%d8%aa",
        "url": "http:\/\/www.devnia.com\/fonts\/%d8%aa%d9%87%d8%a8%d9%8a%d8%aa\/",
        "status": "publish",
        "title": "\u062a\u0647\u0628\u064a\u062a",
        "title_plain": "\u062a\u0647\u0628\u064a\u062a",
        "content": "",
        "excerpt": "",
        "date": "2013-11-20 00:41:48",
        "modified": "2013-11-25 11:50:15",
        "categories": [{
            "id": 5,
            "slug": "%d8%ae%d8%b7%d9%88%d8%b7-%d9%85%d9%83%d8%aa%d8%a8%d8%a9-%d8%ac%d9%88%d8%ac%d9%84",
            "title": "\u062e\u0637\u0648\u0637 \u0645\u0643\u062a\u0628\u0629 \u062c\u0648\u062c\u0644",
            "description": "",
            "parent": 0,
            "post_count": 6
        }],
        "tags": [],
        "author": {
            "id": 1,
            "slug": "admin",
            "name": "admin",
            "first_name": "",
            "last_name": "",
            "nickname": "admin",
            "url": "",
            "description": ""
        },
        "comments": [],
        "attachments": [],
        "comment_count": 0,
        "comment_status": "open",
        "custom_fields": {
            "YOUR_PREFIX_url": "http:\/\/fonts.googleapis.com\/earlyaccess\/thabit.css",
            "YOUR_PREFIX_urlcss": "font-family: 'Thabit', serif;"
        }
    }, {
        "id": 17,
        "type": "post",
        "slug": "%d8%b4%d9%87%d8%b1%d8%b2%d8%a7%d8%af",
        "url": "http:\/\/www.devnia.com\/fonts\/%d8%b4%d9%87%d8%b1%d8%b2%d8%a7%d8%af\/",
        "status": "publish",
        "title": "\u0634\u0647\u0631\u0632\u0627\u062f",
        "title_plain": "\u0634\u0647\u0631\u0632\u0627\u062f",
        "content": "",
        "excerpt": "",
        "date": "2013-11-20 00:41:06",
        "modified": "2013-11-25 11:50:00",
        "categories": [{
            "id": 5,
            "slug": "%d8%ae%d8%b7%d9%88%d8%b7-%d9%85%d9%83%d8%aa%d8%a8%d8%a9-%d8%ac%d9%88%d8%ac%d9%84",
            "title": "\u062e\u0637\u0648\u0637 \u0645\u0643\u062a\u0628\u0629 \u062c\u0648\u062c\u0644",
            "description": "",
            "parent": 0,
            "post_count": 6
        }],
        "tags": [],
        "author": {
            "id": 1,
            "slug": "admin",
            "name": "admin",
            "first_name": "",
            "last_name": "",
            "nickname": "admin",
            "url": "",
            "description": ""
        },
        "comments": [],
        "attachments": [],
        "comment_count": 0,
        "comment_status": "open",
        "custom_fields": {
            "YOUR_PREFIX_url": "http:\/\/fonts.googleapis.com\/earlyaccess\/scheherazade.css",
            "YOUR_PREFIX_urlcss": "font-family: 'Scheherazade', serif;"
        }
    }, {
        "id": 15,
        "type": "post",
        "slug": "%d9%84%d8%b7%d9%8a%d9%81",
        "url": "http:\/\/www.devnia.com\/fonts\/%d9%84%d8%b7%d9%8a%d9%81\/",
        "status": "publish",
        "title": "\u0644\u0637\u064a\u0641",
        "title_plain": "\u0644\u0637\u064a\u0641",
        "content": "",
        "excerpt": "",
        "date": "2013-11-20 00:40:24",
        "modified": "2013-11-25 11:49:52",
        "categories": [{
            "id": 5,
            "slug": "%d8%ae%d8%b7%d9%88%d8%b7-%d9%85%d9%83%d8%aa%d8%a8%d8%a9-%d8%ac%d9%88%d8%ac%d9%84",
            "title": "\u062e\u0637\u0648\u0637 \u0645\u0643\u062a\u0628\u0629 \u062c\u0648\u062c\u0644",
            "description": "",
            "parent": 0,
            "post_count": 6
        }],
        "tags": [],
        "author": {
            "id": 1,
            "slug": "admin",
            "name": "admin",
            "first_name": "",
            "last_name": "",
            "nickname": "admin",
            "url": "",
            "description": ""
        },
        "comments": [],
        "attachments": [],
        "comment_count": 0,
        "comment_status": "open",
        "custom_fields": {
            "YOUR_PREFIX_url": "http:\/\/fonts.googleapis.com\/earlyaccess\/lateef.css",
            "YOUR_PREFIX_urlcss": "font-family: 'Lateef', serif;"
        }
    }, {
        "id": 13,
        "type": "post",
        "slug": "%d9%83%d9%88%d9%81%d9%8a-%d9%86%d8%b3%d8%ae-2",
        "url": "http:\/\/www.devnia.com\/fonts\/%d9%83%d9%88%d9%81%d9%8a-%d9%86%d8%b3%d8%ae-2\/",
        "status": "publish",
        "title": "\u0643\u0648\u0641\u064a \u0646\u0633\u062e",
        "title_plain": "\u0643\u0648\u0641\u064a \u0646\u0633\u062e",
        "content": "",
        "excerpt": "",
        "date": "2013-11-20 00:39:50",
        "modified": "2013-11-25 11:49:40",
        "categories": [{
            "id": 5,
            "slug": "%d8%ae%d8%b7%d9%88%d8%b7-%d9%85%d9%83%d8%aa%d8%a8%d8%a9-%d8%ac%d9%88%d8%ac%d9%84",
            "title": "\u062e\u0637\u0648\u0637 \u0645\u0643\u062a\u0628\u0629 \u062c\u0648\u062c\u0644",
            "description": "",
            "parent": 0,
            "post_count": 6
        }],
        "tags": [],
        "author": {
            "id": 1,
            "slug": "admin",
            "name": "admin",
            "first_name": "",
            "last_name": "",
            "nickname": "admin",
            "url": "",
            "description": ""
        },
        "comments": [{
            "id": 1,
            "name": "mustafa",
            "url": "",
            "date": "2014-09-10 07:10:18",
            "content": "<p>\u0631\u0627\u0627\u0627\u0627\u0627\u0627\u0627\u0627\u0627\u0627\u0627\u0626\u0639<\/p>\n",
            "parent": 0
        }],
        "attachments": [],
        "comment_count": 1,
        "comment_status": "open",
        "custom_fields": {
            "YOUR_PREFIX_url": "http:\/\/fonts.googleapis.com\/earlyaccess\/droidarabicnaskh.css",
            "YOUR_PREFIX_urlcss": "font-family: 'Droid Arabic Naskh', serif;"
        }
    }, {
        "id": 10,
        "type": "post",
        "slug": "%d9%83%d9%88%d9%81%d9%8a-%d9%86%d8%b3%d8%ae",
        "url": "http:\/\/www.devnia.com\/fonts\/%d9%83%d9%88%d9%81%d9%8a-%d9%86%d8%b3%d8%ae\/",
        "status": "publish",
        "title": "\u0643\u0648\u0641\u064a",
        "title_plain": "\u0643\u0648\u0641\u064a",
        "content": "",
        "excerpt": "",
        "date": "2013-11-20 00:38:52",
        "modified": "2013-11-25 11:49:29",
        "categories": [{
            "id": 5,
            "slug": "%d8%ae%d8%b7%d9%88%d8%b7-%d9%85%d9%83%d8%aa%d8%a8%d8%a9-%d8%ac%d9%88%d8%ac%d9%84",
            "title": "\u062e\u0637\u0648\u0637 \u0645\u0643\u062a\u0628\u0629 \u062c\u0648\u062c\u0644",
            "description": "",
            "parent": 0,
            "post_count": 6
        }],
        "tags": [],
        "author": {
            "id": 1,
            "slug": "admin",
            "name": "admin",
            "first_name": "",
            "last_name": "",
            "nickname": "admin",
            "url": "",
            "description": ""
        },
        "comments": [],
        "attachments": [],
        "comment_count": 0,
        "comment_status": "open",
        "custom_fields": {
            "YOUR_PREFIX_url": "http:\/\/fonts.googleapis.com\/earlyaccess\/droidarabickufi.css",
            "YOUR_PREFIX_urlcss": "font-family: 'Droid Arabic Kufi', serif;"
        }
    }, {
        "id": 8,
        "type": "post",
        "slug": "%d8%a7%d9%84%d8%ae%d8%b7-%d8%a7%d9%84%d8%a7%d9%85%d9%8a%d8%b1%d9%8a",
        "url": "http:\/\/www.devnia.com\/fonts\/%d8%a7%d9%84%d8%ae%d8%b7-%d8%a7%d9%84%d8%a7%d9%85%d9%8a%d8%b1%d9%8a\/",
        "status": "publish",
        "title": "\u0627\u0644\u062e\u0637 \u0627\u0644\u0627\u0645\u064a\u0631\u064a",
        "title_plain": "\u0627\u0644\u062e\u0637 \u0627\u0644\u0627\u0645\u064a\u0631\u064a",
        "content": "",
        "excerpt": "",
        "date": "2013-11-20 00:38:15",
        "modified": "2013-11-25 11:49:04",
        "categories": [{
            "id": 5,
            "slug": "%d8%ae%d8%b7%d9%88%d8%b7-%d9%85%d9%83%d8%aa%d8%a8%d8%a9-%d8%ac%d9%88%d8%ac%d9%84",
            "title": "\u062e\u0637\u0648\u0637 \u0645\u0643\u062a\u0628\u0629 \u062c\u0648\u062c\u0644",
            "description": "",
            "parent": 0,
            "post_count": 6
        }],
        "tags": [],
        "author": {
            "id": 1,
            "slug": "admin",
            "name": "admin",
            "first_name": "",
            "last_name": "",
            "nickname": "admin",
            "url": "",
            "description": ""
        },
        "comments": [],
        "attachments": [],
        "comment_count": 0,
        "comment_status": "open",
        "custom_fields": {
            "YOUR_PREFIX_url": "http:\/\/fonts.googleapis.com\/earlyaccess\/amiri.css",
            "YOUR_PREFIX_urlcss": "font-family: 'Amiri', serif;"
        }
    }],
    "query": {
        "ignore_sticky_posts": true,
        "custom_fields": "YOUR_PREFIX_url,YOUR_PREFIX_urlcss"
    }
}