{
  "CodeKitInfo" : "This is a CodeKit project configuration file. It is designed to sync project settings across multiple machines. Modifying the contents of this file can be a poor life decision if you don't know what you're doing. This file is not useful unless accompanied by the project that created it in CodeKit. For more information, see: http:\/\/incident57.com\/codekit",
  "creatorBuild" : "8403",
  "files" : {
    "\/components\/codemirror\/matchbrackets.js" : {
      "ignoreWasSetByUser" : 1,
      "ignore" : 1,
      "hidden" : 1,
      "outputPathIsSetByUser" : 0,
      "inputAbbreviatedPath" : "\/components\/codemirror\/matchbrackets.js",
      "outputStyle" : 1,
      "syntaxCheckerStyle" : 1,
      "outputAbbreviatedPath" : "\/components\/codemirror\/matchbrackets-ck.js",
      "fileType" : 64
    },
    "\/components\/codemirror\/codemirror.js" : {
      "ignoreWasSetByUser" : 1,
      "ignore" : 1,
      "hidden" : 1,
      "outputPathIsSetByUser" : 0,
      "inputAbbreviatedPath" : "\/components\/codemirror\/codemirror.js",
      "outputStyle" : 1,
      "syntaxCheckerStyle" : 1,
      "outputAbbreviatedPath" : "\/components\/codemirror\/codemirror-ck.js",
      "fileType" : 64
    },
    "\/components\/hesh.dev.js" : {
      "ignoreWasSetByUser" : 0,
      "ignore" : 0,
      "hidden" : 0,
      "outputPathIsSetByUser" : 1,
      "inputAbbreviatedPath" : "\/components\/hesh.dev.js",
      "outputStyle" : 1,
      "syntaxCheckerStyle" : 1,
      "outputAbbreviatedPath" : "\/lib\/hesh.min.js",
      "fileType" : 64
    },
    "\/components\/codemirror\/xml.js" : {
      "ignoreWasSetByUser" : 1,
      "ignore" : 1,
      "hidden" : 1,
      "outputPathIsSetByUser" : 0,
      "inputAbbreviatedPath" : "\/components\/codemirror\/xml.js",
      "outputStyle" : 1,
      "syntaxCheckerStyle" : 1,
      "outputAbbreviatedPath" : "\/components\/codemirror\/xml-ck.js",
      "fileType" : 64
    },
    "\/html-editor-syntax-highlighter.php" : {
      "ignoreWasSetByUser" : 0,
      "ignore" : 0,
      "hidden" : 0,
      "outputPathIsSetByUser" : 0,
      "inputAbbreviatedPath" : "\/html-editor-syntax-highlighter.php",
      "outputAbbreviatedPath" : "No Output Path",
      "fileType" : 2048
    },
    "\/components\/codemirror\/htmlmixed.js" : {
      "ignoreWasSetByUser" : 0,
      "ignore" : 1,
      "hidden" : 0,
      "outputPathIsSetByUser" : 0,
      "inputAbbreviatedPath" : "\/components\/codemirror\/htmlmixed.js",
      "outputStyle" : 1,
      "syntaxCheckerStyle" : 1,
      "outputAbbreviatedPath" : "\/components\/codemirror\/htmlmixed-ck.js",
      "fileType" : 64
    },
    "\/components\/hesh.dev.less" : {
      "ieCompatibility" : 1,
      "inputAbbreviatedPath" : "\/components\/hesh.dev.less",
      "outputAbbreviatedPath" : "\/lib\/hesh.min.css",
      "outputPathIsSetByUser" : 1,
      "strictUnits" : 0,
      "relativeURLS" : 0,
      "ignore" : 0,
      "strictImports" : 0,
      "ignoreWasSetByUser" : 0,
      "shouldRunBless" : 0,
      "hidden" : 0,
      "strictMath" : 0,
      "outputStyle" : 2,
      "fileType" : 1,
      "debugStyle" : 0
    },
    "\/lib\/hesh.min.css" : {
      "ignoreWasSetByUser" : 0,
      "ignore" : 1,
      "hidden" : 0,
      "outputPathIsSetByUser" : 0,
      "inputAbbreviatedPath" : "\/lib\/hesh.min.css",
      "outputAbbreviatedPath" : "No Output Path",
      "fileType" : 16
    },
    "\/components\/codemirror\/css.js" : {
      "ignoreWasSetByUser" : 1,
      "ignore" : 1,
      "hidden" : 1,
      "outputPathIsSetByUser" : 0,
      "inputAbbreviatedPath" : "\/components\/codemirror\/css.js",
      "outputStyle" : 1,
      "syntaxCheckerStyle" : 1,
      "outputAbbreviatedPath" : "\/components\/codemirror\/css-ck.js",
      "fileType" : 64
    },
    "\/components\/codemirror\/javascript.js" : {
      "ignoreWasSetByUser" : 1,
      "ignore" : 1,
      "hidden" : 1,
      "outputPathIsSetByUser" : 0,
      "inputAbbreviatedPath" : "\/components\/codemirror\/javascript.js",
      "outputStyle" : 1,
      "syntaxCheckerStyle" : 1,
      "outputAbbreviatedPath" : "\/components\/codemirror\/javascript-ck.js",
      "fileType" : 64
    },
    "\/lib\/hesh.min.js" : {
      "ignoreWasSetByUser" : 0,
      "ignore" : 1,
      "hidden" : 0,
      "outputPathIsSetByUser" : 0,
      "inputAbbreviatedPath" : "\/lib\/hesh.min.js",
      "outputStyle" : 1,
      "syntaxCheckerStyle" : 1,
      "outputAbbreviatedPath" : "\/lib\/hesh.min-ck.js",
      "fileType" : 64
    },
    "\/components\/codemirror\/active-line.js" : {
      "ignoreWasSetByUser" : 1,
      "ignore" : 1,
      "hidden" : 1,
      "outputPathIsSetByUser" : 0,
      "inputAbbreviatedPath" : "\/components\/codemirror\/active-line.js",
      "outputStyle" : 1,
      "syntaxCheckerStyle" : 1,
      "outputAbbreviatedPath" : "\/components\/codemirror\/active-line-ck.js",
      "fileType" : 64
    },
    "\/components\/codemirror\/codemirror.css.less" : {
      "ieCompatibility" : 1,
      "inputAbbreviatedPath" : "\/components\/codemirror\/codemirror.css.less",
      "outputAbbreviatedPath" : "\/components\/css\/codemirror.css.css",
      "outputPathIsSetByUser" : 0,
      "strictUnits" : 0,
      "relativeURLS" : 0,
      "ignore" : 1,
      "strictImports" : 0,
      "ignoreWasSetByUser" : 1,
      "shouldRunBless" : 0,
      "hidden" : 1,
      "strictMath" : 0,
      "outputStyle" : 0,
      "fileType" : 1,
      "debugStyle" : 0
    }
  },
  "manualImportLinks" : [

  ],
  "projectSettings" : {
    "hamlNoEscapeInAttributes" : 0,
    "kitAutoOutputPathStyle" : 0,
    "lessOutputStyle" : 0,
    "hamlAutoOutputPathReplace2" : "",
    "draggedImportConcatenationStyle" : 1,
    "jadeAutoOutputPathStyle" : 0,
    "hamlEscapeHTMLCharacters" : 0,
    "javascriptAutoOutputPathStyle" : 0,
    "hamlOutputFormat" : 2,
    "stylusAutoOutputPathReplace1" : "stylus",
    "lessStrictImports" : 0,
    "sassAutoOutputPathStyle" : 2,
    "stylusAutoOutputPathReplace2" : "css",
    "lessAutoOutputPathStyle" : 2,
    "lessIECompatibility" : 1,
    "genericWebpageFileExtensionsString" : "html, htm, shtml, shtm, xhtml, php, jsp, asp, aspx, erb, ctp",
    "lessStrictUnits" : 0,
    "lessStrictMath" : 0,
    "coffeeMinifyOutput" : 1,
    "javascriptOutputSuffix" : "-ck",
    "jadeOutputStyle" : 0,
    "coffeeAutoOutputPathStyle" : 0,
    "autoSyncProjectSettingsFile" : 1,
    "lessAutoOutputPathReplace1" : "less",
    "jadeAutoOutputPathReplace1" : "",
    "lessAutoOutputPathRelativePath" : "..\/css",
    "hamlAutoOutputPathRelativePath" : "",
    "jsCheckerReservedNamesString" : "",
    "javascriptOutputStyle" : 1,
    "stylusDebugStyle" : 0,
    "hamlUseCDATA" : 0,
    "hamlAutoOutputPathStyle" : 0,
    "sassDebugStyle" : 0,
    "hamlOutputStyle" : 0,
    "stylusAutoOutputPathRelativePath" : "..\/css",
    "jsCheckerIndent" : 4,
    "kitAutoOutputPathRelativePath" : "",
    "lessAutoOutputPathReplace2" : "css",
    "jadeAutoOutputPathReplace2" : "",
    "shouldRunBless" : 0,
    "stylusAutoOutputPathStyle" : 2,
    "coffeeCheckOutputStyle" : 0,
    "slimOutputStyle" : 1,
    "javascriptSyntaxCheckerStyle" : 1,
    "sassAutoOutputPathReplace1" : "sass",
    "slimAutoOutputPathReplace1" : "",
    "sassOutputStyle" : 0,
    "coffeeAutoOutputPathRelativePath" : "",
    "slimCompileOnly" : 0,
    "slimLogicless" : 0,
    "uglifyIndent" : 4,
    "jadeAutoOutputPathRelativePath" : "",
    "hamlUseUnixNewlines" : 0,
    "hamlAutoOutputPathReplace1" : "",
    "javascriptAutoOutputPathReplace1" : "",
    "stylusOutputStyle" : 0,
    "javascriptAutoOutputPathReplace2" : "",
    "sassAutoOutputPathRelativePath" : "..\/css",
    "coffeeAutoOutputPathReplace1" : "",
    "hamlUseDoubleQuotes" : 0,
    "coffeeAutoOutputPathReplace2" : "",
    "kitAutoOutputPathReplace1" : "",
    "uglifyReservedNamesString" : "",
    "coffeeOutputStyle" : 0,
    "slimAutoOutputPathRelativePath" : "",
    "jsHintFlags" : {
      "latedef" : 1,
      "newcap" : 1,
      "curly" : 1,
      "trailing" : 1,
      "nonew" : 1,
      "es3" : 0,
      "freeze" : 1,
      "yui" : 0,
      "mootools" : 0,
      "proto" : 0,
      "boss" : 0,
      "funcscope" : 0,
      "jquery" : 1,
      "esnext" : 0,
      "camelcase" : 0,
      "dojo" : 0,
      "strict" : 0,
      "devel" : 0,
      "wsh" : 0,
      "nonstandard" : 0,
      "asi" : 0,
      "moz" : 0,
      "rhino" : 0,
      "smarttabs" : 0,
      "lastsemic" : 0,
      "noempty" : 0,
      "eqnull" : 0,
      "eqeqeq" : 1,
      "couch" : 0,
      "evil" : 0,
      "expr" : 0,
      "immed" : 0,
      "globalstrict" : 0,
      "undef" : 1,
      "iterator" : 0,
      "prototypejs" : 0,
      "noarg" : 1,
      "supernew" : 0,
      "node" : 0,
      "unused" : 1,
      "debug" : 0,
      "bitwise" : 1,
      "notypeof" : 1,
      "white" : 0,
      "browser" : 1,
      "worker" : 0,
      "laxcomma" : 0,
      "multistr" : 0,
      "shadow" : 0,
      "sub" : 0,
      "plusplus" : 0,
      "scripturl" : 0,
      "forin" : 0,
      "loopfunc" : 0,
      "laxbreak" : 0
    },
    "jsLintFlags" : {
      "white" : 0,
      "unparam" : 0,
      "regexp" : 0,
      "nomen" : 0,
      "vars" : 0,
      "sub" : 0,
      "stupid" : 0,
      "continue" : 0,
      "bitwise" : 0,
      "newcap" : 0,
      "sloppy" : 0,
      "closure" : 0,
      "browser" : 1,
      "properties" : 0,
      "plusplus" : 0,
      "debug" : 0,
      "forin" : 0,
      "eqeq" : 0,
      "evil" : 0,
      "node" : 0,
      "rhino" : 0,
      "devel" : 0,
      "ass" : 0
    },
    "uglifyFlags" : {
      "no-mangle-functions" : 0,
      "no-mangle" : 0,
      "no-copyright" : 0,
      "no-dead-code" : 0,
      "inline-script" : 0,
      "ascii" : 0,
      "unsafe" : 0,
      "mangle-toplevel" : 0,
      "no-seqs" : 1,
      "beautify" : 0,
      "lift-vars" : 0,
      "consolidate-primitive-values" : 0,
      "no-squeeze" : 0
    },
    "sassAutoOutputPathReplace2" : "css",
    "slimAutoOutputPathReplace2" : "",
    "jadeCompileDebug" : 1,
    "slimRailsCompatible" : 0,
    "kitAutoOutputPathReplace2" : "",
    "lessRelativeURLS" : 0,
    "lessDebugStyle" : 0,
    "javascriptAutoOutputPathRelativePath" : "",
    "slimAutoOutputPathStyle" : 0
  },
  "projectAttributes" : {
    "bourbonEnabled" : 0,
    "displayValue" : "HESH WP Plugin",
    "displayValueWasSetByUser" : 1,
    "compassEnabled" : 0
  }
}