<refentry id="package.payment.payment-dta.dtabase.key">
 <refnamediv>
  <refname>
   <function>DTABase::key</function>
  </refname>
  <refpurpose>key</refpurpose>
 </refnamediv>
 <refsynopsisdiv>
  <funcsynopsis>
   <funcsynopsisinfo>require_once &apos;/DTABase.php&apos;;</funcsynopsisinfo>
   <funcprototype>
    <funcdef>
     void
     <function>DTABase::key</function>
    </funcdef>
    <paramdef />
   </funcprototype>
  </funcsynopsis>
 </refsynopsisdiv>
 <refsect1 id="package.payment.payment-dta.dtabase.key.desc">
  &title.desc;
  &notdocumented;
</refsect1>
 <refsect1 id="package.payment.payment-dta.dtabase.key.throws">
  &title.throws;
  <para>
   <emphasis>throws</emphasis>
   no exceptions thrown
  </para>
 </refsect1>
 <refsect1 id="package.payment.payment-dta.dtabase.key.note">
  &title.note;
  &note.notstatic;
</refsect1>
</refentry>
