{"data":{"fmb_id":"8","fmb_data":{"main":{"submit_ajax":"1","add_css":"","add_js":""},"skin":{"form_width":{"show_st":"0","max":"800"},"form_padding":{"show_st":"0","pos_top":"20","pos_right":"17","pos_bottom":"20","pos_left":"17"},"form_background":{"show_st":"1","type":"1","start_color":"#eeeeee","end_color":"#ffffff","solid_color":"#eeeeee","image":""},"form_border_radius":{"show_st":"0","size":"5"},"form_border":{"show_st":"0","color":"#000","style":"1","width":"1"},"form_shadow":{"show_st":"0","color":"#CCCCCC","h_shadow":"3","v_shadow":"3","blur":"10"}},"wizard":{"enable_st":"0","tabs":[{"title":"Tab title 1"}],"theme_type":"0","theme":[{"skin_tab_cur_bgcolor":"#4798E7","skin_tab_cur_txtcolor":"#ffffff","skin_tab_cur_numtxtcolor":"#4798E7","skin_tab_inac_bgcolor":"#ECF0F1","skin_tab_inac_txtcolor":"#95A5A6","skin_tab_inac_numtxtcolor":"#ECF0F1","skin_tab_done_bgcolor":"#9a8afa","skin_tab_done_txtcolor":"#ffffff","skin_tab_done_numtxtcolor":"#ECF0F1","skin_tab_cont_bgcolor":"#F9F9F9","skin_tab_cont_borcol":"#D4D4D4"},{"skin_tab_cur_bgcolor":"#4798E7","skin_tab_cur_txtcolor":"#000000","skin_tab_cur_numtxtcolor":"#4798E7","skin_tab_cur_bg_numtxt":"#ffffff","skin_tab_inac_bgcolor":"#cccccc","skin_tab_inac_txtcolor":"#95A5A6"}]},"onsubm":{"sm_successtext":"%3Cdiv%20class%3D%22rockfm-alert%20rockfm-alert-success%22%20role%3D%22alert%22%3ESuccess!%20Form%20was%20sent%20successfully.%3C%2Fdiv%3E%0A","sm_boxmsg_bg_st":"0","sm_boxmsg_bg_type":"1","sm_boxmsg_bg_solid":"","sm_boxmsg_bg_start":"","sm_boxmsg_bg_end":"","mail_template_msg":"%3Cdiv%20align%3D%22center%22%3E%0A%20%20%3Ctable%20width%3D%22600%22%20cellspacing%3D%225%22%20cellpadding%3D%225%22%20border%3D%220%22%20style%3D%22background%3A%20%23daf1f8%3B%20border%3A%201px%20solid%20%23000000%3B%22%3E%0A%20%20%20%20%3Ctbody%3E%0A%20%20%20%20%20%20%3Ctr%3E%0A%20%20%20%20%20%20%20%20%3Cth%20style%3D%22background-color%3A%20%2391c5f2%3B%22%3ENew%20form%20request%3Cbr%20%2F%3E%0A%20%20%20%20%20%20%20%20%20%20%3C%2Fth%3E%0A%20%20%20%20%20%20%3C%2Ftr%3E%0A%20%20%20%20%20%20%3Ctr%3E%0A%20%20%20%20%20%20%20%20%3Ctd%20valign%3D%22top%22%20style%3D%22text-align%3A%20left%3B%22%3EYou%20are%20receiving%20a%20new%20form%20request%3A%3Cbr%20%2F%3E%0A%20%20%20%20%20%20%20%20%20%20%3Cbr%20%2F%3E%0A%20%20%20%20%20%20%20%20%20%20%5BCONTENT%5D%3Cbr%20%2F%3E%0A%20%20%20%20%20%20%20%20%20%20%3Cbr%20%2F%3E%0A%20%20%20%20%20%20%20%20%20%20%3C%2Ftd%3E%0A%20%20%20%20%20%20%3C%2Ftr%3E%0A%20%20%20%20%20%20%3Ctr%3E%0A%20%20%20%20%20%20%20%20%3Ctd%20style%3D%22text-align%3A%20left%3B%22%3E%0A%20%20%20%20%20%20%20%20%20%20Form%20information%3A%3Cbr%2F%3E%0A%20%20%20%20%20%20%20%20%20%20URL%3A%5BURL_CLIENT%5D%3Cbr%20%2F%3E%0A%20%20%20%20%20%20%20%20%20%20Form%3A%20%5BFORM_NAME%5D%3Cbr%20%2F%3E%0A%20%20%20%20%20%20%20%20%20%20%3C%2Ftd%3E%0A%20%20%20%20%20%20%3C%2Ftr%3E%0A%20%20%20%20%3C%2Ftbody%3E%0A%20%20%3C%2Ftable%3E%3C%2Fdiv%3E%0A","mail_recipient":"test@example.com","mail_cc":"","mail_bcc":"","mail_subject":"Here goes your subject mail"},"num_tabs":"1","steps":{"tab_title":[{"title":"Tab title 1"}],"tab_cont":[{"content":[{"iscontainer":"0","num_tab":"0","type":"33","id":"uitn8ptsf15"},{"iscontainer":"0","num_tab":"0","type":"6","id":"uirzjh5wm26"},{"iscontainer":"0","num_tab":"0","type":"6","id":"uic0bfz4tb9"},{"iscontainer":"0","num_tab":"0","type":"6","id":"uid9f1kpfba"},{"iscontainer":"0","num_tab":"0","type":"7","id":"uijbao7892d"},{"iscontainer":"0","num_tab":"0","type":"20","id":"ui97sw8n5q8"}]}]},"steps_src":[{"uirzjh5wm26":{"type":"6","id":"uirzjh5wm26","skin":[],"field_name":"textbox5707","type_n":"textbox","input":{"value":"","size":"14","bold":"0","italic":"0","underline":"0","placeholder":"","color":"#000","font":"","font_st":"1","val_align":""},"label":{"text":"Your Name (required)","size":"14","bold":"0","italic":"0","underline":"0","color":"#000","font":"{\"family\":\"'Comic Sans MS', Arial, sans-serif\",\"name\":\"Comic Sans MS\",\"classname\":\"comicsansms\"}","font_st":"1","shadow_st":"0","shadow_color":"#666","shadow_x":"1","shadow_y":"1","shadow_blur":"3"},"sublabel":{"text":"","size":"14","bold":"1","italic":"1","underline":"1","color":"#000","font":"{\"family\":\"'Comic Sans MS', Arial, sans-serif\",\"name\":\"Comic Sans MS\",\"classname\":\"comicsansms\"}","font_st":"1","shadow_st":"0","shadow_color":"#666","shadow_x":"1","shadow_y":"1","shadow_blur":"3"},"txt_block":{"block_pos":"1","block_st":"1","block_align":"0"},"el_background":{"show_st":"1","type":"1","start_color":"","end_color":"","solid_color":"#ffffff"},"el_border_radius":{"show_st":"1","size":"0"},"el_border":{"show_st":"1","color":"#ccc","color_focus_st":"0","color_focus":"#000","style":"1","width":"1"},"help_block":{"text":"here your content","show_st":"0","font":"","font_st":"0","pos":""},"validate":{"typ_val":"5","typ_val_custxt":"","pos":"0","tip_col":"#000000","tip_bg":"#ffffff","reqicon_st":"0","reqicon_pos":"0","reqicon_img":"glyphicon-asterisk"},"clogic":{"show_st":"0","f_show":"1","f_all":"1","list":[]}},"uic0bfz4tb9":{"type":"6","id":"uic0bfz4tb9","skin":[],"field_name":"textbox8694","type_n":"textbox","input":{"value":"","size":"14","bold":"0","italic":"0","underline":"0","placeholder":"","color":"#000","font":"","font_st":"1","val_align":""},"label":{"text":"Your Email (required)","size":"14","bold":"0","italic":"0","underline":"0","color":"#000","font":"{\"family\":\"'Comic Sans MS', Arial, sans-serif\",\"name\":\"Comic Sans MS\",\"classname\":\"comicsansms\"}","font_st":"1","shadow_st":"0","shadow_color":"#666","shadow_x":"1","shadow_y":"1","shadow_blur":"3"},"sublabel":{"text":"","size":"14","bold":"1","italic":"1","underline":"1","color":"#000","font":"{\"family\":\"'Comic Sans MS', Arial, sans-serif\",\"name\":\"Comic Sans MS\",\"classname\":\"comicsansms\"}","font_st":"1","shadow_st":"0","shadow_color":"#666","shadow_x":"1","shadow_y":"1","shadow_blur":"3"},"txt_block":{"block_pos":"1","block_st":"1","block_align":"0"},"el_background":{"show_st":"1","type":"1","start_color":"","end_color":"","solid_color":"#ffffff"},"el_border_radius":{"show_st":"1","size":"0"},"el_border":{"show_st":"1","color":"#ccc","color_focus_st":"0","color_focus":"#000","style":"1","width":"1"},"help_block":{"text":"here your content","show_st":"0","font":"","font_st":"0","pos":""},"validate":{"typ_val":"5","typ_val_custxt":"","pos":"0","tip_col":"#000000","tip_bg":"#ffffff","reqicon_st":"0","reqicon_pos":"0","reqicon_img":"glyphicon-asterisk"},"clogic":{"show_st":"0","f_show":"1","f_all":"1","list":[]}},"uid9f1kpfba":{"type":"6","id":"uid9f1kpfba","skin":[],"field_name":"textbox7786","type_n":"textbox","input":{"value":"","size":"14","bold":"0","italic":"0","underline":"0","placeholder":"","color":"#000","font":"","font_st":"1","val_align":""},"label":{"text":"Subject","size":"14","bold":"0","italic":"0","underline":"0","color":"#000","font":"{\"family\":\"'Comic Sans MS', Arial, sans-serif\",\"name\":\"Comic Sans MS\",\"classname\":\"comicsansms\"}","font_st":"1","shadow_st":"0","shadow_color":"#666","shadow_x":"1","shadow_y":"1","shadow_blur":"3"},"sublabel":{"text":"","size":"14","bold":"1","italic":"1","underline":"1","color":"#000","font":"{\"family\":\"'Comic Sans MS', Arial, sans-serif\",\"name\":\"Comic Sans MS\",\"classname\":\"comicsansms\"}","font_st":"1","shadow_st":"0","shadow_color":"#666","shadow_x":"1","shadow_y":"1","shadow_blur":"3"},"txt_block":{"block_pos":"1","block_st":"1","block_align":"0"},"el_background":{"show_st":"1","type":"1","start_color":"","end_color":"","solid_color":"#ffffff"},"el_border_radius":{"show_st":"1","size":"0"},"el_border":{"show_st":"1","color":"#ccc","color_focus_st":"0","color_focus":"#000","style":"1","width":"1"},"help_block":{"text":"here your content","show_st":"0","font":"","font_st":"0","pos":""},"validate":{"typ_val":"0","typ_val_custxt":"","pos":"0","tip_col":"#000000","tip_bg":"#ffffff","reqicon_st":"0","reqicon_pos":"0","reqicon_img":"glyphicon-asterisk"},"clogic":{"show_st":"0","f_show":"1","f_all":"1","list":[]}},"uijbao7892d":{"type":"7","id":"uijbao7892d","skin":[],"field_name":"textarea3482","type_n":"textarea","input":{"value":"","size":"14","bold":"0","italic":"0","underline":"0","placeholder":"","color":"#000","font":"","font_st":"1","val_align":""},"label":{"text":"Your Message","size":"14","bold":"0","italic":"0","underline":"0","color":"#000","font":"{\"family\":\"'Comic Sans MS', Arial, sans-serif\",\"name\":\"Comic Sans MS\",\"classname\":\"comicsansms\"}","font_st":"1","shadow_st":"0","shadow_color":"#666","shadow_x":"1","shadow_y":"1","shadow_blur":"3"},"sublabel":{"text":"","size":"14","bold":"1","italic":"1","underline":"1","color":"#000","font":"{\"family\":\"'Comic Sans MS', Arial, sans-serif\",\"name\":\"Comic Sans MS\",\"classname\":\"comicsansms\"}","font_st":"1","shadow_st":"0","shadow_color":"#666","shadow_x":"1","shadow_y":"1","shadow_blur":"3"},"txt_block":{"block_pos":"1","block_st":"1","block_align":"0"},"el_background":{"show_st":"1","type":"1","start_color":"","end_color":"","solid_color":"#ffffff"},"el_border_radius":{"show_st":"1","size":"0"},"el_border":{"show_st":"1","color":"#ccc","color_focus_st":"0","color_focus":"#000","style":"1","width":"1"},"help_block":{"text":"here your content","show_st":"0","font":"","font_st":"0","pos":""},"validate":{"typ_val":"0","typ_val_custxt":"","pos":"0","tip_col":"#000000","tip_bg":"#ffffff","reqicon_st":"0","reqicon_pos":"0","reqicon_img":"glyphicon-asterisk"},"clogic":{"show_st":"0","f_show":"1","f_all":"1","list":[]}},"ui97sw8n5q8":{"type":"20","id":"ui97sw8n5q8","skin":[],"field_name":"","type_n":"submitbtn","input":{"value":"Submit","size":"14","bold":"0","italic":"0","underline":"0","color":"#ffffff","font":"","font_st":"1","val_align":"","obj_align":""},"label":{"text":"Text label","size":"14","bold":"0","italic":"0","underline":"0","color":"#000","font":"{\"family\":\"'Comic Sans MS', Arial, sans-serif\",\"name\":\"Comic Sans MS\",\"classname\":\"comicsansms\"}","font_st":"1","shadow_st":"0","shadow_color":"#666","shadow_x":"1","shadow_y":"1","shadow_blur":"3"},"sublabel":{"text":"","size":"14","bold":"1","italic":"1","underline":"1","color":"#000","font":"{\"family\":\"'Comic Sans MS', Arial, sans-serif\",\"name\":\"Comic Sans MS\",\"classname\":\"comicsansms\"}","font_st":"1","shadow_st":"0","shadow_color":"#666","shadow_x":"1","shadow_y":"1","shadow_blur":"3"},"txt_block":{"block_pos":"1","block_st":"0","block_align":"0"},"el_background":{"show_st":"1","type":"2","start_color":"#55acf8","end_color":"#2d6ca2","solid_color":"#ffffff"},"el_border_radius":{"show_st":"1","size":"17"},"el_border":{"show_st":"1","color":"#000","color_focus_st":"0","color_focus":"#000","style":"1","width":"0"},"help_block":{"text":"here your content","show_st":"0","font":"","font_st":"0","pos":""},"clogic":{"show_st":"0","f_show":"1","f_all":"1","list":[]}},"uitn8ptsf15":{"type":"33","id":"uitn8ptsf15","skin":[],"field_name":"","type_n":"heading1","input":{"value":"Contact Us","size":"32","bold":"0","italic":"0","underline":"0","color":"#000000","font":"","font_st":"1","val_align":"","obj_align":"1"},"label":{"text":"Text label","size":"14","bold":"0","italic":"0","underline":"0","color":"#000","font":"{\"family\":\"'Comic Sans MS', Arial, sans-serif\",\"name\":\"Comic Sans MS\",\"classname\":\"comicsansms\"}","font_st":"1","shadow_st":"0","shadow_color":"#666","shadow_x":"1","shadow_y":"1","shadow_blur":"3"},"sublabel":{"text":"","size":"14","bold":"1","italic":"1","underline":"1","color":"#000","font":"{\"family\":\"'Comic Sans MS', Arial, sans-serif\",\"name\":\"Comic Sans MS\",\"classname\":\"comicsansms\"}","font_st":"1","shadow_st":"0","shadow_color":"#666","shadow_x":"1","shadow_y":"1","shadow_blur":"3"},"txt_block":{"block_pos":"1","block_st":"0","block_align":"0"},"el_background":{"show_st":"0","type":"1","start_color":"#55acf8","end_color":"#2d6ca2","solid_color":"#ffffff"},"el_border_radius":{"show_st":"0","size":"17"},"el_border":{"show_st":"0","color":"#000","color_focus_st":"0","color_focus":"#000","style":"1","width":"0"},"help_block":{"text":"here your content","show_st":"0","font":"","font_st":"0","pos":""},"clogic":{"show_st":"0","f_show":"1","f_all":"1","list":[]}}}]},"fmb_name":"Contact us","fmb_html":"<div class=\"rockfm-form-container uiform-wrap\"><div class=\"rockfm-alert-container\" style=\"display:none;\"><\/div><form class=\"rockfm-form\" action=\"\" name=\"\" method=\"post\" enctype=\"multipart\/form-data\" id=\"rockfm_form_8\"> <input type=\"hidden\" value=\"8\" class=\"_rockfm_form_id\" name=\"_rockfm_form_id\"> <input type=\"hidden\" value=\"0\" class=\"_rockfm_wizard_st\" > <input type=\"hidden\" value=\"PGRpdiBjbGFzcz0icm9ja2ZtLWFsZXJ0IHJvY2tmbS1hbGVydC1zdWNjZXNzIiByb2xlPSJhbGVydCI-U3VjY2VzcyEgRm9ybSB3YXMgc2VudCBzdWNjZXNzZnVsbHkuPC9kaXY-Cg==\" name=\"_rockfm_onsubm_smsg\" class=\"_rockfm_onsubm_smsg\" > <!--- ajax or post ---> <input type=\"hidden\" value=\"1\" class=\"_rockfm_type_submit\" name=\"_rockfm_type_submit\"> <input type=\"hidden\" value=\"rocket_front_submitajaxmode\" name=\"action\"> <div class=\"uiform-main-form\"> <div class=\"uiform-step-content\" > <div id=\"rockfm_uitn8ptsf15\" data-idfield=\"uitn8ptsf15\" data-typefield=\"33\" class=\"rockfm-heading rockfm-field \" > <div class=\"rockfm-field-wrap \"> <div class=\"rkfm-row\"> <div class=\"rkfm-col-sm-12\"> <div class=\"rockfm-input-container\"> <div ><\/div> <h1 class=\"rockfm-heading\">Contact Us<\/h1> <\/div> <\/div> <\/div> <\/div> <\/div><div id=\"rockfm_uirzjh5wm26\" data-idfield=\"uirzjh5wm26\" data-typefield=\"6\" class=\"rockfm-textbox rockfm-field rockfm-required \" data-val-type=\"5\" data-val-custxt=\"this is required\" data-val-pos=\"0\" data-val-tip-col=\"#000000\" data-val-tip-bg=\"#ffffff\" > <div class=\"rockfm-field-wrap \"> <div class=\"rkfm-row\"> <div class=\"rkfm-col-sm-12 rockfm-wrap-label\"> <div class=\"rockfm-control-label\"> <label class=\"control-label\"> <span class=\"rockfm-label\"> Your Name (required)<\/span> <span data-field-store=\"sublabel-text\" data-field-option=\"rockfm-sublabel\" class=\"rockfm-sublabel\"><\/span> <\/label><\/div> <\/div> <div class=\"rkfm-col-sm-12\"> <div class=\"rockfm-input-container\"> <input placeholder=\"\" class=\"rockfm-txtbox-inp-val form-control\" type=\"text\" data-uifm-tabnum=\"0\" name=\"uiform_fields[uirzjh5wm26]\" value=\"\" data-placement=\"bottom\" required id=\"test_field\"> <\/div> <\/div> <\/div> <\/div> <\/div><div id=\"rockfm_uic0bfz4tb9\" data-idfield=\"uic0bfz4tb9\" data-typefield=\"6\" class=\"rockfm-textbox rockfm-field rockfm-required \" data-val-type=\"5\" data-val-custxt=\"this is required\" data-val-pos=\"0\" data-val-tip-col=\"#000000\" data-val-tip-bg=\"#ffffff\" > <div class=\"rockfm-field-wrap \"> <div class=\"rkfm-row\"> <div class=\"rkfm-col-sm-12 rockfm-wrap-label\"> <div class=\"rockfm-control-label\"> <label class=\"control-label\"> <span class=\"rockfm-label\"> Your Email (required)<\/span> <span data-field-store=\"sublabel-text\" data-field-option=\"rockfm-sublabel\" class=\"rockfm-sublabel\"><\/span> <\/label><\/div> <\/div> <div class=\"rkfm-col-sm-12\"> <div class=\"rockfm-input-container\"> <input placeholder=\"\" class=\"rockfm-txtbox-inp-val form-control\" type=\"text\" data-uifm-tabnum=\"0\" name=\"uiform_fields[uic0bfz4tb9]\" value=\"\" data-placement=\"bottom\" required id=\"test_field\"> <\/div> <\/div> <\/div> <\/div> <\/div><div id=\"rockfm_uid9f1kpfba\" data-idfield=\"uid9f1kpfba\" data-typefield=\"6\" class=\"rockfm-textbox rockfm-field \" > <div class=\"rockfm-field-wrap \"> <div class=\"rkfm-row\"> <div class=\"rkfm-col-sm-12 rockfm-wrap-label\"> <div class=\"rockfm-control-label\"> <label class=\"control-label\"> <span class=\"rockfm-label\"> Subject<\/span> <span data-field-store=\"sublabel-text\" data-field-option=\"rockfm-sublabel\" class=\"rockfm-sublabel\"><\/span> <\/label><\/div> <\/div> <div class=\"rkfm-col-sm-12\"> <div class=\"rockfm-input-container\"> <input placeholder=\"\" class=\"rockfm-txtbox-inp-val form-control\" type=\"text\" data-uifm-tabnum=\"0\" name=\"uiform_fields[uid9f1kpfba]\" value=\"\" data-placement=\"bottom\" required id=\"test_field\"> <\/div> <\/div> <\/div> <\/div> <\/div><div id=\"rockfm_uijbao7892d\" data-idfield=\"uijbao7892d\" data-typefield=\"7\" class=\"rockfm-textarea rockfm-field \" > <div class=\"rockfm-field-wrap \"> <div class=\"rkfm-row\"> <div class=\"rkfm-col-sm-12 rockfm-wrap-label\"> <div class=\"rockfm-control-label\"> <label class=\"control-label\"> <span class=\"rockfm-label\"> Your Message<\/span> <span data-field-store=\"sublabel-text\" data-field-option=\"rockfm-sublabel\" class=\"rockfm-sublabel\"><\/span> <\/label><\/div> <\/div> <div class=\"rkfm-col-sm-12\"> <div class=\"rockfm-input-container\"> <textarea placeholder=\"\" class=\"rockfm-txtbox-inp-val form-control\" data-uifm-tabnum=\"0\" name=\"uiform_fields[uijbao7892d]\" data-placement=\"bottom\" required id=\"test_field\"><\/textarea> <\/div> <\/div> <\/div> <\/div> <\/div><div id=\"rockfm_ui97sw8n5q8\" data-idfield=\"ui97sw8n5q8\" data-typefield=\"20\" class=\"rockfm-submitbtn rockfm-field \" > <div class=\"rockfm-field-wrap \"> <div class=\"rkfm-row\"> <div class=\"rkfm-col-sm-12\"> <div class=\"rockfm-input-container\"> <button data-uifm-tabnum=\"0\" class=\"rockfm-txtbox-inp-val btn\" type=\"submit\" data-val-btn=\"Submit\" data-val-subm=\"Sending\" onclick=\"javascript:rocketfm.submitForm(this);return false;\" >Submit<\/button> <\/div> <\/div> <\/div> <\/div> <\/div> <div class=\"clear\"><\/div> <\/div> <\/div> <div class=\"space10\"><\/div><\/form> <\/div>","fmb_html_backend":"%0A%20%20%20%20%20%20%20%20%20%20%20%20%20%20%20%20%3Cdiv%20style%3D%22background%3A%20none%20repeat%20scroll%200%25%200%25%20rgb(238%2C%20238%2C%20238)%22%20class%3D%22uiform-main-form%22%3E%0A%20%20%20%20%20%20%20%20%20%20%20%20%20%20%20%20%20%20%20%20%3Cdiv%20class%3D%22uiform-step-list%20uiform-wiztheme0%22%20style%3D%22display%3Anone%3B%22%3E%0A%20%20%20%20%20%20%20%20%20%20%20%20%20%20%20%20%20%20%20%20%20%20%20%20%3Cul%20class%3D%22uiform-steps%22%3E%0A%20%20%20%20%20%20%20%20%20%20%20%20%20%20%20%20%20%20%20%20%20%20%20%20%20%20%20%20%3Cli%20class%3D%22uifm-current%22%3E%0A%20%20%20%20%20%20%20%20%20%20%20%20%20%20%20%20%20%20%20%20%20%20%20%20%20%20%20%20%20%20%20%20%3Ca%20data-tab-nro%3D%220%22%20href%3D%22%23uifm-step-tab-0%22%3E%0A%20%20%20%20%20%20%20%20%20%20%20%20%20%20%20%20%20%20%20%20%20%20%20%20%20%20%20%20%20%20%20%20%20%20%20%20%3Cspan%20class%3D%22uifm-number%22%3E1%3C%2Fspan%3E%0A%20%20%20%20%20%20%20%20%20%20%20%20%20%20%20%20%20%20%20%20%20%20%20%20%20%20%20%20%20%20%20%20%20%20%20%20%3Cspan%20class%3D%22uifm-title%22%3ETab%20title%3C%2Fspan%3E%0A%20%20%20%20%20%20%20%20%20%20%20%20%20%20%20%20%20%20%20%20%20%20%20%20%20%20%20%20%20%20%20%20%3C%2Fa%3E%0A%20%20%20%20%20%20%20%20%20%20%20%20%20%20%20%20%20%20%20%20%20%20%20%20%20%20%20%20%3C%2Fli%3E%0A%20%20%20%20%20%20%20%20%20%20%20%20%20%20%20%20%20%20%20%20%20%20%20%20%3C%2Ful%3E%0A%20%20%20%20%20%20%20%20%20%20%20%20%20%20%20%20%20%20%20%20%3C%2Fdiv%3E%0A%20%20%20%20%20%20%20%20%20%20%20%20%20%20%20%20%20%20%20%20%3Cdiv%20class%3D%22uiform-step-content%22%20style%3D%22min-height%3A100px%3B%22%3E%0A%20%20%20%20%20%20%20%20%20%20%20%20%20%20%20%20%20%20%20%20%20%20%20%20%3Cdiv%20data-uifm-step%3D%220%22%20id%3D%22uifm-step-tab-0%22%20class%3D%22uiform-step-pane%22%3E%0A%20%20%20%20%20%20%20%20%20%20%20%20%20%20%20%20%20%20%20%20%20%20%20%20%20%20%20%20%3Cdiv%20class%3D%22uiform-items-container%20uiform-tab-container%20ui-sortable%22%3E%0A%20%20%20%20%20%20%20%20%20%20%20%20%20%20%20%20%20%20%20%20%20%20%20%20%20%20%20%20%3Cdiv%20style%3D%22position%3A%20relative%3B%20opacity%3A%201%3B%20left%3A%200px%3B%20top%3A%200px%3B%22%20id%3D%22uitn8ptsf15%22%20data-typefield%3D%2233%22%20class%3D%22uiform-heading1%20uiform-field%20uiform-field-move-wrap%20uifm-highlight-edited%22%3E%0A%20%20%20%20%20%20%20%20%20%20%20%20%3Cdiv%20class%3D%22uiform-field-wrap%20uiform-field-move%22%3E%0A%20%20%20%20%20%20%20%20%20%20%20%20%20%20%20%20%3Cdiv%20class%3D%22rkfm-row%22%3E%0A%20%20%20%20%20%20%20%20%20%20%20%20%20%20%20%20%20%20%20%20%3Cdiv%20class%3D%22rkfm-col-sm-2%22%20style%3D%22display%3A%20none%3B%22%3E%0A%20%20%20%20%20%20%20%20%20%20%20%20%20%20%20%20%20%20%20%20%20%20%20%20%3Cdiv%20class%3D%22uifm-control-label%22%3E%0A%20%20%20%20%20%20%20%20%20%20%20%20%20%20%20%20%20%20%20%20%20%20%20%20%20%20%20%20%3Clabel%20class%3D%22control-label%22%3E%0A%20%20%20%20%20%20%20%20%20%20%20%20%20%20%20%20%20%20%20%20%20%20%20%20%20%20%20%20%20%20%20%20%3Cspan%20style%3D%22display%3A%20none%3B%22%20data-field-option%3D%22uifm-help-block%22%20class%3D%22uifm-label-helpblock%20uifm-f-option%22%3E%0A%20%20%20%20%20%20%20%20%20%20%20%20%20%20%20%20%20%20%20%20%20%20%20%20%20%20%20%20%20%20%20%20%20%20%20%20%3Cspan%20class%3D%22fa%20fa-question-circle%22%3E%3C%2Fspan%3E%0A%20%20%20%20%20%20%20%20%20%20%20%20%20%20%20%20%20%20%20%20%20%20%20%20%20%20%20%20%20%20%20%20%3C%2Fspan%3E%20%0A%20%20%20%20%20%20%20%20%20%20%20%20%20%20%20%20%20%20%20%20%20%20%20%20%20%20%20%20%20%20%20%3Cspan%20style%3D%22font-size%3A%2014px%3B%20font-weight%3A%20normal%3B%20color%3A%20rgb(0%2C%200%2C%200)%3B%20font-family%3A%20%26quot%3BComic%20Sans%20MS%26quot%3B%2CArial%2Csans-serif%22%20data-field-store%3D%22label-text%22%20data-field-option%3D%22uifm-label%22%20class%3D%22uifm-label%20uifm-f-option%22%3EText%20label%3C%2Fspan%3E%0A%20%20%20%20%20%20%20%20%20%20%20%20%20%20%20%20%20%20%20%20%20%20%20%20%20%20%20%20%20%20%20%3Cspan%20style%3D%22font-size%3A%2014px%3B%20font-weight%3A%20bold%3B%20font-style%3A%20italic%3B%20text-decoration%3A%20underline%3B%20color%3A%20rgb(0%2C%200%2C%200)%3B%20font-family%3A%20%26quot%3BComic%20Sans%20MS%26quot%3B%2CArial%2Csans-serif%22%20data-field-store%3D%22sublabel-text%22%20data-field-option%3D%22uifm-sublabel%22%20class%3D%22uifm-sublabel%20uifm-f-option%22%3E%3C%2Fspan%3E%0A%20%20%20%20%20%20%20%20%20%20%20%20%20%20%20%20%20%20%20%20%20%20%20%20%20%20%20%20%3C%2Flabel%3E%0A%20%20%20%20%20%20%20%20%20%20%20%20%20%20%20%20%20%20%20%20%20%20%20%20%3C%2Fdiv%3E%0A%20%20%20%20%20%20%20%20%20%20%20%20%20%20%20%20%20%20%20%20%3C%2Fdiv%3E%0A%20%20%20%20%20%20%20%20%20%20%20%20%20%20%20%20%20%20%20%20%3Cdiv%20class%3D%22rkfm-col-sm-12%22%3E%0A%20%20%20%20%20%20%20%20%20%20%20%20%20%20%20%20%20%20%20%20%20%20%20%20%3Cdiv%20class%3D%22uifm-input-container%22%3E%0A%20%20%20%20%20%20%20%20%20%20%20%20%20%20%20%20%20%20%20%20%20%20%20%20%20%20%20%20%3Cdiv%20style%3D%22text-align%3A%20center%3B%22%20class%3D%22uifm-input-heading-wrap%22%3E%0A%20%20%20%20%20%20%20%20%20%20%20%20%20%20%20%20%20%20%20%20%20%20%20%20%20%20%20%20%20%20%20%20%3Ch1%20style%3D%22font-size%3A%2032px%3B%20font-weight%3A%20normal%3B%20color%3A%20rgb(0%2C%200%2C%200)%3B%20text-align%3A%20left%22%20class%3D%22uifm-txtbox-inp-val%22%3EContact%20Us%3C%2Fh1%3E%0A%20%20%20%20%20%20%20%20%20%20%20%20%20%20%20%20%20%20%20%20%20%20%20%20%20%20%20%20%3C%2Fdiv%3E%0A%20%20%20%20%20%20%20%20%20%20%20%20%20%20%20%20%20%20%20%20%20%20%20%20%3C%2Fdiv%3E%0A%20%20%20%20%20%20%20%20%20%20%20%20%20%20%20%20%20%20%20%20%20%20%20%20%3Cdiv%20data-field-option%3D%22uifm-help-block%22%20style%3D%22display%3A%20none%3B%22%20class%3D%22uifm-help-block%20uifm-f-option%22%3E%0A%20%20%20%20%20%20%20%20%20%20%20%20%20%20%20%20%20%20%20%20%20%20%20%20%20%20%20%20Help%20block%20text%20%20%20%20%20%20%20%20%20%20%20%20%20%20%20%20%20%20%20%20%20%20%20%20%3C%2Fdiv%3E%0A%20%20%20%20%20%20%20%20%20%20%20%20%20%20%20%20%20%20%20%20%3C%2Fdiv%3E%0A%20%20%20%20%20%20%20%20%20%20%20%20%20%20%20%20%3C%2Fdiv%3E%0A%20%20%20%20%20%20%20%20%20%20%20%20%20%20%20%20%3Cdiv%20class%3D%22uiform-field-move-box-inner%22%3E%0A%20%20%20%20%20%20%20%20%20%20%20%20%20%20%20%20%20%20%20%20%3Ci%20class%3D%22fa%20fa-arrows%22%3E%3C%2Fi%3E%0A%20%20%20%20%20%20%20%20%20%20%20%20%20%20%20%20%3C%2Fdiv%3E%0A%20%20%20%20%20%20%20%20%20%20%20%20%3C%2Fdiv%3E%0A%20%20%20%20%20%20%20%20%3C%2Fdiv%3E%3Cdiv%20style%3D%22position%3A%20relative%3B%22%20id%3D%22uirzjh5wm26%22%20data-typefield%3D%226%22%20class%3D%22uiform-textbox%20uiform-field%20uiform-field-move-wrap%22%3E%0A%20%20%20%20%20%20%20%20%20%20%20%20%3Cdiv%20class%3D%22uiform-field-wrap%20uiform-field-move%20ui-sortable-handle%22%3E%0A%20%20%20%20%20%20%20%20%20%20%20%20%20%20%20%20%3Cdiv%20class%3D%22rkfm-row%22%3E%0A%20%20%20%20%20%20%20%20%20%20%20%20%20%20%20%20%20%20%20%20%3Cdiv%20class%3D%22rkfm-col-sm-12%22%3E%0A%20%20%20%20%20%20%20%20%20%20%20%20%20%20%20%20%20%20%20%20%20%20%20%20%3Cdiv%20style%3D%22text-align%3A%20left%3B%22%20class%3D%22uifm-control-label%22%3E%0A%20%20%20%20%20%20%20%20%20%20%20%20%20%20%20%20%20%20%20%20%20%20%20%20%20%20%20%20%0A%20%20%20%20%20%20%20%20%20%20%20%20%20%20%20%20%20%20%20%20%20%20%20%20%20%20%20%20%3Clabel%20class%3D%22control-label%22%3E%0A%20%20%20%20%20%20%20%20%20%20%20%20%20%20%20%20%20%20%20%20%20%20%20%20%20%20%20%20%20%20%20%20%3Cspan%20style%3D%22display%3A%20none%3B%22%20data-field-option%3D%22uifm-help-block%22%20class%3D%22uifm-label-helpblock%20uifm-f-option%22%3E%0A%20%20%20%20%20%20%20%20%20%20%20%20%20%20%20%20%20%20%20%20%20%20%20%20%20%20%20%20%20%20%20%20%20%20%20%20%3Cspan%20class%3D%22fa%20fa-question-circle%22%3E%3C%2Fspan%3E%0A%20%20%20%20%20%20%20%20%20%20%20%20%20%20%20%20%20%20%20%20%20%20%20%20%20%20%20%20%20%20%20%20%3C%2Fspan%3E%20%0A%20%20%20%20%20%20%20%20%20%20%20%20%20%20%20%20%20%20%20%20%20%20%20%20%20%20%20%20%20%20%20%3Cspan%20style%3D%22font-size%3A%2014px%3B%20font-weight%3A%20normal%3B%20color%3A%20rgb(0%2C%200%2C%200)%3B%20font-family%3A%20%26quot%3BComic%20Sans%20MS%26quot%3B%2CArial%2Csans-serif%22%20data-field-store%3D%22label-text%22%20data-field-option%3D%22uifm-label%22%20class%3D%22uifm-label%20uifm-f-option%22%3EYour%20Name%20(required)%3C%2Fspan%3E%0A%20%20%20%20%20%20%20%20%20%20%20%20%20%20%20%20%20%20%20%20%20%20%20%20%20%20%20%20%20%20%20%3Cspan%20style%3D%22font-size%3A%2014px%3B%20font-weight%3A%20bold%3B%20font-style%3A%20italic%3B%20text-decoration%3A%20underline%3B%20color%3A%20rgb(0%2C%200%2C%200)%3B%20font-family%3A%20%26quot%3BComic%20Sans%20MS%26quot%3B%2CArial%2Csans-serif%22%20data-field-store%3D%22sublabel-text%22%20data-field-option%3D%22uifm-sublabel%22%20class%3D%22uifm-sublabel%20uifm-f-option%22%3E%3C%2Fspan%3E%0A%20%20%20%20%20%20%20%20%20%20%20%20%20%20%20%20%20%20%20%20%20%20%20%20%20%20%20%20%3C%2Flabel%3E%0A%20%20%20%20%20%20%20%20%20%20%20%20%20%20%20%20%20%20%20%20%20%20%20%20%20%20%20%20%20%0A%20%20%20%20%20%20%20%20%20%20%20%20%20%20%20%20%20%20%20%20%20%20%20%20%3C%2Fdiv%3E%0A%20%20%20%20%20%20%20%20%20%20%20%20%20%20%20%20%20%20%20%20%3C%2Fdiv%3E%0A%20%20%20%20%20%20%20%20%20%20%20%20%20%20%20%20%20%20%20%20%3Cdiv%20class%3D%22rkfm-col-sm-12%22%3E%0A%20%20%20%20%20%20%20%20%20%20%20%20%20%20%20%20%20%20%20%20%20%20%20%20%3Cdiv%20class%3D%22uifm-input-container%22%3E%0A%20%20%20%20%20%20%20%20%20%20%20%20%20%20%20%20%20%20%20%20%20%20%20%20%20%20%20%20%3Cinput%20title%3D%22%22%20data-original-title%3D%22%22%20placeholder%3D%22%22%20style%3D%22font-size%3A%2014px%3B%20font-weight%3A%20normal%3B%20color%3A%20rgb(0%2C%200%2C%200)%3B%20text-align%3A%20left%3B%20background%3A%20none%20repeat%20scroll%200%25%200%25%20rgb(255%2C%20255%2C%20255)%3B%20border-radius%3A%200px%3B%20border%3A%201px%20solid%20rgb(204%2C%20204%2C%20204)%3B%22%20data-field-store%3D%22input-value%22%20data-field-option%3D%22uifm-txtbox-inp-val%22%20class%3D%22uifm-txtbox-inp-val%20form-control%20uifm-f-option%22%20value%3D%22%22%20type%3D%22text%22%3E%0A%20%20%20%20%20%20%20%20%20%20%20%20%20%20%20%20%20%20%20%20%20%20%20%20%3C%2Fdiv%3E%0A%20%20%20%20%20%20%20%20%20%20%20%20%20%20%20%20%20%20%20%20%20%20%20%20%3Cdiv%20style%3D%22display%3A%20none%3B%22%20data-field-option%3D%22uifm-help-block%22%20class%3D%22uifm-help-block%20uifm-f-option%22%3E%0A%20%20%20%20%20%20%20%20%20%20%20%20%20%20%20%20%20%20%20%20%20%20%20%20%20%20%20%20Help%20block%20text%20%20%20%20%20%20%20%20%20%20%20%20%20%20%20%20%20%20%20%20%20%20%20%20%3C%2Fdiv%3E%0A%20%20%20%20%20%20%20%20%20%20%20%20%20%20%20%20%20%20%20%20%3C%2Fdiv%3E%0A%20%20%20%20%20%20%20%20%20%20%20%20%20%20%20%20%3C%2Fdiv%3E%0A%20%20%20%20%20%20%20%20%20%20%20%20%20%20%20%20%3Cdiv%20class%3D%22uiform-field-move-box-inner%22%3E%0A%20%20%20%20%20%20%20%20%20%20%20%20%20%20%20%20%20%20%20%20%3Ci%20class%3D%22fa%20fa-arrows%22%3E%3C%2Fi%3E%0A%20%20%20%20%20%20%20%20%20%20%20%20%20%20%20%20%3C%2Fdiv%3E%0A%20%20%20%20%20%20%20%20%20%20%20%20%3C%2Fdiv%3E%0A%20%20%20%20%20%20%20%20%3C%2Fdiv%3E%3Cdiv%20style%3D%22position%3A%20relative%3B%22%20id%3D%22uic0bfz4tb9%22%20data-typefield%3D%226%22%20class%3D%22uiform-textbox%20uiform-field%20uiform-field-move-wrap%22%3E%0A%20%20%20%20%20%20%20%20%20%20%20%20%3Cdiv%20class%3D%22uiform-field-wrap%20uiform-field-move%20ui-sortable-handle%22%3E%0A%20%20%20%20%20%20%20%20%20%20%20%20%20%20%20%20%3Cdiv%20class%3D%22rkfm-row%22%3E%0A%20%20%20%20%20%20%20%20%20%20%20%20%20%20%20%20%20%20%20%20%3Cdiv%20class%3D%22rkfm-col-sm-12%22%3E%0A%20%20%20%20%20%20%20%20%20%20%20%20%20%20%20%20%20%20%20%20%20%20%20%20%3Cdiv%20style%3D%22text-align%3A%20left%3B%22%20class%3D%22uifm-control-label%22%3E%0A%20%20%20%20%20%20%20%20%20%20%20%20%20%20%20%20%20%20%20%20%20%20%20%20%20%20%20%20%0A%20%20%20%20%20%20%20%20%20%20%20%20%20%20%20%20%20%20%20%20%20%20%20%20%20%20%20%20%3Clabel%20class%3D%22control-label%22%3E%0A%20%20%20%20%20%20%20%20%20%20%20%20%20%20%20%20%20%20%20%20%20%20%20%20%20%20%20%20%20%20%20%20%3Cspan%20style%3D%22display%3A%20none%3B%22%20data-field-option%3D%22uifm-help-block%22%20class%3D%22uifm-label-helpblock%20uifm-f-option%22%3E%0A%20%20%20%20%20%20%20%20%20%20%20%20%20%20%20%20%20%20%20%20%20%20%20%20%20%20%20%20%20%20%20%20%20%20%20%20%3Cspan%20class%3D%22fa%20fa-question-circle%22%3E%3C%2Fspan%3E%0A%20%20%20%20%20%20%20%20%20%20%20%20%20%20%20%20%20%20%20%20%20%20%20%20%20%20%20%20%20%20%20%20%3C%2Fspan%3E%20%0A%20%20%20%20%20%20%20%20%20%20%20%20%20%20%20%20%20%20%20%20%20%20%20%20%20%20%20%20%20%20%20%3Cspan%20style%3D%22font-size%3A%2014px%3B%20font-weight%3A%20normal%3B%20color%3A%20rgb(0%2C%200%2C%200)%3B%20font-family%3A%20%26quot%3BComic%20Sans%20MS%26quot%3B%2CArial%2Csans-serif%22%20data-field-store%3D%22label-text%22%20data-field-option%3D%22uifm-label%22%20class%3D%22uifm-label%20uifm-f-option%22%3EYour%20Email%20(required)%3C%2Fspan%3E%0A%20%20%20%20%20%20%20%20%20%20%20%20%20%20%20%20%20%20%20%20%20%20%20%20%20%20%20%20%20%20%20%3Cspan%20style%3D%22font-size%3A%2014px%3B%20font-weight%3A%20bold%3B%20font-style%3A%20italic%3B%20text-decoration%3A%20underline%3B%20color%3A%20rgb(0%2C%200%2C%200)%3B%20font-family%3A%20%26quot%3BComic%20Sans%20MS%26quot%3B%2CArial%2Csans-serif%22%20data-field-store%3D%22sublabel-text%22%20data-field-option%3D%22uifm-sublabel%22%20class%3D%22uifm-sublabel%20uifm-f-option%22%3E%3C%2Fspan%3E%0A%20%20%20%20%20%20%20%20%20%20%20%20%20%20%20%20%20%20%20%20%20%20%20%20%20%20%20%20%3C%2Flabel%3E%0A%20%20%20%20%20%20%20%20%20%20%20%20%20%20%20%20%20%20%20%20%20%20%20%20%20%20%20%20%20%0A%20%20%20%20%20%20%20%20%20%20%20%20%20%20%20%20%20%20%20%20%20%20%20%20%3C%2Fdiv%3E%0A%20%20%20%20%20%20%20%20%20%20%20%20%20%20%20%20%20%20%20%20%3C%2Fdiv%3E%0A%20%20%20%20%20%20%20%20%20%20%20%20%20%20%20%20%20%20%20%20%3Cdiv%20class%3D%22rkfm-col-sm-12%22%3E%0A%20%20%20%20%20%20%20%20%20%20%20%20%20%20%20%20%20%20%20%20%20%20%20%20%3Cdiv%20class%3D%22uifm-input-container%22%3E%0A%20%20%20%20%20%20%20%20%20%20%20%20%20%20%20%20%20%20%20%20%20%20%20%20%20%20%20%20%3Cinput%20title%3D%22%22%20data-original-title%3D%22%22%20placeholder%3D%22%22%20style%3D%22font-size%3A%2014px%3B%20font-weight%3A%20normal%3B%20color%3A%20rgb(0%2C%200%2C%200)%3B%20text-align%3A%20left%3B%20background%3A%20none%20repeat%20scroll%200%25%200%25%20rgb(255%2C%20255%2C%20255)%3B%20border-radius%3A%200px%3B%20border%3A%201px%20solid%20rgb(204%2C%20204%2C%20204)%3B%22%20data-field-store%3D%22input-value%22%20data-field-option%3D%22uifm-txtbox-inp-val%22%20class%3D%22uifm-txtbox-inp-val%20form-control%20uifm-f-option%22%20value%3D%22%22%20type%3D%22text%22%3E%0A%20%20%20%20%20%20%20%20%20%20%20%20%20%20%20%20%20%20%20%20%20%20%20%20%3C%2Fdiv%3E%0A%20%20%20%20%20%20%20%20%20%20%20%20%20%20%20%20%20%20%20%20%20%20%20%20%3Cdiv%20style%3D%22display%3A%20none%3B%22%20data-field-option%3D%22uifm-help-block%22%20class%3D%22uifm-help-block%20uifm-f-option%22%3E%0A%20%20%20%20%20%20%20%20%20%20%20%20%20%20%20%20%20%20%20%20%20%20%20%20%20%20%20%20Help%20block%20text%20%20%20%20%20%20%20%20%20%20%20%20%20%20%20%20%20%20%20%20%20%20%20%20%3C%2Fdiv%3E%0A%20%20%20%20%20%20%20%20%20%20%20%20%20%20%20%20%20%20%20%20%3C%2Fdiv%3E%0A%20%20%20%20%20%20%20%20%20%20%20%20%20%20%20%20%3C%2Fdiv%3E%0A%20%20%20%20%20%20%20%20%20%20%20%20%20%20%20%20%3Cdiv%20class%3D%22uiform-field-move-box-inner%22%3E%0A%20%20%20%20%20%20%20%20%20%20%20%20%20%20%20%20%20%20%20%20%3Ci%20class%3D%22fa%20fa-arrows%22%3E%3C%2Fi%3E%0A%20%20%20%20%20%20%20%20%20%20%20%20%20%20%20%20%3C%2Fdiv%3E%0A%20%20%20%20%20%20%20%20%20%20%20%20%3C%2Fdiv%3E%0A%20%20%20%20%20%20%20%20%3C%2Fdiv%3E%3Cdiv%20style%3D%22position%3A%20relative%3B%22%20id%3D%22uid9f1kpfba%22%20data-typefield%3D%226%22%20class%3D%22uiform-textbox%20uiform-field%20uiform-field-move-wrap%22%3E%0A%20%20%20%20%20%20%20%20%20%20%20%20%3Cdiv%20class%3D%22uiform-field-wrap%20uiform-field-move%20ui-sortable-handle%22%3E%0A%20%20%20%20%20%20%20%20%20%20%20%20%20%20%20%20%3Cdiv%20class%3D%22rkfm-row%22%3E%0A%20%20%20%20%20%20%20%20%20%20%20%20%20%20%20%20%20%20%20%20%3Cdiv%20class%3D%22rkfm-col-sm-12%22%3E%0A%20%20%20%20%20%20%20%20%20%20%20%20%20%20%20%20%20%20%20%20%20%20%20%20%3Cdiv%20style%3D%22text-align%3A%20left%3B%22%20class%3D%22uifm-control-label%22%3E%0A%20%20%20%20%20%20%20%20%20%20%20%20%20%20%20%20%20%20%20%20%20%20%20%20%20%20%20%20%0A%20%20%20%20%20%20%20%20%20%20%20%20%20%20%20%20%20%20%20%20%20%20%20%20%20%20%20%20%3Clabel%20class%3D%22control-label%22%3E%0A%20%20%20%20%20%20%20%20%20%20%20%20%20%20%20%20%20%20%20%20%20%20%20%20%20%20%20%20%20%20%20%20%3Cspan%20style%3D%22display%3A%20none%3B%22%20data-field-option%3D%22uifm-help-block%22%20class%3D%22uifm-label-helpblock%20uifm-f-option%22%3E%0A%20%20%20%20%20%20%20%20%20%20%20%20%20%20%20%20%20%20%20%20%20%20%20%20%20%20%20%20%20%20%20%20%20%20%20%20%3Cspan%20class%3D%22fa%20fa-question-circle%22%3E%3C%2Fspan%3E%0A%20%20%20%20%20%20%20%20%20%20%20%20%20%20%20%20%20%20%20%20%20%20%20%20%20%20%20%20%20%20%20%20%3C%2Fspan%3E%20%0A%20%20%20%20%20%20%20%20%20%20%20%20%20%20%20%20%20%20%20%20%20%20%20%20%20%20%20%20%20%20%20%3Cspan%20style%3D%22font-size%3A%2014px%3B%20font-weight%3A%20normal%3B%20color%3A%20rgb(0%2C%200%2C%200)%3B%20font-family%3A%20%26quot%3BComic%20Sans%20MS%26quot%3B%2CArial%2Csans-serif%22%20data-field-store%3D%22label-text%22%20data-field-option%3D%22uifm-label%22%20class%3D%22uifm-label%20uifm-f-option%22%3ESubject%3C%2Fspan%3E%0A%20%20%20%20%20%20%20%20%20%20%20%20%20%20%20%20%20%20%20%20%20%20%20%20%20%20%20%20%20%20%20%3Cspan%20style%3D%22font-size%3A%2014px%3B%20font-weight%3A%20bold%3B%20font-style%3A%20italic%3B%20text-decoration%3A%20underline%3B%20color%3A%20rgb(0%2C%200%2C%200)%3B%20font-family%3A%20%26quot%3BComic%20Sans%20MS%26quot%3B%2CArial%2Csans-serif%22%20data-field-store%3D%22sublabel-text%22%20data-field-option%3D%22uifm-sublabel%22%20class%3D%22uifm-sublabel%20uifm-f-option%22%3E%3C%2Fspan%3E%0A%20%20%20%20%20%20%20%20%20%20%20%20%20%20%20%20%20%20%20%20%20%20%20%20%20%20%20%20%3C%2Flabel%3E%0A%20%20%20%20%20%20%20%20%20%20%20%20%20%20%20%20%20%20%20%20%20%20%20%20%20%20%20%20%20%0A%20%20%20%20%20%20%20%20%20%20%20%20%20%20%20%20%20%20%20%20%20%20%20%20%3C%2Fdiv%3E%0A%20%20%20%20%20%20%20%20%20%20%20%20%20%20%20%20%20%20%20%20%3C%2Fdiv%3E%0A%20%20%20%20%20%20%20%20%20%20%20%20%20%20%20%20%20%20%20%20%3Cdiv%20class%3D%22rkfm-col-sm-12%22%3E%0A%20%20%20%20%20%20%20%20%20%20%20%20%20%20%20%20%20%20%20%20%20%20%20%20%3Cdiv%20class%3D%22uifm-input-container%22%3E%0A%20%20%20%20%20%20%20%20%20%20%20%20%20%20%20%20%20%20%20%20%20%20%20%20%20%20%20%20%3Cinput%20placeholder%3D%22%22%20style%3D%22font-size%3A%2014px%3B%20font-weight%3A%20normal%3B%20color%3A%20rgb(0%2C%200%2C%200)%3B%20text-align%3A%20left%3B%20background%3A%20none%20repeat%20scroll%200%25%200%25%20rgb(255%2C%20255%2C%20255)%3B%20border-radius%3A%200px%3B%20border%3A%201px%20solid%20rgb(204%2C%20204%2C%20204)%3B%22%20data-field-store%3D%22input-value%22%20data-field-option%3D%22uifm-txtbox-inp-val%22%20class%3D%22uifm-txtbox-inp-val%20form-control%20uifm-f-option%22%20value%3D%22%22%20type%3D%22text%22%3E%0A%20%20%20%20%20%20%20%20%20%20%20%20%20%20%20%20%20%20%20%20%20%20%20%20%3C%2Fdiv%3E%0A%20%20%20%20%20%20%20%20%20%20%20%20%20%20%20%20%20%20%20%20%20%20%20%20%3Cdiv%20style%3D%22display%3A%20none%3B%22%20data-field-option%3D%22uifm-help-block%22%20class%3D%22uifm-help-block%20uifm-f-option%22%3E%0A%20%20%20%20%20%20%20%20%20%20%20%20%20%20%20%20%20%20%20%20%20%20%20%20%20%20%20%20Help%20block%20text%20%20%20%20%20%20%20%20%20%20%20%20%20%20%20%20%20%20%20%20%20%20%20%20%3C%2Fdiv%3E%0A%20%20%20%20%20%20%20%20%20%20%20%20%20%20%20%20%20%20%20%20%3C%2Fdiv%3E%0A%20%20%20%20%20%20%20%20%20%20%20%20%20%20%20%20%3C%2Fdiv%3E%0A%20%20%20%20%20%20%20%20%20%20%20%20%20%20%20%20%3Cdiv%20class%3D%22uiform-field-move-box-inner%22%3E%0A%20%20%20%20%20%20%20%20%20%20%20%20%20%20%20%20%20%20%20%20%3Ci%20class%3D%22fa%20fa-arrows%22%3E%3C%2Fi%3E%0A%20%20%20%20%20%20%20%20%20%20%20%20%20%20%20%20%3C%2Fdiv%3E%0A%20%20%20%20%20%20%20%20%20%20%20%20%3C%2Fdiv%3E%0A%20%20%20%20%20%20%20%20%3C%2Fdiv%3E%3Cdiv%20style%3D%22position%3A%20relative%3B%22%20id%3D%22uijbao7892d%22%20data-typefield%3D%227%22%20class%3D%22uiform-textarea%20uiform-field%20uiform-field-move-wrap%22%3E%0A%20%20%20%20%20%20%20%20%20%20%20%20%3Cdiv%20class%3D%22uiform-field-wrap%20uiform-field-move%20ui-sortable-handle%22%3E%0A%20%20%20%20%20%20%20%20%20%20%20%20%20%20%20%20%3Cdiv%20class%3D%22rkfm-row%22%3E%0A%20%20%20%20%20%20%20%20%20%20%20%20%20%20%20%20%20%20%20%20%3Cdiv%20class%3D%22rkfm-col-sm-12%22%3E%0A%20%20%20%20%20%20%20%20%20%20%20%20%20%20%20%20%20%20%20%20%20%20%20%20%3Cdiv%20style%3D%22text-align%3A%20left%3B%22%20class%3D%22uifm-control-label%22%3E%0A%20%20%20%20%20%20%20%20%20%20%20%20%20%20%20%20%20%20%20%20%20%20%20%20%20%20%20%20%3Clabel%20class%3D%22control-label%22%3E%0A%20%20%20%20%20%20%20%20%20%20%20%20%20%20%20%20%20%20%20%20%20%20%20%20%20%20%20%20%20%20%20%20%3Cspan%20style%3D%22display%3A%20none%3B%22%20data-field-option%3D%22uifm-help-block%22%20class%3D%22uifm-label-helpblock%20uifm-f-option%22%3E%0A%20%20%20%20%20%20%20%20%20%20%20%20%20%20%20%20%20%20%20%20%20%20%20%20%20%20%20%20%20%20%20%20%20%20%20%20%3Cspan%20class%3D%22fa%20fa-question-circle%22%3E%3C%2Fspan%3E%0A%20%20%20%20%20%20%20%20%20%20%20%20%20%20%20%20%20%20%20%20%20%20%20%20%20%20%20%20%20%20%20%20%3C%2Fspan%3E%20%0A%20%20%20%20%20%20%20%20%20%20%20%20%20%20%20%20%20%20%20%20%20%20%20%20%20%20%20%20%20%20%20%3Cspan%20style%3D%22font-size%3A%2014px%3B%20font-weight%3A%20normal%3B%20color%3A%20rgb(0%2C%200%2C%200)%3B%20font-family%3A%20%26quot%3BComic%20Sans%20MS%26quot%3B%2CArial%2Csans-serif%22%20data-field-store%3D%22label-text%22%20data-field-option%3D%22uifm-label%22%20class%3D%22uifm-label%20uifm-f-option%22%3EYour%20Message%3C%2Fspan%3E%0A%20%20%20%20%20%20%20%20%20%20%20%20%20%20%20%20%20%20%20%20%20%20%20%20%20%20%20%20%20%20%20%3Cspan%20style%3D%22font-size%3A%2014px%3B%20font-weight%3A%20bold%3B%20font-style%3A%20italic%3B%20text-decoration%3A%20underline%3B%20color%3A%20rgb(0%2C%200%2C%200)%3B%20font-family%3A%20%26quot%3BComic%20Sans%20MS%26quot%3B%2CArial%2Csans-serif%22%20data-field-store%3D%22sublabel-text%22%20data-field-option%3D%22uifm-sublabel%22%20class%3D%22uifm-sublabel%20uifm-f-option%22%3E%3C%2Fspan%3E%0A%20%20%20%20%20%20%20%20%20%20%20%20%20%20%20%20%20%20%20%20%20%20%20%20%20%20%20%20%3C%2Flabel%3E%0A%20%20%20%20%20%20%20%20%20%20%20%20%20%20%20%20%20%20%20%20%20%20%20%20%20%20%20%20%20%0A%20%20%20%20%20%20%20%20%20%20%20%20%20%20%20%20%20%20%20%20%20%20%20%20%3C%2Fdiv%3E%0A%20%20%20%20%20%20%20%20%20%20%20%20%20%20%20%20%20%20%20%20%3C%2Fdiv%3E%0A%20%20%20%20%20%20%20%20%20%20%20%20%20%20%20%20%20%20%20%20%3Cdiv%20class%3D%22rkfm-col-sm-12%22%3E%0A%20%20%20%20%20%20%20%20%20%20%20%20%20%20%20%20%20%20%20%20%20%20%20%20%3Cdiv%20class%3D%22uifm-input-container%22%3E%0A%20%20%20%20%20%20%20%20%20%20%20%20%20%20%20%20%20%20%20%20%20%20%20%20%20%20%20%20%3Ctextarea%20placeholder%3D%22%22%20style%3D%22font-size%3A%2014px%3B%20font-weight%3A%20normal%3B%20color%3A%20rgb(0%2C%200%2C%200)%3B%20text-align%3A%20left%3B%20background%3A%20none%20repeat%20scroll%200%25%200%25%20rgb(255%2C%20255%2C%20255)%3B%20border-radius%3A%200px%3B%20border%3A%201px%20solid%20rgb(204%2C%20204%2C%20204)%3B%22%20data-field-store%3D%22input-value%22%20data-field-option%3D%22uifm-txtbox-inp-val%22%20class%3D%22uifm-txtbox-inp-val%20form-control%20uifm-f-option%22%3E%3C%2Ftextarea%3E%0A%20%20%20%20%20%20%20%20%20%20%20%20%20%20%20%20%20%20%20%20%20%20%20%20%3C%2Fdiv%3E%0A%20%20%20%20%20%20%20%20%20%20%20%20%20%20%20%20%20%20%20%20%20%20%20%20%3Cdiv%20style%3D%22display%3A%20none%3B%22%20data-field-option%3D%22uifm-help-block%22%20class%3D%22uifm-help-block%20uifm-f-option%22%3E%0A%20%20%20%20%20%20%20%20%20%20%20%20%20%20%20%20%20%20%20%20%20%20%20%20%20%20%20%20Help%20block%20text%20%20%20%20%20%20%20%20%20%20%20%20%20%20%20%20%20%20%20%20%20%20%20%20%3C%2Fdiv%3E%0A%20%20%20%20%20%20%20%20%20%20%20%20%20%20%20%20%20%20%20%20%3C%2Fdiv%3E%0A%20%20%20%20%20%20%20%20%20%20%20%20%20%20%20%20%3C%2Fdiv%3E%0A%20%20%20%20%20%20%20%20%20%20%20%20%20%20%20%20%3Cdiv%20class%3D%22uiform-field-move-box-inner%22%3E%0A%20%20%20%20%20%20%20%20%20%20%20%20%20%20%20%20%20%20%20%20%3Ci%20class%3D%22fa%20fa-arrows%22%3E%3C%2Fi%3E%0A%20%20%20%20%20%20%20%20%20%20%20%20%20%20%20%20%3C%2Fdiv%3E%0A%20%20%20%20%20%20%20%20%20%20%20%20%3C%2Fdiv%3E%0A%20%20%20%20%20%20%20%20%3C%2Fdiv%3E%3Cdiv%20style%3D%22position%3A%20relative%3B%22%20id%3D%22ui97sw8n5q8%22%20data-typefield%3D%2220%22%20class%3D%22uiform-submitbtn%20uiform-field%20uiform-field-move-wrap%22%3E%0A%20%20%20%20%20%20%20%20%20%20%20%20%3Cdiv%20class%3D%22uiform-field-wrap%20uiform-field-move%22%3E%0A%20%20%20%20%20%20%20%20%20%20%20%20%20%20%20%20%3Cdiv%20class%3D%22rkfm-row%22%3E%0A%20%20%20%20%20%20%20%20%20%20%20%20%20%20%20%20%20%20%20%20%3Cdiv%20class%3D%22rkfm-col-sm-2%22%20style%3D%22display%3A%20none%3B%22%3E%0A%20%20%20%20%20%20%20%20%20%20%20%20%20%20%20%20%20%20%20%20%20%20%20%20%3Cdiv%20class%3D%22uifm-control-label%22%3E%0A%20%20%20%20%20%20%20%20%20%20%20%20%20%20%20%20%20%20%20%20%20%20%20%20%20%20%20%20%3Clabel%20class%3D%22control-label%22%3E%0A%20%20%20%20%20%20%20%20%20%20%20%20%20%20%20%20%20%20%20%20%20%20%20%20%20%20%20%20%20%20%20%20%3Cspan%20style%3D%22display%3A%20none%3B%22%20data-field-option%3D%22uifm-help-block%22%20class%3D%22uifm-label-helpblock%20uifm-f-option%22%3E%0A%20%20%20%20%20%20%20%20%20%20%20%20%20%20%20%20%20%20%20%20%20%20%20%20%20%20%20%20%20%20%20%20%20%20%20%20%3Cspan%20class%3D%22fa%20fa-question-circle%22%3E%3C%2Fspan%3E%0A%20%20%20%20%20%20%20%20%20%20%20%20%20%20%20%20%20%20%20%20%20%20%20%20%20%20%20%20%20%20%20%20%3C%2Fspan%3E%20%0A%20%20%20%20%20%20%20%20%20%20%20%20%20%20%20%20%20%20%20%20%20%20%20%20%20%20%20%20%20%20%20%3Cspan%20style%3D%22font-size%3A%2014px%3B%20font-weight%3A%20normal%3B%20color%3A%20rgb(0%2C%200%2C%200)%3B%20font-family%3A%20%26quot%3BComic%20Sans%20MS%26quot%3B%2CArial%2Csans-serif%22%20data-field-store%3D%22label-text%22%20data-field-option%3D%22uifm-label%22%20class%3D%22uifm-label%20uifm-f-option%22%3EText%20label%3C%2Fspan%3E%0A%20%20%20%20%20%20%20%20%20%20%20%20%20%20%20%20%20%20%20%20%20%20%20%20%20%20%20%20%20%20%20%3Cspan%20style%3D%22font-size%3A%2014px%3B%20font-weight%3A%20bold%3B%20font-style%3A%20italic%3B%20text-decoration%3A%20underline%3B%20color%3A%20rgb(0%2C%200%2C%200)%3B%20font-family%3A%20%26quot%3BComic%20Sans%20MS%26quot%3B%2CArial%2Csans-serif%22%20data-field-store%3D%22sublabel-text%22%20data-field-option%3D%22uifm-sublabel%22%20class%3D%22uifm-sublabel%20uifm-f-option%22%3E%3C%2Fspan%3E%0A%20%20%20%20%20%20%20%20%20%20%20%20%20%20%20%20%20%20%20%20%20%20%20%20%20%20%20%20%3C%2Flabel%3E%0A%20%20%20%20%20%20%20%20%20%20%20%20%20%20%20%20%20%20%20%20%20%20%20%20%3C%2Fdiv%3E%0A%20%20%20%20%20%20%20%20%20%20%20%20%20%20%20%20%20%20%20%20%3C%2Fdiv%3E%0A%20%20%20%20%20%20%20%20%20%20%20%20%20%20%20%20%20%20%20%20%3Cdiv%20class%3D%22rkfm-col-sm-12%22%3E%0A%20%20%20%20%20%20%20%20%20%20%20%20%20%20%20%20%20%20%20%20%20%20%20%20%3Cdiv%20style%3D%22text-align%3A%20left%3B%22%20class%3D%22uifm-input-container%22%3E%0A%20%20%20%20%20%20%20%20%20%20%20%20%20%20%20%20%20%20%20%20%20%20%20%20%20%20%20%20%0A%20%20%20%20%20%20%20%20%20%20%20%20%20%20%20%20%20%20%20%20%20%20%20%20%20%20%20%20%20%20%20%3Cinput%20style%3D%22font-size%3A%2014px%3B%20font-weight%3A%20normal%3B%20color%3A%20rgb(255%2C%20255%2C%20255)%3B%20text-align%3A%20left%3B%20background%3A%20linear-gradient(to%20bottom%2C%20rgb(85%2C%20172%2C%20248)%2C%20rgb(45%2C%20108%2C%20162))%20repeat%20scroll%200%25%200%25%20rgb(85%2C%20172%2C%20248)%3B%20border-radius%3A%2017px%3B%20border%3A%200px%20solid%20rgb(0%2C%200%2C%200)%3B%22%20class%3D%22btn%20uifm-txtbox-inp-val%22%20value%3D%22Submit%22%20type%3D%22submit%22%3E%0A%20%20%20%20%20%20%20%20%20%20%20%20%20%20%20%20%20%20%20%20%20%20%20%20%3C%2Fdiv%3E%0A%20%20%20%20%20%20%20%20%20%20%20%20%20%20%20%20%20%20%20%20%20%20%20%20%3Cdiv%20data-field-option%3D%22uifm-help-block%22%20style%3D%22display%3A%20none%3B%22%20class%3D%22uifm-help-block%20uifm-f-option%22%3E%0A%20%20%20%20%20%20%20%20%20%20%20%20%20%20%20%20%20%20%20%20%20%20%20%20%20%20%20%20Help%20block%20text%20%20%20%20%20%20%20%20%20%20%20%20%20%20%20%20%20%20%20%20%20%20%20%20%3C%2Fdiv%3E%0A%20%20%20%20%20%20%20%20%20%20%20%20%20%20%20%20%20%20%20%20%3C%2Fdiv%3E%0A%20%20%20%20%20%20%20%20%20%20%20%20%20%20%20%20%3C%2Fdiv%3E%0A%20%20%20%20%20%20%20%20%20%20%20%20%20%20%20%20%3Cdiv%20class%3D%22uiform-field-move-box-inner%22%3E%0A%20%20%20%20%20%20%20%20%20%20%20%20%20%20%20%20%20%20%20%20%3Ci%20class%3D%22fa%20fa-arrows%22%3E%3C%2Fi%3E%0A%20%20%20%20%20%20%20%20%20%20%20%20%20%20%20%20%3C%2Fdiv%3E%0A%20%20%20%20%20%20%20%20%20%20%20%20%3C%2Fdiv%3E%0A%20%20%20%20%20%20%20%20%3C%2Fdiv%3E%3C%2Fdiv%3E%0A%20%20%20%20%20%20%20%20%20%20%20%20%20%20%20%20%20%20%20%20%20%20%20%20%3C%2Fdiv%3E%0A%20%20%20%20%20%20%20%20%20%20%20%20%20%20%20%20%20%20%20%20%3C%2Fdiv%3E%0A%20%20%20%20%20%20%20%20%20%20%20%20%20%20%20%20%3C%2Fdiv%3E%0A%20%20%20%20%20%20%20%20%20%20%20%20%20%20%20%20%0A%20%20%20%20%20%20%20%20%20%20%20%20","flag_status":"1","created_date":"2015-05-16 05:00:29","updated_date":"2015-05-16 00:00:29","created_ip":"127.0.0.1","updated_ip":null,"created_by":"1","updated_by":null,"fmb_html_css":"#rockfm_uitn8ptsf15 .rockfm-input-container{ text-align:center; } #rockfm_uitn8ptsf15 .rockfm-heading{ display:inline-block; font-size:32px; color:#000000; } #rockfm_uitn8ptsf15 .rockfm-label{ display:block; font-size:14px; font-weight: normal; color:#000; font-family:'Comic Sans MS', Arial, sans-serif; } #rockfm_uitn8ptsf15 .rockfm-sublabel{ font-size:14px; font-weight: bold; font-style:italic; text-decoration:underline; color:#000; font-family:'Comic Sans MS', Arial, sans-serif; } #rockfm_uitn8ptsf15 .rockfm-control-label{ } #rockfm_uitn8ptsf15 .rockfm-wrap-label{ display:none; } #rockfm_uitn8ptsf15 .rockfm-help-block{ } \/*popover custom*\/ .popover_uitn8ptsf15 { } .popover_uitn8ptsf15 .popover-arrow:after{ } #rockfm_uirzjh5wm26 .rockfm-txtbox-inp-val{ font-size:14px; color:#000; text-align:left; background:#ffffff; -webkit-border-radius: 0; -moz-border-radius: 0; border-radius: 0px; border: solid #ccc 1px; } #rockfm_uirzjh5wm26 .rockfm-label{ display:block; font-size:14px; font-weight: normal; color:#000; font-family:'Comic Sans MS', Arial, sans-serif; } #rockfm_uirzjh5wm26 .rockfm-sublabel{ font-size:14px; font-weight: bold; font-style:italic; text-decoration:underline; color:#000; font-family:'Comic Sans MS', Arial, sans-serif; } #rockfm_uirzjh5wm26 .rockfm-control-label{ text-align: left; } #rockfm_uirzjh5wm26 .rockfm-wrap-label{ } #rockfm_uirzjh5wm26 .rockfm-help-block{ } \/*popover custom*\/ .popover_uirzjh5wm26 { background:#ffffff!important; color:#000000; } .popover_uirzjh5wm26 .popover-arrow:after{ border-top-color:#ffffff!important; } #rockfm_uic0bfz4tb9 .rockfm-txtbox-inp-val{ font-size:14px; color:#000; text-align:left; background:#ffffff; -webkit-border-radius: 0; -moz-border-radius: 0; border-radius: 0px; border: solid #ccc 1px; } #rockfm_uic0bfz4tb9 .rockfm-label{ display:block; font-size:14px; font-weight: normal; color:#000; font-family:'Comic Sans MS', Arial, sans-serif; } #rockfm_uic0bfz4tb9 .rockfm-sublabel{ font-size:14px; font-weight: bold; font-style:italic; text-decoration:underline; color:#000; font-family:'Comic Sans MS', Arial, sans-serif; } #rockfm_uic0bfz4tb9 .rockfm-control-label{ text-align: left; } #rockfm_uic0bfz4tb9 .rockfm-wrap-label{ } #rockfm_uic0bfz4tb9 .rockfm-help-block{ } \/*popover custom*\/ .popover_uic0bfz4tb9 { background:#ffffff!important; color:#000000; } .popover_uic0bfz4tb9 .popover-arrow:after{ border-top-color:#ffffff!important; } #rockfm_uid9f1kpfba .rockfm-txtbox-inp-val{ font-size:14px; color:#000; text-align:left; background:#ffffff; -webkit-border-radius: 0; -moz-border-radius: 0; border-radius: 0px; border: solid #ccc 1px; } #rockfm_uid9f1kpfba .rockfm-label{ display:block; font-size:14px; font-weight: normal; color:#000; font-family:'Comic Sans MS', Arial, sans-serif; } #rockfm_uid9f1kpfba .rockfm-sublabel{ font-size:14px; font-weight: bold; font-style:italic; text-decoration:underline; color:#000; font-family:'Comic Sans MS', Arial, sans-serif; } #rockfm_uid9f1kpfba .rockfm-control-label{ text-align: left; } #rockfm_uid9f1kpfba .rockfm-wrap-label{ } #rockfm_uid9f1kpfba .rockfm-help-block{ } \/*popover custom*\/ .popover_uid9f1kpfba { background:#ffffff!important; color:#000000; } .popover_uid9f1kpfba .popover-arrow:after{ border-top-color:#ffffff!important; } #rockfm_uijbao7892d .rockfm-txtbox-inp-val{ font-size:14px; color:#000; text-align:left; background:#ffffff; -webkit-border-radius: 0; -moz-border-radius: 0; border-radius: 0px; border: solid #ccc 1px; } #rockfm_uijbao7892d .rockfm-label{ display:block; font-size:14px; font-weight: normal; color:#000; font-family:'Comic Sans MS', Arial, sans-serif; } #rockfm_uijbao7892d .rockfm-sublabel{ font-size:14px; font-weight: bold; font-style:italic; text-decoration:underline; color:#000; font-family:'Comic Sans MS', Arial, sans-serif; } #rockfm_uijbao7892d .rockfm-control-label{ text-align: left; } #rockfm_uijbao7892d .rockfm-wrap-label{ } #rockfm_uijbao7892d .rockfm-help-block{ } \/*popover custom*\/ .popover_uijbao7892d { background:#ffffff!important; color:#000000; } .popover_uijbao7892d .popover-arrow:after{ border-top-color:#ffffff!important; }#rockfm_ui97sw8n5q8 .rockfm-input-container{ text-align:left; } #rockfm_ui97sw8n5q8 .rockfm-txtbox-inp-val{ font-size:14px; color:#ffffff; background: #55acf8; background-image: -webkit-linear-gradient(top, #55acf8, #2d6ca2); background-image: -moz-linear-gradient(top, #55acf8, #2d6ca2); background-image: -ms-linear-gradient(top, #55acf8, #2d6ca2); background-image: -o-linear-gradient(top, #55acf8, #2d6ca2); background-image: linear-gradient(to bottom, #55acf8, #2d6ca2); -webkit-border-radius: 17; -moz-border-radius: 17; border-radius: 17px; border: solid #000 0px; } #rockfm_ui97sw8n5q8 .rockfm-label{ display:block; font-size:14px; font-weight: normal; color:#000; font-family:'Comic Sans MS', Arial, sans-serif; } #rockfm_ui97sw8n5q8 .rockfm-sublabel{ font-size:14px; font-weight: bold; font-style:italic; text-decoration:underline; color:#000; font-family:'Comic Sans MS', Arial, sans-serif; } #rockfm_ui97sw8n5q8 .rockfm-control-label{ } #rockfm_ui97sw8n5q8 .rockfm-wrap-label{ display:none; } #rockfm_ui97sw8n5q8 .rockfm-help-block{ } \/*popover custom*\/ .popover_ui97sw8n5q8 { } .popover_ui97sw8n5q8 .popover-arrow:after{ }#rockfm_form_8 .uiform-main-form{ background:#eeeeee; padding:20px 20px 25px 20px; }","fmb_default":"0","fmb_skin_status":"0","fmb_skin_data":null,"fmb_skin_type":"1","fmb_data2":"{\"sm_successtext\":\"%3Cdiv%20class%3D%22rockfm-alert%20rockfm-alert-success%22%20role%3D%22alert%22%3ESuccess!%20Form%20was%20sent%20successfully.%3C%2Fdiv%3E%0A\",\"sm_boxmsg_bg_st\":\"0\",\"sm_boxmsg_bg_type\":\"1\",\"sm_boxmsg_bg_solid\":\"\",\"sm_boxmsg_bg_start\":\"\",\"sm_boxmsg_bg_end\":\"\",\"mail_template_msg\":\"%3Cdiv%20align%3D%22center%22%3E%0A%20%20%3Ctable%20width%3D%22600%22%20cellspacing%3D%225%22%20cellpadding%3D%225%22%20border%3D%220%22%20style%3D%22background%3A%20%23daf1f8%3B%20border%3A%201px%20solid%20%23000000%3B%22%3E%0A%20%20%20%20%3Ctbody%3E%0A%20%20%20%20%20%20%3Ctr%3E%0A%20%20%20%20%20%20%20%20%3Cth%20style%3D%22background-color%3A%20%2391c5f2%3B%22%3ENew%20form%20request%3Cbr%20%2F%3E%0A%20%20%20%20%20%20%20%20%20%20%3C%2Fth%3E%0A%20%20%20%20%20%20%3C%2Ftr%3E%0A%20%20%20%20%20%20%3Ctr%3E%0A%20%20%20%20%20%20%20%20%3Ctd%20valign%3D%22top%22%20style%3D%22text-align%3A%20left%3B%22%3EYou%20are%20receiving%20a%20new%20form%20request%3A%3Cbr%20%2F%3E%0A%20%20%20%20%20%20%20%20%20%20%3Cbr%20%2F%3E%0A%20%20%20%20%20%20%20%20%20%20%5BCONTENT%5D%3Cbr%20%2F%3E%0A%20%20%20%20%20%20%20%20%20%20%3Cbr%20%2F%3E%0A%20%20%20%20%20%20%20%20%20%20%3C%2Ftd%3E%0A%20%20%20%20%20%20%3C%2Ftr%3E%0A%20%20%20%20%20%20%3Ctr%3E%0A%20%20%20%20%20%20%20%20%3Ctd%20style%3D%22text-align%3A%20left%3B%22%3E%0A%20%20%20%20%20%20%20%20%20%20Form%20information%3A%3Cbr%2F%3E%0A%20%20%20%20%20%20%20%20%20%20URL%3A%5BURL_CLIENT%5D%3Cbr%20%2F%3E%0A%20%20%20%20%20%20%20%20%20%20Form%3A%20%5BFORM_NAME%5D%3Cbr%20%2F%3E%0A%20%20%20%20%20%20%20%20%20%20%3C%2Ftd%3E%0A%20%20%20%20%20%20%3C%2Ftr%3E%0A%20%20%20%20%3C%2Ftbody%3E%0A%20%20%3C%2Ftable%3E%3C%2Fdiv%3E%0A\",\"mail_recipient\":\"test@example.com\",\"mail_cc\":\"\",\"mail_bcc\":\"\",\"mail_subject\":\"Here goes your subject mail\"}"}}