{"options":{"name":"Simple File Upload Example","id":"4","notes":"<p><small>To add automated emails in stage 4\u00a0 : <br \/>1) add a new default email template<br \/>( see the templates tab for this <small> (requires PRO) )<\/small>.<br \/> 2) edit the new email template's <strong>message<\/strong> field and change the\u00a0 <strong>[wtf_fu_show_files]<\/strong> shortcode to match the upload directory attributes.<br \/> e.g. <strong>[wtf_fu_show_files wtf_upload_dir=\"demofiles\" wtf_upload_subdir=\"images\" email_format=\"1\"]<\/strong><br \/> 3) edit stage 4 of this workflow and select this new email template you created in the <strong>send_email<\/strong> field.<br \/><\/small><\/p>","description":"<p><small><strong>Simple Upload Workflow<\/strong><br \/>\r\n0) Introduction.<br \/>\r\n1) Upload some image files.<br \/>\r\n2) Display and re-order the images.<br \/>\r\n3) Upload some music files.<br \/>\r\n4) Review files and submit + automated email.<br \/>\r\n5) Thank-you.<br \/>\r\n6) Complete.<\/small><\/p>","testing_mode":"1","include_plugin_style_default_overrides":"1","default_back_label":"Go Back","default_next_label":"Next","page_template":"0"},"stages":{"wtf-fu_workflow_4_stage_0_options":{"key_id":"0","options":{"stage_title":"Introduction","header":"<p>Welcome <strong>%%USER_NAME%%<\/strong>, thank-you for purchasing\/subscribing\/joining our <strong>%%WORKFLOW_NAME%%<\/strong> package.<\/p>","content_area":"<p>You will be automatically asked to upload some files for our attention. This will involve the following steps.<\/p>\r\n<ol>\r\n<li>Upload up to 10 image files.<\/li>\r\n<li>Arrange your images in your order of preference.<\/li>\r\n<li>Upload up to 3 music files.<\/li>\r\n<li>Review your uploaded files and submit to us for processing.<\/li>\r\n<li>Receive confirmation of your submission.<\/li>\r\n<li>Completion.<\/li>\r\n<\/ol>\r\n<p>After you have submitted your files you will be sent a confirmation email.<\/p>\r\n<p>Press the 'Start' button below to get started now.<\/p>","footer":"<p>Click 'start' above to begin. You may return to this stage later by using the back button.<\/p>","next_active":"1","next_label":"Start","next_js":"","back_active":"0","back_label":"","back_js":"","pre_hook":"","post_hook":""}},"wtf-fu_workflow_4_stage_1_options":{"key_id":"1","options":{"stage_title":"%%WORKFLOW_STAGE_NUMBER%%. Upload some image files.","header":"<p>In this step you may upload some images.<\/p>","content_area":"<p>Add files by dragging and dropping files to this page, or using the 'add files' button.<\/p>\r\n<p>The following restrictions are in place :<\/p>\r\n<ol>\r\n<li>Files must be of the type jpg, jpeg, png, or gif.<\/li>\r\n<li>The maximum size for uploaded files is restricted to 2 mb.<\/li>\r\n<li>A Maximum of 20 files may be uploaded.<\/li>\r\n<\/ol>\r\n<p>[wtf_fu_upload wtf_upload_dir=demofiles wtf_upload_subdir=images accept_file_types=jpg|jpeg|png|gif max_file_size=2 max_number_of_files=20]<\/p>","footer":"<p>Click 'Next' once you are finished uploading your files. You will be able to return to here to upload more files at a later stage if you wish.<\/p>","next_active":"1","next_label":"Next","next_js":"","back_active":"1","back_label":"","back_js":"","pre_hook":"","post_hook":""}},"wtf-fu_workflow_4_stage_2_options":{"key_id":"2","options":{"stage_title":"%%WORKFLOW_STAGE_NUMBER%%. Order your Images.","header":"<p>In this step you can rearrange your files to your preferred order.<\/p>","content_area":"<p>Drag your files with the mouse into the order you want them.<\/p>\r\n<p>&nbsp;<\/p>\r\n<p>[wtf_fu_show_files wtf_upload_dir=demofiles wtf_upload_subdir=images reorder=1]<\/p>","footer":"<p>In the next step you can upload some music files.<\/p>","next_active":"1","next_label":"Next","next_js":"","back_active":"1","back_label":"","back_js":"","pre_hook":"","post_hook":""}},"wtf-fu_workflow_4_stage_3_options":{"key_id":"3","options":{"stage_title":"%%WORKFLOW_STAGE_NUMBER%%. Upload some music files","header":"<p>In this step you can upload some music files.<\/p>","content_area":"<p>Drag and drop your music file below.<\/p>\r\n<p>Add files by dragging and dropping files to this page, or using the 'add files' button.<\/p>\r\n<p>The following restrictions are in place :<\/p>\r\n<ol>\r\n<li>Files must be of the type mp3, wav, or ogg.<\/li>\r\n<li>The maximum size for uploaded files is restricted to 5mb.<\/li>\r\n<li>A Maximum of 3 files may be uploaded.<\/li>\r\n<\/ol>\r\n<p>\r\n[wtf_fu_upload wtf_upload_dir=demofiles\u00a0 wtf_upload_subdir=music accept_file_types=mp3|wav|ogg max_file_size=5 max_number_of_files=3]<\/p>\r\n","footer":"<p>Click 'Next' to review your order.<\/p>","next_active":"1","next_label":"Next","next_js":"","back_active":"1","back_label":"","back_js":"","pre_hook":"","post_hook":""}},"wtf-fu_workflow_4_stage_4_options":{"key_id":"4","options":{"stage_title":"%%WORKFLOW_STAGE_NUMBER%%. Review and submit.","header":"<p>In this step you can review your files before submitting them.<\/p>","content_area":"<p>Please check that all your files are present and ordered correctly, if not please use the back button to make changes as required.<\/p>\r\n<p>You can view your images full size in a gallery display by clicking one of them.<\/p>\r\n<p>Your image files :\r\n[wtf_fu_show_files wtf_upload_dir=\"demofiles\" wtf_upload_subdir=\"images\"]<\/p>\r\n<hr style=\"clear: left;\" \/>\r\n<p>Your music files :\r\n[wtf_fu_show_files wtf_upload_dir=demofiles wtf_upload_subdir=music vertical=1] \r\n<br style=\"clear: left;\" \/> If everything looks good press Submit now to continue.<\/p>","footer":"<p>Click Submit'\u00a0to submit once everything is correct. ( You will not be able to return to this step once you have submitted your files. )<\/p>","next_active":"1","next_label":"Submit","next_js":"onClick=\"return confirm('Are you ready to submit your files ?');\" ","back_active":"1","back_label":"","back_js":"","pre_hook":"","post_hook":""}},"wtf-fu_workflow_4_stage_5_options":{"key_id":"5","options":{"stage_title":"%%WORKFLOW_STAGE_NUMBER%%. Thankyou","header":"<p>Your files have been submitted. You should shortly receive an email<\/p>","content_area":"<p>You should shortly receive a confirmation email containing a thumbnail\u00a0listing of the files you submitted to us.<\/p>\r\n<p>Once we have done some stuff with your files you will be notified. After that you will then be enabled to proceed onto the next step where you can review what we have done and download the finished product.<\/p>","footer":"<p>Your order is being processed. Once that is completed you will be notified and then be able to come back and proceed onto the next stage.<\/p>","next_active":"0","next_label":"Next","next_js":"","back_active":"0","back_label":"","back_js":"","pre_hook":"","post_hook":""}},"wtf-fu_workflow_4_stage_6_options":{"key_id":"6","options":{"stage_title":"%%WORKFLOW_STAGE_NUMBER%%. Complete","header":"<p>Your order is now complete. <\/p>","content_area":"<p>If you enjoyed our service please tell all your friends about us .<\/p>\r\n<p>If you didn't, please try to keep your mouth shut :).<\/p>\r\n<p>You submitted the following files :<\/p>\r\n<p>Images : [wtf_fu_show_files wtf_upload_dir=\"demofiles\" wtf_upload_subdir=\"images\"]<\/p>\r\n<p>&nbsp;<\/p>\r\n<hr style=\"clear: left;\" \/>\r\n<p>Music : [wtf_fu_show_files wtf_upload_dir=\"demofiles\" wtf_upload_subdir=\"music\"]<\/p>\r\n<p style=\"clear: left;\">Hope you had fun with this demo :)<\/p>\r\n<p>If you have any questions feel free to email %%ADMIN_NAME%% at <a href=\"mailto:%%ADMIN_EMAIL%%?Subject=%%WORKFLOW_NAME%%\" target=\"_top\">%%ADMIN_EMAIL%%<\/a>","footer":"You have now completed this demo and cannot go back to previous stages. Please contact %%ADMIN_EMAIL%% if you need to go back to a previous stage.","next_active":"0","next_label":"Next","next_js":"","back_active":"0","back_label":"","back_js":"","pre_hook":"","post_hook":""}}},"version":"2.3.0"}