<?xml version="1.0" ?>

<container xmlns="http://symfony.com/schema/dic/services"
           xmlns:xsi="http://www.w3.org/2001/XMLSchema-instance"
           xsi:schemaLocation="http://symfony.com/schema/dic/services http://symfony.com/schema/dic/services/services-1.0.xsd">

    <parameters>
        <parameter key="evp_ticket_maintenance.ban_manager.ips" type="collection">
            <parameter>72.14.199.193</parameter>
            <parameter>72.14.199.43</parameter>
        </parameter>

        <parameter key="evp_ticket_maintenance.ban_manager.user_agents" type="collection">
            <parameter>AdsBot</parameter>
            <parameter>SearchBot</parameter>
        </parameter>

        <parameter key="evp_ticket_maintenance.ban_manager.affected_routes" type="collection">
            <parameter>evp_send_tickets</parameter>
            <parameter>evp_send_ticket</parameter>
            <parameter>evp_send_invoice</parameter>
            <parameter>evp_print_tickets</parameter>
            <parameter>evp_print_ticket</parameter>
            <parameter>evp_print_invoice</parameter>
        </parameter>
    </parameters>
</container>
