[{"bar_id":"16","wptb_version":"5.06","weighting_points":"25","enable_topbar":"false","include_pages":"0","invert_include":"no","include_categories":"0","invert_categories":"no","include_logic":"page_only","show_homepage":"conditionally","only_logged_in":"all","mobile_check":"all_devices","php_text_prefix":"","php_text_suffix":"","delay_time":"5000","slide_time":"200","display_time":"0","start_time":"0","end_time":"0","start_time_utc":"0","end_time_utc":"0","respect_cookie":"ignore","cookie_value":"1","past_cookie_values":"1","allow_close":"no","allow_reopen":"no","reopen_position":"open","topbar_pos":"header","scroll_action":"off","scroll_amount":"0","text_color":"#000000","bar_color":"#ffffff","bottom_color":"#f90000","link_color":"#c00000","bottom_border_height":"3","font_size":"14","padding_top":"8","padding_bottom":"8","margin_top":"0","margin_bottom":"0","margin_left":"0","margin_right":"0","close_button_image":"http:\/\/wordpress.org\/wp\/wp-content\/plugins\/wp-topbar\/lib\/images\/close.png","close_button_css":"vertical-align:text-bottom;float:right;padding-right:20px;","reopen_button_image":"http:\/\/wordpress.org\/wp\/wp-content\/plugins\/wp-topbar\/lib\/images\/open.png","reopen_button_css":"display:none; float:right; left: 0px; width:100%; height: 17px; z-index:9999999; padding-right:10px; margin-right: 10px;color:#fff; width: 35px; height: 33px; text-decoration: none; cursor:pointer;","link_target":"blank","bar_link":"http:\/\/wordpress.org\/extend\/plugins\/wp-topbar\/","bar_text":"Get your own TopBar ","bar_link_text":"from the Wordpress plugin repository","text_align":"center","bar_image":"http:\/\/wordpress.org\/wp\/wp-content\/plugins\/wp-topbar\/lib\/samples\/wp-topbar_sample_image_2.jpg","enable_image":"true","custom_css_bar":"background-repeat: no-repeat;","custom_css_text":"","div_css":"position:fixed; top: 40; padding:0; margin:0; width: 100%; z-index: 99999;","div_custom_html":"","bar_custom_html":"","bar_link_custom_html":"","social_icon1":"off","social_icon2":"off","social_icon3":"off","social_icon4":"off","social_icon5":"off","social_icon6":"off","social_icon7":"off","social_icon8":"off","social_icon9":"off","social_icon10":"off","social_icon1_image":"http:\/\/wordpress.org\/wp\/wp-content\/plugins\/wp-topbar\/lib\/icons\/PNG\/twitter.png","social_icon2_image":"http:\/\/wordpress.org\/wp\/wp-content\/plugins\/wp-topbar\/lib\/icons\/PNG\/facebook.png","social_icon3_image":"http:\/\/wordpress.org\/wp\/wp-content\/plugins\/wp-topbar\/lib\/icons\/PNG\/google.png","social_icon4_image":"","social_icon5_image":"","social_icon6_image":"","social_icon7_image":"","social_icon8_image":"","social_icon9_image":"","social_icon10_image":"","social_icon1_link":"http:\/\/twitter.com\/#!\/wordpress","social_icon2_link":"http:\/\/www.facebook.com\/WordPress","social_icon3_link":"http:\/\/plus.google.com\/s\/wordpress","social_icon4_link":"","social_icon5_link":"","social_icon6_link":"","social_icon7_link":"","social_icon8_link":"","social_icon9_link":"","social_icon10_link":"","social_icon1_css":"height:23px; vertical-align:text-bottom;","social_icon2_css":"height:23px; vertical-align:text-bottom;","social_icon3_css":"height:23px; vertical-align:text-bottom;","social_icon4_css":"","social_icon5_css":"","social_icon6_css":"","social_icon7_css":"","social_icon8_css":"","social_icon9_css":"","social_icon10_css":"","social_icon1_link_target":"blank","social_icon2_link_target":"blank","social_icon3_link_target":"blank","social_icon4_link_target":"blank","social_icon5_link_target":"blank","social_icon6_link_target":"blank","social_icon7_link_target":"blank","social_icon8_link_target":"blank","social_icon9_link_target":"blank","social_icon10_link_target":"blank","social_icon1_position":"right","social_icon2_position":"right","social_icon3_position":"right","social_icon4_position":"right","social_icon5_position":"right","social_icon6_position":"right","social_icon7_position":"right","social_icon8_position":"right","social_icon9_position":"right","social_icon10_position":"right"},{"bar_id":"17","wptb_version":"5.06","weighting_points":"25","enable_topbar":"false","include_pages":"0","invert_include":"no","include_categories":"0","invert_categories":"no","include_logic":"page_only","show_homepage":"conditionally","only_logged_in":"all","mobile_check":"all_devices","php_text_prefix":"","php_text_suffix":"","delay_time":"5000","slide_time":"200","display_time":"0","start_time":"0","end_time":"0","start_time_utc":"0","end_time_utc":"0","respect_cookie":"ignore","cookie_value":"1","past_cookie_values":"1","allow_close":"no","allow_reopen":"no","reopen_position":"open","topbar_pos":"header","scroll_action":"off","scroll_amount":"0","text_color":"#000000","bar_color":"#81d742","bottom_color":"#000000","link_color":"#ffffff","bottom_border_height":"0","font_size":"14","padding_top":"8","padding_bottom":"8","margin_top":"0","margin_bottom":"0","margin_left":"0","margin_right":"0","close_button_image":"http:\/\/wordpress.org\/wp\/wp-content\/plugins\/wp-topbar\/lib\/samples\/close.png","close_button_css":"vertical-align:text-bottom;float:right;padding-right:20px;","reopen_button_image":"http:\/\/wordpress.org\/wp\/wp-content\/plugins\/wp-topbar\/lib\/samples\/open.png","reopen_button_css":"display:none; float:right; left: 0px; width:100%; height: 17px; z-index:9999999; padding-right:10px; margin-right: 10px;color:#fff; width: 35px; height: 33px; text-decoration: none; cursor:pointer;","link_target":"blank","bar_link":"http:\/\/wordpress.org\/extend\/plugins\/wp-topbar\/","bar_text":"Get your own TopBar ","bar_link_text":"from the Wordpress plugin repository","text_align":"center","bar_image":"http:\/\/wordpress.org\/wp\/wp-content\/plugins\/wp-topbar\/lib\/samples\/wp-topbar_sample_image_2.jpg","enable_image":"false","custom_css_bar":"background-repeat: no-repeat;opacity:.6;","custom_css_text":"","div_css":"position:fixed; top: 40; padding:0; margin:0; width: 100%; z-index: 99999;opacity:.6;","div_custom_html":"","bar_custom_html":"","bar_link_custom_html":"","social_icon1":"off","social_icon2":"off","social_icon3":"off","social_icon4":"off","social_icon5":"off","social_icon6":"off","social_icon7":"off","social_icon8":"off","social_icon9":"off","social_icon10":"off","social_icon1_image":"http:\/\/wordpress.org\/wp\/wp-content\/plugins\/wp-topbar\/lib\/samples\/twitter.png","social_icon2_image":"http:\/\/wordpress.org\/wp\/wp-content\/plugins\/wp-topbar\/lib\/samples\/facebook.png","social_icon3_image":"http:\/\/wordpress.org\/wp\/wp-content\/plugins\/wp-topbar\/lib\/samples\/google.png","social_icon4_image":"","social_icon5_image":"","social_icon6_image":"","social_icon7_image":"","social_icon8_image":"","social_icon9_image":"","social_icon10_image":"","social_icon1_link":"http:\/\/twitter.com\/#!\/wordpress","social_icon2_link":"http:\/\/www.facebook.com\/WordPress","social_icon3_link":"http:\/\/plus.google.com\/s\/wordpress","social_icon4_link":"","social_icon5_link":"","social_icon6_link":"","social_icon7_link":"","social_icon8_link":"","social_icon9_link":"","social_icon10_link":"","social_icon1_css":"height:23px; vertical-align:text-bottom;","social_icon2_css":"height:23px; vertical-align:text-bottom;","social_icon3_css":"height:23px; vertical-align:text-bottom;","social_icon4_css":"","social_icon5_css":"","social_icon6_css":"","social_icon7_css":"","social_icon8_css":"","social_icon9_css":"","social_icon10_css":"","social_icon1_link_target":"blank","social_icon2_link_target":"blank","social_icon3_link_target":"blank","social_icon4_link_target":"blank","social_icon5_link_target":"blank","social_icon6_link_target":"blank","social_icon7_link_target":"blank","social_icon8_link_target":"blank","social_icon9_link_target":"blank","social_icon10_link_target":"blank","social_icon1_position":"right","social_icon2_position":"right","social_icon3_position":"right","social_icon4_position":"right","social_icon5_position":"right","social_icon6_position":"right","social_icon7_position":"right","social_icon8_position":"right","social_icon9_position":"right","social_icon10_position":"right"},{"bar_id":"18","wptb_version":"5.06","weighting_points":"25","enable_topbar":"false","include_pages":"0","invert_include":"no","include_categories":"0","invert_categories":"no","include_logic":"page_only","show_homepage":"conditionally","only_logged_in":"all","mobile_check":"all_devices","php_text_prefix":"","php_text_suffix":"","delay_time":"5000","slide_time":"200","display_time":"0","start_time":"0","end_time":"0","start_time_utc":"0","end_time_utc":"0","respect_cookie":"ignore","cookie_value":"1","past_cookie_values":"1","allow_close":"no","allow_reopen":"no","reopen_position":"open","topbar_pos":"header","scroll_action":"off","scroll_amount":"0","text_color":"#000000","bar_color":"#ffffff","bottom_color":"#f90000","link_color":"#c00000","bottom_border_height":"0","font_size":"18","padding_top":"8","padding_bottom":"8","margin_top":"0","margin_bottom":"0","margin_left":"0","margin_right":"0","close_button_image":"http:\/\/wordpress.org\/wp\/wp-content\/plugins\/wp-topbar\/lib\/samples\/close.png","close_button_css":"vertical-align:text-bottom;float:right;padding-right:20px;","reopen_button_image":"http:\/\/wordpress.org\/wp\/wp-content\/plugins\/wp-topbar\/lib\/samples\/open.png","reopen_button_css":"display:none; float:right; left: 0px; width:100%; height: 17px; z-index:9999999; padding-right:10px; margin-right: 10px;color:#fff; width: 35px; height: 33px; text-decoration: none; cursor:pointer;","link_target":"blank","bar_link":"http:\/\/wordpress.org\/extend\/plugins\/wp-topbar\/","bar_text":"Get your own TopBar ","bar_link_text":"from the Wordpress plugin repository","text_align":"center","bar_image":"http:\/\/wordpress.org\/wp\/wp-content\/plugins\/wp-topbar\/lib\/samples\/filmstrip.png","enable_image":"true","custom_css_bar":"background-repeat:no-repeat; height:150px; line-height:150px; vertical-align:middle;background: transparent filter: alpha(opacity=90); opacity: 0.9;","custom_css_text":"background: #ffb7b7; !important","div_css":"position:fixed; top: 40; padding:0; margin:0; width: 100%; z-index: 99999;","div_custom_html":"","bar_custom_html":"","bar_link_custom_html":"","social_icon1":"off","social_icon2":"off","social_icon3":"off","social_icon4":"off","social_icon5":"off","social_icon6":"off","social_icon7":"off","social_icon8":"off","social_icon9":"off","social_icon10":"off","social_icon1_image":"http:\/\/wordpress.org\/wp\/wp-content\/plugins\/wp-topbar\/lib\/samples\/twitter.png","social_icon2_image":"http:\/\/wordpress.org\/wp\/wp-content\/plugins\/wp-topbar\/lib\/samples\/facebook.png","social_icon3_image":"http:\/\/wordpress.org\/wp\/wp-content\/plugins\/wp-topbar\/lib\/samples\/google.png","social_icon4_image":"","social_icon5_image":"","social_icon6_image":"","social_icon7_image":"","social_icon8_image":"","social_icon9_image":"","social_icon10_image":"","social_icon1_link":"http:\/\/twitter.com\/#!\/wordpress","social_icon2_link":"http:\/\/www.facebook.com\/WordPress","social_icon3_link":"http:\/\/plus.google.com\/s\/wordpress","social_icon4_link":"","social_icon5_link":"","social_icon6_link":"","social_icon7_link":"","social_icon8_link":"","social_icon9_link":"","social_icon10_link":"","social_icon1_css":"height:23px; vertical-align:text-bottom;","social_icon2_css":"height:23px; vertical-align:text-bottom;","social_icon3_css":"height:23px; vertical-align:text-bottom;","social_icon4_css":"","social_icon5_css":"","social_icon6_css":"","social_icon7_css":"","social_icon8_css":"","social_icon9_css":"","social_icon10_css":"","social_icon1_link_target":"blank","social_icon2_link_target":"blank","social_icon3_link_target":"blank","social_icon4_link_target":"blank","social_icon5_link_target":"blank","social_icon6_link_target":"blank","social_icon7_link_target":"blank","social_icon8_link_target":"blank","social_icon9_link_target":"blank","social_icon10_link_target":"blank","social_icon1_position":"right","social_icon2_position":"right","social_icon3_position":"right","social_icon4_position":"right","social_icon5_position":"right","social_icon6_position":"right","social_icon7_position":"right","social_icon8_position":"right","social_icon9_position":"right","social_icon10_position":"right"},{"bar_id":"19","wptb_version":"5.06","weighting_points":"25","enable_topbar":"false","include_pages":"0","invert_include":"no","include_categories":"0","invert_categories":"no","include_logic":"page_only","show_homepage":"conditionally","only_logged_in":"all","mobile_check":"all_devices","php_text_prefix":"","php_text_suffix":"","delay_time":"5000","slide_time":"200","display_time":"0","start_time":"0","end_time":"0","start_time_utc":"0","end_time_utc":"0","respect_cookie":"ignore","cookie_value":"1","past_cookie_values":"1","allow_close":"no","allow_reopen":"no","reopen_position":"open","topbar_pos":"header","scroll_action":"off","scroll_amount":"0","text_color":"#000000","bar_color":"#ffca3a","bottom_color":"#ffca3a","link_color":"#c00000","bottom_border_height":"3","font_size":"14","padding_top":"8","padding_bottom":"8","margin_top":"0","margin_bottom":"0","margin_left":"0","margin_right":"0","close_button_image":"http:\/\/wordpress.org\/wp\/wp-content\/plugins\/wp-topbar\/lib\/samples\/close.png","close_button_css":"vertical-align:text-bottom;float:right;padding-right:20px;","reopen_button_image":"http:\/\/wordpress.org\/wp\/wp-content\/plugins\/wp-topbar\/lib\/samples\/open.png","reopen_button_css":"display:none; float:right; left: 0px; width:100%; height: 17px; z-index:9999999; padding-right:10px; margin-right: 10px;color:#fff; width: 35px; height: 33px; text-decoration: none; cursor:pointer;","link_target":"blank","bar_link":"http:\/\/wordpress.org\/extend\/plugins\/wp-topbar\/","bar_text":"Get your own TopBar ","bar_link_text":"from the Wordpress plugin repository","text_align":"center","bar_image":"http:\/\/wordpress.org\/wp\/wp-content\/plugins\/wp-topbar\/lib\/samples\/wp-topbar_sample_image_2.jpg","enable_image":"false","custom_css_bar":"background-repeat: no-repeat;text-transform:uppercase;font-family:\\'georgia\\';padding-right:10px;","custom_css_text":"","div_css":"position:fixed; top: 40; padding:0; margin:0; width: 100%; z-index: 99999;","div_custom_html":"","bar_custom_html":"","bar_link_custom_html":"","social_icon1":"off","social_icon2":"off","social_icon3":"off","social_icon4":"off","social_icon5":"off","social_icon6":"off","social_icon7":"off","social_icon8":"off","social_icon9":"off","social_icon10":"off","social_icon1_image":"http:\/\/wordpress.org\/wp\/wp-content\/plugins\/wp-topbar\/lib\/samples\/twitter.png","social_icon2_image":"http:\/\/wordpress.org\/wp\/wp-content\/plugins\/wp-topbar\/lib\/samples\/facebook.png","social_icon3_image":"http:\/\/wordpress.org\/wp\/wp-content\/plugins\/wp-topbar\/lib\/samples\/google.png","social_icon4_image":"","social_icon5_image":"","social_icon6_image":"","social_icon7_image":"","social_icon8_image":"","social_icon9_image":"","social_icon10_image":"","social_icon1_link":"http:\/\/twitter.com\/#!\/wordpress","social_icon2_link":"http:\/\/www.facebook.com\/WordPress","social_icon3_link":"http:\/\/plus.google.com\/s\/wordpress","social_icon4_link":"","social_icon5_link":"","social_icon6_link":"","social_icon7_link":"","social_icon8_link":"","social_icon9_link":"","social_icon10_link":"","social_icon1_css":"height:23px; vertical-align:text-bottom;","social_icon2_css":"height:23px; vertical-align:text-bottom;","social_icon3_css":"height:23px; vertical-align:text-bottom;","social_icon4_css":"","social_icon5_css":"","social_icon6_css":"","social_icon7_css":"","social_icon8_css":"","social_icon9_css":"","social_icon10_css":"","social_icon1_link_target":"blank","social_icon2_link_target":"blank","social_icon3_link_target":"blank","social_icon4_link_target":"blank","social_icon5_link_target":"blank","social_icon6_link_target":"blank","social_icon7_link_target":"blank","social_icon8_link_target":"blank","social_icon9_link_target":"blank","social_icon10_link_target":"blank","social_icon1_position":"right","social_icon2_position":"right","social_icon3_position":"right","social_icon4_position":"right","social_icon5_position":"right","social_icon6_position":"right","social_icon7_position":"right","social_icon8_position":"right","social_icon9_position":"right","social_icon10_position":"right"},{"bar_id":"20","wptb_version":"5.06","weighting_points":"25","enable_topbar":"false","include_pages":"0","invert_include":"no","include_categories":"0","invert_categories":"no","include_logic":"page_only","show_homepage":"conditionally","only_logged_in":"all","mobile_check":"all_devices","php_text_prefix":"","php_text_suffix":"","delay_time":"5000","slide_time":"200","display_time":"0","start_time":"0","end_time":"0","start_time_utc":"0","end_time_utc":"0","respect_cookie":"ignore","cookie_value":"1","past_cookie_values":"1","allow_close":"no","allow_reopen":"no","reopen_position":"open","topbar_pos":"header","scroll_action":"off","scroll_amount":"0","text_color":"#ffffff","bar_color":"#000000","bottom_color":"#0c0000","link_color":"#ffffff","bottom_border_height":"3","font_size":"14","padding_top":"8","padding_bottom":"8","margin_top":"0","margin_bottom":"0","margin_left":"0","margin_right":"0","close_button_image":"http:\/\/wordpress.org\/wp\/wp-content\/plugins\/wp-topbar\/lib\/samples\/close.png","close_button_css":"vertical-align:text-bottom;float:right;padding-right:20px;","reopen_button_image":"http:\/\/wordpress.org\/wp\/wp-content\/plugins\/wp-topbar\/lib\/samples\/open.png","reopen_button_css":"display:none; float:right; left: 0px; width:100%; height: 17px; z-index:9999999; padding-right:10px; margin-right: 10px;color:#fff; width: 35px; height: 33px; text-decoration: none; cursor:pointer;","link_target":"blank","bar_link":"http:\/\/wordpress.org\/extend\/plugins\/wp-topbar\/","bar_text":"Get your own TopBar ","bar_link_text":"from the Wordpress plugin repository","text_align":"center","bar_image":"","enable_image":"false","custom_css_bar":"background-repeat: no-repeat;","custom_css_text":"","div_css":"position:fixed; top: 40; padding:0; margin:0; z-index: 99999;width: 100%;","div_custom_html":"","bar_custom_html":"","bar_link_custom_html":"","social_icon1":"off","social_icon2":"off","social_icon3":"off","social_icon4":"off","social_icon5":"off","social_icon6":"off","social_icon7":"off","social_icon8":"off","social_icon9":"off","social_icon10":"off","social_icon1_image":"http:\/\/wordpress.org\/wp\/wp-content\/plugins\/wp-topbar\/lib\/samples\/twitter.png","social_icon2_image":"http:\/\/wordpress.org\/wp\/wp-content\/plugins\/wp-topbar\/lib\/samples\/facebook.png","social_icon3_image":"http:\/\/wordpress.org\/wp\/wp-content\/plugins\/wp-topbar\/lib\/samples\/google.png","social_icon4_image":"","social_icon5_image":"","social_icon6_image":"","social_icon7_image":"","social_icon8_image":"","social_icon9_image":"","social_icon10_image":"","social_icon1_link":"http:\/\/twitter.com\/#!\/wordpress","social_icon2_link":"http:\/\/www.facebook.com\/WordPress","social_icon3_link":"http:\/\/plus.google.com\/s\/wordpress","social_icon4_link":"","social_icon5_link":"","social_icon6_link":"","social_icon7_link":"","social_icon8_link":"","social_icon9_link":"","social_icon10_link":"","social_icon1_css":"height:23px; vertical-align:text-bottom;","social_icon2_css":"height:23px; vertical-align:text-bottom;","social_icon3_css":"height:23px; vertical-align:text-bottom;","social_icon4_css":"","social_icon5_css":"","social_icon6_css":"","social_icon7_css":"","social_icon8_css":"","social_icon9_css":"","social_icon10_css":"","social_icon1_link_target":"blank","social_icon2_link_target":"blank","social_icon3_link_target":"blank","social_icon4_link_target":"blank","social_icon5_link_target":"blank","social_icon6_link_target":"blank","social_icon7_link_target":"blank","social_icon8_link_target":"blank","social_icon9_link_target":"blank","social_icon10_link_target":"blank","social_icon1_position":"right","social_icon2_position":"right","social_icon3_position":"right","social_icon4_position":"right","social_icon5_position":"right","social_icon6_position":"right","social_icon7_position":"right","social_icon8_position":"right","social_icon9_position":"right","social_icon10_position":"right"},{"bar_id":"21","wptb_version":"5.06","weighting_points":"25","enable_topbar":"false","include_pages":"0","invert_include":"no","include_categories":"0","invert_categories":"no","include_logic":"page_only","show_homepage":"conditionally","only_logged_in":"all","mobile_check":"all_devices","php_text_prefix":"","php_text_suffix":"","delay_time":"5000","slide_time":"200","display_time":"0","start_time":"0","end_time":"0","start_time_utc":"0","end_time_utc":"0","respect_cookie":"ignore","cookie_value":"1","past_cookie_values":"1","allow_close":"no","allow_reopen":"no","reopen_position":"open","topbar_pos":"header","scroll_action":"off","scroll_amount":"0","text_color":"#ffffff","bar_color":"#000000","bottom_color":"#0c0000","link_color":"#ffffff","bottom_border_height":"0","font_size":"14","padding_top":"8","padding_bottom":"8","margin_top":"0","margin_bottom":"0","margin_left":"0","margin_right":"0","close_button_image":"http:\/\/wordpress.org\/wp\/wp-content\/plugins\/wp-topbar\/lib\/samples\/close.png","close_button_css":"vertical-align:text-bottom;float:right;padding-right:20px;","reopen_button_image":"http:\/\/wordpress.org\/wp\/wp-content\/plugins\/wp-topbar\/lib\/samples\/open.png","reopen_button_css":"display:none; float:right; left: 0px; width:100%; height: 17px; z-index:9999999; padding-right:10px; margin-right: 10px;color:#fff; width: 35px; height: 33px; text-decoration: none; cursor:pointer;","link_target":"blank","bar_link":"http:\/\/wordpress.org\/extend\/plugins\/wp-topbar\/","bar_text":"Get your own TopBar ","bar_link_text":"from the Wordpress plugin repository","text_align":"center","bar_image":"http:\/\/wordpress.org\/wp\/wp-content\/plugins\/wp-topbar\/lib\/samples\/bubbles.jpg","enable_image":"true","custom_css_bar":"background-repeat: no-repeat;","custom_css_text":"","div_css":"position:fixed; top: 40; padding:0; margin:0; z-index: 99999;width: 100%;","div_custom_html":"","bar_custom_html":"","bar_link_custom_html":"","social_icon1":"off","social_icon2":"off","social_icon3":"off","social_icon4":"off","social_icon5":"off","social_icon6":"off","social_icon7":"off","social_icon8":"off","social_icon9":"off","social_icon10":"off","social_icon1_image":"http:\/\/wordpress.org\/wp\/wp-content\/plugins\/wp-topbar\/lib\/samples\/twitter.png","social_icon2_image":"http:\/\/wordpress.org\/wp\/wp-content\/plugins\/wp-topbar\/lib\/samples\/facebook.png","social_icon3_image":"http:\/\/wordpress.org\/wp\/wp-content\/plugins\/wp-topbar\/lib\/samples\/google.png","social_icon4_image":"","social_icon5_image":"","social_icon6_image":"","social_icon7_image":"","social_icon8_image":"","social_icon9_image":"","social_icon10_image":"","social_icon1_link":"http:\/\/twitter.com\/#!\/wordpress","social_icon2_link":"http:\/\/www.facebook.com\/WordPress","social_icon3_link":"http:\/\/plus.google.com\/s\/wordpress","social_icon4_link":"","social_icon5_link":"","social_icon6_link":"","social_icon7_link":"","social_icon8_link":"","social_icon9_link":"","social_icon10_link":"","social_icon1_css":"height:23px; vertical-align:text-bottom;","social_icon2_css":"height:23px; vertical-align:text-bottom;","social_icon3_css":"height:23px; vertical-align:text-bottom;","social_icon4_css":"","social_icon5_css":"","social_icon6_css":"","social_icon7_css":"","social_icon8_css":"","social_icon9_css":"","social_icon10_css":"","social_icon1_link_target":"blank","social_icon2_link_target":"blank","social_icon3_link_target":"blank","social_icon4_link_target":"blank","social_icon5_link_target":"blank","social_icon6_link_target":"blank","social_icon7_link_target":"blank","social_icon8_link_target":"blank","social_icon9_link_target":"blank","social_icon10_link_target":"blank","social_icon1_position":"right","social_icon2_position":"right","social_icon3_position":"right","social_icon4_position":"right","social_icon5_position":"right","social_icon6_position":"right","social_icon7_position":"right","social_icon8_position":"right","social_icon9_position":"right","social_icon10_position":"right"},{"bar_id":"22","wptb_version":"5.06","weighting_points":"25","enable_topbar":"false","include_pages":"0","invert_include":"no","include_categories":"0","invert_categories":"no","include_logic":"page_only","show_homepage":"conditionally","only_logged_in":"all","mobile_check":"all_devices","php_text_prefix":"","php_text_suffix":"","delay_time":"5000","slide_time":"200","display_time":"0","start_time":"0","end_time":"0","start_time_utc":"0","end_time_utc":"0","respect_cookie":"ignore","cookie_value":"1","past_cookie_values":"1","allow_close":"no","allow_reopen":"no","reopen_position":"open","topbar_pos":"header","scroll_action":"off","scroll_amount":"0","text_color":"#000000","bar_color":"#ffffff","bottom_color":"#f90000","link_color":"#c00000","bottom_border_height":"3","font_size":"14","padding_top":"8","padding_bottom":"8","margin_top":"0","margin_bottom":"0","margin_left":"0","margin_right":"0","close_button_image":"http:\/\/wordpress.org\/wp\/wp-content\/plugins\/wp-topbar\/lib\/samples\/close.png","close_button_css":"vertical-align:text-bottom;float:right;padding-right:20px;","reopen_button_image":"http:\/\/wordpress.org\/wp\/wp-content\/plugins\/wp-topbar\/lib\/samples\/open.png","reopen_button_css":"display:none; float:right; left: 0px; width:100%; height: 17px; z-index:9999999; padding-right:10px; margin-right: 10px;color:#fff; width: 35px; height: 33px; text-decoration: none; cursor:pointer;","link_target":"blank","bar_link":"http:\/\/wordpress.org\/extend\/plugins\/wp-topbar\/","bar_text":"Get your own TopBar ","bar_link_text":"from the Wordpress plugin repository","text_align":"center","bar_image":"http:\/\/wordpress.org\/wp\/wp-content\/plugins\/wp-topbar\/lib\/samples\/wp-topbar_sample_image_2.jpg","enable_image":"false","custom_css_bar":"background: rgb(109,179,242);  background: -moz-linear-gradient(top,  rgba(109,179,242,1) 0%, rgba(84,163,238,1) 50%, rgba(54,144,240,1) 51%, rgba(30,105,222,1) 100%);  background: -webkit-gradient(linear, left top, left bottom, color-stop(0%,rgba(109,179,242,1)), color-stop(50%,rgba(84,163,238,1)), color-stop(51%,rgba(54,144,240,1)), color-stop(100%,rgba(30,105,222,1)));  background: -webkit-linear-gradient(top,  rgba(109,179,242,1) 0%,rgba(84,163,238,1) 50%,rgba(54,144,240,1) 51%,rgba(30,105,222,1) 100%);  background: -o-linear-gradient(top,  rgba(109,179,242,1) 0%,rgba(84,163,238,1) 50%,rgba(54,144,240,1) 51%,rgba(30,105,222,1) 100%);  background: -ms-linear-gradient(top,  rgba(109,179,242,1) 0%,rgba(84,163,238,1) 50%,rgba(54,144,240,1) 51%,rgba(30,105,222,1) 100%);  background: linear-gradient(top,  rgba(109,179,242,1) 0%,rgba(84,163,238,1) 50%,rgba(54,144,240,1) 51%,rgba(30,105,222,1) 100%);  filter: progid:DXImageTransform.Microsoft.gradient( startColorstr=\\'#6db3f2\\', endColorstr=\\'#1e69de\\',GradientType=0 );","custom_css_text":"","div_css":"position:fixed; top: 40; padding:0; margin:0; width: 100%; z-index: 99999;","div_custom_html":"","bar_custom_html":"","bar_link_custom_html":"","social_icon1":"off","social_icon2":"off","social_icon3":"off","social_icon4":"off","social_icon5":"off","social_icon6":"off","social_icon7":"off","social_icon8":"off","social_icon9":"off","social_icon10":"off","social_icon1_image":"http:\/\/wordpress.org\/wp\/wp-content\/plugins\/wp-topbar\/lib\/samples\/twitter.png","social_icon2_image":"http:\/\/wordpress.org\/wp\/wp-content\/plugins\/wp-topbar\/lib\/samples\/facebook.png","social_icon3_image":"http:\/\/wordpress.org\/wp\/wp-content\/plugins\/wp-topbar\/lib\/samples\/google.png","social_icon4_image":"","social_icon5_image":"","social_icon6_image":"","social_icon7_image":"","social_icon8_image":"","social_icon9_image":"","social_icon10_image":"","social_icon1_link":"http:\/\/twitter.com\/#!\/wordpress","social_icon2_link":"http:\/\/www.facebook.com\/WordPress","social_icon3_link":"http:\/\/plus.google.com\/s\/wordpress","social_icon4_link":"","social_icon5_link":"","social_icon6_link":"","social_icon7_link":"","social_icon8_link":"","social_icon9_link":"","social_icon10_link":"","social_icon1_css":"height:23px; vertical-align:text-bottom;","social_icon2_css":"height:23px; vertical-align:text-bottom;","social_icon3_css":"height:23px; vertical-align:text-bottom;","social_icon4_css":"","social_icon5_css":"","social_icon6_css":"","social_icon7_css":"","social_icon8_css":"","social_icon9_css":"","social_icon10_css":"","social_icon1_link_target":"blank","social_icon2_link_target":"blank","social_icon3_link_target":"blank","social_icon4_link_target":"blank","social_icon5_link_target":"blank","social_icon6_link_target":"blank","social_icon7_link_target":"blank","social_icon8_link_target":"blank","social_icon9_link_target":"blank","social_icon10_link_target":"blank","social_icon1_position":"right","social_icon2_position":"right","social_icon3_position":"right","social_icon4_position":"right","social_icon5_position":"right","social_icon6_position":"right","social_icon7_position":"right","social_icon8_position":"right","social_icon9_position":"right","social_icon10_position":"right"},{"bar_id":"23","wptb_version":"5.06","weighting_points":"25","enable_topbar":"false","include_pages":"0","invert_include":"no","include_categories":"0","invert_categories":"no","include_logic":"page_only","show_homepage":"conditionally","only_logged_in":"all","mobile_check":"all_devices","php_text_prefix":"","php_text_suffix":"","delay_time":"5000","slide_time":"200","display_time":"0","start_time":"0","end_time":"0","start_time_utc":"0","end_time_utc":"0","respect_cookie":"ignore","cookie_value":"1","past_cookie_values":"1","allow_close":"no","allow_reopen":"no","reopen_position":"open","topbar_pos":"header","scroll_action":"off","scroll_amount":"0","text_color":"#000000","bar_color":"#ffffff","bottom_color":"#f90000","link_color":"#c00000","bottom_border_height":"0","font_size":"14","padding_top":"8","padding_bottom":"8","margin_top":"0","margin_bottom":"0","margin_left":"0","margin_right":"0","close_button_image":"http:\/\/wordpress.org\/wp\/wp-content\/plugins\/wp-topbar\/lib\/samples\/close.png","close_button_css":"vertical-align:text-bottom;float:right;padding-right:20px;","reopen_button_image":"http:\/\/wordpress.org\/wp\/wp-content\/plugins\/wp-topbar\/lib\/samples\/open.png","reopen_button_css":"display:none; float:right; left: 0px; width:100%; height: 17px; z-index:9999999; padding-right:10px; margin-right: 10px;color:#fff; width: 35px; height: 33px; text-decoration: none; cursor:pointer;","link_target":"blank","bar_link":"http:\/\/wordpress.org\/extend\/plugins\/wp-topbar\/","bar_text":"Get your own TopBar ","bar_link_text":"from the Wordpress plugin repository","text_align":"center","bar_image":"http:\/\/wordpress.org\/wp\/wp-content\/plugins\/wp-topbar\/lib\/samples\/blue_clouds.png","enable_image":"true","custom_css_bar":"background-repeat: no-repeat;","custom_css_text":"","div_css":"position:fixed; top: 40; padding:0; margin:0; width: 100%; z-index: 99999;","div_custom_html":"","bar_custom_html":"","bar_link_custom_html":"","social_icon1":"off","social_icon2":"off","social_icon3":"off","social_icon4":"off","social_icon5":"off","social_icon6":"off","social_icon7":"off","social_icon8":"off","social_icon9":"off","social_icon10":"off","social_icon1_image":"http:\/\/wordpress.org\/wp\/wp-content\/plugins\/wp-topbar\/lib\/samples\/twitter.png","social_icon2_image":"http:\/\/wordpress.org\/wp\/wp-content\/plugins\/wp-topbar\/lib\/samples\/facebook.png","social_icon3_image":"http:\/\/wordpress.org\/wp\/wp-content\/plugins\/wp-topbar\/lib\/samples\/google.png","social_icon4_image":"","social_icon5_image":"","social_icon6_image":"","social_icon7_image":"","social_icon8_image":"","social_icon9_image":"","social_icon10_image":"","social_icon1_link":"http:\/\/twitter.com\/#!\/wordpress","social_icon2_link":"http:\/\/www.facebook.com\/WordPress","social_icon3_link":"http:\/\/plus.google.com\/s\/wordpress","social_icon4_link":"","social_icon5_link":"","social_icon6_link":"","social_icon7_link":"","social_icon8_link":"","social_icon9_link":"","social_icon10_link":"","social_icon1_css":"height:23px; vertical-align:text-bottom;","social_icon2_css":"height:23px; vertical-align:text-bottom;","social_icon3_css":"height:23px; vertical-align:text-bottom;","social_icon4_css":"","social_icon5_css":"","social_icon6_css":"","social_icon7_css":"","social_icon8_css":"","social_icon9_css":"","social_icon10_css":"","social_icon1_link_target":"blank","social_icon2_link_target":"blank","social_icon3_link_target":"blank","social_icon4_link_target":"blank","social_icon5_link_target":"blank","social_icon6_link_target":"blank","social_icon7_link_target":"blank","social_icon8_link_target":"blank","social_icon9_link_target":"blank","social_icon10_link_target":"blank","social_icon1_position":"right","social_icon2_position":"right","social_icon3_position":"right","social_icon4_position":"right","social_icon5_position":"right","social_icon6_position":"right","social_icon7_position":"right","social_icon8_position":"right","social_icon9_position":"right","social_icon10_position":"right"},{"bar_id":"24","wptb_version":"5.06","weighting_points":"25","enable_topbar":"false","include_pages":"0","invert_include":"no","include_categories":"0","invert_categories":"no","include_logic":"page_only","show_homepage":"conditionally","only_logged_in":"all","mobile_check":"all_devices","php_text_prefix":"","php_text_suffix":"","delay_time":"5000","slide_time":"200","display_time":"0","start_time":"0","end_time":"0","start_time_utc":"0","end_time_utc":"0","respect_cookie":"ignore","cookie_value":"1","past_cookie_values":"1","allow_close":"no","allow_reopen":"no","reopen_position":"open","topbar_pos":"header","scroll_action":"off","scroll_amount":"0","text_color":"#ffffff","bar_color":"#000000","bottom_color":"#0c0000","link_color":"#ffffff","bottom_border_height":"0","font_size":"14","padding_top":"8","padding_bottom":"8","margin_top":"0","margin_bottom":"0","margin_left":"0","margin_right":"0","close_button_image":"http:\/\/wordpress.org\/wp\/wp-content\/plugins\/wp-topbar\/lib\/samples\/close.png","close_button_css":"vertical-align:text-bottom;float:right;padding-right:20px;","reopen_button_image":"http:\/\/wordpress.org\/wp\/wp-content\/plugins\/wp-topbar\/lib\/samples\/open.png","reopen_button_css":"display:none; float:right; left: 0px; width:100%; height: 17px; z-index:9999999; padding-right:10px; margin-right: 10px;color:#fff; width: 35px; height: 33px; text-decoration: none; cursor:pointer;","link_target":"blank","bar_link":"http:\/\/wordpress.org\/extend\/plugins\/wp-topbar\/","bar_text":"Get your own TopBar ","bar_link_text":"from the Wordpress plugin repository","text_align":"center","bar_image":"http:\/\/wordpress.org\/wp\/wp-content\/plugins\/wp-topbar\/lib\/samples\/smoke.png","enable_image":"true","custom_css_bar":"background-repeat: no-repeat;","custom_css_text":"","div_css":"position:fixed; top: 40; padding:0; margin:0; z-index: 99999;width: 100%;","div_custom_html":"","bar_custom_html":"","bar_link_custom_html":"","social_icon1":"off","social_icon2":"off","social_icon3":"off","social_icon4":"off","social_icon5":"off","social_icon6":"off","social_icon7":"off","social_icon8":"off","social_icon9":"off","social_icon10":"off","social_icon1_image":"http:\/\/wordpress.org\/wp\/wp-content\/plugins\/wp-topbar\/lib\/samples\/twitter.png","social_icon2_image":"http:\/\/wordpress.org\/wp\/wp-content\/plugins\/wp-topbar\/lib\/samples\/facebook.png","social_icon3_image":"http:\/\/wordpress.org\/wp\/wp-content\/plugins\/wp-topbar\/lib\/samples\/google.png","social_icon4_image":"","social_icon5_image":"","social_icon6_image":"","social_icon7_image":"","social_icon8_image":"","social_icon9_image":"","social_icon10_image":"","social_icon1_link":"http:\/\/twitter.com\/#!\/wordpress","social_icon2_link":"http:\/\/www.facebook.com\/WordPress","social_icon3_link":"http:\/\/plus.google.com\/s\/wordpress","social_icon4_link":"","social_icon5_link":"","social_icon6_link":"","social_icon7_link":"","social_icon8_link":"","social_icon9_link":"","social_icon10_link":"","social_icon1_css":"height:23px; vertical-align:text-bottom;","social_icon2_css":"height:23px; vertical-align:text-bottom;","social_icon3_css":"height:23px; vertical-align:text-bottom;","social_icon4_css":"","social_icon5_css":"","social_icon6_css":"","social_icon7_css":"","social_icon8_css":"","social_icon9_css":"","social_icon10_css":"","social_icon1_link_target":"blank","social_icon2_link_target":"blank","social_icon3_link_target":"blank","social_icon4_link_target":"blank","social_icon5_link_target":"blank","social_icon6_link_target":"blank","social_icon7_link_target":"blank","social_icon8_link_target":"blank","social_icon9_link_target":"blank","social_icon10_link_target":"blank","social_icon1_position":"right","social_icon2_position":"right","social_icon3_position":"right","social_icon4_position":"right","social_icon5_position":"right","social_icon6_position":"right","social_icon7_position":"right","social_icon8_position":"right","social_icon9_position":"right","social_icon10_position":"right"},{"bar_id":"25","wptb_version":"5.06","weighting_points":"25","enable_topbar":"false","include_pages":"0","invert_include":"no","include_categories":"0","invert_categories":"no","include_logic":"page_only","show_homepage":"conditionally","only_logged_in":"all","mobile_check":"all_devices","php_text_prefix":"","php_text_suffix":"","delay_time":"5000","slide_time":"200","display_time":"0","start_time":"0","end_time":"0","start_time_utc":"0","end_time_utc":"0","respect_cookie":"ignore","cookie_value":"1","past_cookie_values":"1","allow_close":"no","allow_reopen":"no","reopen_position":"open","topbar_pos":"header","scroll_action":"off","scroll_amount":"0","text_color":"#ffffff","bar_color":"#000000","bottom_color":"#0c0000","link_color":"#ffffff","bottom_border_height":"0","font_size":"14","padding_top":"8","padding_bottom":"8","margin_top":"0","margin_bottom":"0","margin_left":"0","margin_right":"0","close_button_image":"http:\/\/wordpress.org\/wp\/wp-content\/plugins\/wp-topbar\/lib\/samples\/close.png","close_button_css":"vertical-align:text-bottom;float:right;padding-right:20px;","reopen_button_image":"http:\/\/wordpress.org\/wp\/wp-content\/plugins\/wp-topbar\/lib\/samples\/open.png","reopen_button_css":"display:none; float:right; left: 0px; width:100%; height: 17px; z-index:9999999; padding-right:10px; margin-right: 10px;color:#fff; width: 35px; height: 33px; text-decoration: none; cursor:pointer;","link_target":"blank","bar_link":"http:\/\/wordpress.org\/extend\/plugins\/wp-topbar\/","bar_text":"Get your own TopBar ","bar_link_text":"from the Wordpress plugin repository","text_align":"center","bar_image":"http:\/\/wordpress.org\/wp\/wp-content\/plugins\/wp-topbar\/lib\/samples\/wood.png","enable_image":"true","custom_css_bar":"background-repeat: no-repeat;","custom_css_text":"","div_css":"position:fixed; top: 40; padding:0; margin:0; z-index: 99999;width: 100%;","div_custom_html":"","bar_custom_html":"","bar_link_custom_html":"","social_icon1":"off","social_icon2":"off","social_icon3":"off","social_icon4":"off","social_icon5":"off","social_icon6":"off","social_icon7":"off","social_icon8":"off","social_icon9":"off","social_icon10":"off","social_icon1_image":"http:\/\/wordpress.org\/wp\/wp-content\/plugins\/wp-topbar\/lib\/samples\/twitter.png","social_icon2_image":"http:\/\/wordpress.org\/wp\/wp-content\/plugins\/wp-topbar\/lib\/samples\/facebook.png","social_icon3_image":"http:\/\/wordpress.org\/wp\/wp-content\/plugins\/wp-topbar\/lib\/samples\/google.png","social_icon4_image":"","social_icon5_image":"","social_icon6_image":"","social_icon7_image":"","social_icon8_image":"","social_icon9_image":"","social_icon10_image":"","social_icon1_link":"http:\/\/twitter.com\/#!\/wordpress","social_icon2_link":"http:\/\/www.facebook.com\/WordPress","social_icon3_link":"http:\/\/plus.google.com\/s\/wordpress","social_icon4_link":"","social_icon5_link":"","social_icon6_link":"","social_icon7_link":"","social_icon8_link":"","social_icon9_link":"","social_icon10_link":"","social_icon1_css":"height:23px; vertical-align:text-bottom;","social_icon2_css":"height:23px; vertical-align:text-bottom;","social_icon3_css":"height:23px; vertical-align:text-bottom;","social_icon4_css":"","social_icon5_css":"","social_icon6_css":"","social_icon7_css":"","social_icon8_css":"","social_icon9_css":"","social_icon10_css":"","social_icon1_link_target":"blank","social_icon2_link_target":"blank","social_icon3_link_target":"blank","social_icon4_link_target":"blank","social_icon5_link_target":"blank","social_icon6_link_target":"blank","social_icon7_link_target":"blank","social_icon8_link_target":"blank","social_icon9_link_target":"blank","social_icon10_link_target":"blank","social_icon1_position":"right","social_icon2_position":"right","social_icon3_position":"right","social_icon4_position":"right","social_icon5_position":"right","social_icon6_position":"right","social_icon7_position":"right","social_icon8_position":"right","social_icon9_position":"right","social_icon10_position":"right"}]