{
    "title": "Antique Letter",
    "description": "Brings a bit of old times to your website",
    "params": {
        "rounded": 0,
		"shadow": 0,
		"gradient": 2,
		"labels_position": "above",
		"labels_invalid_color": "#ff0000",
		"text_color": "#000000",
		"form_font_size": "16px",
		"form_font_family": "mnglwritingotf",
		"fields_color": "transparent",
		"fields_border_color": "",
		"fields_text_color": "#333333",
		"fields_active_color": "transparent",
		"fields_active_border_color": "",
		"fields_active_text_color": "#333333",
		"fields_invalid_color": "transparent",
		"fields_invalid_border_color": "#aa0000",
		"fields_invalid_text_color": "#aa0000",
		"buttons_fields_color": "#967e52",
		"buttons_text_color": "#ffffff",
		"bg_color": "transparent",
		"bg_opacity": 1,
		"bg_padding_position": "",
		"bg_padding": "",
		"bg_image": "",
		"bg_position": "",
		"bg_repeat": "no-repeat",
		"bg_size": "",
		"toggler_bg": "",
		"toggler_color": "#000000",
		"toggler_icon": 0,
		"toggler_icon_gallery_image": "",
		"toggler_icon_custom_image": "",
		"toggler_glyphicon": "2709",
		"toggler_font_size": "16px",
		"toggler_font_family": "mnglwritingotf",
        "toggler_font": "NotoSans-Regular",
        "toggler_vertical": 0,
        "toggler_slide": 0,
        "accordion_boxed": 0,
		"msg_success_color": "#009e0a",
		"msg_error_color": "#a80000"
    }
}