{
    "title": "Easter",
    "description": "Happy Easter!",
    "params": {
        "rounded": 0,
        "shadow": 0,
        "gradient": 2,
        "labels_position": "above",
        "labels_invalid_color": "#AA0000",
        "text_color": "#932323",
        "form_font_size": "14px",
        "form_font_family": "Noto Serif, serif",
        "fields_color": "#ffffff",
        "fields_border_color": "#ffffff",
        "fields_text_color": "#000000",
        "fields_active_color": "#FFFFFF",
        "fields_active_border_color": "",
        "fields_active_text_color": "",
        "fields_invalid_color": "",
        "fields_invalid_border_color": "#AA0000",
        "fields_invalid_text_color": "#AA0000",
        "buttons_fields_color": "#333333",
        "buttons_text_color": "#FFFFFF",
        "bg_color": "#FFFFFF",
        "bg_opacity": "0.1",
        "bg_padding_position": "",
        "bg_padding": "",
        "bg_image": "\/wp-content\/plugins\/pwebcontact\/media\/images\/themes\/easter\/footer.png",
        "bg_position": "center bottom",
        "bg_repeat": "",
        "bg_size": "",
        "toggler_bg": "#97f26d",
        "toggler_color": "#932323",
        "toggler_icon": "0",
        "toggler_icon_gallery_image": "",
        "toggler_icon_custom_image": "",
        "toggler_glyphicon": "2709",
        "toggler_font_size": "16px",
        "toggler_font_family": "Noto Serif, serif",
        "toggler_font": "NotoSans-Regular",
        "accordion_boxed": 1,
        "msg_success_color": "#009e0a",
        "msg_error_color": "#aa0000",
        "toggler_vertical": 0
    }
}