{
    "title": "As Free as Simple",
    "description": "The very basic theme you get from us. Totally free!",
    "params": {
        "rounded": 0,
		"shadow": 0,
		"gradient": 1,
		"labels_position": "above",
		"labels_invalid_color": "#aa0000",
		"text_color": "",
		"form_font_size": "12px",
		"form_font_family": "Helvetica Neue,sans-serif",
		"fields_color": "",
		"fields_border_color": "",
		"fields_text_color": "",
		"fields_active_color": "",
		"fields_active_border_color": "",
		"fields_active_text_color": "",
		"fields_invalid_color": "",
		"fields_invalid_border_color": "#aa0000",
		"fields_invalid_text_color": "#aa0000",
		"buttons_fields_color": "",
		"buttons_text_color": "",
		"bg_color": "",
		"bg_opacity": 0.9,
		"bg_padding_position": "",
		"bg_padding": "",
		"bg_image": "",
		"bg_position": "",
		"bg_repeat": "",
		"bg_size": "",
		"toggler_bg": "",
		"toggler_color": "",
		"toggler_icon": 0,
		"toggler_icon_gallery_image": "",
		"toggler_icon_custom_image": "",
		"toggler_glyphicon": "2709",
		"toggler_font_size": "",
		"toggler_font_family": "",
        "toggler_vertical": 0,
        "toggler_slide": 0,
        "accordion_boxed": 1,
		"msg_success_color": "#009e0a",
		"msg_error_color": "#aa0000"
    }
}
