{
    "title": "Grey",
    "description": "Grey and orange theme",
    "params": {
        "rounded": 1,
		"shadow": 1,
		"gradient": 1,
		"labels_position": "inline",
		"labels_invalid_color": "#aa0000",
		"text_color": "#ffffff",
		"form_font_size": "12px",
		"form_font_family": "Helvetica Neue,sans-serif",
		"fields_color": "#ffffff",
		"fields_border_color": "#999999",
		"fields_text_color": "#666666",
		"fields_active_color": "",
		"fields_active_border_color": "#FFB137",
		"fields_active_text_color": "#333333",
		"fields_invalid_color": "",
		"fields_invalid_border_color": "#aa0000",
		"fields_invalid_text_color": "#aa0000",
		"buttons_fields_color": "#FFB137",
		"buttons_text_color": "#000",
		"bg_color": "#97A0A5",
		"bg_opacity": 0.9,
		"bg_padding_position": "",
		"bg_padding": "",
		"bg_image": "",
		"bg_position": "",
		"bg_repeat": "",
		"bg_size": "",
		"toggler_bg": "#FFB137",
		"toggler_color": "#000",
		"toggler_icon": "glyphicon",
		"toggler_glyphicon": "2709",
		"toggler_icon_gallery_image": "",
		"toggler_icon_custom_image": "",
		"toggler_font_size": "",
		"toggler_font_family": "",
        "toggler_vertical": 1,
        "toggler_slide": 0,
		"msg_success_color": "#009e0a",
		"msg_error_color": "#aa0000"
    }
}
