{
    "title": "Handwritten Note",
    "description": "It's like a page torn from a notebok. Ready for a message.",
    "params": {
        "rounded": "0",
        "shadow": "0",
        "gradient": "1",
        "labels_position": "above",
        "labels_invalid_color": "#aa0000",
        "text_color": "#333333",
        "form_font_size": "22px",
        "form_font_family": "Italianno, cursive",
        "fields_color": "",
        "fields_border_color": "#cf0404",
        "fields_text_color": "#333333",
        "fields_active_color": "",
        "fields_active_border_color": "#000000",
        "fields_active_text_color": "",
        "fields_invalid_color": "",
        "fields_invalid_border_color": "#aa0000",
        "fields_invalid_text_color": "#aa0000",
        "buttons_fields_color": "#cf0404",
        "buttons_text_color": "#ffffff",
        "bg_color": "#ffffff",
        "bg_opacity": 1,
        "bg_padding_position": "",
        "bg_padding": "",
        "bg_image": "",
        "bg_position": "",
        "bg_repeat": "",
        "bg_size": "",
        "toggler_bg": "#cf0404",
        "toggler_color": "#ffffff",
        "toggler_icon": "gallery",
        "toggler_icon_gallery_image": "pen-white.png",
        "toggler_icon_custom_image": "",
        "toggler_glyphicon": "e065",
        "toggler_font_size": "24px",
        "toggler_font_family": "Italianno, cursive",
        "toggler_font": "Italianno-Regular",
        "toggler_vertical": 1,
        "toggler_slide": 1,
        "accordion_boxed": 0,
        "msg_success_color": "#009e0a",
        "msg_error_color": "#cf0404"
    }
}
