{
    "title": "Notebook",
    "description": "Don't worry, sellotape will hold all your content in place",
    "params": {
        "rounded": 0,
        "shadow": 0,
        "gradient": 2,
        "labels_position": "above",
		"labels_invalid_color": "#aa0000",
        "text_color": "#333333",
		"form_font_size": "14px",
		"form_font_family": "",
        "fields_color": "",
		"fields_border_color": "#999999",
		"fields_text_color": "#333333",
		"fields_active_color": "",
		"fields_active_border_color": "#000000",
		"fields_active_text_color": "",
		"fields_invalid_color": "",
		"fields_invalid_border_color": "#aa0000",
		"fields_invalid_text_color": "#aa0000",
		"buttons_fields_color": "#b50303",
        "buttons_text_color": "#ffffff",
		"bg_color": "",
		"bg_opacity": 0.9,
		"bg_padding_position": "",
		"bg_padding": "",
		"bg_image": "",
		"bg_position": "",
		"bg_repeat": "",
		"bg_size": "",
		"toggler_bg": "",
        "toggler_color": "#333333",
        "toggler_icon": "glyphicon",
		"toggler_icon_gallery_image": "",
		"toggler_icon_custom_image": "",
		"toggler_glyphicon": "2709",
		"toggler_font_size": "",
		"toggler_font_family": "",
        "toggler_font": "NotoSans-Regular",
        "toggler_vertical": 0,
        "toggler_slide": 0,
        "accordion_boxed": 1,
		"msg_success_color": "#009e0a",
		"msg_error_color": "#aa0000"
    }
}