{
    "title": "Mind-blowing Ribbon",
    "description": "If you just feel wild enough to use it.",
    "params": {
        "rounded": "0",
        "shadow": "0",
        "gradient": "1",
        "labels_position": "above",
        "labels_invalid_color": "#aa0000",
        "text_color": "#333",
        "form_font_size": "12px",
        "form_font_family": "Lato, sans-serif",
        "fields_color": "",
        "fields_border_color": "",
        "fields_text_color": "#333333",
        "fields_active_color": "",
        "fields_active_border_color": "#000000",
        "fields_active_text_color": "",
        "fields_invalid_color": "",
        "fields_invalid_border_color": "#aa0000",
        "fields_invalid_text_color": "#aa0000",
        "buttons_fields_color": "#b50101",
        "buttons_text_color": "#ffffff",
        "bg_color": "#6794bf",
        "bg_opacity": "1",
        "bg_padding_position": "",
        "bg_padding": "",
        "bg_image": "",
        "bg_position": "",
        "bg_repeat": "",
        "bg_size": "",
        "toggler_bg": "#b50101",
        "toggler_color": "#ffffff",
        "toggler_icon": "glyphicon",
        "toggler_icon_gallery_image": "",
        "toggler_icon_custom_image": "",
        "toggler_glyphicon": "2709",
        "toggler_font_size": "16px",
        "toggler_font": "Lato-Bold",
        "toggler_font_family": "Lato, sans-serif",
        "toggler_vertical": 1,
        "toggler_rotate": 1,
        "toggler_slide": 1,
        "accordion_boxed": 1,
        "msg_success_color": "#009e0a",
        "msg_error_color": "#cf0404"
    }
}
