{
    "title": "Transparency & Motion",
    "description": "Pick your own picture and discover how it moves",
    "params": {
		"rounded": 1,
		"shadow": 1,
		"gradient": 1,
		"labels_position": "above",
		"labels_invalid_color": "#aa0000",
		"text_color": "#ffffff",
		"form_font_size": "14px",
		"form_font_family": "\"Kotta One\", serif",
		"fields_color": "",
		"fields_border_color": "",
		"fields_text_color": "#ffffff",
		"fields_active_color": "",
		"fields_active_border_color": "",
		"fields_active_text_color": "",
		"fields_invalid_color": "",
		"fields_invalid_border_color": "#aa0000",
		"fields_invalid_text_color": "#aa0000",
		"buttons_fields_color": "#000000",
		"buttons_text_color": "#ffffff",
		"bg_color": "",
		"bg_opacity": 1,
		"bg_padding_position": "all",
		"bg_padding": "60px",
		"bg_image": "/wp-content/plugins/pwebcontact/media/images/themes/transparency/fruits.jpg",
		"bg_position": "left top",
		"bg_repeat": "",
		"bg_size": "",
		"toggler_bg": "#000000",
		"toggler_color": "#ffffff",
		"toggler_icon": "glyphicon",
		"toggler_icon_gallery_image": "",
		"toggler_icon_custom_image": "",
		"toggler_glyphicon": "2709",
		"toggler_font_size": "16px",
		"toggler_font_family": "\"Kotta One\", serif",
        "toggler_font": "NotoSans-Regular",
        "toggler_vertical": 0,
        "toggler_slide": 0,
        "accordion_boxed": 1,
		"msg_success_color": "#009e0a",
		"msg_error_color": "#aa0000"
    }
}