{
    "title": "Twenty Fifteen",
    "description": "Designed to look perfect with WordPress 2015 default theme.",
    "params": {
                "rounded": 0,
		"shadow": 0,
		"gradient": 2,
		"labels_position": "inline",
		"labels_invalid_color": "#aa0000",
		"text_color": "#666666",
		"form_font_size": "14px",
                "form_font_family": "Noto Serif, serif",
		"fields_color": "#ffffff",
		"fields_border_color": "#f1f1f1",
		"fields_text_color": "#666666",
		"fields_active_color": "",
		"fields_active_border_color": "#f1f1f1",
		"fields_active_text_color": "#333333",
		"fields_invalid_color": "",
		"fields_invalid_border_color": "#aa0000",
		"fields_invalid_text_color": "#aa0000",
		"buttons_fields_color": "#333333",
		"buttons_text_color": "#ffffff",
		"bg_color": "#ffffff",
		"bg_opacity": 0.9,
		"bg_padding_position": "",
		"bg_padding": "",
		"bg_image": "",
		"bg_position": "",
		"bg_repeat": "",
		"bg_size": "",
		"toggler_bg": "#f7f7f7",
                "toggler_color": "#333333",
		"toggler_icon": "glyphicon",
		"toggler_glyphicon": "2709",
		"toggler_icon_gallery_image": "",
		"toggler_icon_custom_image": "",
		"toggler_font_size": "16px",
                "toggler_font_family": "Noto Serif, serif",
                "toggler_vertical": 1,
                "toggler_slide": 0,
		"msg_success_color": "#009e0a",
		"msg_error_color": "#aa0000"
    }
}