{"Agp\\FontAwesomeCollection\\Core\\Agp_Autoloader":"\/agp-core\/classes\/Agp_Autoloader.class.php","Agp\\FontAwesomeCollection\\Core\\Agp_Module":"\/agp-core\/classes\/Agp_Module.class.php","Agp\\FontAwesomeCollection\\Core\\Agp_DbConnectException":"\/agp-core\/classes\/error\/Agp_DbConnectException.class.php","Agp\\FontAwesomeCollection\\Core\\Agp_ExceptionAbstract":"\/agp-core\/classes\/error\/Agp_ExceptionAbstract.class.php","Agp\\FontAwesomeCollection\\Core\\Agp_ExceptionInterface":"\/agp-core\/classes\/error\/Agp_ExceptionInterface.class.php","Agp\\FontAwesomeCollection\\Core\\Agp_MultiSelectRepository":"\/agp-core\/classes\/persistence\/Agp_MultiSelectRepository.class.php","Agp\\FontAwesomeCollection\\Core\\Agp_RepositoryAbstract":"\/agp-core\/classes\/persistence\/Agp_RepositoryAbstract.class.php","Agp\\FontAwesomeCollection\\Core\\Agp_SingleSelectRepository":"\/agp-core\/classes\/persistence\/Agp_SingleSelectRepository.class.php","Agp\\FontAwesomeCollection\\Core\\Agp_Entity":"\/agp-core\/classes\/persistence\/entity\/Agp_Entity.class.php","Agp\\FontAwesomeCollection\\Core\\Agp_EntityAbstract":"\/agp-core\/classes\/persistence\/entity\/Agp_EntityAbstract.class.php","Agp\\FontAwesomeCollection\\Core\\Agp_PostEntity":"\/agp-core\/classes\/persistence\/entity\/Agp_PostEntity.class.php","Agp\\FontAwesomeCollection\\Core\\Agp_TaxonomyEntity":"\/agp-core\/classes\/persistence\/entity\/Agp_TaxonomyEntity.class.php","Agp\\FontAwesomeCollection\\Core\\Agp_CookieAbstract":"\/agp-core\/classes\/persistence\/session\/Agp_CookieAbstract.class.php","Agp\\FontAwesomeCollection\\Core\\Agp_Session":"\/agp-core\/classes\/persistence\/session\/Agp_Session.class.php","Agp\\FontAwesomeCollection\\Core\\Agp_SessionAbstract":"\/agp-core\/classes\/persistence\/session\/Agp_SessionAbstract.class.php","Agp\\FontAwesomeCollection\\Core\\Agp_Curl":"\/agp-core\/classes\/curl\/Agp_Curl.class.php","Agp\\FontAwesomeCollection\\Core\\Agp_RepeaterAbstract":"\/agp-core\/classes\/fields\/Agp_RepeaterAbstract.class.php","Agp\\FontAwesomeCollection\\Core\\Agp_AjaxAbstract":"\/agp-core\/classes\/ajax\/Agp_AjaxAbstract.class.php","Agp\\FontAwesomeCollection\\Core\\Agp_DbAbstract":"\/agp-core\/classes\/database\/Agp_DbAbstract.class.php","Agp\\FontAwesomeCollection\\Core\\Agp_MySqlDb":"\/agp-core\/classes\/database\/Agp_MySqlDb.class.php","Agp\\FontAwesomeCollection\\Core\\Agp_ConfigAbstract":"\/agp-core\/classes\/config\/Agp_ConfigAbstract.class.php","Agp\\FontAwesomeCollection\\Core\\Agp_SettingsAbstract":"\/agp-core\/classes\/config\/Agp_SettingsAbstract.class.php","Fac":"\/classes\/Fac.class.php","Fac_Ajax":"\/classes\/Fac_Ajax.class.php","Fac_Constructor":"\/classes\/Fac_Constructor.class.php","Fac_Icons":"\/classes\/Fac_Icons.class.php","Fac_MenuIcons":"\/classes\/Fac_MenuIcons.class.php","Fac_Settings":"\/classes\/Fac_Settings.class.php","Fac_Shortcodes":"\/classes\/Fac_Shortcodes.class.php","Fac_Slider":"\/classes\/Fac_Slider.class.php","Fac_TaxonomyIcons":"\/classes\/Fac_TaxonomyIcons.class.php","Fac_IconEntity":"\/classes\/persistence\/Fac_IconEntity.class.php","Fac_IconRepository":"\/classes\/persistence\/Fac_IconRepository.class.php","Fac_Promotion":"\/classes\/widget\/Fac_Promotion.class.php","Fac_PromotionSlider":"\/classes\/widget\/Fac_PromotionSlider.class.php","Fac_WalkerNavMenuEdit":"\/classes\/walker\/Fac_WalkerNavMenuEdit.class.php"}