{"compiler":"","redux-section":"7","last_tab":"","tgm_init":"embed","args--opt_name":"contrix_csp","args--display_name":"3D coming soon page by ContrixLab","args--display_version":"1.0.0","args--page_slug":"contrix_csp_options","args--page_title":"Contrix Coming Soon Page Options","args--update_notice":"1","args--intro_text":"<p>This text is displayed above the options panel. It isn\\\u2019t required, but more info is always better! The intro_text field accepts all HTML.<\/p>\u2019","args--footer_text":"<p>This text is displayed below the options panel. It isn\\\u2019t required, but more info is always better! The footer_text field accepts all HTML.<\/p>","args--admin_bar":"1","args--menu_type":"menu","args--menu_title":"Sample Options","args--menu_icon":"","args--allow_sub_menu":"1","args--page_parent":"","args--page_parent_post_type":"your_post_type","args--page_priority":"","args--customizer":"1","args--default_show":"","args--default_mark":"*","args--google_api_key":"","args--class":"","args--hints--icon":"el-icon-question-sign","args--hints--icon_position":"right","args--hints--icon_color":"","args--hints--icon_size":"normal","args--hints--tip_style--color":"light","args--hints--tip_style--shadow":"","args--hints--tip_style--rounded":"","args--hints--tip_style--style":"","args--hints--tip_position--my":"top left","args--hints--tip_position--at":"bottom right","args--hints--tip_effect--show--effect":"","args--hints--tip_effect--show--duration":"500","args--hints--tip_effect--show--event":["mouseover"],"args--hints--tip_effect--hide--effect":"","args--hints--tip_effect--hide--duration":"500","args--hints--tip_effect--hide--event":["mouseleave","unfocus"],"args--output":"1","args--output_tag":"1","args--compiler":"1","args--global_variable":"","args--page_icon":"icon-themes","args--page_permissions":"manage_options","args--save_defaults":"1","args--show_import_export":"1","args--disable_save_warn":"","args--open_expanded":"","args--last_tab":"","args--database":"","args--transient_time":"3600","args--network_admin":"","args--network_sites":"1","args--system_info":"","args--hide_reset":"","args--async_typography":"","redux_version":"3.3.6","field--info":"1","field--switch":"1","field--border":"0","field--gallery":"1","field--slider":"0","field--password":"0","field--select":"1","field--background":"0","field--spinner":"0","field--divide":"0","field--link_color":"0","field--dimensions":"0","field--color":"0","field--raw":"1","field--date":"1","field--text":"1","field--checkbox":"1","field--spacing":"0","field--slides":"0","field--sortable":"0","field--radio":"1","field--select_image":"1","field--typography":"1","field--button_set":"1","field--sorter":"0","field--textarea":"0","field--section":"1","field--ace_editor":"0","field--multi_text":"0","field--editor":"1","field--media":"1","field--color_gradient":"0","field--color_rgba":"0","field--image_select":"0","theme--name":"Contrix Coming Soon","advanced_theme":"0","theme--slug":"","theme--uri":"","theme--author":"","theme--author_uri":"","theme--description":"A theme dynamically generated by http:\/\/generate.reduxframework.com\/","import_code":"","import_link":"","redux-backup":1}