<?xml version="1.0" encoding="utf-8" ?>
<dwsync>
<file name="metaboxes.php" server="s524259680.onlinehome.fr//booking-plugin/wordpress/" local="130428875728638742" remote="130428875400000000" Dst="2" />
<file name="post-type.php" server="s524259680.onlinehome.fr//booking-plugin/wordpress/" local="130428441389501895" remote="130428858000000000" Dst="2" />
<file name="shortcodes.php" server="s524259680.onlinehome.fr//booking-plugin/wordpress/" local="130428879446278561" remote="130428879000000000" Dst="2" />
<file name="widget-single.php" server="s524259680.onlinehome.fr//booking-plugin/wordpress/" local="130428441386991019" remote="130428858000000000" Dst="2" />
<file name="metaboxes.php" server="s524259680.onlinehome.fr//booking-plugin/wordpress/wp-content/plugins/bookingcom-affiliate-plugin/" local="130487944887411191" remote="130487950800000000" Dst="2" />
<file name="post-type.php" server="s524259680.onlinehome.fr//booking-plugin/wordpress/wp-content/plugins/bookingcom-affiliate-plugin/" local="130428441389501895" remote="130487950800000000" Dst="2" />
<file name="shortcodes.php" server="s524259680.onlinehome.fr//booking-plugin/wordpress/wp-content/plugins/bookingcom-affiliate-plugin/" local="130487962930166854" remote="130487962800000000" Dst="2" />
<file name="style.css" server="s524259680.onlinehome.fr//booking-plugin/wordpress/wp-content/plugins/bookingcom-affiliate-plugin/" local="130365369895180053" remote="130487950800000000" Dst="2" />
<file name="widget-single.php" server="s524259680.onlinehome.fr//booking-plugin/wordpress/wp-content/plugins/bookingcom-affiliate-plugin/" local="130428441386991019" remote="130487950800000000" Dst="2" />
</dwsync>