<?xml version="1.0" encoding="UTF-8"?>
<rss version="2.0" xmlns:content="http://purl.org/rss/1.0/modules/content/" xmlns:wfw="http://wellformedweb.org/CommentAPI/" xmlns:dc="http://purl.org/dc/elements/1.1/" >
<channel>
<title>Forgani - Classified</title>
<link>/var/www/vhosts/forgani.com/httpdocs/wp-content/plugins/wp-classified/cache/wpclassified.xml</link>
<description>my Weblog, my Home, my Car, my Sky</description>
<generator>wp-classified Version 1.4</generator>
<language>en</language>
<pubDate>Thu, 10 Mar 2011 15:46:58 +0000</pubDate>
	<item>
		<title>RV露營車</title>
		<link>http://www.forgani.com/classified/?_action=va&amp;lid=33&amp;asid=288</link>
		<category>Near East india Iran</category>
		<guid isPermaLink="true">http://www.forgani.com/classified/?_action=va&amp;lid=33&amp;asid=288</guid>
		<!-- dc:creator></dc:creator -->
		<description>&lt;p&gt;推動台灣&lt;span style=&quot;text-decoration: underline;&quot;&gt;&lt;span style=&quot;color: #ff0000;&quot;&gt;&lt;a href=&quot;http://www.piwen.com.tw/tag/%E6%97%85%E9%81%8A%E4%BD%8F%E5%AE%BF/&quot;&gt;RV 旅遊產業&lt;/a&gt;&lt;/span&gt;&lt;/span&gt;,一直是我們的目標,身為&lt;span style=&quot;text-decoration: underline;&quot;&gt;&lt;span style=&quot;color: #ff0000;&quot;&gt;&lt;a href=&quot;http://www.piwen.com.tw/tag/%E6%97%85%E9%81%8A%E4%BD%8F%E5%AE%BF/&quot;&gt;RV 旅遊&lt;/a&gt;&lt;/span&gt;&lt;/span&gt;品牌的龍頭。我們將以最優秀之業務團隊及最專業之營運管理團隊,  秉持一貫堅持為顧客提供最好服務的理念,開發最豐富.具特色的&lt;span style=&quot;text-decoration: underline;&quot;&gt;&lt;strong&gt;&lt;span style=&quot;color: #ff0000;&quot;&gt;&lt;a href=&quot;http://www.piwen.com.tw/tag/%E6%97%85%E9%81%8A%E4%BD%8F%E5%AE%BF/&quot;&gt;RV 旅遊&lt;/a&gt;&lt;/span&gt;&lt;/strong&gt;&lt;/span&gt;商品,為台灣旅遊市場再造高峰。 為台灣休閒產業締造銷售奇蹟&lt;/p&gt;</description>
					<image>
			<url>http://www.forgani.com/wp-content/public/wp-classified/0-bg-portrait0.jpg</url>
			</image>
					<pubDate>04-22-2010 5:59 pm</pubDate>
	</item>
  	<item>
		<title>Cheapest web hosting</title>
		<link>http://www.forgani.com/classified/?_action=va&amp;lid=29&amp;asid=343</link>
		<category>Buy, sell and adopt.</category>
		<guid isPermaLink="true">http://www.forgani.com/classified/?_action=va&amp;lid=29&amp;asid=343</guid>
		<!-- dc:creator></dc:creator -->
		<description>&lt;p&gt;dont let the ad tell you....&lt;/p&gt;
&lt;p&gt;&amp;nbsp;&lt;/p&gt;
&lt;p&gt;come and have a look @ www.nixta.co.uk&lt;/p&gt;</description>
				<pubDate>11-06-2010 6:51 pm</pubDate>
	</item>
  	<item>
		<title>Looking for a Graphic Designer to adopt</title>
		<link>http://www.forgani.com/classified/?_action=va&amp;lid=31&amp;asid=311</link>
		<category>Buy, sell and adopt.</category>
		<guid isPermaLink="true">http://www.forgani.com/classified/?_action=va&amp;lid=31&amp;asid=311</guid>
		<!-- dc:creator></dc:creator -->
		<description>&lt;p&gt;I'm looking for a graphic designer to adopt and cherish. I will give him/her food and a secure place to sleep. Some sexual abuse may occur.&lt;/p&gt;</description>
					<image>
			<url>http://www.forgani.com/wp-content/public/wp-classified/0-baby.gif</url>
			</image>
					<pubDate>07-07-2010 4:43 pm</pubDate>
	</item>
  	<item>
		<title>Flexible Hosting</title>
		<link>http://www.forgani.com/classified/?_action=va&amp;lid=29&amp;asid=309</link>
		<category>Buy, sell and adopt.</category>
		<guid isPermaLink="true">http://www.forgani.com/classified/?_action=va&amp;lid=29&amp;asid=309</guid>
		<!-- dc:creator></dc:creator -->
		<description>&lt;p&gt;Save money on your hosting. SB Biz Hosting offers flexible hosting.&lt;/p&gt;
&lt;p&gt;1. Host up to 3 websites in one account.&lt;/p&gt;
&lt;p&gt;2. Increase disk space and bandwidth as website grows.&lt;/p&gt;
&lt;p&gt;&amp;nbsp;&lt;/p&gt;
&lt;p&gt;You will never need another hosting package ever.&lt;/p&gt;</description>
					<image>
			<url>http://www.forgani.com/wp-content/public/wp-classified/0-hp_earth_blue3_banner-small.jpg</url>
			</image>
					<pubDate>06-28-2010 12:19 pm</pubDate>
	</item>
  	<item>
		<title>Båt till till salu åäö</title>
		<link>http://www.forgani.com/classified/?_action=va&amp;lid=31&amp;asid=300</link>
		<category>Buy, sell and adopt.</category>
		<guid isPermaLink="true">http://www.forgani.com/classified/?_action=va&amp;lid=31&amp;asid=300</guid>
		<!-- dc:creator></dc:creator -->
		<description>&lt;p&gt;En b&amp;aring;t med spr&amp;aring;k&lt;/p&gt;
&lt;p&gt;&amp;nbsp;&lt;/p&gt;
&lt;p&gt;Kontakta mig dagtid&lt;/p&gt;
&lt;p&gt;Mellan 12-01:00&lt;/p&gt;
&lt;p&gt;&amp;nbsp;&lt;/p&gt;</description>
					<image>
			<url>http://www.forgani.com/wp-content/public/wp-classified/0-bloggare_03.jpg</url>
			</image>
					<pubDate>06-03-2010 10:06 am</pubDate>
	</item>
  	<item>
		<title>Free Classifieds Ad</title>
		<link>http://www.forgani.com/classified/?_action=va&amp;lid=13&amp;asid=348</link>
		<category>California/Tehrangeles regional Advertising</category>
		<guid isPermaLink="true">http://www.forgani.com/classified/?_action=va&amp;lid=13&amp;asid=348</guid>
		<!-- dc:creator></dc:creator -->
		<description>&lt;p&gt;&lt;span class=&quot;tl&quot;&gt; &lt;/span&gt;&lt;/p&gt;
&lt;h3 class=&quot;r&quot;&gt;&lt;span style=&quot;text-decoration: underline;&quot;&gt;&lt;a class=&quot;l&quot; href=&quot;http://www.classifiedads.com/&quot;&gt;&lt;em&gt;&lt;/em&gt;Classified Ads - Free ads for cars, business opportunities, jobs..Place your classified ads here - Huge traffic, active buyers and tens of thousands of fresh daily visitors ensure your items sell fast&lt;/a&gt;&lt;/span&gt;&lt;/h3&gt;</description>
					<image>
			<url>http://www.forgani.com/wp-content/public/wp-classified/0-women.gif</url>
			</image>
					<pubDate>12-24-2010 12:26 pm</pubDate>
	</item>
  	<item>
		<title>Duplicador Sony 1x7 Tecnología SATA</title>
		<link>http://www.forgani.com/classified/?_action=va&amp;lid=14&amp;asid=296</link>
		<category>Complete/Partial Systems</category>
		<guid isPermaLink="true">http://www.forgani.com/classified/?_action=va&amp;lid=14&amp;asid=296</guid>
		<!-- dc:creator></dc:creator -->
		<description>&lt;p&gt;&lt;strong&gt;Case Profesional 9, 8 quemadores Sony SATA 20x&lt;/strong&gt;, Controladora Acard 64Mb, Fuente de 500W, Extractores adicionales, opcional controladora Athena 128Mb RAM.&lt;br /&gt;&lt;br /&gt;&lt;br /&gt;Excelente duplicadora de DVD/CD/Xbox marca SONY para 7 copias, con&amp;nbsp; SATA,&amp;nbsp; veloz, mas confiable y con el mejor soporte. Este equipo le permite grabar 7 discos a la vez sin el uso de un computador, solo enchufar, encender y listo.&lt;/p&gt;</description>
					<image>
			<url>http://www.forgani.com/wp-content/public/wp-classified/0-490f90a5445d499c50f4929d1.jpg</url>
			</image>
					<pubDate>05-14-2010 4:11 am</pubDate>
	</item>
  	<item>
		<title>Become A Sudoku Puzzle Solver Expert</title>
		<link>http://www.forgani.com/classified/?_action=va&amp;lid=2&amp;asid=316</link>
		<category>Entertainment</category>
		<guid isPermaLink="true">http://www.forgani.com/classified/?_action=va&amp;lid=2&amp;asid=316</guid>
		<!-- dc:creator></dc:creator -->
		<description>&lt;p&gt;Here you can &lt;a href=&quot;\&quot;&gt;play Sudoku free&lt;/a&gt; online or &amp;hellip;&lt;/p&gt;
&lt;p&gt;&lt;strong&gt;Quickly and Easily Solve Sudoku &amp;amp; Become a Sudoku Expert!&lt;/strong&gt;&lt;/p&gt;
&lt;p&gt;&amp;nbsp;&lt;/p&gt;
&lt;p&gt;...] experts agree, saying that solving challenging mind games like  sudoku puzzles inhibit or prevent the development of Alzheimer&amp;rsquo;s disease  and memory loss&lt;/p&gt;</description>
				<pubDate>07-24-2010 8:36 am</pubDate>
	</item>
  	<item>
		<title>Vendo perro</title>
		<link>http://www.forgani.com/classified/?_action=va&amp;lid=2&amp;asid=275</link>
		<category>Entertainment</category>
		<guid isPermaLink="true">http://www.forgani.com/classified/?_action=va&amp;lid=2&amp;asid=275</guid>
		<!-- dc:creator></dc:creator -->
		<description>&lt;p&gt;Perro hermoso, no muerde mucho.&lt;/p&gt;
&lt;p&gt;Raza Coliflor.&lt;/p&gt;
&lt;p&gt;Color verde.&lt;/p&gt;
&lt;p&gt;2 ojos.&lt;/p&gt;
&lt;p&gt;Lindo.&lt;/p&gt;</description>
					<image>
			<url>http://www.forgani.com/wp-content/public/wp-classified/0-cesped-en-tepes.jpg</url>
			</image>
					<pubDate>03-11-2010 10:35 am</pubDate>
	</item>
  	<item>
		<title>Russian celebs news and photo</title>
		<link>http://www.forgani.com/classified/?_action=va&amp;lid=2&amp;asid=202</link>
		<category>Entertainment</category>
		<guid isPermaLink="true">http://www.forgani.com/classified/?_action=va&amp;lid=2&amp;asid=202</guid>
		<!-- dc:creator></dc:creator -->
		<description>&lt;p&gt;All about russian celebs! News, video, photo.&lt;/p&gt;</description>
					<image>
			<url>http://www.forgani.com/wp-content/public/wp-classified/1-6h8583p.jpg</url>
			</image>
					<pubDate>07-06-2009 2:12 pm</pubDate>
	</item>
  	<item>
		<title>Vendo club arruinado</title>
		<link>http://www.forgani.com/classified/?_action=va&amp;lid=6&amp;asid=337</link>
		<category>Flash and AfterEffects Designer</category>
		<guid isPermaLink="true">http://www.forgani.com/classified/?_action=va&amp;lid=6&amp;asid=337</guid>
		<!-- dc:creator></dc:creator -->
		<description>&lt;p&gt;Vendu club Rosario Central que se fue al descenso y que no tiene mas hinchas, es lo mas amargo de Argentina. Es URGENTE. Permuto por electrodomesticos usados&lt;/p&gt;</description>
				<pubDate>10-04-2010 12:10 am</pubDate>
	</item>
  	<item>
		<title>Compro gatito</title>
		<link>http://www.forgani.com/classified/?_action=va&amp;lid=6&amp;asid=301</link>
		<category>Flash and AfterEffects Designer</category>
		<guid isPermaLink="true">http://www.forgani.com/classified/?_action=va&amp;lid=6&amp;asid=301</guid>
		<!-- dc:creator></dc:creator -->
		<description>&lt;p&gt;Buscamos un gatito feliz&lt;/p&gt;</description>
					<image>
			<url>http://www.forgani.com/wp-content/public/wp-classified/0-bebe.jpg</url>
			</image>
					<pubDate>06-07-2010 5:58 pm</pubDate>
	</item>
  	<item>
		<title>4x4galore.com</title>
		<link>http://www.forgani.com/classified/?_action=va&amp;lid=6&amp;asid=299</link>
		<category>Flash and AfterEffects Designer</category>
		<guid isPermaLink="true">http://www.forgani.com/classified/?_action=va&amp;lid=6&amp;asid=299</guid>
		<!-- dc:creator></dc:creator -->
		<description>&lt;pre id=&quot;line30&quot;&gt;&lt;span class=&quot;attribute-value&quot;&gt;The 4wd Internet adventure site with news, views, 4x4 tests, dvd sales, video clips and whole lot more.  If you're into 4x4 then get to &amp;lt;a href=&quot;http://www.4x4galore.com&amp;gt;4x4galore.com&amp;lt;/a&amp;gt;&lt;/span&gt;&lt;/pre&gt;</description>
					<image>
			<url>http://www.forgani.com/wp-content/public/wp-classified/0-alogo7.jpg</url>
			</image>
					<pubDate>05-29-2010 4:13 am</pubDate>
	</item>
  	<item>
		<title>watch farmville videos</title>
		<link>http://www.forgani.com/classified/?_action=va&amp;lid=6&amp;asid=293</link>
		<category>Flash and AfterEffects Designer</category>
		<guid isPermaLink="true">http://www.forgani.com/classified/?_action=va&amp;lid=6&amp;asid=293</guid>
		<!-- dc:creator></dc:creator -->
		<description>&lt;p&gt;watch farmville videos (test)&lt;/p&gt;</description>
					<image>
			<url>http://www.forgani.com/wp-content/public/wp-classified/0-1.jpg</url>
			</image>
					<pubDate>05-10-2010 12:33 pm</pubDate>
	</item>
  	<item>
		<title>Test, Please Ignore</title>
		<link>http://www.forgani.com/classified/?_action=va&amp;lid=6&amp;asid=289</link>
		<category>Flash and AfterEffects Designer</category>
		<guid isPermaLink="true">http://www.forgani.com/classified/?_action=va&amp;lid=6&amp;asid=289</guid>
		<!-- dc:creator></dc:creator -->
		<description>&lt;p&gt;This is a Test Please Ignore!!&lt;/p&gt;</description>
					<image>
			<url>http://www.forgani.com/wp-content/public/wp-classified/0-il_fullxfull.75695207.jpg</url>
			</image>
					<pubDate>04-22-2010 8:44 pm</pubDate>
	</item>
  
</channel>
</rss>
