<?xml version="1.0" encoding="utf-8"?>
<rows>
	<row>
		<wid>65</wid>
		<ref_wid>65</ref_wid>
		<namekey>countries.node</namekey>
		<folder>countries</folder>
		<name>countries</name>
		<type>150</type>
		<publish>1</publish>
		<status>1</status>
		<params></params>
		<destination>node</destination>
		<parent>0</parent>
		<trans>1</trans>
		<certify>1</certify>
		<version>2652</version>
		<lversion>2652</lversion>
		<pref>0</pref>
		<rolid>1</rolid>
		<install></install>
		<ordering>906</ordering>
		<core>1</core>
		<modified>1436535964</modified>
		<reload>1</reload>
		<created>0</created>
		<showconfig>1</showconfig>
		<framework>0</framework>
	</row>	<row>
		<wid>1824</wid>
		<ref_wid>1824</ref_wid>
		<namekey>PHPGoogleMaps.includes</namekey>
		<folder>PHPGoogleMaps</folder>
		<name>Google Map API 3</name>
		<type>175</type>
		<publish>1</publish>
		<status>1</status>
		<params></params>
		<destination>inc</destination>
		<parent>0</parent>
		<trans>0</trans>
		<certify>1</certify>
		<version>1185</version>
		<lversion>1185</lversion>
		<pref>0</pref>
		<rolid>1</rolid>
		<install></install>
		<ordering>57</ordering>
		<core>1</core>
		<modified>1436535973</modified>
		<reload>1</reload>
		<created>0</created>
		<showconfig>1</showconfig>
		<framework>0</framework>
	</row>
</rows>