<?xml version="1.0" encoding="utf-8"?>
<rows>
	<row>
		<wid>57</wid>
		<namekey>address.node</namekey>
		<folder>address</folder>
		<name>Address</name>
		<type>150</type>
		<publish>1</publish>
		<params></params>
		<destination>node</destination>
		<trans>1</trans>
		<certify>1</certify>
		<version>4218</version>
		<lversion>4218</lversion>
		<pref>1</pref>
		<rolid>1</rolid>
		<core>1</core>
		<framework>0</framework>
		<status>1</status>
	</row>	<row>
		<wid>65</wid>
		<namekey>countries.node</namekey>
		<folder>countries</folder>
		<name>countries</name>
		<type>150</type>
		<publish>-1</publish>
		<params></params>
		<destination>node</destination>
		<trans>1</trans>
		<certify>1</certify>
		<version>2652</version>
		<lversion>2652</lversion>
		<pref>0</pref>
		<rolid>1</rolid>
		<core>1</core>
		<framework>0</framework>
		<status>1</status>
	</row>	<row>
		<wid>1824</wid>
		<namekey>PHPGoogleMaps.includes</namekey>
		<folder>PHPGoogleMaps</folder>
		<name>Google Map API 3</name>
		<type>175</type>
		<publish>-1</publish>
		<params></params>
		<destination>inc</destination>
		<trans>0</trans>
		<certify>1</certify>
		<version>1185</version>
		<lversion>1185</lversion>
		<pref>0</pref>
		<rolid>1</rolid>
		<core>1</core>
		<framework>0</framework>
		<status>1</status>
	</row>
</rows>