﻿
<!-- POST-HANDLING -->

    <!-- Runs of spaces -->
		<item>
			<s><![CDATA[/[ ]{2,}/]]></s>
			<r><![CDATA[ ]]></r>
		</item>

    <!-- Remove starting spaces -->
		<item>
			<s><![CDATA[/^ /]]></s>
			<r><![CDATA[]]></r>
		</item>
		<item>
			<s><![CDATA[/\x0A /i]]></s>
			<r><![CDATA[<?php echo "\n"; ?>]]></r>
		</item>

	<!-- Bring down number of empty lines to 2 max ... -->
		<item>
			<s><![CDATA[/\x0A[\x0A|\x0D|\x09]+\x0A/i]]></s>
			<r><![CDATA[<?php echo "\n\n"; ?>]]></r>
		</item>
		<item>
			<s><![CDATA[/[\x0A]{3,}/i]]></s>
			<r><![CDATA[<?php echo "\n\n"; ?>]]></r>
		</item>
