<?xml version="1.0" encoding="UTF-8" ?>
<!-- This is a WordPress eXtended RSS file generated by WordPress as an export of your site. -->
<!-- It contains information about your site's posts, pages, comments, categories, and other content. -->
<!-- You may use this file to transfer that content from one site to another. -->
<!-- This file is not intended to serve as a complete backup of your site. -->

<!-- To import this information into a WordPress site follow these steps: -->
<!-- 1. Log in to that site as an administrator. -->
<!-- 2. Go to Tools: Import in the WordPress admin panel. -->
<!-- 3. Install the "WordPress" importer from the list. -->
<!-- 4. Activate & Run Importer. -->
<!-- 5. Upload this file using the form provided on that page. -->
<!-- 6. You will first be asked to map the authors in this export file to users -->
<!--    on the site. For each author, you may choose to map to an -->
<!--    existing user on the site or to create a new user. -->
<!-- 7. WordPress will then import each of the posts, pages, comments, categories, etc. -->
<!--    contained in this file into your site. -->

<!-- generator="WordPress/4.0" created="2014-09-17 18:46" -->
<rss version="2.0"
	xmlns:excerpt="http://wordpress.org/export/1.2/excerpt/"
	xmlns:content="http://purl.org/rss/1.0/modules/content/"
	xmlns:wfw="http://wellformedweb.org/CommentAPI/"
	xmlns:dc="http://purl.org/dc/elements/1.1/"
	xmlns:wp="http://wordpress.org/export/1.2/"
>

<channel>
	<title>Demo</title>
	<link>http://demo.dev</link>
	<description>Just another WordPress site</description>
	<pubDate>Wed, 17 Sep 2014 18:46:06 +0000</pubDate>
	<language>en-US</language>
	<wp:wxr_version>1.2</wp:wxr_version>
	<wp:base_site_url>http://demo.dev</wp:base_site_url>
	<wp:base_blog_url>http://demo.dev</wp:base_blog_url>

	<wp:author><wp:author_id>1</wp:author_id><wp:author_login>mahodder</wp:author_login><wp:author_email>mark@redstreams.com</wp:author_email><wp:author_display_name><![CDATA[mahodder]]></wp:author_display_name><wp:author_first_name><![CDATA[]]></wp:author_first_name><wp:author_last_name><![CDATA[]]></wp:author_last_name></wp:author>


	<generator>http://wordpress.org/?v=4.0</generator>

	<item>
				<title>Shortcodes</title>
		<link>http://demo.dev/?page_id=112</link>
		<pubDate>Mon, 19 May 2014 16:27:39 +0000</pubDate>
		<dc:creator><![CDATA[mahodder]]></dc:creator>
		<guid isPermaLink="false">http://mythemepreviews.com/squarecode-wp/?page_id=112</guid>
		<description></description>
		<content:encoded><![CDATA[[themedy_button url="http://themedy.com" icon="cloud-download" label="Download The Plugin" colour="theme" colour_custom="" size="large" edge="straight" target="_blank"]

<hr />

<h5>Responsive Video Embeds</h5>
Easily add any video from Vimeo or Youtube on any page, anywhere and it will be instantly responsive like this one.

[themedy_media type="vimeo" url="http://player.vimeo.com/video/87292593"]

<hr />

<h5>Responsive Google Maps</h5>
Add a map to anywhere in the world directly using the Google API from the shortcodes plugin. The map can include a marker and your own message popup if clicked, of course the map is also 100% responsive.

[themedy_map latitude="51.522532" longitude="-0.156208" width="100%" height="400" zoom="16" infowindow_text="See! Any message you want here, such as, did you know this was 221B Baker Street in London? The home of Sherlock Holmes - pretty cool huh?"]

<hr />

<h5>Social Icons</h5>
Image based (not retina) Social icons by <a title="Icon Dock" href="http://icondock.com/free/vector-social-media-icons" target="_blank">Icon Dock</a>.

[themedy_social][themedy_social_link service="500px" link=""] [themedy_social_link service="aboutme" link=""] [themedy_social_link service="amazon" link=""] [themedy_social_link service="app-store" link=""] [themedy_social_link service="bebo" link=""] [themedy_social_link service="behance" link=""] [themedy_social_link service="blogger" link=""] [themedy_social_link service="coroflot" link=""] [themedy_social_link service="delicious" link=""] [themedy_social_link service="deviant-art" link=""] [themedy_social_link service="digg" link=""] [themedy_social_link service="dribbble" link=""] [themedy_social_link service="ebay" link=""] [themedy_social_link service="etsy" link=""] [themedy_social_link service="facebook" link=""] [themedy_social_link service="flickr" link=""] [themedy_social_link service="foodspotting" link=""][themedy_social_link service="foursquare" link=""] [themedy_social_link service="friendfeed" link=""] [themedy_social_link service="friendster" link=""] [themedy_social_link service="github" link=""] [themedy_social_link service="google-plus" link=""] [themedy_social_link service="gowalla" link=""] [themedy_social_link service="hyves" link=""] [themedy_social_link service="instagram" link=""] [themedy_social_link service="lastfm" link=""] [themedy_social_link service="linkedin" link=""] [themedy_social_link service="metacafe" link=""] [themedy_social_link service="myspace" link=""] [themedy_social_link service="photobucket" link=""] [themedy_social_link service="picasa" link=""] [themedy_social_link service="pinterest" link=""] [themedy_social_link service="reddit" link=""] [themedy_social_link service="rss" link=""] [themedy_social_link service="scribd" link=""] [themedy_social_link service="skype" link=""] [themedy_social_link service="slashdot" link=""] [themedy_social_link service="slideshare" link=""] [themedy_social_link service="soundcloud" link=""] [themedy_social_link service="spotify" link=""] [themedy_social_link service="stumbleupon" link=""] [themedy_social_link service="technorati" link=""] [themedy_social_link service="tumblr" link=""] [themedy_social_link service="twitter" link=""] [themedy_social_link service="vimeo" link=""] [themedy_social_link service="virb" link=""] [themedy_social_link service="wordpress" link=""] [themedy_social_link service="yahoo-buzz" link=""] [themedy_social_link service="yahoo" link=""] [themedy_social_link service="forrst" link=""] [themedy_social_link service="youtube" link=""] [/themedy_social]

Font based (retina ready) Social Icons using the Zocial icon font through <a href="http://fontello.com/" target="_blank">Fontello</a>.

[themedy_social][themedy_social_link service="ja-social-icon-twitter" link=""] [themedy_social_link service="ja-social-icon-facebook" link="#"] [themedy_social_link service="ja-social-icon-linkedin" link=""] [themedy_social_link service="ja-social-icon-pinterest" link=""] [themedy_social_link service="ja-social-icon-delicious" link=""] [themedy_social_link service="ja-social-icon-paypal" link=""] [themedy_social_link service="ja-social-icon-gplus" link=""] [themedy_social_link service="ja-social-icon-stumbleupon" link=""] [themedy_social_link service="ja-social-icon-fivehundredpx" link=""] [themedy_social_link service="ja-social-icon-foursquare" link=""][themedy_social_link service="ja-social-icon-forrst" link=""] [themedy_social_link service="ja-social-icon-digg" link=""] [themedy_social_link service="ja-social-icon-spotify" link=""] [themedy_social_link service="ja-social-icon-reddit" link=""] [themedy_social_link service="ja-social-icon-flickr" link=""] [themedy_social_link service="ja-social-icon-rss" link=""] [themedy_social_link service="ja-social-icon-skype" link=""] [themedy_social_link service="ja-social-icon-youtube" link=""] [themedy_social_link service="ja-social-icon-vimeo" link=""] [themedy_social_link service="ja-social-icon-myspace" link=""][themedy_social_link service="ja-social-icon-amazon" link=""] [themedy_social_link service="ja-social-icon-ebay" link=""] [themedy_social_link service="ja-social-icon-github" link=""] [themedy_social_link service="ja-social-icon-lastfm" link=""] [themedy_social_link service="ja-social-icon-soundcloud" link=""] [themedy_social_link service="ja-social-icon-tumblr" link=""] [themedy_social_link service="ja-social-icon-instagram" link=""][/themedy_social]

<hr />

<h5>Buttons</h5>
All buttons have the option of either rounded or straight corners, 3 different sizes, a selection of usable colors, theme specific styling, plus pick your own color using the provided color picker in the shortcode generator.
<h6>Large Rounded</h6>
[themedy_button url="#" icon="" label="Red Button" colour="red" colour_custom="" size="large" edge="rounded" target="_self"][themedy_button url="#" icon="" label="Blue Button" colour="blue" colour_custom="" size="large" edge="rounded" target="_self"][themedy_button url="#" icon="" label="Green Button" colour="green" colour_custom="" size="large" edge="rounded" target="_self"][themedy_button url="#" icon="" label="Light Gray Button" colour="light-gray" colour_custom="" size="large" edge="rounded" target="_self"][themedy_button url="#" icon="" label="Dark Gray Button" colour="dark-gray" colour_custom="" size="large" edge="rounded" target="_self"][themedy_button url="#" icon="" label="Orange Button" colour="orange" colour_custom="" size="large" edge="rounded" target="_self"][themedy_button url="#" icon="" label="Purple Button" colour="purple" colour_custom="" size="large" edge="rounded" target="_self"][themedy_button url="#" icon="" label="Theme Button" colour="theme" colour_custom="" size="large" edge="rounded" target="_self"]

<hr />

<h6>Large Square</h6>
[themedy_button url="#" icon="" label="Red Button" colour="red" colour_custom="" size="large" edge="straight" target="_self"][themedy_button url="#" icon="" label="Blue Button" colour="blue" colour_custom="" size="large" edge="straight" target="_self"][themedy_button url="#" icon="" label="Green Button" colour="green" colour_custom="" size="large" edge="straight" target="_self"][themedy_button url="#" icon="" label="Light Gray Button" colour="light-gray" colour_custom="" size="large" edge="straight" target="_self"][themedy_button url="#" icon="" label="Dark Gray Button" colour="dark-gray" colour_custom="" size="large" edge="straight" target="_self"][themedy_button url="#" icon="" label="Orange Button" colour="orange" colour_custom="" size="large" edge="straight" target="_self"][themedy_button url="#" icon="" label="Purple Button" colour="purple" colour_custom="" size="large" edge="straight" target="_self"][themedy_button url="#" icon="" label="Theme Button" colour="theme" colour_custom="" size="large" edge="straight" target="_self"]

<hr />

<h6>Medium Rounded</h6>
[themedy_button url="#" icon="" label="Red Button" colour="red" colour_custom="" size="medium" edge="rounded" target="_self"][themedy_button url="#" icon="" label="Blue Button" colour="blue" colour_custom="" size="medium" edge="rounded" target="_self"][themedy_button url="#" icon="" label="Green Button" colour="green" colour_custom="" size="medium" edge="rounded" target="_self"][themedy_button url="#" icon="" label="Light Gray Button" colour="light-gray" colour_custom="" size="medium" edge="rounded" target="_self"][themedy_button url="#" icon="" label="Dark Gray Button" colour="dark-gray" colour_custom="" size="medium" edge="rounded" target="_self"][themedy_button url="#" icon="" label="Orange Button" colour="orange" colour_custom="" size="medium" edge="rounded" target="_self"][themedy_button url="#" icon="" label="Purple Button" colour="purple" colour_custom="" size="medium" edge="rounded" target="_self"][themedy_button url="#" icon="" label="Theme Button" colour="theme" colour_custom="" size="medium" edge="rounded" target="_self"]

<hr />

<h6>Medium Square</h6>
[themedy_button url="#" icon="" label="Red Button" colour="red" colour_custom="" size="medium" edge="straight" target="_self"][themedy_button url="#" icon="" label="Blue Button" colour="blue" colour_custom="" size="medium" edge="straight" target="_self"][themedy_button url="#" icon="" label="Green Button" colour="green" colour_custom="" size="medium" edge="straight" target="_self"][themedy_button url="#" icon="" label="Light Gray Button" colour="light-gray" colour_custom="" size="medium" edge="straight" target="_self"][themedy_button url="#" icon="" label="Dark Gray Button" colour="dark-gray" colour_custom="" size="medium" edge="straight" target="_self"][themedy_button url="#" icon="" label="Orange Button" colour="orange" colour_custom="" size="medium" edge="straight" target="_self"][themedy_button url="#" icon="" label="Purple Button" colour="purple" colour_custom="" size="medium" edge="straight" target="_self"][themedy_button url="#" icon="" label="Theme Button" colour="theme" colour_custom="" size="medium" edge="straight" target="_self"]

<hr />

<h6>Small Rounded</h6>
[themedy_button url="#" icon="" label="Red Button" colour="red" colour_custom="" size="small" edge="rounded" target="_self"][themedy_button url="#" icon="" label="Blue Button" colour="blue" colour_custom="" size="small" edge="rounded" target="_self"][themedy_button url="#" icon="" label="Green Button" colour="green" colour_custom="" size="small" edge="rounded" target="_self"][themedy_button url="#" icon="" label="Light Gray Button" colour="light-gray" colour_custom="" size="small" edge="rounded" target="_self"][themedy_button url="#" icon="" label="Dark Gray Button" colour="dark-gray" colour_custom="" size="small" edge="rounded" target="_self"][themedy_button url="#" icon="" label="Orange Button" colour="orange" colour_custom="" size="small" edge="rounded" target="_self"][themedy_button url="#" icon="" label="Purple Button" colour="purple" colour_custom="" size="small" edge="rounded" target="_self"][themedy_button url="#" icon="" label="Theme Button" colour="theme" colour_custom="" size="small" edge="rounded" target="_self"]

<hr />

<h6>Small Square</h6>
[themedy_button url="#" icon="" label="Red Button" colour="red" colour_custom="" size="small" edge="straight" target="_self"][themedy_button url="#" icon="" label="Blue Button" colour="blue" colour_custom="" size="small" edge="straight" target="_self"][themedy_button url="#" icon="" label="Green Button" colour="green" colour_custom="" size="small" edge="straight" target="_self"][themedy_button url="#" icon="" label="Light Gray Button" colour="light-gray" colour_custom="" size="small" edge="straight" target="_self"][themedy_button url="#" icon="" label="Dark Gray Button" colour="dark-gray" colour_custom="" size="small" edge="straight" target="_self"][themedy_button url="#" icon="" label="Orange Button" colour="orange" colour_custom="" size="small" edge="straight" target="_self"][themedy_button url="#" icon="" label="Purple Button" colour="purple" colour_custom="" size="small" edge="straight" target="_self"][themedy_button url="#" icon="" label="Theme Button" colour="theme" colour_custom="" size="small" edge="straight" target="_self"]

<hr />

<h6>Icon Buttons</h6>
Hundreds of icons to choose from, plus all the available colors including pick your own color using the color picker in the shortcode generator and rounded or straight.

[themedy_button url="#" icon="map-marker" label="See the map" colour="red" colour_custom="" size="medium" edge="rounded" target="_self"][themedy_button url="#" icon="twitter-sign" label="Join Us on Twitter" colour="blue" colour_custom="" size="large" edge="rounded" target="_self"][themedy_button url="#" icon="facebook-sign" label="Like Us on facebook" colour="theme" colour_custom="" size="medium" edge="straight" target="_self"]

<hr />

<h5>Columns</h5>
[themedy_columns structure="50|50"][themedy_col position="a"]

Morbi non erat non ipsum pharetra tempus. Donec orci. Proin in ante. Pellentesque sit amet purus. Cras egestas diam sed ante. Etiam imperdiet urna sit amet risus. Donec ornare arcu id erat. Aliquam ultrices scelerisque sem. In elit nulla, molestie vel, ornare sit amet, interdum vel, mauris. Etiam dignissim imperdiet metus.

[/themedy_col][themedy_col position="b"]

Morbi non erat non ipsum pharetra tempus. Donec orci. Proin in ante. Pellentesque sit amet purus. Cras egestas diam sed ante. Etiam imperdiet urna sit amet risus. Donec ornare arcu id erat. Aliquam ultrices scelerisque sem. In elit nulla, molestie vel, ornare sit amet, interdum vel, mauris. Etiam dignissim imperdiet metus.

[/themedy_col][/themedy_columns]

[themedy_columns structure="33|33|33"][themedy_col position="a"]

Morbi non erat non ipsum pharetra tempus. Donec orci. Proin in ante. Pellentesque sit amet purus. Cras egestas diam sed ante. Etiam imperdiet urna sit amet risus.

[/themedy_col][themedy_col position="b"]

Morbi non erat non ipsum pharetra tempus. Donec orci. Proin in ante. Pellentesque sit amet purus. Cras egestas diam sed ante. Etiam imperdiet urna sit amet risus.

[/themedy_col][themedy_col position="c"]

Morbi non erat non ipsum pharetra tempus. Donec orci. Proin in ante. Pellentesque sit amet purus. Cras egestas diam sed ante. Etiam imperdiet urna sit amet risus.

[/themedy_col][/themedy_columns]

[themedy_columns structure="67|33"][themedy_col position="a"]

<a href="#">Morbi non erat non ipsum pharetra tempus</a>. Donec orci. Proin in ante. Pellentesque sit amet purus. Cras egestas diam sed ante. Etiam imperdiet urna sit amet risus. Donec ornare arcu id erat. Aliquam ultrices scelerisque sem. In elit nulla, molestie vel, ornare sit amet, interdum vel, mauris. Etiam dignissim imperdiet metus.

[/themedy_col][themedy_col position="b"]

Morbi non erat non ipsum pharetra tempus. Donec orci. Proin in ante. Pellentesque sit amet purus. Cras egestas diam sed ante. Etiam imperdiet urna sit amet risus.

[/themedy_col][/themedy_columns]

[themedy_columns structure="33|67"][themedy_col position="a"]

Morbi non erat non ipsum pharetra tempus. Donec orci. Proin in ante. Pellentesque sit amet purus. Cras egestas diam sed ante. Etiam imperdiet urna sit amet risus.

[/themedy_col][themedy_col position="b"]

Morbi non erat non ipsum pharetra tempus. Donec orci. Proin in ante. Pellentesque sit amet purus. Cras egestas diam sed ante. Etiam imperdiet urna sit amet risus. Donec ornare arcu id erat. Aliquam ultrices scelerisque sem. In elit nulla, molestie vel, ornare sit amet, interdum vel, mauris. Etiam dignissim imperdiet metus.

[/themedy_col][/themedy_columns]

[themedy_columns structure="25|25|25|25"][themedy_col position="a"]

Morbi non erat non ipsum pharetra tempus. Donec orci. Proin in ante. Pellentesque sit amet purus. Cras egestas diam sed ante.

[/themedy_col][themedy_col position="b"]

Morbi non erat non ipsum pharetra tempus. Donec orci. Proin in ante. Pellentesque sit amet purus. Cras egestas diam sed ante.

[/themedy_col][themedy_col position="c"]

Morbi non erat non ipsum pharetra tempus. Donec orci. Proin in ante. Pellentesque sit amet purus. Cras egestas diam sed ante.

[/themedy_col][themedy_col position="d"]

Morbi non erat non ipsum pharetra tempus. Donec orci. Proin in ante. Pellentesque sit amet purus. Cras egestas diam sed ante.

[/themedy_col][/themedy_columns]

[themedy_columns structure="50|25|25"][themedy_col position="a"]

Morbi non erat non ipsum pharetra tempus. Donec orci. Proin in ante. Pellentesque sit amet purus. Cras egestas diam sed ante. Etiam imperdiet urna sit amet risus. Donec ornare arcu id erat. Aliquam ultrices scelerisque sem. In elit nulla, molestie vel, ornare sit amet, interdum vel, mauris. Etiam dignissim imperdiet metus.

[/themedy_col][themedy_col position="b"]

Morbi non erat non ipsum pharetra tempus. Donec orci. Proin in ante. Pellentesque sit amet purus. Cras egestas diam sed ante. Etiam imperdiet urna sit.

[/themedy_col][themedy_col position="c"]

Morbi non erat non ipsum pharetra tempus. Donec orci. Proin in ante. Pellentesque sit amet purus. Cras egestas diam sed ante. Etiam imperdiet urna sit.

[/themedy_col][/themedy_columns]

[themedy_columns structure="25|25|50"][themedy_col position="a"]

Morbi non erat non ipsum pharetra tempus. Donec orci. Proin in ante. Pellentesque sit amet purus. Cras egestas diam sed ante. Etiam imperdiet urna sit.

[/themedy_col][themedy_col position="b"]

Morbi non erat non ipsum pharetra tempus. Donec orci. Proin in ante. Pellentesque sit amet purus. Cras egestas diam sed ante. Etiam imperdiet urna sit.

[/themedy_col][themedy_col position="c"]

Morbi non erat non ipsum pharetra tempus. Donec orci. Proin in ante. Pellentesque sit amet purus. Cras egestas diam sed ante. Etiam imperdiet urna sit amet risus. Donec ornare arcu id erat. Aliquam ultrices scelerisque sem. In elit nulla, molestie vel, ornare sit amet, interdum vel, mauris. Etiam dignissim imperdiet metus.

[/themedy_col][/themedy_columns]

[themedy_columns structure="25|50|25"][themedy_col position="a"]

Morbi non erat non ipsum pharetra tempus. Donec orci. Proin in ante. Pellentesque sit amet purus. Cras egestas diam sed ante.

[/themedy_col][themedy_col position="b"]

Morbi non erat non ipsum pharetra tempus. Donec orci. Proin in ante. Pellentesque sit amet purus. Cras egestas diam sed ante. Etiam imperdiet urna sit amet risus. Donec ornare arcu id erat. Aliquam ultrices scelerisque sem. In elit nulla, molestie vel, ornare sit amet, interdum vel, mauris.

[/themedy_col][themedy_col position="c"]

Morbi non erat non ipsum pharetra tempus. Donec orci. Proin in ante. Pellentesque sit amet purus. Cras egestas diam sed ante.

[/themedy_col][/themedy_columns]

<hr />

<h5>Alert Boxes</h5>
With 5 premade color sets available, plus choose any icon from hundreds available and the option for a theme styled alert box or full custom colors from the color picker - alert boxes have never looked so good!

[themedy_alertbox icon="user" colour="red" custom_colour=""]test alert 1 <a href="#">with link</a>[/themedy_alertbox]

[themedy_alertbox icon="leaf" colour="blue" colour_custom=""]test alert 2 <a href="#">with link</a>[/themedy_alertbox]

[themedy_alertbox icon="picture" colour="green" colour_custom=""]test alert 3 <a href="#">with link</a>[/themedy_alertbox]

[themedy_alertbox icon="remove-sign" colour="light-gray" colour_custom=""]test alert 4 <a href="#">with link</a>[/themedy_alertbox]

[themedy_alertbox icon="warning-sign" colour="yellow" colour_custom=""]test alert 5 <a href="#">with link</a>[/themedy_alertbox]

[themedy_alertbox icon="tag" colour="custom" colour_custom="#313131"]test alert custom color <a href="#">with link</a>[/themedy_alertbox]

[themedy_alertbox icon="comments-alt" colour="theme" colour_custom=""]test alert theme colors <a href="#">with link</a>[/themedy_alertbox]

<hr />

<h5>Toggles</h5>
You can select to display an icon (from hundreds available) to appear before the title directly from within the shortcode generator.

[themedy_toggle icon="camera" heading="Here is a toggle with an icon and open on load" onload="open"]Nulla dui purus, eleifend vel, consequat non, dictum porta, nulla. Duis ante mi, <a href="#">laoreet</a> ut, commodo eleifend, cursus nec, lorem. Aenean eu est. Etiam imperdiet turpis. Praesent nec augue. Curabitur ligula quam, rutrum id, tempor sed, consequat ac, dui. [/themedy_toggle]

[themedy_toggle icon="camera" heading="Here is a toggle with no icon and closed on load" onload="closed"]Nulla dui purus, eleifend vel, consequat non, dictum porta, nulla. Duis ante mi, <a href="#">laoreet</a> ut, commodo eleifend, cursus nec, lorem. Aenean eu est. Etiam imperdiet turpis. Praesent nec augue. Curabitur ligula quam, rutrum id, tempor sed, consequat ac, dui. [/themedy_toggle]

<hr />

<h5>Accordions</h5>
You can select to display an icon (from hundreds available) to appear before the title directly from within the shortcode generator.

[themedy_accordion][themedy_toggle accordion="1" icon="home" heading="Accordion 1 - open on load and an icon" onload="open"]Nulla dui purus, eleifend vel, consequat non, dictum porta, nulla. <a href="#">Duis ante</a> mi, laoreet ut, commodo eleifend, cursus nec, lorem. Aenean eu est. Etiam imperdiet turpis. Praesent nec augue. Curabitur ligula quam, rutrum id, tempor sed, consequat ac, dui. [/themedy_toggle][themedy_toggle accordion="1" icon="camera" heading="Accordion 2 - closed on load and an icon" onload="closed"]Nulla dui purus, eleifend vel, consequat non, dictum porta, nulla. <a href="#">Duis ante</a> mi, laoreet ut, commodo eleifend, cursus nec, lorem. Aenean eu est. Etiam imperdiet turpis. Praesent nec augue. Curabitur ligula quam, rutrum id, tempor sed, consequat ac, dui. [/themedy_toggle][themedy_toggle accordion="1" icon="" heading="Accordion 3 - closed on load and no icon" onload="closed"]Nulla dui purus, eleifend vel, consequat non, dictum porta, nulla. <a href="#">Duis ante</a> mi, laoreet ut, commodo eleifend, cursus nec, lorem. Aenean eu est. Etiam imperdiet turpis. Praesent nec augue. Curabitur ligula quam, rutrum id, tempor sed, consequat ac, dui. [/themedy_toggle][/themedy_accordion]

<hr />

<h5>Tabs</h5>
[themedy_tabs][themedy_tab label="test 1"]<a href="#">Pellentesque nibh felis</a>, eleifend id, commodo in, interdum vitae, leo. Praesent eu elit. Ut eu ligula. Class aptent taciti sociosqu ad litora torquent per conubia nostra, per inceptos hymenaeos. Maecenas elementum augue nec nisl. Proin auctor lorem at nibh. Curabitur nulla purus, feugiat id, elementum in, lobortis quis, pede. Vivamus sodales adipiscing sapien. Vestibulum posuere nulla eget wisi. Integer volutpat ligula eget enim. Suspendisse vitae arcu. Quisque pellentesque. Nullam consequat, sem vitae rhoncus tristique, mauris nulla fermentum est, bibendum ullamcorper sapien magna et quam. Sed dapibus vehicula odio. Proin bibendum gravida nisl. Fusce lorem. Phasellus sagittis, nulla in hendrerit laoreet, libero lacus feugiat urna, eget hendrerit pede magna vitae lorem. Praesent mauris.[/themedy_tab][themedy_tab label="test 2"]Quisque facilisis erat a dui. Nam malesuada ornare dolor. Cras gravida, diam sit amet rhoncus ornare, erat elit consectetuer erat, id egestas pede nibh eget odio. Proin tincidunt, velit vel porta elementum, magna diam molestie sapien, non aliquet massa pede eu diam. Aliquam iaculis. Fusce et ipsum et nulla tristique facilisis. Donec eget sem sit amet ligula viverra gravida. Etiam vehicula urna vel turpis. Suspendisse sagittis ante a urna. Morbi a est quis orci consequat rutrum. Nullam egestas feugiat felis. Integer adipiscing semper ligula. Nunc molestie, nisl sit amet cursus convallis, sapien lectus pretium metus, vitae pretium enim wisi id lectus. Donec vestibulum. Etiam vel nibh. Nulla facilisi. Mauris pharetra. Donec augue. Fusce ultrices, neque id dignissim ultrices, tellus mauris dictum elit, vel lacinia enim metus eu nunc.[/themedy_tab][themedy_tab label="test 3"]Pellentesque nibh felis, eleifend id, commodo in, interdum vitae, leo. Praesent eu elit. Ut eu ligula. Class aptent taciti sociosqu ad litora torquent per conubia nostra, per inceptos hymenaeos. Maecenas elementum augue nec nisl. Proin auctor lorem at nibh. Curabitur nulla purus, feugiat id, elementum in, lobortis quis, pede. Vivamus sodales adipiscing sapien. Vestibulum posuere nulla eget wisi. Integer volutpat ligula eget enim. Suspendisse vitae arcu. Quisque pellentesque. Nullam consequat, sem vitae rhoncus tristique, mauris nulla fermentum est, bibendum ullamcorper sapien magna et quam. Sed dapibus vehicula odio. Proin bibendum gravida nisl. Fusce lorem. Phasellus sagittis, nulla in hendrerit laoreet, libero lacus feugiat urna, eget hendrerit pede magna vitae lorem. Praesent mauris.[/themedy_tab][themedy_tab label="test 4"]Quisque facilisis erat a dui. Nam malesuada ornare dolor. Cras gravida, diam sit amet rhoncus ornare, erat elit consectetuer erat, id egestas pede nibh eget odio. Proin tincidunt, velit vel porta elementum, magna diam molestie sapien, non aliquet massa pede eu diam. Aliquam iaculis. Fusce et ipsum et nulla tristique facilisis. Donec eget sem sit amet ligula viverra gravida. Etiam vehicula urna vel turpis. Suspendisse sagittis ante a urna. Morbi a est quis orci consequat rutrum. Nullam egestas feugiat felis. Integer adipiscing semper ligula. Nunc molestie, nisl sit amet cursus convallis, sapien lectus pretium metus, vitae pretium enim wisi id lectus. Donec vestibulum. Etiam vel nibh. Nulla facilisi. Mauris pharetra. Donec augue. Fusce ultrices, neque id dignissim ultrices, tellus mauris dictum elit, vel lacinia enim metus eu nunc.[/themedy_tab][/themedy_tabs]
<div class="clearbig"></div>
<h5>Pull Quote Left example</h5>
<div class="clear"></div>
[themedy_pullleft colour="red" colour_custom="" text="This is an example of a pull quote left using the option of red."]

Ut nulla. Vivamus bibendum, nulla ut congue fringilla, lorem ipsum ultricies risus, ut rutrum velit tortor vel purus. In hac habitasse platea dictumst. Duis fermentum, metus sed congue gravida, arcu dui ornare urna.

<hr />

[themedy_pullleft colour="blue" colour_custom="" text="This is an example of a pull quote left using the option of blue."]

Ut nulla. Vivamus bibendum, nulla ut congue fringilla, lorem ipsum ultricies risus, ut rutrum velit tortor vel purus. In hac habitasse platea dictumst. Duis fermentum, metus sed congue gravida, arcu dui ornare urna.

<hr />

[themedy_pullleft colour="green" colour_custom="" text="This is an example of a pull quote left using the option of green."]

Ut nulla. Vivamus bibendum, nulla ut congue fringilla, lorem ipsum ultricies risus, ut rutrum velit tortor vel purus. In hac habitasse platea dictumst. Duis fermentum, metus sed congue gravida, arcu dui ornare urna.

<hr />

[themedy_pullleft colour="yellow" colour_custom="" text="This is an example of a pull quote left using the option of yellow."]

Ut nulla. Vivamus bibendum, nulla ut congue fringilla, lorem ipsum ultricies risus, ut rutrum velit tortor vel purus. In hac habitasse platea dictumst. Duis fermentum, metus sed congue gravida, arcu dui ornare urna.

<hr />

[themedy_pullleft colour="light-gray" colour_custom="" text="This is an example of a pull quote left using the option of light gray."]

Ut nulla. Vivamus bibendum, nulla ut congue fringilla, lorem ipsum ultricies risus, ut rutrum velit tortor vel purus. In hac habitasse platea dictumst. Duis fermentum, metus sed congue gravida, arcu dui ornare urna.

<hr />

[themedy_pullleft colour="custom" colour_custom="#313131" text="This is an example of a pull quote left using the option of custom color from the color picker."]

Ut nulla. Vivamus bibendum, nulla ut congue fringilla, lorem ipsum ultricies risus, ut rutrum velit tortor vel purus. In hac habitasse platea dictumst. Duis fermentum, metus sed congue gravida, arcu dui ornare urna.
<div class="clearbig"></div>
<h5>Pull Quote Right example</h5>
<div class="clear"></div>
[themedy_pullright colour="red" colour_custom="" text="This is an example of a pull quote right using the option of red."]

Ut nulla. Vivamus bibendum, nulla ut congue fringilla, lorem ipsum ultricies risus, ut rutrum velit tortor vel purus. In hac habitasse platea dictumst. Duis fermentum, metus sed congue gravida, arcu dui ornare urna.

<hr />

[themedy_pullright colour="blue" colour_custom="" text="This is an example of a pull quote right using the option of blue."]

Ut nulla. Vivamus bibendum, nulla ut congue fringilla, lorem ipsum ultricies risus, ut rutrum velit tortor vel purus. In hac habitasse platea dictumst. Duis fermentum, metus sed congue gravida, arcu dui ornare urna.

<hr />

[themedy_pullright colour="green" colour_custom="" text="This is an example of a pull quote right using the option of green."]

Ut nulla. Vivamus bibendum, nulla ut congue fringilla, lorem ipsum ultricies risus, ut rutrum velit tortor vel purus. In hac habitasse platea dictumst. Duis fermentum, metus sed congue gravida, arcu dui ornare urna.

<hr />

[themedy_pullright colour="yellow" colour_custom="" text="This is an example of a pull quote right using the option of yellow."]

Ut nulla. Vivamus bibendum, nulla ut congue fringilla, lorem ipsum ultricies risus, ut rutrum velit tortor vel purus. In hac habitasse platea dictumst. Duis fermentum, metus sed congue gravida, arcu dui ornare urna.

<hr />

[themedy_pullright colour="light-gray" colour_custom="" text="This is an example of a pull quote right using the option of light gray."]

Ut nulla. Vivamus bibendum, nulla ut congue fringilla, lorem ipsum ultricies risus, ut rutrum velit tortor vel purus. In hac habitasse platea dictumst. Duis fermentum, metus sed congue gravida, arcu dui ornare urna.

<hr />

[themedy_pullright colour="custom" colour_custom="#313131" text="This is an example of a pull quote left using the option of custom color from the color picker."]

Ut nulla. Vivamus bibendum, nulla ut congue fringilla, lorem ipsum ultricies risus, ut rutrum velit tortor vel purus. In hac habitasse platea dictumst. Duis fermentum, metus sed congue gravida, arcu dui ornare urna.]]></content:encoded>
		<excerpt:encoded><![CDATA[]]></excerpt:encoded>
		<wp:post_id>112</wp:post_id>
		<wp:post_date>2014-05-19 16:27:39</wp:post_date>
		<wp:post_date_gmt>2014-05-19 16:27:39</wp:post_date_gmt>
		<wp:comment_status>open</wp:comment_status>
		<wp:ping_status>open</wp:ping_status>
		<wp:post_name>shortcodes</wp:post_name>
		<wp:status>publish</wp:status>
		<wp:post_parent>0</wp:post_parent>
		<wp:menu_order>0</wp:menu_order>
		<wp:post_type>page</wp:post_type>
		<wp:post_password></wp:post_password>
		<wp:is_sticky>0</wp:is_sticky>
		<wp:postmeta>
			<wp:meta_key>_edit_last</wp:meta_key>
			<wp:meta_value><![CDATA[1]]></wp:meta_value>
		</wp:postmeta>
		<wp:postmeta>
			<wp:meta_key>_wp_page_template</wp:meta_key>
			<wp:meta_value><![CDATA[default]]></wp:meta_value>
		</wp:postmeta>
		<wp:postmeta>
			<wp:meta_key>_easy_image_gallery_link_images</wp:meta_key>
			<wp:meta_value><![CDATA[on]]></wp:meta_value>
		</wp:postmeta>
		<wp:postmeta>
			<wp:meta_key>_genesis_layout</wp:meta_key>
			<wp:meta_value><![CDATA[full-width-content]]></wp:meta_value>
		</wp:postmeta>
	</item>
</channel>
</rss>
