<olimometer>
	<skin>
		<skin_name>Olimometer Default Skin</skin_name>
		<skin_slug>oli-default</skin_slug>
		<bulb_file>therm_bulb.png</bulb_file>
		<bar_file>therm_bar_empty.png</bar_file>
		<top_file>therm_top.png</top_file>
		<bar_colour>a23344</bar_colour>
		<bar_pos>26</bar_pos>
		<bar_width>4</bar_width>
		<bar_end>7</bar_end>
		<text_pos>60</text_pos>
        <orientation>vertical</orientation>
	</skin>
	<skin>
		<skin_name>Red and Rounded</skin_name>
		<skin_slug>oli-rounded</skin_slug>
		<bulb_file>rounded_bottom.png</bulb_file>
		<bar_file>rounded_bar.png</bar_file>
		<top_file>rounded_top.png</top_file>
		<bar_colour>dc3429</bar_colour>
		<bar_pos>29</bar_pos>
		<bar_width>18</bar_width>
		<bar_end>12</bar_end>		
		<text_pos>60</text_pos>
        <orientation>vertical</orientation>
	</skin>
	<skin>
		<skin_name>Bold and Chunky</skin_name>
		<skin_slug>oli-bold-chunky</skin_slug>
		<bulb_file>bold-chunky-bottom.png</bulb_file>
		<bar_file>bold-chunky-bar.png</bar_file>
		<top_file>bold-chunky-top.png</top_file>
		<bar_colour>d3212f</bar_colour>
		<bar_pos>15</bar_pos>
		<bar_width>53</bar_width>
		<bar_end>22</bar_end>		
		<text_pos>100</text_pos>
        <orientation>vertical</orientation>
	</skin>
	<skin>
		<skin_name>Watermaster</skin_name>
		<skin_slug>oli-watermaster</skin_slug>
		<bulb_file>watermaster-bottom.png</bulb_file>
		<bar_file>watermaster-bar.png</bar_file>
		<top_file>watermaster-top.png</top_file>
		<bar_colour>3366ff</bar_colour>
		<bar_pos>84</bar_pos>
		<bar_width>24</bar_width>
		<bar_end>130</bar_end>
		<text_pos>60</text_pos>
        <orientation>vertical</orientation>
	</skin>
	<skin>
		<skin_name>Our Progress - Blue</skin_name>
		<skin_slug>oli-ourprogress-blue</skin_slug>
		<bulb_file>therm_bulb.png</bulb_file>
		<bar_file>therm_bar_empty.png</bar_file>
		<top_file>therm_top.png</top_file>
		<bar_colour>164589</bar_colour>
		<bar_pos>30</bar_pos>
		<bar_width>12</bar_width>
		<bar_end>24</bar_end>
		<text_pos>70</text_pos>
        <orientation>vertical</orientation>
	</skin>
	<skin>
		<skin_name>Our Progress - Green</skin_name>
		<skin_slug>oli-ourprogress-green</skin_slug>
		<bulb_file>therm_bulb.png</bulb_file>
		<bar_file>therm_bar_empty.png</bar_file>
		<top_file>therm_top.png</top_file>
		<bar_colour>05854a</bar_colour>
		<bar_pos>30</bar_pos>
		<bar_width>12</bar_width>
		<bar_end>24</bar_end>
		<text_pos>70</text_pos>
        <orientation>vertical</orientation>        
	</skin>  
	<skin>
		<skin_name>Our Progress - Red</skin_name>
		<skin_slug>oli-ourprogress-red</skin_slug>
		<bulb_file>therm_bulb.png</bulb_file>    	<bar_file>therm_bar_empty.png</bar_file>
		<top_file>therm_top.png</top_file>
		<bar_colour>891619</bar_colour>
		<bar_pos>30</bar_pos>
		<bar_width>12</bar_width>
		<bar_end>24</bar_end>
		<text_pos>70</text_pos>
        <orientation>vertical</orientation>        
	</skin>  
	<skin>
		<skin_name>ProgPress - Black</skin_name>
		<skin_slug>oli-progpress-black</skin_slug>
		<bulb_file>left.png</bulb_file>
		<bar_file>middle.png</bar_file>
		<top_file>right.png</top_file>
		<bar_colour>000000</bar_colour>
		<bar_pos>7</bar_pos>
		<bar_width>19</bar_width>
		<bar_end>20</bar_end>
		<text_pos>0</text_pos>        <orientation>horizontal</orientation>
	</skin> 
    <skin>
		<skin_name>Horizontal - Thin Red</skin_name>
		<skin_slug>oli-thinredhorizontal</skin_slug>
		<bulb_file>left.png</bulb_file>
		<bar_file>middle.png</bar_file>
		<top_file>right.png</top_file>
		<bar_colour>ff0000</bar_colour>
		<bar_pos>0</bar_pos>
		<bar_width>19</bar_width>
		<bar_end>20</bar_end>
		<text_pos>0</text_pos>
        <orientation>horizontal</orientation>
	</skin>
    <skin>
		<skin_name>Horizontal - Thin Blue</skin_name>
		<skin_slug>oli-thinbluehorizontal</skin_slug>
		<bulb_file>left.png</bulb_file>
		<bar_file>middle.png</bar_file>
		<top_file>right.png</top_file>
		<bar_colour>0000ff</bar_colour>
		<bar_pos>0</bar_pos>
		<bar_width>19</bar_width>
		<bar_end>20</bar_end>
		<text_pos>0</text_pos>
        <orientation>horizontal</orientation>
	</skin> 
    <skin>
		<skin_name>Horizontal - Thin Black</skin_name>
		<skin_slug>oli-thinblackhorizontal</skin_slug>
		<bulb_file>left.png</bulb_file>
		<bar_file>middle.png</bar_file>
		<top_file>right.png</top_file>
		<bar_colour>000000</bar_colour>
		<bar_pos>0</bar_pos>
		<bar_width>19</bar_width>
		<bar_end>20</bar_end>
		<text_pos>0</text_pos>
        <orientation>horizontal</orientation>
	</skin> 
</olimometer>