[
    {
            "id":"custom-fields-for-rtb",
            "title":"Custom Fields for Restaurant Reservations",
            "url":"http:\/\/themeofthecrop.com\/plugin\/custom-fields-restaurant-reservations\/",
            "price":"$30",
            "img":"https:\/\/themeofthecrop.com\/promo\/plugins\/custom-fields-for-rtb.png",
            "status":"released",
            "description":"Add custom fields and edit your booking form with ease."
    },
    {
            "id":"mailchimp-for-rtb",
            "title":"MailChimp for Restaurant Reservations",
            "url":"http:\/\/themeofthecrop.com\/plugin\/mailchimp-restaurant-reservations\/",
            "price":"$20",
            "img":"https:\/\/themeofthecrop.com\/promo\/plugins\/mailchimp-for-rtb.png",
            "status":"released",
            "description":"Subscribe emails from new restaurant reservations to your MailChimp mailing list."
    },
    {
            "id":"export-bookings-for-rtb",
            "title":"Export Bookings for Restaurant Reservations",
            "url":"http:\/\/themeofthecrop.com\/plugin\/export-bookings-for-restaurant-reservations\/",
            "price":"$20",
            "img":"https:\/\/themeofthecrop.com\/promo\/plugins\/export-bookings-for-rtb.png",
            "status":"released",
            "description":"Export your restaurant reservations to PDF and Excel/CSV files."
    }
]
