{"Webcodin\\WCPContactForm\\Core\\Agp_Autoloader":"\/agp-core\/classes\/Agp_Autoloader.class.php","Webcodin\\WCPContactForm\\Core\\Agp_Module":"\/agp-core\/classes\/Agp_Module.class.php","Webcodin\\WCPContactForm\\Core\\Agp_DbConnectException":"\/agp-core\/classes\/error\/Agp_DbConnectException.class.php","Webcodin\\WCPContactForm\\Core\\Agp_ExceptionAbstract":"\/agp-core\/classes\/error\/Agp_ExceptionAbstract.class.php","Webcodin\\WCPContactForm\\Core\\Agp_ExceptionInterface":"\/agp-core\/classes\/error\/Agp_ExceptionInterface.class.php","Webcodin\\WCPContactForm\\Core\\Agp_MultiSelectRepository":"\/agp-core\/classes\/persistence\/Agp_MultiSelectRepository.class.php","Webcodin\\WCPContactForm\\Core\\Agp_RepositoryAbstract":"\/agp-core\/classes\/persistence\/Agp_RepositoryAbstract.class.php","Webcodin\\WCPContactForm\\Core\\Agp_SingleSelectRepository":"\/agp-core\/classes\/persistence\/Agp_SingleSelectRepository.class.php","Webcodin\\WCPContactForm\\Core\\Agp_Entity":"\/agp-core\/classes\/persistence\/entity\/Agp_Entity.class.php","Webcodin\\WCPContactForm\\Core\\Agp_EntityAbstract":"\/agp-core\/classes\/persistence\/entity\/Agp_EntityAbstract.class.php","Webcodin\\WCPContactForm\\Core\\Agp_PostEntity":"\/agp-core\/classes\/persistence\/entity\/Agp_PostEntity.class.php","Webcodin\\WCPContactForm\\Core\\Agp_TaxonomyEntity":"\/agp-core\/classes\/persistence\/entity\/Agp_TaxonomyEntity.class.php","Webcodin\\WCPContactForm\\Core\\Agp_CookieAbstract":"\/agp-core\/classes\/persistence\/session\/Agp_CookieAbstract.class.php","Webcodin\\WCPContactForm\\Core\\Agp_Session":"\/agp-core\/classes\/persistence\/session\/Agp_Session.class.php","Webcodin\\WCPContactForm\\Core\\Agp_SessionAbstract":"\/agp-core\/classes\/persistence\/session\/Agp_SessionAbstract.class.php","Webcodin\\WCPContactForm\\Core\\Agp_Curl":"\/agp-core\/classes\/curl\/Agp_Curl.class.php","Webcodin\\WCPContactForm\\Core\\Agp_RepeaterAbstract":"\/agp-core\/classes\/fields\/Agp_RepeaterAbstract.class.php","Webcodin\\WCPContactForm\\Core\\Agp_AjaxAbstract":"\/agp-core\/classes\/ajax\/Agp_AjaxAbstract.class.php","Webcodin\\WCPContactForm\\Core\\Agp_DbAbstract":"\/agp-core\/classes\/database\/Agp_DbAbstract.class.php","Webcodin\\WCPContactForm\\Core\\Agp_MySqlDb":"\/agp-core\/classes\/database\/Agp_MySqlDb.class.php","Webcodin\\WCPContactForm\\Core\\Agp_ConfigAbstract":"\/agp-core\/classes\/config\/Agp_ConfigAbstract.class.php","Webcodin\\WCPContactForm\\Core\\Agp_SettingsAbstract":"\/agp-core\/classes\/config\/Agp_SettingsAbstract.class.php","SCFP":"\/classes\/SCFP.class.php","SCFP_Ajax":"\/classes\/SCFP_Ajax.class.php","SCFP_Form":"\/classes\/SCFP_Form.class.php","SCFP_FormEntries":"\/classes\/SCFP_FormEntries.class.php","SCFP_FormSettings":"\/classes\/SCFP_FormSettings.class.php","SCFP_Settings":"\/classes\/SCFP_Settings.class.php","SCFP_Recaptcha":"\/classes\/api\/SCFP_Recaptcha.class.php","SCFP_FormWidget":"\/classes\/widget\/SCFP_FormWidget.class.php"}