<?xml version="1.0" encoding="utf-8" ?>
<dwsync>
<file name="class.php" server="dlg360.com//public_html/" local="129306923104596991" remote="129926431800000000" Dst="2" />
<file name="dabasecon.php" server="dlg360.com//public_html/" local="129306923001341086" remote="129926431800000000" Dst="2" />
<file name="export.php" server="dlg360.com//public_html/" local="129306907002055979" remote="129926431800000000" Dst="2" />
<file name="ExportToExcel.class.php" server="dlg360.com//public_html/" local="129648247810000000" remote="129926431800000000" Dst="2" />
<file name="export_file.php" server="dlg360.com//public_html/" local="129306926238376233" remote="129926431800000000" Dst="2" />
<file name="export_html_file.html" server="dlg360.com//public_html/" local="129306923001471093" remote="129926431800000000" Dst="2" />
<file name="oleread.inc" server="dlg360.com//public_html/" local="128663019131741445" remote="129926431800000000" Dst="2" />
<file name="reader.php" server="dlg360.com//public_html/" local="128663019131790270" remote="129926431800000000" Dst="2" />
<file name="testclass.php" server="dlg360.com//public_html/" local="129306924641884919" remote="129926431800000000" Dst="2" />
<file name="class.php" server="havredegracerental.com//home/www/havredegracerental.com/html/" local="129306923104596991" remote="129956769600000000" Dst="2" />
<file name="dabasecon.php" server="havredegracerental.com//home/www/havredegracerental.com/html/" local="129306923001341086" remote="129956769600000000" Dst="2" />
<file name="export.php" server="havredegracerental.com//home/www/havredegracerental.com/html/" local="129306907002055979" remote="129956769600000000" Dst="2" />
<file name="ExportToExcel.class.php" server="havredegracerental.com//home/www/havredegracerental.com/html/" local="129648247810000000" remote="129956769600000000" Dst="2" />
<file name="export_file.php" server="havredegracerental.com//home/www/havredegracerental.com/html/" local="129306926238376233" remote="129956769600000000" Dst="2" />
<file name="export_html_file.html" server="havredegracerental.com//home/www/havredegracerental.com/html/" local="129306923001471093" remote="129956769600000000" Dst="2" />
<file name="oleread.inc" server="havredegracerental.com//home/www/havredegracerental.com/html/" local="128663019131741445" remote="129956769600000000" Dst="2" />
<file name="testclass.php" server="havredegracerental.com//home/www/havredegracerental.com/html/" local="129306924641884919" remote="129956769600000000" Dst="2" />
<file name="reader.php" server="havredegracerental.com//home/www/havredegracerental.com/html/" local="128663019131790270" remote="129956769600000000" Dst="2" />
<file name="class.php" server="dlg360.com//public_html/wordpress/" local="129306923104596991" remote="130167405000000000" Dst="2" />
<file name="dabasecon.php" server="dlg360.com//public_html/wordpress/" local="129306923001341086" remote="130167405000000000" Dst="2" />
<file name="export.php" server="dlg360.com//public_html/wordpress/" local="129306907002055979" remote="130167405000000000" Dst="2" />
<file name="ExportToExcel.class.php" server="dlg360.com//public_html/wordpress/" local="129648247810000000" remote="130167405000000000" Dst="2" />
<file name="export_file.php" server="dlg360.com//public_html/wordpress/" local="129306926238376233" remote="130167405000000000" Dst="2" />
<file name="export_html_file.html" server="dlg360.com//public_html/wordpress/" local="129306923001471093" remote="130167405000000000" Dst="2" />
<file name="oleread.inc" server="dlg360.com//public_html/wordpress/" local="128663019131741445" remote="130167405000000000" Dst="2" />
<file name="testclass.php" server="dlg360.com//public_html/wordpress/" local="129306924641884919" remote="130167405000000000" Dst="2" />
<file name="reader.php" server="dlg360.com//public_html/wordpress/" local="128663019131790270" remote="130167405000000000" Dst="2" />
<file name="dabasecon.php" server="dlg360.com//public_html/new/wp-content/" local="129306923001341086" remote="130044817800000000" Dst="1" />
<file name="export.php" server="dlg360.com//public_html/new/wp-content/" local="129306907002055979" remote="130044817800000000" Dst="1" />
<file name="class.php" server="dlg360.com//public_html/new/wp-content/" local="129306923104596991" remote="130044817800000000" Dst="1" />
<file name="ExportToExcel.class.php" server="dlg360.com//public_html/new/wp-content/" local="129648247810000000" remote="130044817800000000" Dst="1" />
<file name="export_file.php" server="dlg360.com//public_html/new/wp-content/" local="129306926238376233" remote="130044817800000000" Dst="1" />
<file name="export_html_file.html" server="dlg360.com//public_html/new/wp-content/" local="129306923001471093" remote="130044817800000000" Dst="1" />
<file name="oleread.inc" server="dlg360.com//public_html/new/wp-content/" local="128663019131741445" remote="130044817800000000" Dst="1" />
<file name="testclass.php" server="dlg360.com//public_html/new/wp-content/" local="129306924641884919" remote="130044817800000000" Dst="1" />
<file name="reader.php" server="dlg360.com//public_html/new/wp-content/" local="128663019131790270" remote="130044817800000000" Dst="1" />
<file name="class.php" server="dlg360.com//public_html/new3/" local="129306923104596991" remote="130132075200000000" Dst="2" />
<file name="dabasecon.php" server="dlg360.com//public_html/new3/" local="129306923001341086" remote="130132075200000000" Dst="2" />
<file name="export.php" server="dlg360.com//public_html/new3/" local="129306907002055979" remote="130132075200000000" Dst="2" />
<file name="ExportToExcel.class.php" server="dlg360.com//public_html/new3/" local="129648247810000000" remote="130132075200000000" Dst="2" />
<file name="export_html_file.html" server="dlg360.com//public_html/new3/" local="129306923001471093" remote="130132075200000000" Dst="2" />
<file name="export_file.php" server="dlg360.com//public_html/new3/" local="129306926238376233" remote="130132075200000000" Dst="2" />
<file name="oleread.inc" server="dlg360.com//public_html/new3/" local="128663019131741445" remote="130132075200000000" Dst="2" />
<file name="testclass.php" server="dlg360.com//public_html/new3/" local="129306924641884919" remote="130132075200000000" Dst="2" />
<file name="reader.php" server="dlg360.com//public_html/new3/" local="128663019131790270" remote="130132075200000000" Dst="2" />
</dwsync>