<wpml-config>
	<admin-texts>
		<key name="wcj_global_price_labels_add_before_text" />
		<key name="wcj_global_price_labels_add_after_text" />
		<key name="wcj_global_price_labels_between_regular_and_sale_text" />
		<key name="wcj_global_price_labels_remove_text" />
		<key name="wcj_global_price_labels_replace_text" />
		<key name="wcj_global_price_labels_replace_with_text" />
		<key name="wcj_call_for_price_text" />
		<key name="wcj_call_for_price_text_on_archive" />
		<key name="wcj_call_for_price_text_on_home" />
		<key name="wcj_call_for_price_text_on_related" />
		<key name="wcj_sorting_by_name_asc_text" />
		<key name="wcj_sorting_by_name_desc_text" />
		<key name="wcj_sorting_by_sku_asc_text" />
		<key name="wcj_sorting_by_sku_desc_text" />
		<key name="wcj_sorting_by_stock_quantity_asc_text" />
		<key name="wcj_sorting_by_stock_quantity_desc_text" />
		<key name="wcj_more_product_info_on_archive_1" />
		<key name="wcj_more_product_info_on_archive_2" />
		<key name="wcj_more_product_info_on_archive_3" />
		<key name="wcj_more_product_info_on_archive_4" />
		<key name="wcj_more_product_info_on_single_1" />
		<key name="wcj_more_product_info_on_single_2" />
		<key name="wcj_more_product_info_on_single_3" />
		<key name="wcj_more_product_info_on_single_4" />
		<key name="wcj_product_info_on_archive" />
		<key name="wcj_product_info_on_single" />
		<key name="wcj_custom_product_tabs_title_global_1" />
		<key name="wcj_custom_product_tabs_content_global_1" />
		<key name="wcj_product_info_product_tabs_description_title" />
		<key name="wcj_product_info_product_tabs_additional_information_title" />
		<key name="wcj_product_info_product_tabs_reviews_title" />
		<key name="wcj_product_input_fields_type_checkbox_yes_global_1" />
		<key name="wcj_product_input_fields_type_checkbox_no_global_1" />
		<key name="wcj_product_input_fields_type_file_accept_global_1" />
		<key name="wcj_product_input_fields_title_global_1" />
		<key name="wcj_product_input_fields_placeholder_global_1" />
		<key name="wcj_product_input_fields_required_message_global_1" />
		<key name="wcj_add_to_cart_per_category_text_single_group_1" />
		<key name="wcj_add_to_cart_per_category_text_archive_group_1" />
		<key name="wcj_add_to_cart_text_on_single_simple" />
		<key name="wcj_add_to_cart_text_on_archives_simple" />
		<key name="wcj_add_to_cart_text_on_single_zero_price_simple" />
		<key name="wcj_add_to_cart_text_on_archives_zero_price_simple" />
		<key name="wcj_add_to_cart_text_on_archives_no_price_simple" />
		<key name="wcj_add_to_cart_text_on_single_in_cart_simple" />
		<key name="wcj_add_to_cart_text_on_archives_in_cart_simple" />
		<key name="wcj_add_to_cart_text_on_single_variable" />
		<key name="wcj_add_to_cart_text_on_archives_variable" />
		<key name="wcj_add_to_cart_text_on_single_in_cart_variable" />
		<key name="wcj_add_to_cart_text_on_archives_in_cart_variable" />
		<key name="wcj_add_to_cart_text_on_single_external" />
		<key name="wcj_add_to_cart_text_on_archives_external" />
		<key name="wcj_add_to_cart_text_on_single_zero_price_external" />
		<key name="wcj_add_to_cart_text_on_archives_zero_price_external" />
		<key name="wcj_add_to_cart_text_on_archives_no_price_external" />
		<key name="wcj_add_to_cart_text_on_single_grouped" />
		<key name="wcj_add_to_cart_text_on_archives_grouped" />
		<key name="wcj_add_to_cart_text_on_single_zero_price_grouped" />
		<key name="wcj_add_to_cart_text_on_archives_zero_price_grouped" />
		<key name="wcj_add_to_cart_text_on_archives_no_price_grouped" />
		<key name="wcj_add_to_cart_text_on_single_in_cart_grouped" />
		<key name="wcj_add_to_cart_text_on_archives_in_cart_grouped" />
		<key name="wcj_add_to_cart_text_on_single_other" />
		<key name="wcj_add_to_cart_text_on_archives_other" />
		<key name="wcj_add_to_cart_text_on_single_zero_price_other" />
		<key name="wcj_add_to_cart_text_on_archives_zero_price_other" />
		<key name="wcj_add_to_cart_text_on_archives_no_price_other" />
		<key name="wcj_add_to_cart_text_on_single_in_cart_other" />
		<key name="wcj_add_to_cart_text_on_archives_in_cart_other" />
		<key name="wcj_checkout_place_order_button_text" />
		<key name="wcj_cart_custom_info_content_1" />
		<key name="wcj_mini_cart_custom_info_content_1" />
		<key name="wcj_checkout_fields_billing_country_label" />
		<key name="wcj_checkout_fields_billing_country_placeholder" />
		<key name="wcj_checkout_fields_billing_first_name_label" />
		<key name="wcj_checkout_fields_billing_first_name_placeholder" />
		<key name="wcj_checkout_fields_billing_last_name_label" />
		<key name="wcj_checkout_fields_billing_last_name_placeholder" />
		<key name="wcj_checkout_fields_billing_company_label" />
		<key name="wcj_checkout_fields_billing_company_placeholder" />
		<key name="wcj_checkout_fields_billing_address_1_label" />
		<key name="wcj_checkout_fields_billing_address_1_placeholder" />
		<key name="wcj_checkout_fields_billing_address_2_label" />
		<key name="wcj_checkout_fields_billing_address_2_placeholder" />
		<key name="wcj_checkout_fields_billing_city_label" />
		<key name="wcj_checkout_fields_billing_city_placeholder" />
		<key name="wcj_checkout_fields_billing_state_label" />
		<key name="wcj_checkout_fields_billing_state_placeholder" />
		<key name="wcj_checkout_fields_billing_postcode_label" />
		<key name="wcj_checkout_fields_billing_postcode_placeholder" />
		<key name="wcj_checkout_fields_billing_email_label" />
		<key name="wcj_checkout_fields_billing_email_placeholder" />
		<key name="wcj_checkout_fields_billing_phone_label" />
		<key name="wcj_checkout_fields_billing_phone_placeholder" />
		<key name="wcj_checkout_fields_shipping_country_label" />
		<key name="wcj_checkout_fields_shipping_country_placeholder" />
		<key name="wcj_checkout_fields_shipping_first_name_label" />
		<key name="wcj_checkout_fields_shipping_first_name_placeholder" />
		<key name="wcj_checkout_fields_shipping_last_name_label" />
		<key name="wcj_checkout_fields_shipping_last_name_placeholder" />
		<key name="wcj_checkout_fields_shipping_company_label" />
		<key name="wcj_checkout_fields_shipping_company_placeholder" />
		<key name="wcj_checkout_fields_shipping_address_1_label" />
		<key name="wcj_checkout_fields_shipping_address_1_placeholder" />
		<key name="wcj_checkout_fields_shipping_address_2_label" />
		<key name="wcj_checkout_fields_shipping_address_2_placeholder" />
		<key name="wcj_checkout_fields_shipping_city_label" />
		<key name="wcj_checkout_fields_shipping_city_placeholder" />
		<key name="wcj_checkout_fields_shipping_state_label" />
		<key name="wcj_checkout_fields_shipping_state_placeholder" />
		<key name="wcj_checkout_fields_shipping_postcode_label" />
		<key name="wcj_checkout_fields_shipping_postcode_placeholder" />
		<key name="wcj_checkout_fields_account_password_label" />
		<key name="wcj_checkout_fields_account_password_placeholder" />
		<key name="wcj_checkout_fields_order_comments_label" />
		<key name="wcj_checkout_fields_order_comments_placeholder" />
		<key name="wcj_checkout_custom_field_label_1" />
		<key name="wcj_checkout_custom_field_placeholder_1" />
		<key name="wcj_checkout_custom_info_content_1" />
		<key name="wcj_order_minimum_amount_error_message" />
		<key name="wcj_order_minimum_amount_cart_notice_message" />
		<key name="wcj_pdf_invoices_seller_logo_url" />
		<key name="wcj_pdf_invoices_header_text" />
		<key name="wcj_pdf_invoices_invoice_number_text" />
		<key name="wcj_pdf_invoices_order_date_text" />
		<key name="wcj_pdf_invoices_order_time_text" />
		<key name="wcj_pdf_invoices_invoice_date_text" />
		<key name="wcj_pdf_invoices_invoice_due_date_text" />
		<key name="wcj_pdf_invoices_invoice_fulfillment_date_text" />
		<key name="wcj_pdf_invoices_additional_header_text" />
		<key name="wcj_pdf_invoices_seller_text" />
		<key name="wcj_pdf_invoices_seller_info" />
		<key name="wcj_pdf_invoices_buyer_text" />
		<key name="wcj_pdf_invoices_items_text" />
		<key name="wcj_pdf_invoices_display_shipping_as_item_text" />
		<key name="wcj_pdf_invoices_display_discount_as_item_text" />
		<key name="wcj_pdf_invoices_column_nr_text" />
		<key name="wcj_pdf_invoices_column_item_name_text" />
		<key name="wcj_pdf_invoices_column_item_name_additional_text" />
		<key name="wcj_pdf_invoices_column_qty_text" />
		<key name="wcj_pdf_invoices_column_single_price_tax_excl_text" />
		<key name="wcj_pdf_invoices_column_single_price_tax_text" />
		<key name="wcj_pdf_invoices_column_single_price_tax_incl_text" />
		<key name="wcj_pdf_invoices_column_price_tax_excl_text" />
		<key name="wcj_pdf_invoices_column_price_tax_percent" />
		<key name="wcj_pdf_invoices_column_price_tax_text" />
		<key name="wcj_pdf_invoices_column_price_text" />
		<key name="wcj_pdf_invoices_order_subtotal_text" />
		<key name="wcj_pdf_invoices_order_shipping_text" />
		<key name="wcj_pdf_invoices_order_discount_text" />
		<key name="wcj_pdf_invoices_order_total_excl_tax_text" />
		<key name="wcj_pdf_invoices_order_total_tax_text" />
		<key name="wcj_pdf_invoices_order_total_text" />
		<key name="wcj_pdf_invoices_order_payment_method_text" />
		<key name="wcj_pdf_invoices_order_shipping_method_text" />
		<key name="wcj_pdf_invoices_order_shipping_address_text" />
		<key name="wcj_pdf_invoices_footer_text" />
		<key name="wcj_pdf_invoices_general_css" />
		<key name="wcj_invoicing_invoice_template" />
		<key name="wcj_invoicing_proforma_invoice_template" />
		<key name="wcj_invoicing_packing_slip_template" />
		<key name="wcj_invoicing_credit_note_template" />
		<key name="wcj_invoicing_invoice_header_image" />
		<key name="wcj_invoicing_invoice_header_title_text" />
		<key name="wcj_invoicing_invoice_header_text" />
		<key name="wcj_invoicing_proforma_invoice_header_image" />
		<key name="wcj_invoicing_proforma_invoice_header_title_text" />
		<key name="wcj_invoicing_proforma_invoice_header_text" />
		<key name="wcj_invoicing_packing_slip_header_image" />
		<key name="wcj_invoicing_packing_slip_header_title_text" />
		<key name="wcj_invoicing_packing_slip_header_text" />
		<key name="wcj_invoicing_credit_note_header_image" />
		<key name="wcj_invoicing_credit_note_header_title_text" />
		<key name="wcj_invoicing_credit_note_header_text" />
		<key name="wcj_invoicing_invoice_footer_text" />
		<key name="wcj_invoicing_proforma_invoice_footer_text" />
		<key name="wcj_invoicing_packing_slip_footer_text" />
		<key name="wcj_invoicing_credit_note_footer_text" />
		<key name="wcj_invoicing_invoice_file_name" />
		<key name="wcj_invoicing_proforma_invoice_file_name" />
		<key name="wcj_invoicing_packing_slip_file_name" />
		<key name="wcj_invoicing_credit_note_file_name" />
	</admin-texts>
</wpml-config>
