﻿<newsletter id='weekly'>

	<descriptions>
		<admin><![CDATA[<?php _e('Weekly', MP_TXTDOM); ?>]]></admin>
		<blog><![CDATA[<?php  _e('Weekly newsletter', MP_TXTDOM); ?>]]></blog>
	</descriptions>

	<mail>
		<Template>weekly</Template>
		<subject><![CDATA[<?php printf( __('[%1$s] Weekly newsletter', MP_TXTDOM), get_bloginfo('name')); ?>]]></subject>
		<the_post_types><![CDATA[<?php echo $_post_type->labels->name; ?>]]></the_post_types>
		<the_post_type><![CDATA[<?php echo $_post_type->labels->singular_name; ?>]]></the_post_type>
	</mail>

	<processor>
		<id>week-1</id>
		<threshold>MailPress_weekly</threshold><!-- stored on wordpress options table -->
		<args>            <!-- start of the week -->
			<wday>1</wday> 		<!-- [1 > Monday, ... 7 > Sunday] (default : wordpress start of week) -->
			<hour>00</hour>		<!-- [00 to 23] -->
			<minute>00</minute>	<!-- [00 to 59] -->
		</args>
	</processor>

	<scheduler>
		<id>week</id>
		<args>            <!-- release the newsletter -->
			<wday>1</wday>		<!-- [1 > Monday, ... 7 > Sunday] (default : wordpress start of week) -->
			<hour>00</hour>		<!-- [00 to 23] -->
			<minute>00</minute>	<!-- [00 to 59] -->
		</args>
	</scheduler>

</newsletter>