{
  "type": "plugin",
  "name": "Content.ad",
  "slug": "contentad",
  "readme_description": "Display popular content to your users from your own site and/or from our sponsored partners, increasing visitor engagement and earning revenue at the same time.",
  "plugin_description": "Content.ad enables blog owners to display ads or related blog posts (from their own blog) in a \"lead me to more content\" section. The ads are sourced dynamically from the Content.ad system and can be a source of revenue for the blog owner.",
  "version": "1.1.8",
  "url": "https://www.content.ad/Wordpress.aspx",
  "copyright": "Copyright 2014 Content.ad (info@content.ad)",
  "requires_wp": "3.0.6",
  "tested_with": "4.1",
  "requires_php": "5.2.4",
  "text_domain": "contentad",
  "source": {
    "url": "https://www.content.ad/Wordpress.aspx"
  },
  "author": {
    "name": "Content.ad",
    "email": "info@content.ad",
    "url": "https://www.content.ad"
  },
  "contributors": {
    "Content.ad": {
      "name": "Content.ad",
      "email": "info@content.ad",
      "url": "https://www.content.ad/Wordpress.aspx",
      "links": {
        "website": "https://www.content.ad"
      }
    }
  },
  "tags": [
    "related content",
    "engagement",
    "ads",
    "advertising",
    "revenue",
    "posts",
    "montize",
    "monetization",
    "affiliate",
    "contextual ads",
    "contextual advertising",
    "pay per click",
    "ppc",
    "ad networks",
    "relevent ads",
    "text ads",
    "content ads",
    "income",
    "related posts",
    "widgets",
    "related",
    "similar posts",
    "related post thumbnails",
    "popular posts"
  ],
  "delete_files": [
    "wp-package.json",
    "readme"
  ]
}
