<?xml version="1.0" encoding="UTF-8" ?>
<!-- This is a WordPress eXtended RSS file generated by WordPress as an export of your site. -->
<!-- It contains information about your site's posts, pages, comments, categories, and other content. -->
<!-- You may use this file to transfer that content from one site to another. -->
<!-- This file is not intended to serve as a complete backup of your site. -->

<!-- To import this information into a WordPress site follow these steps: -->
<!-- 1. Log in to that site as an administrator. -->
<!-- 2. Go to Tools: Import in the WordPress admin panel. -->
<!-- 3. Install the "WordPress" importer from the list. -->
<!-- 4. Activate & Run Importer. -->
<!-- 5. Upload this file using the form provided on that page. -->
<!-- 6. You will first be asked to map the authors in this export file to users -->
<!--    on the site. For each author, you may choose to map to an -->
<!--    existing user on the site or to create a new user. -->
<!-- 7. WordPress will then import each of the posts, pages, comments, categories, etc. -->
<!--    contained in this file into your site. -->

<!-- generator="WordPress/4.2.2" created="2015-05-20 13:30" -->
<rss version="2.0"
	xmlns:excerpt="http://wordpress.org/export/1.2/excerpt/"
	xmlns:content="http://purl.org/rss/1.0/modules/content/"
	xmlns:wfw="http://wellformedweb.org/CommentAPI/"
	xmlns:dc="http://purl.org/dc/elements/1.1/"
	xmlns:wp="http://wordpress.org/export/1.2/"
>

<channel>
	<title>a</title>
	<link>http://127.0.0.1/wordpress-4.2.2-fr_FR/wordpress</link>
	<description>Un site utilisant WordPress</description>
	<pubDate>Wed, 20 May 2015 13:30:02 +0000</pubDate>
	<language>en-US</language>
	<wp:wxr_version>1.2</wp:wxr_version>
	<wp:base_site_url>http://127.0.0.1/wordpress-4.2.2-fr_FR/wordpress</wp:base_site_url>
	<wp:base_blog_url>http://127.0.0.1/wordpress-4.2.2-fr_FR/wordpress</wp:base_blog_url>

	<wp:author><wp:author_id>1</wp:author_id><wp:author_login>a</wp:author_login><wp:author_email>a@a.com</wp:author_email><wp:author_display_name><![CDATA[a]]></wp:author_display_name><wp:author_first_name><![CDATA[]]></wp:author_first_name><wp:author_last_name><![CDATA[]]></wp:author_last_name></wp:author>


	<generator>http://wordpress.org/?v=4.2.2</generator>

	<item>
		<title>Create a new product</title>
		<link>http://127.0.0.1/wordpress-4.2.2-fr_FR/wordpress/wps_bubble/create-a-new-product-3/</link>
		<pubDate>Wed, 20 May 2015 13:25:15 +0000</pubDate>
		<dc:creator><![CDATA[a]]></dc:creator>
		<guid isPermaLink="false">http://127.0.0.1/wordpress-4.2.2-fr_FR/wordpress/wps_bubble/create-a-new-product-3/</guid>
		<description></description>
		<content:encoded><![CDATA[As a Wordpress page or article, you must:
-Enter the title of your product in the first field
-Choose the permalink or URL of your sheet
-Write a description to present your product]]></content:encoded>
		<excerpt:encoded><![CDATA[]]></excerpt:encoded>
		<wp:post_id>335</wp:post_id>
		<wp:post_date>2015-05-20 14:25:15</wp:post_date>
		<wp:post_date_gmt>2015-05-20 13:25:15</wp:post_date_gmt>
		<wp:comment_status>closed</wp:comment_status>
		<wp:ping_status>closed</wp:ping_status>
		<wp:post_name>create-a-new-product-3</wp:post_name>
		<wp:status>publish</wp:status>
		<wp:post_parent>0</wp:post_parent>
		<wp:menu_order>0</wp:menu_order>
		<wp:post_type>wps_bubble</wp:post_type>
		<wp:post_password></wp:post_password>
		<wp:is_sticky>0</wp:is_sticky>
		<wp:postmeta>
			<wp:meta_key>_edit_last</wp:meta_key>
			<wp:meta_value><![CDATA[1]]></wp:meta_value>
		</wp:postmeta>
		<wp:postmeta>
			<wp:meta_key>_wpeo_bubble_position</wp:meta_key>
			<wp:meta_value><![CDATA[a:4:{s:8:"position";a:3:{s:4:"page";s:33:"edit.php?post_type=wpshop_product";s:6:"filter";s:0:"";s:9:"anchor_id";s:10:"#titlewrap";}s:7:"actions";a:3:{s:15:"use_next_button";s:2:"on";s:9:"type_next";s:6:"bubble";s:4:"next";s:12:"product-data";}s:10:"conditions";a:3:{s:11:"option_name";s:0:"";s:9:"data_name";s:0:"";s:12:"option_value";s:0:"";}s:4:"urls";a:1:{i:0;a:2:{s:9:"paramater";s:0:"";s:5:"value";s:0:"";}}}]]></wp:meta_value>
		</wp:postmeta>
		<wp:postmeta>
			<wp:meta_key>_wpshop_entity_attached_address</wp:meta_key>
			<wp:meta_value><![CDATA[a:0:{}]]></wp:meta_value>
		</wp:postmeta>
	</item>
	<item>
		<title>Product data</title>
		<link>http://127.0.0.1/wordpress-4.2.2-fr_FR/wordpress/wps_bubble/product-data/</link>
		<pubDate>Wed, 20 May 2015 13:25:15 +0000</pubDate>
		<dc:creator><![CDATA[a]]></dc:creator>
		<guid isPermaLink="false">http://127.0.0.1/wordpress-4.2.2-fr_FR/wordpress/wps_bubble/product-data/</guid>
		<description></description>
		<content:encoded><![CDATA[Enter the corresponding data to the product price, stock, weight, height, ...
To add or remove data types, go into management attributes]]></content:encoded>
		<excerpt:encoded><![CDATA[]]></excerpt:encoded>
		<wp:post_id>336</wp:post_id>
		<wp:post_date>2015-05-20 14:25:15</wp:post_date>
		<wp:post_date_gmt>2015-05-20 13:25:15</wp:post_date_gmt>
		<wp:comment_status>closed</wp:comment_status>
		<wp:ping_status>closed</wp:ping_status>
		<wp:post_name>product-data</wp:post_name>
		<wp:status>publish</wp:status>
		<wp:post_parent>0</wp:post_parent>
		<wp:menu_order>0</wp:menu_order>
		<wp:post_type>wps_bubble</wp:post_type>
		<wp:post_password></wp:post_password>
		<wp:is_sticky>0</wp:is_sticky>
		<wp:postmeta>
			<wp:meta_key>_edit_last</wp:meta_key>
			<wp:meta_value><![CDATA[1]]></wp:meta_value>
		</wp:postmeta>
		<wp:postmeta>
			<wp:meta_key>_wpeo_bubble_position</wp:meta_key>
			<wp:meta_value><![CDATA[a:4:{s:8:"position";a:5:{s:4:"page";s:33:"edit.php?post_type=wpshop_product";s:6:"filter";s:0:"";s:9:"anchor_id";s:34:"#wpshop_product_important_datas h3";s:10:"position_x";s:1:"0";s:10:"position_y";s:1:"0";}s:7:"actions";a:3:{s:15:"use_next_button";s:2:"on";s:9:"type_next";s:6:"bubble";s:4:"next";s:13:"media-manager";}s:10:"conditions";a:3:{s:11:"option_name";s:0:"";s:9:"data_name";s:0:"";s:12:"option_value";s:0:"";}s:4:"urls";a:1:{i:0;a:2:{s:9:"paramater";s:0:"";s:5:"value";s:0:"";}}}]]></wp:meta_value>
		</wp:postmeta>
		<wp:postmeta>
			<wp:meta_key>_wpshop_entity_attached_address</wp:meta_key>
			<wp:meta_value><![CDATA[a:0:{}]]></wp:meta_value>
		</wp:postmeta>
	</item>
	<item>
		<title>Featured Image</title>
		<link>http://127.0.0.1/wordpress-4.2.2-fr_FR/wordpress/wps_bubble/media-manager/</link>
		<pubDate>Wed, 20 May 2015 13:25:15 +0000</pubDate>
		<dc:creator><![CDATA[a]]></dc:creator>
		<guid isPermaLink="false">http://127.0.0.1/wordpress-4.2.2-fr_FR/wordpress/wps_bubble/media-manager/</guid>
		<description></description>
		<content:encoded><![CDATA[Load image: from your computer, the Web or the library to set the image as the default image of your product.]]></content:encoded>
		<excerpt:encoded><![CDATA[]]></excerpt:encoded>
		<wp:post_id>337</wp:post_id>
		<wp:post_date>2015-05-20 14:25:15</wp:post_date>
		<wp:post_date_gmt>2015-05-20 13:25:15</wp:post_date_gmt>
		<wp:comment_status>closed</wp:comment_status>
		<wp:ping_status>closed</wp:ping_status>
		<wp:post_name>media-manager</wp:post_name>
		<wp:status>publish</wp:status>
		<wp:post_parent>0</wp:post_parent>
		<wp:menu_order>0</wp:menu_order>
		<wp:post_type>wps_bubble</wp:post_type>
		<wp:post_password></wp:post_password>
		<wp:is_sticky>0</wp:is_sticky>
		<wp:postmeta>
			<wp:meta_key>_edit_last</wp:meta_key>
			<wp:meta_value><![CDATA[1]]></wp:meta_value>
		</wp:postmeta>
		<wp:postmeta>
			<wp:meta_key>_wpeo_bubble_position</wp:meta_key>
			<wp:meta_value><![CDATA[a:4:{s:8:"position";a:5:{s:4:"page";s:33:"edit.php?post_type=wpshop_product";s:6:"filter";s:0:"";s:9:"anchor_id";s:13:"#postimagediv";s:10:"position_x";s:1:"0";s:10:"position_y";s:1:"0";}s:7:"actions";a:3:{s:15:"use_next_button";s:2:"on";s:9:"type_next";s:6:"bubble";s:4:"next";s:17:"wpshop-categories";}s:10:"conditions";a:3:{s:11:"option_name";s:0:"";s:9:"data_name";s:0:"";s:12:"option_value";s:0:"";}s:4:"urls";a:1:{i:0;a:2:{s:9:"paramater";s:0:"";s:5:"value";s:0:"";}}}]]></wp:meta_value>
		</wp:postmeta>
		<wp:postmeta>
			<wp:meta_key>_wpshop_entity_attached_address</wp:meta_key>
			<wp:meta_value><![CDATA[a:0:{}]]></wp:meta_value>
		</wp:postmeta>
	</item>
	<item>
		<title>WPshop categories</title>
		<link>http://127.0.0.1/wordpress-4.2.2-fr_FR/wordpress/wps_bubble/wpshop-categories/</link>
		<pubDate>Wed, 20 May 2015 13:25:15 +0000</pubDate>
		<dc:creator><![CDATA[a]]></dc:creator>
		<guid isPermaLink="false">http://127.0.0.1/wordpress-4.2.2-fr_FR/wordpress/wps_bubble/wpshop-categories/</guid>
		<description></description>
		<content:encoded><![CDATA[The block "Categories Wpshop" can add your product to one or more categories, previously created : products > Categories Wpshop]]></content:encoded>
		<excerpt:encoded><![CDATA[]]></excerpt:encoded>
		<wp:post_id>338</wp:post_id>
		<wp:post_date>2015-05-20 14:25:15</wp:post_date>
		<wp:post_date_gmt>2015-05-20 13:25:15</wp:post_date_gmt>
		<wp:comment_status>closed</wp:comment_status>
		<wp:ping_status>closed</wp:ping_status>
		<wp:post_name>wpshop-categories</wp:post_name>
		<wp:status>publish</wp:status>
		<wp:post_parent>0</wp:post_parent>
		<wp:menu_order>0</wp:menu_order>
		<wp:post_type>wps_bubble</wp:post_type>
		<wp:post_password></wp:post_password>
		<wp:is_sticky>0</wp:is_sticky>
		<wp:postmeta>
			<wp:meta_key>_edit_last</wp:meta_key>
			<wp:meta_value><![CDATA[1]]></wp:meta_value>
		</wp:postmeta>
		<wp:postmeta>
			<wp:meta_key>_wpeo_bubble_position</wp:meta_key>
			<wp:meta_value><![CDATA[a:4:{s:8:"position";a:5:{s:4:"page";s:33:"edit.php?post_type=wpshop_product";s:6:"filter";s:0:"";s:9:"anchor_id";s:27:"#wpshop_product_categorydiv";s:10:"position_x";s:1:"0";s:10:"position_y";s:2:"30";}s:7:"actions";a:2:{s:9:"type_next";s:6:"bubble";s:4:"next";s:12:"product-data";}s:10:"conditions";a:3:{s:11:"option_name";s:0:"";s:9:"data_name";s:0:"";s:12:"option_value";s:0:"";}s:4:"urls";a:1:{i:0;a:2:{s:9:"paramater";s:0:"";s:5:"value";s:0:"";}}}]]></wp:meta_value>
		</wp:postmeta>
		<wp:postmeta>
			<wp:meta_key>_wpshop_entity_attached_address</wp:meta_key>
			<wp:meta_value><![CDATA[a:0:{}]]></wp:meta_value>
		</wp:postmeta>
	</item>
	<item>
		<title>General</title>
		<link>http://127.0.0.1/wordpress-4.2.2-fr_FR/wordpress/wps_bubble/general/</link>
		<pubDate>Wed, 20 May 2015 13:25:15 +0000</pubDate>
		<dc:creator><![CDATA[a]]></dc:creator>
		<guid isPermaLink="false">http://127.0.0.1/wordpress-4.2.2-fr_FR/wordpress/wps_bubble/general/</guid>
		<description></description>
		<content:encoded><![CDATA[Main configuration of your store and your company (logo, address, currency, type of shop,...)]]></content:encoded>
		<excerpt:encoded><![CDATA[]]></excerpt:encoded>
		<wp:post_id>339</wp:post_id>
		<wp:post_date>2015-05-20 14:25:15</wp:post_date>
		<wp:post_date_gmt>2015-05-20 13:25:15</wp:post_date_gmt>
		<wp:comment_status>closed</wp:comment_status>
		<wp:ping_status>closed</wp:ping_status>
		<wp:post_name>general</wp:post_name>
		<wp:status>publish</wp:status>
		<wp:post_parent>0</wp:post_parent>
		<wp:menu_order>0</wp:menu_order>
		<wp:post_type>wps_bubble</wp:post_type>
		<wp:post_password></wp:post_password>
		<wp:is_sticky>0</wp:is_sticky>
		<wp:postmeta>
			<wp:meta_key>_edit_last</wp:meta_key>
			<wp:meta_value><![CDATA[1]]></wp:meta_value>
		</wp:postmeta>
		<wp:postmeta>
			<wp:meta_key>_wpeo_bubble_position</wp:meta_key>
			<wp:meta_value><![CDATA[a:4:{s:8:"position";a:5:{s:4:"page";s:19:"options-general.php";s:6:"filter";s:0:"";s:9:"anchor_id";s:22:".wpshop_general_option";s:10:"position_x";s:2:"30";s:10:"position_y";s:1:"0";}s:7:"actions";a:3:{s:15:"use_next_button";s:2:"on";s:9:"type_next";s:6:"bubble";s:4:"next";s:7:"catalog";}s:10:"conditions";a:3:{s:11:"option_name";s:0:"";s:9:"data_name";s:0:"";s:12:"option_value";s:0:"";}s:4:"urls";a:1:{i:0;a:2:{s:9:"paramater";s:0:"";s:5:"value";s:0:"";}}}]]></wp:meta_value>
		</wp:postmeta>
		<wp:postmeta>
			<wp:meta_key>_wpshop_entity_attached_address</wp:meta_key>
			<wp:meta_value><![CDATA[a:0:{}]]></wp:meta_value>
		</wp:postmeta>
	</item>
	<item>
		<title>Catalog</title>
		<link>http://127.0.0.1/wordpress-4.2.2-fr_FR/wordpress/wps_bubble/catalog/</link>
		<pubDate>Wed, 20 May 2015 13:25:15 +0000</pubDate>
		<dc:creator><![CDATA[a]]></dc:creator>
		<guid isPermaLink="false">http://127.0.0.1/wordpress-4.2.2-fr_FR/wordpress/wps_bubble/catalog/</guid>
		<description></description>
		<content:encoded><![CDATA[Change directories / urls bases of your shop and set the display of product prices.]]></content:encoded>
		<excerpt:encoded><![CDATA[]]></excerpt:encoded>
		<wp:post_id>340</wp:post_id>
		<wp:post_date>2015-05-20 14:25:15</wp:post_date>
		<wp:post_date_gmt>2015-05-20 13:25:15</wp:post_date_gmt>
		<wp:comment_status>closed</wp:comment_status>
		<wp:ping_status>closed</wp:ping_status>
		<wp:post_name>catalog</wp:post_name>
		<wp:status>publish</wp:status>
		<wp:post_parent>0</wp:post_parent>
		<wp:menu_order>0</wp:menu_order>
		<wp:post_type>wps_bubble</wp:post_type>
		<wp:post_password></wp:post_password>
		<wp:is_sticky>0</wp:is_sticky>
		<wp:postmeta>
			<wp:meta_key>_edit_last</wp:meta_key>
			<wp:meta_value><![CDATA[1]]></wp:meta_value>
		</wp:postmeta>
		<wp:postmeta>
			<wp:meta_key>_wpeo_bubble_position</wp:meta_key>
			<wp:meta_value><![CDATA[a:4:{s:8:"position";a:5:{s:4:"page";s:19:"options-general.php";s:6:"filter";s:0:"";s:9:"anchor_id";s:22:".wpshop_catalog_option";s:10:"position_x";s:2:"30";s:10:"position_y";s:1:"0";}s:7:"actions";a:3:{s:15:"use_next_button";s:2:"on";s:9:"type_next";s:6:"bubble";s:4:"next";s:5:"pages";}s:10:"conditions";a:3:{s:11:"option_name";s:0:"";s:9:"data_name";s:0:"";s:12:"option_value";s:0:"";}s:4:"urls";a:1:{i:0;a:2:{s:9:"paramater";s:0:"";s:5:"value";s:0:"";}}}]]></wp:meta_value>
		</wp:postmeta>
		<wp:postmeta>
			<wp:meta_key>_wpshop_entity_attached_address</wp:meta_key>
			<wp:meta_value><![CDATA[a:0:{}]]></wp:meta_value>
		</wp:postmeta>
	</item>
	<item>
		<title>Pages</title>
		<link>http://127.0.0.1/wordpress-4.2.2-fr_FR/wordpress/wps_bubble/pages/</link>
		<pubDate>Wed, 20 May 2015 13:25:16 +0000</pubDate>
		<dc:creator><![CDATA[a]]></dc:creator>
		<guid isPermaLink="false">http://127.0.0.1/wordpress-4.2.2-fr_FR/wordpress/wps_bubble/pages/</guid>
		<description></description>
		<content:encoded><![CDATA[Management pages list your store (Account, CGV, Basket, control, ...)]]></content:encoded>
		<excerpt:encoded><![CDATA[]]></excerpt:encoded>
		<wp:post_id>341</wp:post_id>
		<wp:post_date>2015-05-20 14:25:16</wp:post_date>
		<wp:post_date_gmt>2015-05-20 13:25:16</wp:post_date_gmt>
		<wp:comment_status>closed</wp:comment_status>
		<wp:ping_status>closed</wp:ping_status>
		<wp:post_name>pages</wp:post_name>
		<wp:status>publish</wp:status>
		<wp:post_parent>0</wp:post_parent>
		<wp:menu_order>0</wp:menu_order>
		<wp:post_type>wps_bubble</wp:post_type>
		<wp:post_password></wp:post_password>
		<wp:is_sticky>0</wp:is_sticky>
		<wp:postmeta>
			<wp:meta_key>_edit_last</wp:meta_key>
			<wp:meta_value><![CDATA[1]]></wp:meta_value>
		</wp:postmeta>
		<wp:postmeta>
			<wp:meta_key>_wpeo_bubble_position</wp:meta_key>
			<wp:meta_value><![CDATA[a:4:{s:8:"position";a:5:{s:4:"page";s:19:"options-general.php";s:6:"filter";s:0:"";s:9:"anchor_id";s:20:".wpshop_pages_option";s:10:"position_x";s:2:"35";s:10:"position_y";s:1:"0";}s:7:"actions";a:3:{s:15:"use_next_button";s:2:"on";s:9:"type_next";s:6:"bubble";s:4:"next";s:7:"display";}s:10:"conditions";a:3:{s:11:"option_name";s:0:"";s:9:"data_name";s:0:"";s:12:"option_value";s:0:"";}s:4:"urls";a:1:{i:0;a:2:{s:9:"paramater";s:0:"";s:5:"value";s:0:"";}}}]]></wp:meta_value>
		</wp:postmeta>
		<wp:postmeta>
			<wp:meta_key>_wpshop_entity_attached_address</wp:meta_key>
			<wp:meta_value><![CDATA[a:0:{}]]></wp:meta_value>
		</wp:postmeta>
	</item>
	<item>
		<title>Display</title>
		<link>http://127.0.0.1/wordpress-4.2.2-fr_FR/wordpress/wps_bubble/display/</link>
		<pubDate>Wed, 20 May 2015 13:25:16 +0000</pubDate>
		<dc:creator><![CDATA[a]]></dc:creator>
		<guid isPermaLink="false">http://127.0.0.1/wordpress-4.2.2-fr_FR/wordpress/wps_bubble/display/</guid>
		<description></description>
		<content:encoded><![CDATA[Customize your shop: displaying the number of products displayed in a grid or list products, colors of your shop, ...]]></content:encoded>
		<excerpt:encoded><![CDATA[]]></excerpt:encoded>
		<wp:post_id>342</wp:post_id>
		<wp:post_date>2015-05-20 14:25:16</wp:post_date>
		<wp:post_date_gmt>2015-05-20 13:25:16</wp:post_date_gmt>
		<wp:comment_status>closed</wp:comment_status>
		<wp:ping_status>closed</wp:ping_status>
		<wp:post_name>display</wp:post_name>
		<wp:status>publish</wp:status>
		<wp:post_parent>0</wp:post_parent>
		<wp:menu_order>0</wp:menu_order>
		<wp:post_type>wps_bubble</wp:post_type>
		<wp:post_password></wp:post_password>
		<wp:is_sticky>0</wp:is_sticky>
		<wp:postmeta>
			<wp:meta_key>_edit_last</wp:meta_key>
			<wp:meta_value><![CDATA[1]]></wp:meta_value>
		</wp:postmeta>
		<wp:postmeta>
			<wp:meta_key>_wpeo_bubble_position</wp:meta_key>
			<wp:meta_value><![CDATA[a:4:{s:8:"position";a:5:{s:4:"page";s:19:"options-general.php";s:6:"filter";s:0:"";s:9:"anchor_id";s:22:".wpshop_display_option";s:10:"position_x";s:2:"30";s:10:"position_y";s:1:"0";}s:7:"actions";a:3:{s:15:"use_next_button";s:2:"on";s:9:"type_next";s:6:"bubble";s:4:"next";s:6:"emails";}s:10:"conditions";a:3:{s:11:"option_name";s:0:"";s:9:"data_name";s:0:"";s:12:"option_value";s:0:"";}s:4:"urls";a:1:{i:0;a:2:{s:9:"paramater";s:0:"";s:5:"value";s:0:"";}}}]]></wp:meta_value>
		</wp:postmeta>
		<wp:postmeta>
			<wp:meta_key>_wpshop_entity_attached_address</wp:meta_key>
			<wp:meta_value><![CDATA[a:0:{}]]></wp:meta_value>
		</wp:postmeta>
	</item>
	<item>
		<title>Emails</title>
		<link>http://127.0.0.1/wordpress-4.2.2-fr_FR/wordpress/wps_bubble/emails/</link>
		<pubDate>Wed, 20 May 2015 13:25:16 +0000</pubDate>
		<dc:creator><![CDATA[a]]></dc:creator>
		<guid isPermaLink="false">http://127.0.0.1/wordpress-4.2.2-fr_FR/wordpress/wps_bubble/emails/</guid>
		<description></description>
		<content:encoded><![CDATA[Set the email addresses of your shop. And set the automatic emails sent during the buying cycle.]]></content:encoded>
		<excerpt:encoded><![CDATA[]]></excerpt:encoded>
		<wp:post_id>343</wp:post_id>
		<wp:post_date>2015-05-20 14:25:16</wp:post_date>
		<wp:post_date_gmt>2015-05-20 13:25:16</wp:post_date_gmt>
		<wp:comment_status>closed</wp:comment_status>
		<wp:ping_status>closed</wp:ping_status>
		<wp:post_name>emails</wp:post_name>
		<wp:status>publish</wp:status>
		<wp:post_parent>0</wp:post_parent>
		<wp:menu_order>0</wp:menu_order>
		<wp:post_type>wps_bubble</wp:post_type>
		<wp:post_password></wp:post_password>
		<wp:is_sticky>0</wp:is_sticky>
		<wp:postmeta>
			<wp:meta_key>_edit_last</wp:meta_key>
			<wp:meta_value><![CDATA[1]]></wp:meta_value>
		</wp:postmeta>
		<wp:postmeta>
			<wp:meta_key>_wpeo_bubble_position</wp:meta_key>
			<wp:meta_value><![CDATA[a:4:{s:8:"position";a:5:{s:4:"page";s:19:"options-general.php";s:6:"filter";s:0:"";s:9:"anchor_id";s:22:".wpshop_emails_option ";s:10:"position_x";s:2:"30";s:10:"position_y";s:1:"0";}s:7:"actions";a:3:{s:15:"use_next_button";s:2:"on";s:9:"type_next";s:6:"bubble";s:4:"next";s:4:"cart";}s:10:"conditions";a:3:{s:11:"option_name";s:0:"";s:9:"data_name";s:0:"";s:12:"option_value";s:0:"";}s:4:"urls";a:1:{i:0;a:2:{s:9:"paramater";s:0:"";s:5:"value";s:0:"";}}}]]></wp:meta_value>
		</wp:postmeta>
		<wp:postmeta>
			<wp:meta_key>_wpshop_entity_attached_address</wp:meta_key>
			<wp:meta_value><![CDATA[a:0:{}]]></wp:meta_value>
		</wp:postmeta>
	</item>
	<item>
		<title>Cart</title>
		<link>http://127.0.0.1/wordpress-4.2.2-fr_FR/wordpress/wps_bubble/cart/</link>
		<pubDate>Wed, 20 May 2015 13:25:16 +0000</pubDate>
		<dc:creator><![CDATA[a]]></dc:creator>
		<guid isPermaLink="false">http://127.0.0.1/wordpress-4.2.2-fr_FR/wordpress/wps_bubble/cart/</guid>
		<description></description>
		<content:encoded><![CDATA[Customize the display of your cart (cart type, action adding a product ...) and set your cart promotions]]></content:encoded>
		<excerpt:encoded><![CDATA[]]></excerpt:encoded>
		<wp:post_id>344</wp:post_id>
		<wp:post_date>2015-05-20 14:25:16</wp:post_date>
		<wp:post_date_gmt>2015-05-20 13:25:16</wp:post_date_gmt>
		<wp:comment_status>closed</wp:comment_status>
		<wp:ping_status>closed</wp:ping_status>
		<wp:post_name>cart</wp:post_name>
		<wp:status>publish</wp:status>
		<wp:post_parent>0</wp:post_parent>
		<wp:menu_order>0</wp:menu_order>
		<wp:post_type>wps_bubble</wp:post_type>
		<wp:post_password></wp:post_password>
		<wp:is_sticky>0</wp:is_sticky>
		<wp:postmeta>
			<wp:meta_key>_edit_last</wp:meta_key>
			<wp:meta_value><![CDATA[1]]></wp:meta_value>
		</wp:postmeta>
		<wp:postmeta>
			<wp:meta_key>_wpeo_bubble_position</wp:meta_key>
			<wp:meta_value><![CDATA[a:4:{s:8:"position";a:5:{s:4:"page";s:19:"options-general.php";s:6:"filter";s:0:"";s:9:"anchor_id";s:19:".wpshop_cart_option";s:10:"position_x";s:2:"40";s:10:"position_y";s:1:"0";}s:7:"actions";a:3:{s:15:"use_next_button";s:2:"on";s:9:"type_next";s:6:"bubble";s:4:"next";s:8:"payments";}s:10:"conditions";a:3:{s:11:"option_name";s:0:"";s:9:"data_name";s:0:"";s:12:"option_value";s:0:"";}s:4:"urls";a:1:{i:0;a:2:{s:9:"paramater";s:0:"";s:5:"value";s:0:"";}}}]]></wp:meta_value>
		</wp:postmeta>
		<wp:postmeta>
			<wp:meta_key>_wpshop_entity_attached_address</wp:meta_key>
			<wp:meta_value><![CDATA[a:0:{}]]></wp:meta_value>
		</wp:postmeta>
	</item>
	<item>
		<title>Payments</title>
		<link>http://127.0.0.1/wordpress-4.2.2-fr_FR/wordpress/wps_bubble/payments/</link>
		<pubDate>Wed, 20 May 2015 13:25:16 +0000</pubDate>
		<dc:creator><![CDATA[a]]></dc:creator>
		<guid isPermaLink="false">http://127.0.0.1/wordpress-4.2.2-fr_FR/wordpress/wps_bubble/payments/</guid>
		<description></description>
		<content:encoded><![CDATA[Add and configure your payment methods (check, paypal, bank transfer, ...), your payments and invoices]]></content:encoded>
		<excerpt:encoded><![CDATA[]]></excerpt:encoded>
		<wp:post_id>345</wp:post_id>
		<wp:post_date>2015-05-20 14:25:16</wp:post_date>
		<wp:post_date_gmt>2015-05-20 13:25:16</wp:post_date_gmt>
		<wp:comment_status>closed</wp:comment_status>
		<wp:ping_status>closed</wp:ping_status>
		<wp:post_name>payments</wp:post_name>
		<wp:status>publish</wp:status>
		<wp:post_parent>0</wp:post_parent>
		<wp:menu_order>0</wp:menu_order>
		<wp:post_type>wps_bubble</wp:post_type>
		<wp:post_password></wp:post_password>
		<wp:is_sticky>0</wp:is_sticky>
		<wp:postmeta>
			<wp:meta_key>_edit_last</wp:meta_key>
			<wp:meta_value><![CDATA[1]]></wp:meta_value>
		</wp:postmeta>
		<wp:postmeta>
			<wp:meta_key>_wpeo_bubble_position</wp:meta_key>
			<wp:meta_value><![CDATA[a:4:{s:8:"position";a:5:{s:4:"page";s:19:"options-general.php";s:6:"filter";s:0:"";s:9:"anchor_id";s:23:".wpshop_payments_option";s:10:"position_x";s:2:"25";s:10:"position_y";s:1:"0";}s:7:"actions";a:3:{s:15:"use_next_button";s:2:"on";s:9:"type_next";s:6:"bubble";s:4:"next";s:8:"shipping";}s:10:"conditions";a:3:{s:11:"option_name";s:0:"";s:9:"data_name";s:0:"";s:12:"option_value";s:0:"";}s:4:"urls";a:1:{i:0;a:2:{s:9:"paramater";s:0:"";s:5:"value";s:0:"";}}}]]></wp:meta_value>
		</wp:postmeta>
		<wp:postmeta>
			<wp:meta_key>_wpshop_entity_attached_address</wp:meta_key>
			<wp:meta_value><![CDATA[a:0:{}]]></wp:meta_value>
		</wp:postmeta>
	</item>
	<item>
		<title>Shipping</title>
		<link>http://127.0.0.1/wordpress-4.2.2-fr_FR/wordpress/wps_bubble/shipping/</link>
		<pubDate>Wed, 20 May 2015 13:25:16 +0000</pubDate>
		<dc:creator><![CDATA[a]]></dc:creator>
		<guid isPermaLink="false">http://127.0.0.1/wordpress-4.2.2-fr_FR/wordpress/wps_bubble/shipping/</guid>
		<description></description>
		<content:encoded><![CDATA[Create as many shipping options you want and configure the shipping cost for each delivery method created.]]></content:encoded>
		<excerpt:encoded><![CDATA[]]></excerpt:encoded>
		<wp:post_id>346</wp:post_id>
		<wp:post_date>2015-05-20 14:25:16</wp:post_date>
		<wp:post_date_gmt>2015-05-20 13:25:16</wp:post_date_gmt>
		<wp:comment_status>closed</wp:comment_status>
		<wp:ping_status>closed</wp:ping_status>
		<wp:post_name>shipping</wp:post_name>
		<wp:status>publish</wp:status>
		<wp:post_parent>0</wp:post_parent>
		<wp:menu_order>0</wp:menu_order>
		<wp:post_type>wps_bubble</wp:post_type>
		<wp:post_password></wp:post_password>
		<wp:is_sticky>0</wp:is_sticky>
		<wp:postmeta>
			<wp:meta_key>_edit_last</wp:meta_key>
			<wp:meta_value><![CDATA[1]]></wp:meta_value>
		</wp:postmeta>
		<wp:postmeta>
			<wp:meta_key>_wpeo_bubble_position</wp:meta_key>
			<wp:meta_value><![CDATA[a:4:{s:8:"position";a:5:{s:4:"page";s:19:"options-general.php";s:6:"filter";s:0:"";s:9:"anchor_id";s:23:".wpshop_shipping_option";s:10:"position_x";s:2:"25";s:10:"position_y";s:1:"0";}s:7:"actions";a:3:{s:15:"use_next_button";s:2:"on";s:9:"type_next";s:6:"bubble";s:4:"next";s:6:"addons";}s:10:"conditions";a:3:{s:11:"option_name";s:0:"";s:9:"data_name";s:0:"";s:12:"option_value";s:0:"";}s:4:"urls";a:1:{i:0;a:2:{s:9:"paramater";s:0:"";s:5:"value";s:0:"";}}}]]></wp:meta_value>
		</wp:postmeta>
		<wp:postmeta>
			<wp:meta_key>_wpshop_entity_attached_address</wp:meta_key>
			<wp:meta_value><![CDATA[a:0:{}]]></wp:meta_value>
		</wp:postmeta>
	</item>
	<item>
		<title>Addons</title>
		<link>http://127.0.0.1/wordpress-4.2.2-fr_FR/wordpress/wps_bubble/addons/</link>
		<pubDate>Wed, 20 May 2015 13:25:16 +0000</pubDate>
		<dc:creator><![CDATA[a]]></dc:creator>
		<guid isPermaLink="false">http://127.0.0.1/wordpress-4.2.2-fr_FR/wordpress/wps_bubble/addons/</guid>
		<description></description>
		<content:encoded><![CDATA[Find your add-ons developed for WPShop]]></content:encoded>
		<excerpt:encoded><![CDATA[]]></excerpt:encoded>
		<wp:post_id>347</wp:post_id>
		<wp:post_date>2015-05-20 14:25:16</wp:post_date>
		<wp:post_date_gmt>2015-05-20 13:25:16</wp:post_date_gmt>
		<wp:comment_status>closed</wp:comment_status>
		<wp:ping_status>closed</wp:ping_status>
		<wp:post_name>addons</wp:post_name>
		<wp:status>publish</wp:status>
		<wp:post_parent>0</wp:post_parent>
		<wp:menu_order>0</wp:menu_order>
		<wp:post_type>wps_bubble</wp:post_type>
		<wp:post_password></wp:post_password>
		<wp:is_sticky>0</wp:is_sticky>
		<wp:postmeta>
			<wp:meta_key>_edit_last</wp:meta_key>
			<wp:meta_value><![CDATA[1]]></wp:meta_value>
		</wp:postmeta>
		<wp:postmeta>
			<wp:meta_key>_wpeo_bubble_position</wp:meta_key>
			<wp:meta_value><![CDATA[a:4:{s:8:"position";a:5:{s:4:"page";s:19:"options-general.php";s:6:"filter";s:0:"";s:9:"anchor_id";s:21:".wpshop_addons_option";s:10:"position_x";s:2:"30";s:10:"position_y";s:1:"0";}s:7:"actions";a:3:{s:15:"use_next_button";s:2:"on";s:9:"type_next";s:6:"bubble";s:4:"next";s:7:"billing";}s:10:"conditions";a:3:{s:11:"option_name";s:0:"";s:9:"data_name";s:0:"";s:12:"option_value";s:0:"";}s:4:"urls";a:1:{i:0;a:2:{s:9:"paramater";s:0:"";s:5:"value";s:0:"";}}}]]></wp:meta_value>
		</wp:postmeta>
		<wp:postmeta>
			<wp:meta_key>_wpshop_entity_attached_address</wp:meta_key>
			<wp:meta_value><![CDATA[a:0:{}]]></wp:meta_value>
		</wp:postmeta>
	</item>
	<item>
		<title>Billing</title>
		<link>http://127.0.0.1/wordpress-4.2.2-fr_FR/wordpress/wps_bubble/billing/</link>
		<pubDate>Wed, 20 May 2015 13:25:16 +0000</pubDate>
		<dc:creator><![CDATA[a]]></dc:creator>
		<guid isPermaLink="false">http://127.0.0.1/wordpress-4.2.2-fr_FR/wordpress/wps_bubble/billing/</guid>
		<description></description>
		<content:encoded><![CDATA[Determine dialing and address of customer invoices.]]></content:encoded>
		<excerpt:encoded><![CDATA[]]></excerpt:encoded>
		<wp:post_id>348</wp:post_id>
		<wp:post_date>2015-05-20 14:25:16</wp:post_date>
		<wp:post_date_gmt>2015-05-20 13:25:16</wp:post_date_gmt>
		<wp:comment_status>closed</wp:comment_status>
		<wp:ping_status>closed</wp:ping_status>
		<wp:post_name>billing</wp:post_name>
		<wp:status>publish</wp:status>
		<wp:post_parent>0</wp:post_parent>
		<wp:menu_order>0</wp:menu_order>
		<wp:post_type>wps_bubble</wp:post_type>
		<wp:post_password></wp:post_password>
		<wp:is_sticky>0</wp:is_sticky>
		<wp:postmeta>
			<wp:meta_key>_edit_last</wp:meta_key>
			<wp:meta_value><![CDATA[1]]></wp:meta_value>
		</wp:postmeta>
		<wp:postmeta>
			<wp:meta_key>_wpeo_bubble_position</wp:meta_key>
			<wp:meta_value><![CDATA[a:4:{s:8:"position";a:5:{s:4:"page";s:19:"options-general.php";s:6:"filter";s:0:"";s:9:"anchor_id";s:20:".wpshop_billing_info";s:10:"position_x";s:2:"35";s:10:"position_y";s:1:"0";}s:7:"actions";a:3:{s:15:"use_next_button";s:2:"on";s:9:"type_next";s:6:"bubble";s:4:"next";s:7:"barcode";}s:10:"conditions";a:3:{s:11:"option_name";s:0:"";s:9:"data_name";s:0:"";s:12:"option_value";s:0:"";}s:4:"urls";a:1:{i:0;a:2:{s:9:"paramater";s:0:"";s:5:"value";s:0:"";}}}]]></wp:meta_value>
		</wp:postmeta>
		<wp:postmeta>
			<wp:meta_key>_wpshop_entity_attached_address</wp:meta_key>
			<wp:meta_value><![CDATA[a:0:{}]]></wp:meta_value>
		</wp:postmeta>
	</item>
	<item>
		<title>Barcode</title>
		<link>http://127.0.0.1/wordpress-4.2.2-fr_FR/wordpress/wps_bubble/barcode/</link>
		<pubDate>Wed, 20 May 2015 13:25:16 +0000</pubDate>
		<dc:creator><![CDATA[a]]></dc:creator>
		<guid isPermaLink="false">http://127.0.0.1/wordpress-4.2.2-fr_FR/wordpress/wps_bubble/barcode/</guid>
		<description></description>
		<content:encoded><![CDATA[Set your internal codes to generate automatic barcode]]></content:encoded>
		<excerpt:encoded><![CDATA[]]></excerpt:encoded>
		<wp:post_id>349</wp:post_id>
		<wp:post_date>2015-05-20 14:25:16</wp:post_date>
		<wp:post_date_gmt>2015-05-20 13:25:16</wp:post_date_gmt>
		<wp:comment_status>closed</wp:comment_status>
		<wp:ping_status>closed</wp:ping_status>
		<wp:post_name>barcode</wp:post_name>
		<wp:status>publish</wp:status>
		<wp:post_parent>0</wp:post_parent>
		<wp:menu_order>0</wp:menu_order>
		<wp:post_type>wps_bubble</wp:post_type>
		<wp:post_password></wp:post_password>
		<wp:is_sticky>0</wp:is_sticky>
		<wp:postmeta>
			<wp:meta_key>_edit_last</wp:meta_key>
			<wp:meta_value><![CDATA[1]]></wp:meta_value>
		</wp:postmeta>
		<wp:postmeta>
			<wp:meta_key>_wpeo_bubble_position</wp:meta_key>
			<wp:meta_value><![CDATA[a:4:{s:8:"position";a:5:{s:4:"page";s:19:"options-general.php";s:6:"filter";s:0:"";s:9:"anchor_id";s:23:".wpshop_barcode_options";s:10:"position_x";s:2:"30";s:10:"position_y";s:1:"0";}s:7:"actions";a:2:{s:9:"type_next";s:4:"link";s:4:"next";s:0:"";}s:10:"conditions";a:3:{s:11:"option_name";s:0:"";s:9:"data_name";s:0:"";s:12:"option_value";s:0:"";}s:4:"urls";a:1:{i:0;a:2:{s:9:"paramater";s:0:"";s:5:"value";s:0:"";}}}]]></wp:meta_value>
		</wp:postmeta>
		<wp:postmeta>
			<wp:meta_key>_wpshop_entity_attached_address</wp:meta_key>
			<wp:meta_value><![CDATA[a:0:{}]]></wp:meta_value>
		</wp:postmeta>
	</item>
</channel>
</rss>
