{
 "kind": "webfonts#webfontList",
 "items": [
  {
   "kind": "webfonts#webfont",
   "name":  "Arial",
   "family": "Arial, Helvetica, sans-serif",
   "variants": [
    "100",
    "100italic",
    "300",
    "300italic",
    "regular",
    "italic",
    "500",
    "500italic",
    "700",
    "700italic",
    "800",
    "800italic",
    "900",
    "900italic"
   ]
  },
  {
   "kind": "webfonts#webfont",
   "name":  "Georgia",
   "family": "Georgia, serif",
   "variants": [
    "100",
    "100italic",
    "300",
    "300italic",
    "regular",
    "italic",
    "500",
    "500italic",
    "700",
    "700italic",
    "800",
    "800italic",
    "900",
    "900italic"
   ]
   },
   {
   "kind": "webfonts#webfont",
   "name":  "Palatino Linotype",
   "family": "\"Palatino Linotype\", \"Book Antiqua\", Palatino, serif",
   "variants": [
    "100",
    "100italic",
    "300",
    "300italic",
    "regular",
    "italic",
    "500",
    "500italic",
    "700",
    "700italic",
    "800",
    "800italic",
    "900",
    "900italic"
   ]
   },
   {
   "kind": "webfonts#webfont",
   "name":  "Impact",
   "family": "Impact, Charcoal, sans-serif",
   "variants": [
    "100",
    "100italic",
    "300",
    "300italic",
    "regular",
    "italic",
    "500",
    "500italic",
    "700",
    "700italic",
    "800",
    "800italic",
    "900",
    "900italic"
   ]
   },
   {
   "kind": "webfonts#webfont",
   "name":  "Tahoma",
   "family": "Tahoma, Geneva, sans-serif",
   "variants": [
    "100",
    "100italic",
    "300",
    "300italic",
    "regular",
    "italic",
    "500",
    "500italic",
    "700",
    "700italic",
    "800",
    "800italic",
    "900",
    "900italic"
   ]
   },
   {
   "kind": "webfonts#webfont",
   "name":  "Verdana",
   "family": "Verdana, Geneva, sans-serif",
   "variants": [
    "100",
    "100italic",
    "300",
    "300italic",
    "regular",
    "italic",
    "500",
    "500italic",
    "700",
    "700italic",
    "800",
    "800italic",
    "900",
    "900italic"
   ]
   },
   {
   "kind": "webfonts#webfont",
   "name":  "Courier",
   "family": "\"Courier New\", Courier, monospace",
   "variants": [
    "100",
    "100italic",
    "300",
    "300italic",
    "regular",
    "italic",
    "500",
    "500italic",
    "700",
    "700italic",
    "800",
    "800italic",
    "900",
    "900italic"
   ]
   },
   {
   "kind": "webfonts#webfont",
   "name":  "Lucida Console",
   "family": "\"Lucida Console\", Monaco, monospace",
   "variants": [
    "100",
    "100italic",
    "300",
    "300italic",
    "regular",
    "italic",
    "500",
    "500italic",
    "700",
    "700italic",
    "800",
    "800italic",
    "900",
    "900italic"
   ]
   }
  ]
}

