{"ELEMENTCOUNT":"5","ENTITY":"errorlog","TYPE":"DB","DATA":"{\"1\":{\"subelements\":{\"1\":{\"id\":1,\"populate\":\"\"}},\"rules\":[],\"links\":[],\"id\":1,\"label\":\"Severity \",\"x\":12,\"y\":0,\"type\":\"text_small\",\"column\":\"SEVERITY\",\"children\":2,\"attributes\":{\"zfsize\":\"\",\"zfmaxlength\":\"10\",\"zfrows\":\"\",\"zfrepeatable\":0,\"zfguidelines\":\"\"}},\"2\":{\"subelements\":{\"1\":{\"id\":1,\"populate\":\"\"}},\"rules\":[],\"links\":[],\"id\":2,\"label\":\"Error \",\"x\":12,\"y\":39,\"type\":\"textarea\",\"column\":\"MESSAGE\",\"children\":2,\"attributes\":{\"zfsize\":\"\",\"zfmaxlength\":\"\",\"zfrows\":\"\",\"zfrepeatable\":0,\"zfguidelines\":\"\"}},\"3\":{\"subelements\":{\"1\":{\"id\":1,\"populate\":\"\"}},\"rules\":[],\"links\":[],\"id\":3,\"label\":\"File \",\"x\":12,\"y\":120,\"type\":\"text_large\",\"column\":\"FILENAME\",\"children\":2,\"attributes\":{\"zfsize\":\"\",\"zfmaxlength\":\"50\",\"zfrows\":\"\",\"zfrepeatable\":0,\"zfguidelines\":\"\"}},\"4\":{\"subelements\":{\"1\":{\"id\":1,\"populate\":\"\"}},\"rules\":[],\"links\":[],\"id\":4,\"label\":\"Line \",\"x\":12,\"y\":159,\"type\":\"number\",\"column\":\"LINENUM\",\"children\":2,\"attributes\":{\"zfsize\":\"\",\"zfmaxlength\":\"\",\"zfrows\":\"\",\"zfrepeatable\":0,\"zfguidelines\":\"\"}},\"5\":{\"subelements\":{\"1\":{\"id\":1,\"populate\":\"\"}},\"rules\":[],\"links\":[],\"id\":5,\"label\":\"Time \",\"x\":12,\"y\":199,\"type\":\"text_large\",\"column\":\"DATE_CREATED\",\"children\":2,\"attributes\":{\"zfsize\":\"\",\"zfmaxlength\":\"\",\"zfrows\":\"\",\"zfrepeatable\":0,\"zfguidelines\":\"\"}}}","LABEL":"Error log","PROJECT":"fwktec","ID":"17","NAME":"errorlog"}