{"ELEMENTCOUNT":"3","ATTRIBUTES":"{\"savebuttontext\":\"\",\"confirmation\":\"\",\"sendemail\":\"on\",\"adminemail\":\"\",\"emailfield\":\"0\",\"emailconfirmation\":\"\",\"emailformtouser\":\"on\",\"labelposition\":\"left\"}","ENTITY":"flocale","TYPE":"DB","DATA":"{\"1\":{\"subelements\":{\"1\":{\"id\":\"1\",\"populate\":\"1,234.00\"}},\"id\":\"1\",\"label\":\"Amount format  \",\"x\":\"191\",\"y\":\"183\",\"type\":\"money_format\",\"column\":\"MONEYFORMAT\",\"children\":\"1\",\"attributes\":{\"zfsize\":\"\",\"zfmaxlength\":\"\",\"zfrows\":\"\",\"zfregex\":\"\",\"zfrepeatable\":\"0\",\"zfguidelines\":\"Select how you want amounts to be formatted.\"}},\"2\":{\"subelements\":{\"1\":{\"id\":\"1\",\"populate\":\"USD\"}},\"id\":\"2\",\"label\":\"Base Currency  \",\"x\":\"191\",\"y\":\"244\",\"type\":\"currency\",\"column\":\"CURRENCY\",\"children\":\"1\",\"attributes\":{\"zfsize\":\"\",\"zfmaxlength\":\"\",\"zfrows\":\"\",\"zfregex\":\"\",\"zfrepeatable\":\"0\",\"zfguidelines\":\"Currency used for pricing.\"}},\"3\":{\"subelements\":{\"1\":{\"id\":\"1\",\"populate\":\"\"}},\"id\":\"3\",\"label\":\"Currency Symbol \",\"x\":\"191\",\"y\":\"305\",\"type\":\"text\",\"column\":\"CURRENCYSYMBOL\",\"children\":\"1\",\"attributes\":{\"zfsize\":\"2\",\"zfmaxlength\":\"2\",\"zfrows\":\"\",\"zfregex\":\"\",\"zfrepeatable\":\"0\",\"zfguidelines\":\"Currency sign to display when showing prices, for example $.\"}}}","CUSTOM":"","LABEL":"Locale Settings","PROJECT":"fwktec","ID":"1067","NAME":"flocale"}