<?xml version="1.0" encoding="utf-8" ?>
<dwsync>
<file name="application.png" server="documanaged.com//public_html/" local="130120783222854308" remote="130789374000000000" Dst="2" />
<file name="code.png" server="documanaged.com//public_html/" local="130120783222874309" remote="130789374000000000" Dst="2" />
<file name="css.png" server="documanaged.com//public_html/" local="130120783226334507" remote="130789374000000000" Dst="2" />
<file name="db.png" server="documanaged.com//public_html/" local="130120783226344508" remote="130789374000000000" Dst="2" />
<file name="directory.png" server="documanaged.com//public_html/" local="130120783226344508" remote="130789374000000000" Dst="2" />
<file name="doc.png" server="documanaged.com//public_html/" local="130120783230234730" remote="130789374000000000" Dst="2" />
<file name="file.png" server="documanaged.com//public_html/" local="130120783230234730" remote="130789374000000000" Dst="2" />
<file name="film.png" server="documanaged.com//public_html/" local="130120783230264732" remote="130789374000000000" Dst="2" />
<file name="flash.png" server="documanaged.com//public_html/" local="130120783234124953" remote="130789374000000000" Dst="2" />
<file name="folder_open.png" server="documanaged.com//public_html/" local="130120783234514975" remote="130789374000000000" Dst="2" />
<file name="html.png" server="documanaged.com//public_html/" local="130120783236995117" remote="130789374000000000" Dst="2" />
<file name="java.png" server="documanaged.com//public_html/" local="130120783237005118" remote="130789374000000000" Dst="2" />
<file name="linux.png" server="documanaged.com//public_html/" local="130120783239485259" remote="130789374000000000" Dst="2" />
<file name="music.png" server="documanaged.com//public_html/" local="130120783239485259" remote="130789374000000000" Dst="2" />
<file name="pdf.png" server="documanaged.com//public_html/" local="130120783239495260" remote="130789374000000000" Dst="2" />
<file name="php.png" server="documanaged.com//public_html/" local="130120783243025462" remote="130789374000000000" Dst="2" />
<file name="picture.png" server="documanaged.com//public_html/" local="130120783243025462" remote="130789374000000000" Dst="2" />
<file name="ppt.png" server="documanaged.com//public_html/" local="130120783243035462" remote="130789374000000000" Dst="2" />
<file name="psd.png" server="documanaged.com//public_html/" local="130120783246475659" remote="130789374000000000" Dst="2" />
<file name="ruby.png" server="documanaged.com//public_html/" local="130120783246465659" remote="130789374000000000" Dst="2" />
<file name="script.png" server="documanaged.com//public_html/" local="130120783246465659" remote="130789374000000000" Dst="2" />
<file name="spinner.gif" server="documanaged.com//public_html/" local="130120783249945858" remote="130789374000000000" Dst="2" />
<file name="txt.png" server="documanaged.com//public_html/" local="130120783249925857" remote="130789374000000000" Dst="2" />
<file name="xls.png" server="documanaged.com//public_html/" local="130120783249915856" remote="130789374000000000" Dst="2" />
<file name="zip.png" server="documanaged.com//public_html/" local="130120783254376111" remote="130789374000000000" Dst="2" />
<file name="application.png" server="smartypantsplugins.com//public_html/sandbox/" local="130120783222854308" remote="130791302400000000" Dst="2" />
<file name="code.png" server="smartypantsplugins.com//public_html/sandbox/" local="130120783222874309" remote="130791302400000000" Dst="2" />
<file name="css.png" server="smartypantsplugins.com//public_html/sandbox/" local="130120783226334507" remote="130791302400000000" Dst="2" />
<file name="db.png" server="smartypantsplugins.com//public_html/sandbox/" local="130120783226344508" remote="130791302400000000" Dst="2" />
<file name="directory.png" server="smartypantsplugins.com//public_html/sandbox/" local="130120783226344508" remote="130791302400000000" Dst="2" />
<file name="doc.png" server="smartypantsplugins.com//public_html/sandbox/" local="130120783230234730" remote="130791302400000000" Dst="2" />
<file name="file.png" server="smartypantsplugins.com//public_html/sandbox/" local="130120783230234730" remote="130791302400000000" Dst="2" />
<file name="film.png" server="smartypantsplugins.com//public_html/sandbox/" local="130120783230264732" remote="130791302400000000" Dst="2" />
<file name="flash.png" server="smartypantsplugins.com//public_html/sandbox/" local="130120783234124953" remote="130791302400000000" Dst="2" />
<file name="folder_open.png" server="smartypantsplugins.com//public_html/sandbox/" local="130120783234514975" remote="130791302400000000" Dst="2" />
<file name="html.png" server="smartypantsplugins.com//public_html/sandbox/" local="130120783236995117" remote="130791302400000000" Dst="2" />
<file name="java.png" server="smartypantsplugins.com//public_html/sandbox/" local="130120783237005118" remote="130791302400000000" Dst="2" />
<file name="linux.png" server="smartypantsplugins.com//public_html/sandbox/" local="130120783239485259" remote="130791302400000000" Dst="2" />
<file name="music.png" server="smartypantsplugins.com//public_html/sandbox/" local="130120783239485259" remote="130791302400000000" Dst="2" />
<file name="pdf.png" server="smartypantsplugins.com//public_html/sandbox/" local="130120783239495260" remote="130791302400000000" Dst="2" />
<file name="php.png" server="smartypantsplugins.com//public_html/sandbox/" local="130120783243025462" remote="130791302400000000" Dst="2" />
<file name="picture.png" server="smartypantsplugins.com//public_html/sandbox/" local="130120783243025462" remote="130791302400000000" Dst="2" />
<file name="ppt.png" server="smartypantsplugins.com//public_html/sandbox/" local="130120783243035462" remote="130791302400000000" Dst="2" />
<file name="psd.png" server="smartypantsplugins.com//public_html/sandbox/" local="130120783246475659" remote="130791302400000000" Dst="2" />
<file name="ruby.png" server="smartypantsplugins.com//public_html/sandbox/" local="130120783246465659" remote="130791302400000000" Dst="2" />
<file name="script.png" server="smartypantsplugins.com//public_html/sandbox/" local="130120783246465659" remote="130791302400000000" Dst="2" />
<file name="spinner.gif" server="smartypantsplugins.com//public_html/sandbox/" local="130120783249945858" remote="130791302400000000" Dst="2" />
<file name="txt.png" server="smartypantsplugins.com//public_html/sandbox/" local="130120783249925857" remote="130791302400000000" Dst="2" />
<file name="xls.png" server="smartypantsplugins.com//public_html/sandbox/" local="130120783249915856" remote="130791302400000000" Dst="2" />
<file name="zip.png" server="smartypantsplugins.com//public_html/sandbox/" local="130120783254376111" remote="130791302400000000" Dst="2" />
</dwsync>