{
	"IcoMoonType": "selection",
	"icons": [
		{
			"icon": {
				"paths": [
					"M969.714 642.773l-326.94 326.955c-72.22 72.22-189.326 72.22-261.561 0l-326.926-326.955c-72.235-72.22-72.235-189.326 0-261.547l38.471-38.471v-210.162c0-38.542 31.246-69.788 69.788-69.788s69.788 31.246 69.788 69.788v70.599l148.892-148.892c72.235-72.235 189.326-72.235 261.561 0l326.926 326.94c72.235 72.22 72.235 189.312 0 261.532zM746.524 444.999l-167.509-167.524c-37.020-37.006-97.010-37.006-134.016 0l-167.538 167.524c-37.006 37.020-37.006 97.010 0 134.030l167.538 167.495c37.006 37.035 97.010 37.035 134.016 0l167.509-167.495c37.020-37.035 37.020-97.010 0-134.030z"
				],
				"attrs": [],
				"isMulticolor": false,
				"grid": 0,
				"tags": [
					"wprealia_logo"
				]
			},
			"attrs": [],
			"properties": {
				"order": 1,
				"id": 0,
				"prevSize": 32,
				"code": 58880,
				"name": "realia-logo"
			},
			"setIdx": 0,
			"setId": 0,
			"iconIdx": 0
		},
		{
			"icon": {
				"paths": [
					"M1009.696 1006.944h-751.872l-1.664-371.072h-256.16l633.408-618.816 641.152 619.008-448.896-0.192 0.736-122.88h50.816l-243.040-236.608-243.040 236.608h50.816v311.872h384.448v-61.312h183.296v243.392z"
				],
				"attrs": [],
				"isMulticolor": false,
				"width": 1280,
				"grid": 0,
				"tags": [
					"realocation_logo_bolder"
				]
			},
			"attrs": [],
			"properties": {
				"order": 2,
				"id": 2,
				"prevSize": 32,
				"code": 58881,
				"name": "realia-house"
			},
			"setIdx": 0,
			"setId": 0,
			"iconIdx": 1
		}
	],
	"height": 1024,
	"metadata": {
		"name": "Realia"
	},
	"preferences": {
		"showGlyphs": true,
		"showQuickUse": true,
		"showQuickUse2": true,
		"showSVGs": true,
		"fontPref": {
			"prefix": "realia-",
			"metadata": {
				"fontFamily": "Realia",
				"majorVersion": 1,
				"minorVersion": 0
			},
			"metrics": {
				"emSize": 1024,
				"baseline": 6.25,
				"whitespace": 50
			},
			"showSelector": true,
			"selector": "class",
			"showMetrics": true,
			"showMetadata": true,
			"showVersion": true,
			"resetPoint": 58880,
			"classSelector": ".realia",
			"embed": false
		},
		"imagePref": {
			"prefix": "icon-",
			"png": true,
			"useClassSelector": true,
			"color": 4473924,
			"bgColor": 16777215
		},
		"historySize": 100,
		"showCodes": false,
		"showLiga": false,
		"gridSize": 16,
		"showGrid": true
	}
}