<?xml version="1.0" encoding="UTF-8"?>
<GetDebtBalanceResponse xmlns="http://fps.amazonaws.com/doc/2010-08-28/">
  <!--Optional:-->
  <GetDebtBalanceResult>
    <!--Optional:-->
    <DebtBalance>
      <AvailableBalance>
        <CurrencyCode>USD</CurrencyCode>
        <Value>string</Value>
      </AvailableBalance>
      <!--Optional:-->
      <PendingOutBalance>
        <CurrencyCode>USD</CurrencyCode>
        <Value>string</Value>
      </PendingOutBalance>
    </DebtBalance>
  </GetDebtBalanceResult>
  <ResponseMetadata>
    <RequestId>string</RequestId>
  </ResponseMetadata>
</GetDebtBalanceResponse>