<?xml version="1.0" encoding="UTF-8"?>
<GetOutstandingDebtBalanceResponse xmlns="http://fps.amazonaws.com/doc/2010-08-28/">
  <!--Optional:-->
  <GetOutstandingDebtBalanceResult>
    <!--Optional:-->
    <OutstandingDebt>
      <OutstandingBalance>
        <CurrencyCode>USD</CurrencyCode>
        <Value>string</Value>
      </OutstandingBalance>
      <!--Optional:-->
      <PendingOutBalance>
        <CurrencyCode>USD</CurrencyCode>
        <Value>string</Value>
      </PendingOutBalance>
    </OutstandingDebt>
  </GetOutstandingDebtBalanceResult>
  <ResponseMetadata>
    <RequestId>string</RequestId>
  </ResponseMetadata>
</GetOutstandingDebtBalanceResponse>