<?xml version="1.0" encoding="UTF-8"?>
<GetPaymentInstructionResponse xmlns="http://fps.amazonaws.com/doc/2010-08-28/">
  <!--Optional:-->
  <GetPaymentInstructionResult>
    <Token>
      <TokenId>string</TokenId>
      <FriendlyName>string</FriendlyName>
      <TokenStatus>Inactive</TokenStatus>
      <DateInstalled>2007-10-26T06:36:28</DateInstalled>
      <CallerReference>string</CallerReference>
      <TokenType>SingleUse</TokenType>
      <!--Optional:-->
      <OldTokenId>string</OldTokenId>
      <!--Optional:-->
      <PaymentReason>string</PaymentReason>
    </Token>
    <PaymentInstruction>string</PaymentInstruction>
    <CallerReference>string</CallerReference>
    <!--Optional:-->
    <TokenFriendlyName>string</TokenFriendlyName>
  </GetPaymentInstructionResult>
  <ResponseMetadata>
    <RequestId>string</RequestId>
  </ResponseMetadata>
</GetPaymentInstructionResponse>