<?xml version="1.0" encoding="UTF-8"?>
<GetTransactionStatusResponse xmlns="http://fps.amazonaws.com/doc/2010-08-28/">
  <!--Optional:-->
  <GetTransactionStatusResult>
    <TransactionId>string</TransactionId>
    <TransactionStatus>Reserved</TransactionStatus>
    <CallerReference>string</CallerReference>
    <!--Optional:-->
    <StatusCode>string</StatusCode>
    <!--Optional:-->
    <StatusMessage>string</StatusMessage>
  </GetTransactionStatusResult>
  <ResponseMetadata>
    <RequestId>string</RequestId>
  </ResponseMetadata>
</GetTransactionStatusResponse>