"Parent","parent_sku","post_parent","ID","post_status","sku","downloadable","virtual","stock","regular_price","sale_price","weight","length","width","height","file_path","file_paths","download_limit","images","tax:product_shipping_class","meta:attribute_pa_color"
"Ship Your Idea","","22","23","publish","","no","no","","20","","","","","","","","","http://demo2.woothemes.com/woocommerce/files/2013/06/T_4_front1.jpg","","black"
"Ship Your Idea","","40","41","publish","","no","no","","35","","","","","","","","","http://demo2.woothemes.com/woocommerce/files/2013/06/hoodie_7_front.jpg","","black"
"Ship Your Idea","","22","24","publish","","no","no","","20","","","","","","","","","http://demo2.woothemes.com/woocommerce/files/2013/06/T_3_front.jpg","","green"
"Ship Your Idea","","40","42","publish","","no","no","","35","30","","","","","","","","http://demo2.woothemes.com/woocommerce/files/2013/06/hoodie_1_front.jpg","","blue"
