ALL,all
acrylic perfume trays,252524736814490952
acrylic vanity trays,252048141040709074
Art & Posters | Perfect Posters,252187055758123540
Art & Posters | Photo Cork Paper,252247239597370313
Art & Posters | Photo Prints,252928308271747131
Art & Posters | Posters,252939023122309392
Art & Posters | Wall Decals,252906831197405617
Art & Posters | Wood Canvas,252784604823762194
Art & Posters | Woodcut Maps,252054224204628886
Art & Posters | Wrapped Canvas,252284110529204441
Automobile Accessories | Bumper Stickers,252949095836841694
Automobile Accessories | Floor Mats,252681514193119161
Automobile Accessories | LED Window Decals,252418036798402983
Automobile Accessories | License Plates,252132749807368406
Automobile Accessories | Trailer Hitch Covers,252200260693211213
Baby Items | Bibs,252328068548439149
Baby Items | Blankets,252452989448510518
Baby Items | Bodysuits,252760943731390805
Baby Items | Burp Cloths,252840268966885887
Baby Items | Pacifiers,252431383121304243
Baby Items | T-Shirts,252192288500502878
baggu duck bags,252804841917612688
Bags & Totes | Accessory Bags,252053374250938966
Bags & Totes | Backpacks,252914763369882336
Bags & Totes | Clutches,252757481582302258
Bags & Totes | Cosmetic Bags,252880201021330784
Bags & Totes | Handbags,252290050326415162
Bags & Totes | Laptop Bags,252840912378349129
Bags & Totes | Messenger Bags,252472677366290491
Bags & Totes | Reusable Bags,252990978087027544
Bags & Totes | Tote Bags,252197318604783536
Bags & Totes | Wristlets,252282394575308449
baseballs,252218096849137389
bath mats,252662003238823926
boombot rex speakers,252383887208822528
bottle and can coolers,252557803975453266
button covers,252614070638466255
car air fresheners, 252429961651424070
car flags,252422527347330575
Cards & Postage | Big Greeting Cards,252578376731812352
Cards & Postage | Envelopes,252709606352952606
Cards & Postage | Greeting Cards,252679852796557800
Cards & Postage | Invitation Belly Bands,252330486020857235
Cards & Postage | Invitations,252145500430512226
Cards & Postage | Invitations | 3.5 x 5inch,252632214282904047
Cards & Postage | Invitations | 4 x 9.25inch,252448143863193684
Cards & Postage | Invitations | 4.25 x 5.5inch,252723129038206546
Cards & Postage | Invitations | 4.5 x 6.25inch,252352254244840495
Cards & Postage | Invitations | 5 x 7inch,252329944998244400
Cards & Postage | Invitations | 5.25 x 5.25inch,252522373402998072
Cards & Postage | Invitations | 5.5 x 7.5inch,252699504370266519
Cards & Postage | Invitations | 6.5 x 8.75inch,252006110620468392
Cards & Postage | Labels,252938044296218715
Cards & Postage | Note Cards,252637632062636437
Cards & Postage | Photo Cards,252992592277922353
Cards & Postage | Postage Stamps,252079753551460346
Cards & Postage | Postcards,252327810402568479
Cards & Postage | Table Cards,252165647710346336
checkbook cover,252495124514894942
chewing gum,252354403668711983
Clothing,252657725253948300
Clothing | Accessories | Bandanas,252880731915443666
Clothing | Accessories | Belt Buckles,252703174306043448
Clothing | Accessories | Belts,252080800610077022
Clothing | Accessories | Hair Ties,252737537776515766
Clothing | Accessories | Hats,252594705637709091
Clothing | Accessories | Scarves,252445157712265080
Clothing | Accessories | Sunglasses,252820204810111627
Clothing | Accessories | Suspenders,252187198125180651
Clothing | Accessories | Wallets,252372956716992974
Clothing | Kids | Costumes,252634876214642522
Clothing | Kids | Hoodies,252548604143057603
Clothing | Kids | Shoes,252388046303701222
Clothing | Kids | Sweatshirts,252449097268187033
Clothing | Kids | T-Shirts,252175184843195737
Clothing | Men | Activewear,252504352563729440
Clothing | Men | Costumes,252057029202318679
Clothing | Men | Hoodies,252091185879411075
Clothing | Men | Jackets,252405480499204831
Clothing | Men | Polos,252757862802172568
Clothing | Men | Sweatshirts,252830824459777016
Clothing | Men | Tank Tops,252975408190372020
Clothing | Men | Ties,252403387030846229
Clothing | Men | T-Shirts,252095125266653584
Clothing | Women | Activewear,252605977862907735
Clothing | Women | Costumes,252750340771251606
Clothing | Women | Hoodies,252423211443077389
Clothing | Women | Jackets,252391236518290806
Clothing | Women | Leggings,252563832471770531
Clothing | Women | Maternity,252074326794926035
Clothing | Women | Polos,252771598993272673
Clothing | Women | Tank Tops,252564888462377028
Clothing | Women | T-Shirts,252918779097260160
cornhole sets,252104358794542758
Drinkware | Barware | Frosted Beer Mugs,252272830862137883
Drinkware | Barware | Steins,252134643596265508
Drinkware | Coffee Mugs,252507429195637821
Drinkware | Flasks | Classic,252097782073048064
Drinkware | Flasks | Vinyl Wrapped,252585563567208657
Drinkware | Lovers Mugs,252465937028036027
Drinkware | Travel Mugs,252739725294515577
Drinkware | Water Bottles,252555672172888083
elastic headbands,252520262408329521
Electronics | Cases | iPad Cases,252893971862781685
Electronics | Cases | iPhone Cases,252505187618583290
Electronics | Cases | iPod Touch Cases,252704147025778114
Electronics | Cases | Kindle Cases,252274404756779796
Electronics | Cases | Motorola Cases,252055724670508352
Electronics | Cases | Nexus Cases,252009024557414373
Electronics | Cases | Samsung Cases,252364856095964530
Electronics | Covers | iPad 2/3/4,252822889303812539
Electronics | Covers | iPad Air,252933670428984210
Electronics | Covers | iPad Mini,252454416293144209
Electronics | Phone Pouches,252934496729540174
Electronics | Skins | Computer | Desktop,252339242968760633
Electronics | Skins | Computer | Laptops,252747950624253581
Electronics | Skins | Computer | Netbook,252536065899138509
Electronics | Skins | eReaders & Tablets,252124802331875756
Electronics | Skins | Game Systems | Game Consoles,252125263936761251
Electronics | Skins | Game Systems | Game Controllers,252869056884365676
Electronics | Skins | Game Systems | Handheld Games,252030366255261907
Electronics | Skins | Hard Drives,252360126978873016
Electronics | Skins | Headphones & Speakers,252814400818132935
Electronics | Skins | MP3 Players,252033073419599996
Electronics | Skins | Phones,252603289021686356
Electronics | Skins | Video Cameras,252800816516314442
Electronics | Sleeves,252911101085123173
Electronics | Speakers | Bumpster,252995043218221914
Electronics | Speakers | Doodle,252653383553359033
Electronics | Speakers | Pieladium,252887999916653649
fabric,252285611358564502
fanny packs,252419304316930207
Food & Snacks | Brownies,252398947154822041
Food & Snacks | Cake Pops,252874564022703934
Food & Snacks | Chocolate Bars,252688726398405222
Food & Snacks | Chocolate Boxes,252744108085233934
Food & Snacks | Cookies,252566075848751953
Food & Snacks | Countdown Calendars,252127978482888931
Food & Snacks | Frosting Rounds,252526125434417680
Food & Snacks | Jelly Belly Tins,252929126268550784
Food & Snacks | Rice Crispy Bars,252588270424062433
Games & Entertainment | Bicycles,252037796964703450
Games & Entertainment | Cribbage Boards,252594760214092838
Games & Entertainment | Dart Boards,252990834608992259
Games & Entertainment | Mini Basketball Hoops,252383143115657439
Games & Entertainment | Musician Gear | Drumsticks,252052630104814988
Games & Entertainment | Musician Gear | Guitar Picks,252092730807218863
Games & Entertainment | Ping Pong Equipment | Balls,252218321044346127
Games & Entertainment | Ping Pong Equipment | Paddles,252930675984568858
Games & Entertainment | Playing Cards | Bicycle,252503906085110242
Games & Entertainment | Playing Cards | Classic,252785909294176051
Games & Entertainment | Poker Chips,252041063185836322
Games & Entertainment | Portable Chess Boards,252259622182012322
Games & Entertainment | Puzzles,252504013909317122
Games & Entertainment | Skateboards,252590386296523037
Games & Entertainment | Stuffed Animals,252304672190277188
golfballs,252955230675448907
graduation cap,252366878406810028
gym bags,252255410775113671
headsweat hats,252235575043234321
Holiday Extras | Christmas Stockings,252010526080511322
Holiday Extras | Costumes | Kids Costumes,252634876214642522
Holiday Extras | Costumes | Mens Costumes,252057029202318679
Holiday Extras | Costumes | Womens Costumes,252750340771251606
Holiday Extras | Gifting | Favor Boxes,252287462400226461
Holiday Extras | Gifting | Gift Boxes,252893087174862827
Holiday Extras | Gifting | Wine Gift Boxes,252846941606163061
Holiday Extras | Ornaments | Acrylic,252066185829024919
Holiday Extras | Ornaments | Ceramic,252919387495746567
Holiday Extras | Ornaments | Gold Plated,252069527998964098
Holiday Extras | Ornaments | Metal,252815170021197599
Holiday Extras | Ornaments | Pewter,252462888839048937
Holiday Extras | Ornaments | Silver Plated,252759656962294451
Holiday Extras | Tissue Paper,252644519713352070
Holiday Extras | Tree Skirts,252035007971861734
Holiday Extras | Wrapping Paper,252677872093845966
Home & Pets| Fleece Blankets,252789377577866827
Home Decor | 3 Ring Binders,252059559412131362
Home Decor | Bath Sets,252554010686178603
Home Decor | Beverage Coasters | Cork,252967850859202115
Home Decor | Beverage Coasters | Paper,252890990695442987
Home Decor | Beverage Coasters | Puzzle,252449253773365212
Home Decor | Beverage Coasters | Sandstone,252775491505755274
Home Decor | Beverage Coasters | Stone,252347147853999413
Home Decor | Beverage Coasters | Tile,252345660503235508
Home Decor | Beverage Coasters | Wood,252799634666869463
Home Decor | Calendars,252635460664436350
Home Decor | Clocks,252989332012356871
Home Decor | Coat Racks,252101397345029025
Home Decor | Door Hangers,252812326588894912
Home Decor | Hammocks,252752528070060399
Home Decor | Key Racks,252386722665402411
Home Decor | Lamps,252867107196026867
Home Decor | Light Switch Covers,252667147344299571
Home Decor | Magnetic Frames,252870245861061506
Home Decor | Night Lights,252178072213842304
Home Decor | Notebooks,252615332011628786
Home Decor | Notepads,252055799339761756
Home Decor | Photo Plaques,252038635721947531
Home Decor | Photo Sculptures,252726677685651722
Home Decor | Pillows | Accent,252968856059393905
Home Decor | Pillows | All pillows,252580206566356873
Home Decor | Pillows | Body,252023285879159761
Home Decor | Pillows | Lumbar,252276198476189540
Home Decor | Pillows | Round,252501069487580402
Home Decor | Pillows | Square,252185981579920893
Home Decor | Poufs,252659863215001247
Home Decor | Refrigerator Magnets | Button,252545432681008962
Home Decor | Refrigerator Magnets | Flexible,252599884273511622
Home Decor | Refrigerator Magnets | Stone,252345811500351305
Home Decor | Stationery,252029090508591736
Home Decor | Taxidermy,252179191355251233
Home Decor | Throw Blankets,252553181413210702
Home Decor | Tiles,252995337227955743
hot sauce,252929641653214049
Igloo Coolers | Beverage Coolers,252988314609138169
Igloo Coolers | Can Coolers,252753662668805370
Igloo Coolers | Chest Coolers,252764358156705226
Igloo Coolers | Roller Coolers,252984612269876990
Kitchen & Dining | Aprons,252568324206520313
Kitchen & Dining | Bottle Openers,252115528778768148
Kitchen & Dining | Bowls | Chili Bowls,252125486878629828
Kitchen & Dining | Bowls | Soup Mugs,252351218934821140
Kitchen & Dining | Cake Pans,252275662722406433
Kitchen & Dining | Cake Toppers,252454938266608482
Kitchen & Dining | Candy Jars,252717859134909330
Kitchen & Dining | Cheese Boards,252874181200141680
Kitchen & Dining | Cutting Boards,252394008111357051
Kitchen & Dining | Kitchen Towels,252832893724189245
Kitchen & Dining | Lunch Boxes,252139763418161736
Kitchen & Dining | Napkins | Cloth Napkins,252358506740216134
Kitchen & Dining | Napkins | Paper Napkins,252635946152011221
Kitchen & Dining | Pitchers,252189110199972222
Kitchen & Dining | Placemats,252354132898346370
Kitchen & Dining | Plates | Melamine,252488579863563735
Kitchen & Dining | Plates | Porcelain,252437282743831209
Kitchen & Dining | Serving Trays,252035006279827001
Kitchen & Dining | Table Card Holders,252775700247226916
Kitchen & Dining | Teapots,252037920995613011
knobs and pulls,252613783318968496
laminated placemats,252871522078319920 
magnetic business cards,252282391049411971
magnetic invitations,252301531335846659
mens flip flop sandals,252044419066646262
notebook covers,252837282328824380
Office Supplies | 3 Ring Binders,252059559412131362
Office Supplies | Awards,252499473724924296
Office Supplies | Bookmarks,252244191460381221
Office Supplies | Business Card Holders,252260398601455720
Office Supplies | Business Cards,252055618931521092
Office Supplies | Calendars,252635460664436350
Office Supplies | Clipboards,252767535885768941
Office Supplies | Desk Organizers,252708574763387469
Office Supplies | Dry Erase Boards,252354169748865539
Office Supplies | Envelopes,252709606352952606
Office Supplies | Flyers,252846060096069017
Office Supplies | Labels | Address,252255628512728975
Office Supplies | Labels | Return Address,252385702061789867
Office Supplies | Labels | Shipping,252068434812592872
Office Supplies | Letterhead,252628060607046712
Office Supplies | Mousepads | Gel,252574195280154608
Office Supplies | Mousepads | Standard,252906076151542506
Office Supplies | Name Plates,252948766816605754
Office Supplies | Planners,252776732273488972
Office Supplies | Pocket Journals,252797762420701173
Office Supplies | Post-It Notes,252846023874824525
Office Supplies | Rack Cards,252517668123541646
Office Supplies | Rulers,252574742681022770
Other Products | Nail Art,252588412414843809
Other Products | Stickers,252211451901294274
Other Products | Wine Charms,252343896456286836
Other Products | Yard Signs,252318582813534217
paper plates,252353024168599199
passport covers,252123660577297403
pens,252873046159784795
Personal Accessories | Buttons,252254553165908169
Personal Accessories | Compact Mirrors,252870221036653969
Personal Accessories | Keychains,252090209411759530
Personal Accessories | Luggage | Luggage Handle Wraps,252304321591831684
Personal Accessories | Luggage | Luggage Tags,252796201677612775
Personal Accessories | Purse Hangers,252824731186593979
pet beds,252154785177397830
Pet Supplies | Aquariums,252000223042089652
Pet Supplies | Dog Collars,252065737624324920
Pet Supplies | Dog Leashes,252943743730927051
Pet Supplies | Pet Bowls,252617789219263471
Pet Supplies | Pet Clothing,252865067625434996
Pet Supplies | Pet Tags,252930606939496948
ribbon,252762389497025342
serving platters,252485403391164258
snow globes,252592869898316957
table runners,252146486028299933
tablecloths,252080131964528103
temporary tattoos,252889656611654193
trivets,252597911579602139
trucker hats,252109214232328574
usb drives,252369887388653178
visor hats,252010091341109053
Watches & Jewelry | Bracelets,252751691585273338
Watches & Jewelry | Charms,252497244623097669
Watches & Jewelry | Cufflinks,252750244498386634
Watches & Jewelry | Lapel Pins,252222465847622530
Watches & Jewelry | Money Clips,252462756697524714
Watches & Jewelry | Necklaces,252260908735141649
Watches & Jewelry | Rings,252442765209991071
Watches & Jewelry | Tie Bars,252214420498383970
Watches & Jewelry | Watches,252098402280452308
Watches & Jewelry | Watches | Kids Watches,252533816771400078
Watches & Jewelry | Watches | Mens Watches,252872449226090409
Watches & Jewelry | Watches | Womens Watches,252929249507579405
wine bags,252236538732466606
wine stoppers,252240582610860795
womens flip flop sandals,252131620626732719
wrist keychain,252420720123526492a
