{
	"classes" :
	{
		"application":"wv35v_application",
		"form":"wv35v_data_form",
		"table":"wv35v_data_table",
		"data":"wv35v_data_settings",
		"legacy":"wv35v_data_legacy",
		"_load":
		[
			"wv35v_info",
			"wv35v_data_table",
			"wv35v_view",
			"wv35v_action",
			"wv35v_widget",
			"wv35v_config",
			"wv35v_data_settings",
			"wv35v_data_form",
			"bv35v_http",
			"wv35v_mu",
			"wv35v_posts",
			"wv35v_data_legacy",
			"wv35v_comments",
			"wv35v_user"
		]
	},
	"folders" : {"w":"library/wordpress"},
	"wordpress" : 
	{
		"author" : "",
		"author_uri" : "",
		"uri" : "http:\/\/dcoda.co.uk\/wordpress\/",
		"at_least" : "3.0.0",
		"up_to" : "3.2",
		"tags" : ["php5.2"]
	},
	"priority": 40
}
