<?xml version="1.0" ?>
<KnowledgeTypes encoding="utf-8"><KnowledgeTypeSet ID="sixhat" Name="Six Hat Thinking"><Description>Unstructured thinking can be emotional, confusing and unhelpful. Without
a framework, creative thinking jumps around, and it is difficult to reach
a resolution. The six hat model suggests that there are six basic types of
thinking represented by six coloured hats. Each mode, type or hat can be
used at different points in a thinking process to limit the boundaries of
thought. Each of the colours of the hat has some connection to an image
to aid memory of the type of thinking.</Description><StartingTypes><KnowledgeTypeRef ID-REF="whitehat"/></StartingTypes><FollowupRule><KnowledgeTypeRef ID-REF="whitehat"/><KnowledgeTypeRef ID-REF="whitehat"/><KnowledgeTypeRef ID-REF="redhat"/><KnowledgeTypeRef ID-REF="blackhat"/><KnowledgeTypeRef ID-REF="greenhat"/><KnowledgeTypeRef ID-REF="bluehat"/><KnowledgeTypeRef ID-REF="yellowhat"/></FollowupRule><FollowupRule><KnowledgeTypeRef ID-REF="redhat"/><KnowledgeTypeRef ID-REF="whitehat"/><KnowledgeTypeRef ID-REF="redhat"/><KnowledgeTypeRef ID-REF="blackhat"/><KnowledgeTypeRef ID-REF="greenhat"/><KnowledgeTypeRef ID-REF="bluehat"/><KnowledgeTypeRef ID-REF="yellowhat"/></FollowupRule><FollowupRule><KnowledgeTypeRef ID-REF="blackhat"/><KnowledgeTypeRef ID-REF="whitehat"/><KnowledgeTypeRef ID-REF="redhat"/><KnowledgeTypeRef ID-REF="blackhat"/><KnowledgeTypeRef ID-REF="greenhat"/><KnowledgeTypeRef ID-REF="bluehat"/><KnowledgeTypeRef ID-REF="yellowhat"/></FollowupRule><FollowupRule><KnowledgeTypeRef ID-REF="greenhat"/><KnowledgeTypeRef ID-REF="whitehat"/><KnowledgeTypeRef ID-REF="redhat"/><KnowledgeTypeRef ID-REF="blackhat"/><KnowledgeTypeRef ID-REF="greenhat"/><KnowledgeTypeRef ID-REF="bluehat"/><KnowledgeTypeRef ID-REF="yellowhat"/></FollowupRule><FollowupRule><KnowledgeTypeRef ID-REF="bluehat"/><KnowledgeTypeRef ID-REF="whitehat"/><KnowledgeTypeRef ID-REF="redhat"/><KnowledgeTypeRef ID-REF="blackhat"/><KnowledgeTypeRef ID-REF="greenhat"/><KnowledgeTypeRef ID-REF="bluehat"/><KnowledgeTypeRef ID-REF="yellowhat"/></FollowupRule><FollowupRule><KnowledgeTypeRef ID-REF="yellowhat"/><KnowledgeTypeRef ID-REF="whitehat"/><KnowledgeTypeRef ID-REF="redhat"/><KnowledgeTypeRef ID-REF="blackhat"/><KnowledgeTypeRef ID-REF="greenhat"/><KnowledgeTypeRef ID-REF="bluehat"/><KnowledgeTypeRef ID-REF="yellowhat"/></FollowupRule><KnowledgeType Colour="#FFFFFF" ID="whitehat" Name="White hat"><Icon ContentType="image/gif" LocalName="data1"/><StartingPhrase>White hat thinking.</StartingPhrase><Description>White suggests paper. The white hat concerns information. When we wear the white hat, we ask the following kinds of questions: &quot;What information do we have?; 'What information do we need?; 'What question should we be asking? The white hat is used to direct attention to available or missing information. (De Bono E, 1991)</Description><Checklist></Checklist></KnowledgeType><KnowledgeType Colour="#F95050" ID="redhat" Name="Red hat"><Icon ContentType="image/gif" LocalName="data2"/><StartingPhrase>Red hat thinking</StartingPhrase><Description>Red suggests fire and warmth. The red hat is to do with feelings, intuition, and emotions. You may not know the reasons why you like something, or why you do not like something. When the red hat is in use, you have the opportunity to put forward your feelings and intuitions without any explanation at all. Your feelings exist, and the red hat gives you permission to put those feelings forward. (De Bono E, 1991)</Description><Checklist></Checklist></KnowledgeType><KnowledgeType Colour="#A9A9A9" ID="blackhat" Name="Black hat"><Icon ContentType="image/gif" LocalName="data3"/><StartingPhrase>Black hat thinking</StartingPhrase><Description>This is probably the most useful hat. It is certainly the hat that is most often used. Black reminds us of a judge's robes. The black hat is for caution. The black hat stops us from doing things that may be harmful. The black hat points out the risks, and why something may not work. Without the black hat we would be in trouble all the time. However, the black hat should not be over-used, as over-use may be dangerous. (De Bono E, 1991)</Description><Checklist></Checklist></KnowledgeType><KnowledgeType Colour="#67CA67" ID="greenhat" Name="Green hat"><Icon ContentType="image/gif" LocalName="data4"/><StartingPhrase>Green hat thinking.</StartingPhrase><Description>Green suggests vegetation, which suggests growth, energy, and life. The green hat is the energy hat. Under the green hat, you put forward proposals and suggestions and propose new ideas and alternatives. Under the green hat you suggest modifications and variations for a suggested idea. The green hat allows you to put forward possibilities. When the green hat is in use, everyone makes an effort to be creative. (De Bono E, 1991)</Description><Checklist></Checklist></KnowledgeType><KnowledgeType Colour="#778ECF" ID="bluehat" Name="Blue hat"><Icon ContentType="image/gif" LocalName="data5"/><StartingPhrase>Blue hat thinking.</StartingPhrase><Description>The blue hat is for looking at the thinking process itself: &quot;what should we do next?&quot;; &quot;what have we achieved so far?&quot; We use the blue hat at the beginning of a discussion in order to define what we are thinking about, and to decide what we want to have achieved at the end of our thinking. The blue hat may be used to order the sequence of hats that we are going to be using, and to summarise what we have achieved. (De Bono E, 1991)</Description><Checklist></Checklist></KnowledgeType><KnowledgeType Colour="#FFD700" ID="yellowhat" Name="Yellow hat"><Icon ContentType="image/gif" LocalName="data6"/><StartingPhrase>Yellow hat thinking.</StartingPhrase><Description>Yellow suggests sunshine and optimism. Under the yellow hat we make a direct effort to find the values and benefits in a suggestion: 'What is good about this?&quot; Even if we do not like the idea, the yellow hat asks us to seek out the good points. Where are the benefits?&quot;; &quot;Who is going to benefit?&quot;; &quot;How will the benefits come about?&quot;; &quot;What are the different values? (De Bono E, 1991)</Description><Checklist></Checklist></KnowledgeType></KnowledgeTypeSet></KnowledgeTypes>