<wpml-config>
    <admin-texts>
    	<key name="woocommerce_gzd_shipping_costs_text" />
        <key name="woocommerce_gzd_free_shipping_text" />
    	<key name="woocommerce_gzd_order_submit_btn_text" />
    	<key name="woocommerce_gzd_delivery_time_text" />
    	<key name="woocommerce_gzd_unit_price_text" />
        <key name="woocommerce_gzd_product_units_text" />
    	<key name="woocommerce_gzd_display_listings_link_details_text" />
    	<key name="woocommerce_gzd_checkout_legal_text" />
    	<key name="woocommerce_gzd_checkout_legal_text_error" />
    	<key name="woocommerce_gzd_checkout_legal_text_digital" />
    	<key name="woocommerce_gzd_order_success_text" />
        <key name="woocommerce_gzd_customer_account_text" />
        <key name="woocommerce_direct-debit_company_info" />
        <key name="woocommerce_direct-debit_company_identification_number" />
        <key name="woocommerce_direct-debit_mandate_text" />
        <key name="woocommerce_direct-debit_checkbox_label" />
        <key name="woocommerce_gzd_order_confirmation_legal_digital_notice" />
    </admin-texts>
</wpml-config>