{"body":["body","body",0,0,0,0,0,0,0,"14px","20px",0,0,0,0,0,0,0,"Default font (body)"],"links":["links","a",0,0,0,0,0,0,"main","14px","20px",0,0,0,0,0,0,0,"Links (a)"],"h1_headings":["headings","h1",0,0,0,0,0,0,0,"22px","26px",0,0,0,0,0,0,0,"H1 headings"],"h2_headings":["headings","h2",0,0,0,0,0,0,0,"20px","22px",0,0,0,0,0,0,0,"H2 Headings"],"h3_headings":["headings","h3",0,0,0,0,0,0,0,"18px","20px",0,0,0,0,0,0,0,"H3 Headings"],"h4_headings":["headings","h4",0,0,0,0,0,0,0,"15px","20px",0,0,0,0,0,0,0,"H4 Headings"],"h5_headings":["headings","h5",0,0,0,0,0,0,0,"15px","20px",0,0,0,0,0,0,0,"H5 Headings"],"h6_headings":["headings","h6",0,0,0,0,0,0,0,"15px","20px",0,0,0,0,0,0,0,"H6 Headings"],"paragraphs":["paragraphs","p",0,0,0,0,0,0,0,"14px","20px",0,0,0,0,0,0,0,"Paragraphs (p)"],"blockquotes":["blockquotes","blockquote, blockquote &gt; p",0,0,0,0,0,0,0,"14px","20px",0,0,0,0,0,0,0,"Blockquotes"]}