brand,Brand link,title,link,image_link
Acne,http://www.shopbop.com/acne/br/v=1/2534374302168896.htm,Acne Flex Super Slim Jeans,http://www.shopbop.com/flex-superslim-jeans-acne/vp/v=1/845524441917870.htm?folderID=2534374302168896&extid=froogle-ACNEE4003311873,http://g-images.amazon.com/images/G/01/Shopbop/p/pcs/products/acnee/acnee4003311873/acnee4003311873_p1_1-0_254x500.jpg
Acne,http://www.shopbop.com/acne/br/v=1/2534374302168896.htm,Acne Stone Leather Pants,http://www.shopbop.com/stone-leather-pants-acne/vp/v=1/845524441918398.htm?folderID=2534374302168896&extid=froogle-ACNEE4004020400,http://g-images.amazon.com/images/G/01/Shopbop/p/pcs/products/acnee/acnee4004020400/acnee4004020400_p1_1-0_254x500.jpg
Acne,http://www.shopbop.com/acne/br/v=1/2534374302168896.htm,Acne Lee Shorts,http://www.shopbop.com/lee-shorts-acne/vp/v=1/845524441917554.htm?folderID=2534374302168896&extid=froogle-ACNEE4004437043,http://g-images.amazon.com/images/G/01/Shopbop/p/pcs/products/acnee/acnee4004437043/acnee4004437043_p1_1-0_254x500.jpg
Acne,http://www.shopbop.com/acne/br/v=1/2534374302168896.htm,Acne Lempicka Stilt Pants,http://www.shopbop.com/lempicka-stilt-pants-acne/vp/v=1/845524441918489.htm?folderID=2534374302168896&extid=froogle-ACNEE4004512867,http://g-images.amazon.com/images/G/01/Shopbop/p/pcs/products/acnee/acnee4004512867/acnee4004512867_p1_1-1_254x500.jpg
Acne,http://www.shopbop.com/acne/br/v=1/2534374302168896.htm,Acne Audrey Platform Slides,http://www.shopbop.com/audrey-denim-springalator-slide-130mm/vp/v=1/845524441930791.htm?folderID=2534374302168896&extid=froogle-ACNEE4005011554,http://g-images.amazon.com/images/G/01/Shopbop/p/pcs/products/acnee/acnee4005011554/acnee4005011554_p1_1-0_254x500.jpg
Acne,http://www.shopbop.com/acne/br/v=1/2534374302168896.htm,Acne Alice Silk Platform Pumps,http://www.shopbop.com/alice-silk-platform-high-heel/vp/v=1/845524441930673.htm?folderID=2534374302168896&extid=froogle-ACNEE4005112821,http://g-images.amazon.com/images/G/01/Shopbop/p/pcs/products/acnee/acnee4005112821/acnee4005112821_p1_1-0_254x500.jpg
Acne,http://www.shopbop.com/acne/br/v=1/2534374302168896.htm,Acne Treat Flared Ankle Booties,http://www.shopbop.com/treat-flared-ankle-bootie-110mm/vp/v=1/845524441929757.htm?folderID=2534374302168896&extid=froogle-ACNEE4005312955,http://g-images.amazon.com/images/G/01/Shopbop/p/pcs/products/acnee/acnee4005312955/acnee4005312955_p1_1-0_254x500.jpg
Acne,http://www.shopbop.com/acne/br/v=1/2534374302168896.htm,Acne Tender Suede Booties,http://www.shopbop.com/tender-suede-butt-seam-bootie/vp/v=1/845524441929756.htm?folderID=2534374302168896&extid=froogle-ACNEE4005412569,http://g-images.amazon.com/images/G/01/Shopbop/p/pcs/products/acnee/acnee4005412569/acnee4005412569_p1_1-0_254x500.jpg
Acne,http://www.shopbop.com/acne/br/v=1/2534374302168896.htm,Acne Bacall Shorts,http://www.shopbop.com/bacall-shorts-acne/vp/v=1/845524441927395.htm?folderID=2534374302168896&extid=froogle-ACNEE4005611554,http://g-images.amazon.com/images/G/01/Shopbop/p/pcs/products/acnee/acnee4005611554/acnee4005611554_p1_1-0_254x500.jpg
Acne,http://www.shopbop.com/acne/br/v=1/2534374302168896.htm,Acne Ry Angora Sweater,http://www.shopbop.com/angora-sweater-acne/vp/v=1/845524441928607.htm?folderID=2534374302168896&extid=froogle-ACNEE4005810484,http://g-images.amazon.com/images/G/01/Shopbop/p/pcs/products/acnee/acnee4005810484/acnee4005810484_p1_1-0_254x500.jpg
