<?xml version="1.0" encoding="UTF-8"?><?xml-stylesheet href="../Stylesheets/Themes.xsl" type="text/xsl"?>

<Noeud xmlns:conf="kelis.fr/conf" xmlns:xsi="http://www.w3.org/2001/XMLSchema-instance" xsi:noNamespaceSchemaLocation="../Schemas/1.0/Noeud.xsd" ID="Themes" racine="0" version="00.00.00">
<TitreLong>Liste des thèmes</TitreLong>
<Coproducteur/>
<Type>
<Nom>Noeud</Nom>
</Type>
<TypeCatégorie nom="Rubrique">
<Catégorie nom="Particuliers"/>
</TypeCatégorie>
<CouvertureGéographique>
<Nom>France métropolitaine</Nom>
</CouvertureGéographique>

<Descendance>
<Fils lien="N19803" positionPrésentation="1" nature="Noeud" type="Theme" class="argent">
<TitreContextuel>Argent</TitreContextuel>
</Fils>
<Fils lien="N19804" positionPrésentation="2" nature="Noeud" type="Theme" class="etranger-europe">
<TitreContextuel>Étranger - Europe</TitreContextuel>
</Fils>
<Fils lien="N19805" positionPrésentation="3" nature="Noeud" type="Theme" class="famille">
<TitreContextuel>Famille</TitreContextuel>
</Fils>
<Fils lien="N19806" positionPrésentation="4" nature="Noeud" type="Theme" class="formation-travail">
<TitreContextuel>Formation - Travail</TitreContextuel>
</Fils>
<Fils lien="N19807" positionPrésentation="5" nature="Noeud" type="Theme" class="justice">
<TitreContextuel>Justice</TitreContextuel>
</Fils>
<Fils lien="N19808" positionPrésentation="6" nature="Noeud" type="Theme" class="logement">
<TitreContextuel>Logement</TitreContextuel>
</Fils>
<Fils lien="N19809" positionPrésentation="7" nature="Noeud" type="Theme" class="loisirs">
<TitreContextuel>Loisirs</TitreContextuel>
</Fils>
<Fils lien="N19810" positionPrésentation="8" nature="Noeud" type="Theme" class="papiers">
<TitreContextuel>Papiers - Citoyenneté</TitreContextuel>
</Fils>
<Fils lien="N19811" positionPrésentation="9" nature="Noeud" type="Theme" class="social-sante">
<TitreContextuel>Social - Santé</TitreContextuel>
</Fils>
<Fils lien="N19812" positionPrésentation="10" nature="Noeud" type="Theme" class="tranports">
<TitreContextuel>Transports</TitreContextuel>
</Fils>
</Descendance>

<Actualite ID="R17562" seq="1" URL="http://www.service-public.fr/spip.php?page=actu-rss-alaune" type="Fil actualité SP">
<Titre>Actualités</Titre>
</Actualite>

<CommentFaireSi ID="F14128" seq="1">Je déménage</CommentFaireSi>
<CommentFaireSi ID="F16225" seq="2">J'attends un enfant</CommentFaireSi>
<CommentFaireSi ID="F17556" seq="3">Je cherche un emploi</CommentFaireSi>
<CommentFaireSi ID="F14485" seq="4">Je m'installe en couple</CommentFaireSi>
<CommentFaireSi ID="F16507" seq="5">Je dois faire face au décès d'un proche</CommentFaireSi>
<CommentFaireSi ID="F15913" seq="6">J'achète un logement</CommentFaireSi>
<CommentFaireSi ID="F601" seq="7">J'ai besoin de faire garder mes enfants</CommentFaireSi>
<CommentFaireSi ID="F17904" seq="8">Je prépare ma retraite</CommentFaireSi>

</Noeud>