<?xml version="1.0" encoding="utf-8" ?>
<dwsync>
<file name="options.php" server="dlg360.com//public_html/" local="129926438676463204" remote="129926438400000000" Dst="2" />
<file name="developments.php" server="dlg360.com//public_html/" local="129937601962521748" remote="129937601400000000" Dst="2" />
<file name="applications.php" server="dlg360.com//public_html/" local="129926437904969077" remote="129926437800000000" Dst="2" />
<file name="developments.php" server="dlg360.com//public_html/wordpress/" local="130239196346516935" remote="130239196200000000" Dst="2" />
<file name="options.php" server="dlg360.com//public_html/wordpress/" local="130183936297593170" remote="130183936200000000" Dst="2" />
<file name="developments.php" server="havredegracerental.com//home/www/havredegracerental.com/html/" local="129956671195452344" remote="129956818800000000" Dst="2" />
<file name="applications.php" server="havredegracerental.com//home/www/havredegracerental.com/html/" local="129956666287841645" remote="129956818800000000" Dst="2" />
<file name="options.php" server="havredegracerental.com//home/www/havredegracerental.com/html/" local="129956661270024642" remote="129956818800000000" Dst="2" />
<file name="applications.php" server="dlg360.com//public_html/wordpress/" local="129956666287841645" remote="130167405000000000" Dst="2" />
<file name="developments.php" server="dlg360.com//public_html/new/wp-content/" local="129956671195452344" remote="130044817800000000" Dst="1" />
<file name="applications.php" server="dlg360.com//public_html/new/wp-content/" local="129956666287841645" remote="130044817800000000" Dst="1" />
<file name="options.php" server="dlg360.com//public_html/new/wp-content/" local="130044887240972545" remote="130044887400000000" Dst="1" />
<file name="developments.php" server="dlg360.com//public_html/new3/" local="129956671195452344" remote="130132075200000000" Dst="2" />
<file name="applications.php" server="dlg360.com//public_html/new3/" local="129956666287841645" remote="130132075200000000" Dst="2" />
<file name="options.php" server="dlg360.com//public_html/new3/" local="130044887240972545" remote="130132075200000000" Dst="2" />
<file name="developments.php" server="smartypantsplugins.com//public_html/" local="130350478306378207" remote="130350478200000000" Dst="1" />
<file name="developments.php" server="dlgresults.com//public_html/wordpress2/" local="130415299820445842" remote="130415263800000000" Dst="2" />
<file name="developments.php" server="dlgresults.com//public_html/wordpress/" local="130415370764223594" remote="130415334600000000" Dst="2" />
<file name="options.php" server="dlgresults.com//public_html/wordpress/" local="130415374017319661" remote="130415337600000000" Dst="2" />
</dwsync>