<?xml version="1.0" encoding="UTF-8" ?>
<!-- This is a WordPress eXtended RSS file generated by WordPress as an export of your site. -->
<!-- It contains information about your site's posts, pages, comments, categories, and other content. -->
<!-- You may use this file to transfer that content from one site to another. -->
<!-- This file is not intended to serve as a complete backup of your site. -->

<!-- To import this information into a WordPress site follow these steps: -->
<!-- 1. Log in to that site as an administrator. -->
<!-- 2. Go to Tools: Import in the WordPress admin panel. -->
<!-- 3. Install the "WordPress" importer from the list. -->
<!-- 4. Activate & Run Importer. -->
<!-- 5. Upload this file using the form provided on that page. -->
<!-- 6. You will first be asked to map the authors in this export file to users -->
<!--    on the site. For each author, you may choose to map to an -->
<!--    existing user on the site or to create a new user. -->
<!-- 7. WordPress will then import each of the posts, pages, comments, categories, etc. -->
<!--    contained in this file into your site. -->

<!-- generator="WordPress/3.5.1" created="2013-01-25 17:58" -->
<rss version="2.0"
	xmlns:excerpt="https://wordpress.org/export/1.2/excerpt/"
	xmlns:content="http://purl.org/rss/1.0/modules/content/"
	xmlns:wfw="http://wellformedweb.org/CommentAPI/"
	xmlns:dc="http://purl.org/dc/elements/1.1/"
	xmlns:wp="https://wordpress.org/export/1.2/"
>

<channel>
	<title>Easy Digital Downloads Demo</title>
	<link>http://easydigitaldownloads.com/demo</link>
	<description>A demo site for Easy Digital Downloads</description>
	<pubDate>Fri, 25 Jan 2013 17:58:10 +0000</pubDate>
	<language>en-US</language>
	<wp:wxr_version>1.2</wp:wxr_version>
	<wp:base_site_url>http://easydigitaldownloads.com/</wp:base_site_url>
	<wp:base_blog_url>http://easydigitaldownloads.com/demo</wp:base_blog_url>

	<wp:author><wp:author_id>1</wp:author_id><wp:author_login>pippin</wp:author_login><wp:author_email>pippin@pippinsplugins.com</wp:author_email><wp:author_display_name><![CDATA[Pippin Williamson]]></wp:author_display_name><wp:author_first_name><![CDATA[Pippin]]></wp:author_first_name><wp:author_last_name><![CDATA[Williamson]]></wp:author_last_name></wp:author>

	<wp:category><wp:term_id>1</wp:term_id><wp:category_nicename>uncategorized</wp:category_nicename><wp:category_parent></wp:category_parent><wp:cat_name><![CDATA[Uncategorized]]></wp:cat_name></wp:category>
	<wp:term><wp:term_id>3</wp:term_id><wp:term_taxonomy>download_category</wp:term_taxonomy><wp:term_slug>category-1</wp:term_slug><wp:term_parent></wp:term_parent><wp:term_name><![CDATA[Category 1]]></wp:term_name></wp:term>
	<wp:term><wp:term_id>7</wp:term_id><wp:term_taxonomy>download_category</wp:term_taxonomy><wp:term_slug>category-ii</wp:term_slug><wp:term_parent></wp:term_parent><wp:term_name><![CDATA[Category II]]></wp:term_name></wp:term>
	<wp:term><wp:term_id>11</wp:term_id><wp:term_taxonomy>edd_log_type</wp:term_taxonomy><wp:term_slug>file_download</wp:term_slug><wp:term_parent></wp:term_parent><wp:term_name><![CDATA[file_download]]></wp:term_name></wp:term>
	<wp:term><wp:term_id>12</wp:term_id><wp:term_taxonomy>edd_log_type</wp:term_taxonomy><wp:term_slug>gateway_error</wp:term_slug><wp:term_parent></wp:term_parent><wp:term_name><![CDATA[gateway_error]]></wp:term_name></wp:term>
	<wp:term><wp:term_id>10</wp:term_id><wp:term_taxonomy>edd_log_type</wp:term_taxonomy><wp:term_slug>sale</wp:term_slug><wp:term_parent></wp:term_parent><wp:term_name><![CDATA[sale]]></wp:term_name></wp:term>
	<wp:term><wp:term_id>4</wp:term_id><wp:term_taxonomy>download_tag</wp:term_taxonomy><wp:term_slug>tag1</wp:term_slug><wp:term_parent></wp:term_parent><wp:term_name><![CDATA[Tag1]]></wp:term_name></wp:term>
	<wp:term><wp:term_id>5</wp:term_id><wp:term_taxonomy>download_tag</wp:term_taxonomy><wp:term_slug>tag2</wp:term_slug><wp:term_parent></wp:term_parent><wp:term_name><![CDATA[Tag2]]></wp:term_name></wp:term>
	<wp:term><wp:term_id>9</wp:term_id><wp:term_taxonomy>download_tag</wp:term_taxonomy><wp:term_slug>tag3</wp:term_slug><wp:term_parent></wp:term_parent><wp:term_name><![CDATA[Tag3]]></wp:term_name></wp:term>
	<wp:term><wp:term_id>8</wp:term_id><wp:term_taxonomy>download_tag</wp:term_taxonomy><wp:term_slug>tag4</wp:term_slug><wp:term_parent></wp:term_parent><wp:term_name><![CDATA[Tag4]]></wp:term_name></wp:term>
	<wp:term><wp:term_id>6</wp:term_id><wp:term_taxonomy>nav_menu</wp:term_taxonomy><wp:term_slug>main-nav</wp:term_slug><wp:term_name><![CDATA[Main Nav]]></wp:term_name></wp:term>

	<generator>https://wordpress.org/?v=3.5.1</generator>

	<item>
		<title>A Sample Digital Download</title>
		<link>http://easydigitaldownloads.com/demo/downloads/a-sample-digital-download/</link>
		<pubDate>Mon, 21 May 2012 16:20:08 +0000</pubDate>
		<dc:creator>pippin</dc:creator>
		<guid isPermaLink="false">http://easydigitaldownloads.com/demo/?post_type=download&#038;p=8</guid>
		<description></description>
		<content:encoded><![CDATA[Et turpis lorem vel rhoncus eu ac porttitor ultricies tempor tincidunt parturient urna ac, ac amet! Non integer nec, mid, enim lorem scelerisque ultricies tristique aliquet sagittis? Augue ridiculus non! Nec magnis, tortor sit, scelerisque lacus augue integer magna, hac et vel, mauris turpis urna tincidunt nascetur in, platea est, amet, rhoncus a nisi augue rhoncus hac! Tristique ridiculus phasellus pulvinar sed diam rhoncus dolor a tincidunt mus! Mauris pid, enim nec. Ac platea sociis pulvinar enim ridiculus, porta turpis? Hac lectus scelerisque montes? Elementum augue dignissim turpis, habitasse sociis odio mattis ut in egestas ac a quis! Mattis? Hac! Nunc magna. Pid dignissim pulvinar! Nunc placerat tortor, ultrices nisi elit, amet vut tortor mattis auctor a lundium cum in.]]></content:encoded>
		<excerpt:encoded><![CDATA[]]></excerpt:encoded>
		<wp:post_id>8</wp:post_id>
		<wp:post_date>2012-05-21 16:20:08</wp:post_date>
		<wp:post_date_gmt>2012-05-21 16:20:08</wp:post_date_gmt>
		<wp:comment_status>closed</wp:comment_status>
		<wp:ping_status>closed</wp:ping_status>
		<wp:post_name>a-sample-digital-download</wp:post_name>
		<wp:status>publish</wp:status>
		<wp:post_parent>0</wp:post_parent>
		<wp:menu_order>1</wp:menu_order>
		<wp:post_type>download</wp:post_type>
		<wp:post_password></wp:post_password>
		<wp:is_sticky>0</wp:is_sticky>
		<category domain="download_category" nicename="category-1"><![CDATA[Category 1]]></category>
		<category domain="download_tag" nicename="tag1"><![CDATA[Tag1]]></category>
		<category domain="download_tag" nicename="tag2"><![CDATA[Tag2]]></category>
		<wp:postmeta>
			<wp:meta_key>_edit_last</wp:meta_key>
			<wp:meta_value><![CDATA[1]]></wp:meta_value>
		</wp:postmeta>
		<wp:postmeta>
			<wp:meta_key>edd_price</wp:meta_key>
			<wp:meta_value><![CDATA[10]]></wp:meta_value>
		</wp:postmeta>
		<wp:postmeta>
			<wp:meta_key>edd_variable_prices</wp:meta_key>
			<wp:meta_value><![CDATA[a:1:{i:0;a:2:{s:4:"name";s:0:"";s:6:"amount";s:0:"";}}]]></wp:meta_value>
		</wp:postmeta>
		<wp:postmeta>
			<wp:meta_key>edd_download_files</wp:meta_key>
			<wp:meta_value><![CDATA[a:1:{i:0;a:2:{s:4:"name";s:14:"Download Files";s:4:"file";s:70:"http://easydigitaldownloads.com/demo/files/edd/2012/05/wpmini-grey.png";}}]]></wp:meta_value>
		</wp:postmeta>
		<wp:postmeta>
			<wp:meta_key>_edd_purchase_text</wp:meta_key>
			<wp:meta_value><![CDATA[Purchase]]></wp:meta_value>
		</wp:postmeta>
		<wp:postmeta>
			<wp:meta_key>_edd_purchase_style</wp:meta_key>
			<wp:meta_value><![CDATA[button]]></wp:meta_value>
		</wp:postmeta>
		<wp:postmeta>
			<wp:meta_key>_edd_purchase_color</wp:meta_key>
			<wp:meta_value><![CDATA[blue]]></wp:meta_value>
		</wp:postmeta>
	</item>
	<item>
		<title>wpmini-grey</title>
		<link>http://easydigitaldownloads.com/demo/downloads/a-sample-digital-download/wpmini-grey/</link>
		<pubDate>Mon, 21 May 2012 16:19:32 +0000</pubDate>
		<dc:creator>pippin</dc:creator>
		<guid isPermaLink="false">http://easydigitaldownloads.com/demo/files/edd/2012/05/wpmini-grey.png</guid>
		<description></description>
		<content:encoded><![CDATA[]]></content:encoded>
		<excerpt:encoded><![CDATA[]]></excerpt:encoded>
		<wp:post_id>9</wp:post_id>
		<wp:post_date>2012-05-21 16:19:32</wp:post_date>
		<wp:post_date_gmt>2012-05-21 16:19:32</wp:post_date_gmt>
		<wp:comment_status>open</wp:comment_status>
		<wp:ping_status>open</wp:ping_status>
		<wp:post_name>wpmini-grey</wp:post_name>
		<wp:status>inherit</wp:status>
		<wp:post_parent>8</wp:post_parent>
		<wp:menu_order>0</wp:menu_order>
		<wp:post_type>attachment</wp:post_type>
		<wp:post_password></wp:post_password>
		<wp:is_sticky>0</wp:is_sticky>
		<wp:attachment_url>http://easydigitaldownloads.com/demo/files/edd/2012/05/wpmini-grey.png</wp:attachment_url>
		<wp:postmeta>
			<wp:meta_key>_wp_attached_file</wp:meta_key>
			<wp:meta_value><![CDATA[edd/2012/05/wpmini-grey.png]]></wp:meta_value>
		</wp:postmeta>
		<wp:postmeta>
			<wp:meta_key>_wp_attachment_metadata</wp:meta_key>
			<wp:meta_value><![CDATA[a:5:{s:5:"width";s:2:"16";s:6:"height";s:2:"16";s:14:"hwstring_small";s:22:"height='16' width='16'";s:4:"file";s:27:"edd/2012/05/wpmini-grey.png";s:10:"image_meta";a:10:{s:8:"aperture";s:1:"0";s:6:"credit";s:0:"";s:6:"camera";s:0:"";s:7:"caption";s:0:"";s:17:"created_timestamp";s:1:"0";s:9:"copyright";s:0:"";s:12:"focal_length";s:1:"0";s:3:"iso";s:1:"0";s:13:"shutter_speed";s:1:"0";s:5:"title";s:0:"";}}]]></wp:meta_value>
		</wp:postmeta>
	</item>
	<item>
		<title>Sample Product</title>
		<link>http://easydigitaldownloads.com/demo/downloads/sample-product/</link>
		<pubDate>Mon, 21 May 2012 16:26:47 +0000</pubDate>
		<dc:creator>pippin</dc:creator>
		<guid isPermaLink="false">http://easydigitaldownloads.com/demo/?post_type=download&#038;p=16</guid>
		<description></description>
		<content:encoded><![CDATA[Lundium, montes augue tristique augue? Ac! Vel mattis, nisi pulvinar? Ultrices rhoncus integer, scelerisque phasellus egestas. Sit aenean est nisi nisi aenean pid elit, mid duis? Lectus, lundium duis pulvinar nunc urna rhoncus pid in nisi. Magna? Lectus, nisi ultricies nascetur urna in phasellus cras, urna a massa rhoncus sed facilisis habitasse! Duis? Dapibus vel vel, risus? Cras amet ac, aliquet scelerisque habitasse tempor integer natoque egestas? Urna, lacus nunc? Ultrices cum, scelerisque eros eros urna! Cras cursus dolor etiam tincidunt ac magna porta ut augue, magna eu integer et, magna et duis sit? Dolor, augue pulvinar aliquet magna facilisis. Nisi odio, tincidunt eu, nec pulvinar scelerisque dis penatibus mus turpis, lundium elementum tristique montes mus etiam dolor, hac. Phasellus.]]></content:encoded>
		<excerpt:encoded><![CDATA[]]></excerpt:encoded>
		<wp:post_id>16</wp:post_id>
		<wp:post_date>2012-05-21 16:26:47</wp:post_date>
		<wp:post_date_gmt>2012-05-21 16:26:47</wp:post_date_gmt>
		<wp:comment_status>closed</wp:comment_status>
		<wp:ping_status>closed</wp:ping_status>
		<wp:post_name>sample-product</wp:post_name>
		<wp:status>publish</wp:status>
		<wp:post_parent>0</wp:post_parent>
		<wp:menu_order>2</wp:menu_order>
		<wp:post_type>download</wp:post_type>
		<wp:post_password></wp:post_password>
		<wp:is_sticky>0</wp:is_sticky>
		<category domain="download_category" nicename="category-1"><![CDATA[Category 1]]></category>
		<category domain="download_category" nicename="category-ii"><![CDATA[Category II]]></category>
		<category domain="download_tag" nicename="tag1"><![CDATA[Tag1]]></category>
		<category domain="download_tag" nicename="tag3"><![CDATA[Tag3]]></category>
		<category domain="download_tag" nicename="tag4"><![CDATA[Tag4]]></category>
		<wp:postmeta>
			<wp:meta_key>_edit_last</wp:meta_key>
			<wp:meta_value><![CDATA[1]]></wp:meta_value>
		</wp:postmeta>
		<wp:postmeta>
			<wp:meta_key>_variable_pricing</wp:meta_key>
			<wp:meta_value><![CDATA[1]]></wp:meta_value>
		</wp:postmeta>
		<wp:postmeta>
			<wp:meta_key>edd_variable_prices</wp:meta_key>
			<wp:meta_value><![CDATA[a:3:{i:0;a:2:{s:4:"name";s:5:"Basic";s:6:"amount";s:2:"10";}i:1;a:2:{s:4:"name";s:6:"Medium";s:6:"amount";s:2:"20";}i:2;a:2:{s:4:"name";s:8:"Advanced";s:6:"amount";s:2:"30";}}]]></wp:meta_value>
		</wp:postmeta>
		<wp:postmeta>
			<wp:meta_key>edd_download_files</wp:meta_key>
			<wp:meta_value><![CDATA[a:1:{i:0;a:3:{s:4:"name";s:5:"Files";s:4:"file";s:70:"http://easydigitaldownloads.com/demo/files/edd/2012/05/wpmini-grey.png";s:9:"condition";s:3:"all";}}]]></wp:meta_value>
		</wp:postmeta>
		<wp:postmeta>
			<wp:meta_key>_thumbnail_id</wp:meta_key>
			<wp:meta_value><![CDATA[688]]></wp:meta_value>
		</wp:postmeta>
		<wp:postmeta>
			<wp:meta_key>edd_price</wp:meta_key>
			<wp:meta_value><![CDATA[0.00]]></wp:meta_value>
		</wp:postmeta>
		<wp:postmeta>
			<wp:meta_key>_edd_download_limit</wp:meta_key>
			<wp:meta_value><![CDATA[0]]></wp:meta_value>
		</wp:postmeta>
		<wp:postmeta>
			<wp:meta_key>edd_product_notes</wp:meta_key>
			<wp:meta_value><![CDATA[]]></wp:meta_value>
		</wp:postmeta>
		<wp:postmeta>
			<wp:meta_key>_edd_ap_placement</wp:meta_key>
			<wp:meta_value><![CDATA[top]]></wp:meta_value>
		</wp:postmeta>
		<wp:postmeta>
			<wp:meta_key>edd_preview_files</wp:meta_key>
			<wp:meta_value><![CDATA[a:1:{i:0;a:2:{s:4:"name";s:0:"";s:4:"file";s:0:"";}}]]></wp:meta_value>
		</wp:postmeta>
	</item>
	<item>
		<title>cars_pixar</title>
		<link>http://easydigitaldownloads.com/demo/downloads/sample-product/cars_pixar/</link>
		<pubDate>Fri, 15 Jun 2012 15:17:24 +0000</pubDate>
		<dc:creator>pippin</dc:creator>
		<guid isPermaLink="false">http://easydigitaldownloads.com/demo/files/edd/2012/05/cars_pixar.jpg</guid>
		<description></description>
		<content:encoded><![CDATA[]]></content:encoded>
		<excerpt:encoded><![CDATA[]]></excerpt:encoded>
		<wp:post_id>64</wp:post_id>
		<wp:post_date>2012-06-15 15:17:24</wp:post_date>
		<wp:post_date_gmt>2012-06-15 15:17:24</wp:post_date_gmt>
		<wp:comment_status>open</wp:comment_status>
		<wp:ping_status>open</wp:ping_status>
		<wp:post_name>cars_pixar</wp:post_name>
		<wp:status>inherit</wp:status>
		<wp:post_parent>16</wp:post_parent>
		<wp:menu_order>0</wp:menu_order>
		<wp:post_type>attachment</wp:post_type>
		<wp:post_password></wp:post_password>
		<wp:is_sticky>0</wp:is_sticky>
		<wp:attachment_url>http://easydigitaldownloads.com/demo/files/edd/2012/05/cars_pixar.jpg</wp:attachment_url>
		<wp:postmeta>
			<wp:meta_key>_wp_attached_file</wp:meta_key>
			<wp:meta_value><![CDATA[edd/2012/05/cars_pixar.jpg]]></wp:meta_value>
		</wp:postmeta>
		<wp:postmeta>
			<wp:meta_key>_wp_attachment_metadata</wp:meta_key>
			<wp:meta_value><![CDATA[a:6:{s:5:"width";s:4:"1700";s:6:"height";s:4:"1100";s:14:"hwstring_small";s:23:"height='82' width='128'";s:4:"file";s:26:"edd/2012/05/cars_pixar.jpg";s:5:"sizes";a:6:{s:9:"thumbnail";a:3:{s:4:"file";s:22:"cars_pixar-150x150.jpg";s:5:"width";s:3:"150";s:6:"height";s:3:"150";}s:6:"medium";a:3:{s:4:"file";s:22:"cars_pixar-300x194.jpg";s:5:"width";s:3:"300";s:6:"height";s:3:"194";}s:5:"large";a:3:{s:4:"file";s:23:"cars_pixar-1024x662.jpg";s:5:"width";s:4:"1024";s:6:"height";s:3:"662";}s:14:"post-thumbnail";a:3:{s:4:"file";s:23:"cars_pixar-1000x288.jpg";s:5:"width";s:4:"1000";s:6:"height";s:3:"288";}s:13:"large-feature";a:3:{s:4:"file";s:23:"cars_pixar-1000x288.jpg";s:5:"width";s:4:"1000";s:6:"height";s:3:"288";}s:13:"small-feature";a:3:{s:4:"file";s:22:"cars_pixar-463x300.jpg";s:5:"width";s:3:"463";s:6:"height";s:3:"300";}}s:10:"image_meta";a:10:{s:8:"aperture";s:1:"0";s:6:"credit";s:0:"";s:6:"camera";s:0:"";s:7:"caption";s:0:"";s:17:"created_timestamp";s:1:"0";s:9:"copyright";s:0:"";s:12:"focal_length";s:1:"0";s:3:"iso";s:1:"0";s:13:"shutter_speed";s:1:"0";s:5:"title";s:0:"";}}]]></wp:meta_value>
		</wp:postmeta>
	</item>
	<item>
		<title>cars_pixar</title>
		<link>http://easydigitaldownloads.com/demo/downloads/sample-product/cars_pixar-2/</link>
		<pubDate>Fri, 15 Jun 2012 15:20:50 +0000</pubDate>
		<dc:creator>pippin</dc:creator>
		<guid isPermaLink="false">http://easydigitaldownloads.com/demo/files/edd/2012/05/cars_pixar1.jpg</guid>
		<description></description>
		<content:encoded><![CDATA[]]></content:encoded>
		<excerpt:encoded><![CDATA[]]></excerpt:encoded>
		<wp:post_id>65</wp:post_id>
		<wp:post_date>2012-06-15 15:20:50</wp:post_date>
		<wp:post_date_gmt>2012-06-15 15:20:50</wp:post_date_gmt>
		<wp:comment_status>open</wp:comment_status>
		<wp:ping_status>open</wp:ping_status>
		<wp:post_name>cars_pixar-2</wp:post_name>
		<wp:status>inherit</wp:status>
		<wp:post_parent>16</wp:post_parent>
		<wp:menu_order>0</wp:menu_order>
		<wp:post_type>attachment</wp:post_type>
		<wp:post_password></wp:post_password>
		<wp:is_sticky>0</wp:is_sticky>
		<wp:attachment_url>http://easydigitaldownloads.com/demo/files/edd/2012/05/cars_pixar1.jpg</wp:attachment_url>
		<wp:postmeta>
			<wp:meta_key>_wp_attached_file</wp:meta_key>
			<wp:meta_value><![CDATA[edd/2012/05/cars_pixar1.jpg]]></wp:meta_value>
		</wp:postmeta>
		<wp:postmeta>
			<wp:meta_key>_wp_attachment_metadata</wp:meta_key>
			<wp:meta_value><![CDATA[a:6:{s:5:"width";s:4:"1700";s:6:"height";s:4:"1100";s:14:"hwstring_small";s:23:"height='82' width='128'";s:4:"file";s:27:"edd/2012/05/cars_pixar1.jpg";s:5:"sizes";a:6:{s:9:"thumbnail";a:3:{s:4:"file";s:23:"cars_pixar1-150x150.jpg";s:5:"width";s:3:"150";s:6:"height";s:3:"150";}s:6:"medium";a:3:{s:4:"file";s:23:"cars_pixar1-300x194.jpg";s:5:"width";s:3:"300";s:6:"height";s:3:"194";}s:5:"large";a:3:{s:4:"file";s:24:"cars_pixar1-1024x662.jpg";s:5:"width";s:4:"1024";s:6:"height";s:3:"662";}s:14:"post-thumbnail";a:3:{s:4:"file";s:24:"cars_pixar1-1000x288.jpg";s:5:"width";s:4:"1000";s:6:"height";s:3:"288";}s:13:"large-feature";a:3:{s:4:"file";s:24:"cars_pixar1-1000x288.jpg";s:5:"width";s:4:"1000";s:6:"height";s:3:"288";}s:13:"small-feature";a:3:{s:4:"file";s:23:"cars_pixar1-463x300.jpg";s:5:"width";s:3:"463";s:6:"height";s:3:"300";}}s:10:"image_meta";a:10:{s:8:"aperture";s:1:"0";s:6:"credit";s:0:"";s:6:"camera";s:0:"";s:7:"caption";s:0:"";s:17:"created_timestamp";s:1:"0";s:9:"copyright";s:0:"";s:12:"focal_length";s:1:"0";s:3:"iso";s:1:"0";s:13:"shutter_speed";s:1:"0";s:5:"title";s:0:"";}}]]></wp:meta_value>
		</wp:postmeta>
	</item>
	<item>
		<title>Disney and Pixar?s RATATOUILLE movie image</title>
		<link>http://easydigitaldownloads.com/demo/downloads/sample-product/disney-and-pixars-ratatouille-movie-image/</link>
		<pubDate>Fri, 15 Jun 2012 15:21:13 +0000</pubDate>
		<dc:creator>pippin</dc:creator>
		<guid isPermaLink="false">http://easydigitaldownloads.com/demo/files/edd/2012/05/disney_and_pixar_s_ratatouille_movie_image.jpg</guid>
		<description></description>
		<content:encoded><![CDATA[]]></content:encoded>
		<excerpt:encoded><![CDATA[]]></excerpt:encoded>
		<wp:post_id>66</wp:post_id>
		<wp:post_date>2012-06-15 15:21:13</wp:post_date>
		<wp:post_date_gmt>2012-06-15 15:21:13</wp:post_date_gmt>
		<wp:comment_status>open</wp:comment_status>
		<wp:ping_status>open</wp:ping_status>
		<wp:post_name>disney-and-pixars-ratatouille-movie-image</wp:post_name>
		<wp:status>inherit</wp:status>
		<wp:post_parent>16</wp:post_parent>
		<wp:menu_order>0</wp:menu_order>
		<wp:post_type>attachment</wp:post_type>
		<wp:post_password></wp:post_password>
		<wp:is_sticky>0</wp:is_sticky>
		<wp:attachment_url>http://easydigitaldownloads.com/demo/files/edd/2012/05/disney_and_pixar_s_ratatouille_movie_image.jpg</wp:attachment_url>
		<wp:postmeta>
			<wp:meta_key>_wp_attached_file</wp:meta_key>
			<wp:meta_value><![CDATA[edd/2012/05/disney_and_pixar_s_ratatouille_movie_image.jpg]]></wp:meta_value>
		</wp:postmeta>
		<wp:postmeta>
			<wp:meta_key>_wp_attachment_metadata</wp:meta_key>
			<wp:meta_value><![CDATA[a:6:{s:5:"width";s:4:"2114";s:6:"height";s:4:"1028";s:14:"hwstring_small";s:23:"height='62' width='128'";s:4:"file";s:58:"edd/2012/05/disney_and_pixar_s_ratatouille_movie_image.jpg";s:5:"sizes";a:6:{s:9:"thumbnail";a:3:{s:4:"file";s:54:"disney_and_pixar_s_ratatouille_movie_image-150x150.jpg";s:5:"width";s:3:"150";s:6:"height";s:3:"150";}s:6:"medium";a:3:{s:4:"file";s:54:"disney_and_pixar_s_ratatouille_movie_image-300x145.jpg";s:5:"width";s:3:"300";s:6:"height";s:3:"145";}s:5:"large";a:3:{s:4:"file";s:55:"disney_and_pixar_s_ratatouille_movie_image-1024x497.jpg";s:5:"width";s:4:"1024";s:6:"height";s:3:"497";}s:14:"post-thumbnail";a:3:{s:4:"file";s:55:"disney_and_pixar_s_ratatouille_movie_image-1000x288.jpg";s:5:"width";s:4:"1000";s:6:"height";s:3:"288";}s:13:"large-feature";a:3:{s:4:"file";s:55:"disney_and_pixar_s_ratatouille_movie_image-1000x288.jpg";s:5:"width";s:4:"1000";s:6:"height";s:3:"288";}s:13:"small-feature";a:3:{s:4:"file";s:54:"disney_and_pixar_s_ratatouille_movie_image-500x243.jpg";s:5:"width";s:3:"500";s:6:"height";s:3:"243";}}s:10:"image_meta";a:10:{s:8:"aperture";s:1:"0";s:6:"credit";s:0:"";s:6:"camera";s:0:"";s:7:"caption";s:0:"";s:17:"created_timestamp";s:1:"0";s:9:"copyright";s:0:"";s:12:"focal_length";s:1:"0";s:3:"iso";s:1:"0";s:13:"shutter_speed";s:1:"0";s:5:"title";s:42:"Disney and Pixar?s RATATOUILLE movie image";}}]]></wp:meta_value>
		</wp:postmeta>
	</item>
	<item>
		<title>Another Sample Product</title>
		<link>http://easydigitaldownloads.com/demo/downloads/another-sample-product/</link>
		<pubDate>Fri, 15 Jun 2012 15:21:40 +0000</pubDate>
		<dc:creator>pippin</dc:creator>
		<guid isPermaLink="false">http://easydigitaldownloads.com/demo/?post_type=download&#038;p=67</guid>
		<description></description>
		<content:encoded><![CDATA[Lundium, montes augue tristique augue? Ac! Vel mattis, nisi pulvinar? Ultrices rhoncus integer, scelerisque phasellus egestas. Sit aenean est nisi nisi aenean pid elit, mid duis? Lectus, lundium duis pulvinar nunc urna rhoncus pid in nisi. Magna? Lectus, nisi ultricies nascetur urna in phasellus cras, urna a massa rhoncus sed facilisis habitasse! Duis? Dapibus vel vel, risus? Cras amet ac, aliquet scelerisque habitasse tempor integer natoque egestas? Urna, lacus nunc? Ultrices cum, scelerisque eros eros urna! Cras cursus dolor etiam tincidunt ac magna porta ut augue, magna eu integer et, magna et duis sit? Dolor, augue pulvinar aliquet magna facilisis. Nisi odio, tincidunt eu, nec pulvinar scelerisque dis penatibus mus turpis, lundium elementum tristique montes mus etiam dolor, hac. Phasellus.]]></content:encoded>
		<excerpt:encoded><![CDATA[]]></excerpt:encoded>
		<wp:post_id>67</wp:post_id>
		<wp:post_date>2012-06-15 15:21:40</wp:post_date>
		<wp:post_date_gmt>2012-06-15 15:21:40</wp:post_date_gmt>
		<wp:comment_status>closed</wp:comment_status>
		<wp:ping_status>closed</wp:ping_status>
		<wp:post_name>another-sample-product</wp:post_name>
		<wp:status>publish</wp:status>
		<wp:post_parent>0</wp:post_parent>
		<wp:menu_order>3</wp:menu_order>
		<wp:post_type>download</wp:post_type>
		<wp:post_password></wp:post_password>
		<wp:is_sticky>0</wp:is_sticky>
		<category domain="download_category" nicename="category-1"><![CDATA[Category 1]]></category>
		<category domain="download_category" nicename="category-ii"><![CDATA[Category II]]></category>
		<category domain="download_tag" nicename="tag1"><![CDATA[Tag1]]></category>
		<category domain="download_tag" nicename="tag3"><![CDATA[Tag3]]></category>
		<category domain="download_tag" nicename="tag4"><![CDATA[Tag4]]></category>
		<wp:postmeta>
			<wp:meta_key>_edit_last</wp:meta_key>
			<wp:meta_value><![CDATA[1]]></wp:meta_value>
		</wp:postmeta>
		<wp:postmeta>
			<wp:meta_key>_variable_pricing</wp:meta_key>
			<wp:meta_value><![CDATA[1]]></wp:meta_value>
		</wp:postmeta>
		<wp:postmeta>
			<wp:meta_key>edd_variable_prices</wp:meta_key>
			<wp:meta_value><![CDATA[a:3:{i:0;a:2:{s:4:"name";s:5:"Basic";s:6:"amount";s:2:"10";}i:1;a:2:{s:4:"name";s:6:"Medium";s:6:"amount";s:2:"20";}i:2;a:2:{s:4:"name";s:8:"Advanced";s:6:"amount";s:2:"30";}}]]></wp:meta_value>
		</wp:postmeta>
		<wp:postmeta>
			<wp:meta_key>edd_download_files</wp:meta_key>
			<wp:meta_value><![CDATA[a:1:{i:0;a:3:{s:4:"name";s:5:"Files";s:4:"file";s:70:"http://easydigitaldownloads.com/demo/files/edd/2012/05/wpmini-grey.png";s:9:"condition";s:3:"all";}}]]></wp:meta_value>
		</wp:postmeta>
		<wp:postmeta>
			<wp:meta_key>edd_price</wp:meta_key>
			<wp:meta_value><![CDATA[0.00]]></wp:meta_value>
		</wp:postmeta>
		<wp:postmeta>
			<wp:meta_key>edd_product_notes</wp:meta_key>
			<wp:meta_value><![CDATA[]]></wp:meta_value>
		</wp:postmeta>
		<wp:postmeta>
			<wp:meta_key>_thumbnail_id</wp:meta_key>
			<wp:meta_value><![CDATA[687]]></wp:meta_value>
		</wp:postmeta>
		<wp:postmeta>
			<wp:meta_key>_edd_download_limit</wp:meta_key>
			<wp:meta_value><![CDATA[0]]></wp:meta_value>
		</wp:postmeta>
	</item>
	<item>
		<title>One More Sample Product</title>
		<link>http://easydigitaldownloads.com/demo/downloads/one-more-sample-product/</link>
		<pubDate>Fri, 15 Jun 2012 15:22:01 +0000</pubDate>
		<dc:creator>pippin</dc:creator>
		<guid isPermaLink="false">http://easydigitaldownloads.com/demo/?post_type=download&#038;p=68</guid>
		<description></description>
		<content:encoded><![CDATA[Lundium, montes augue tristique augue? Ac! Vel mattis, nisi pulvinar? Ultrices rhoncus integer, scelerisque phasellus egestas. Sit aenean est nisi nisi aenean pid elit, mid duis? Lectus, lundium duis pulvinar nunc urna rhoncus pid in nisi. Magna? Lectus, nisi ultricies nascetur urna in phasellus cras, urna a massa rhoncus sed facilisis habitasse! Duis? Dapibus vel vel, risus? Cras amet ac, aliquet scelerisque habitasse tempor integer natoque egestas? Urna, lacus nunc? Ultrices cum, scelerisque eros eros urna! Cras cursus dolor etiam tincidunt ac magna porta ut augue, magna eu integer et, magna et duis sit? Dolor, augue pulvinar aliquet magna facilisis. Nisi odio, tincidunt eu, nec pulvinar scelerisque dis penatibus mus turpis, lundium elementum tristique montes mus etiam dolor, hac. Phasellus.]]></content:encoded>
		<excerpt:encoded><![CDATA[]]></excerpt:encoded>
		<wp:post_id>68</wp:post_id>
		<wp:post_date>2012-06-15 15:22:01</wp:post_date>
		<wp:post_date_gmt>2012-06-15 15:22:01</wp:post_date_gmt>
		<wp:comment_status>closed</wp:comment_status>
		<wp:ping_status>closed</wp:ping_status>
		<wp:post_name>one-more-sample-product</wp:post_name>
		<wp:status>publish</wp:status>
		<wp:post_parent>0</wp:post_parent>
		<wp:menu_order>0</wp:menu_order>
		<wp:post_type>download</wp:post_type>
		<wp:post_password></wp:post_password>
		<wp:is_sticky>0</wp:is_sticky>
		<category domain="download_category" nicename="category-1"><![CDATA[Category 1]]></category>
		<category domain="download_tag" nicename="tag1"><![CDATA[Tag1]]></category>
		<category domain="download_tag" nicename="tag3"><![CDATA[Tag3]]></category>
		<category domain="download_tag" nicename="tag4"><![CDATA[Tag4]]></category>
		<wp:postmeta>
			<wp:meta_key>_edit_last</wp:meta_key>
			<wp:meta_value><![CDATA[1]]></wp:meta_value>
		</wp:postmeta>
		<wp:postmeta>
			<wp:meta_key>edd_variable_prices</wp:meta_key>
			<wp:meta_value><![CDATA[a:3:{i:0;a:2:{s:4:"name";s:5:"Basic";s:6:"amount";s:2:"10";}i:1;a:2:{s:4:"name";s:6:"Medium";s:6:"amount";s:2:"20";}i:2;a:2:{s:4:"name";s:8:"Advanced";s:6:"amount";s:2:"30";}}]]></wp:meta_value>
		</wp:postmeta>
		<wp:postmeta>
			<wp:meta_key>edd_download_files</wp:meta_key>
			<wp:meta_value><![CDATA[a:1:{i:0;a:3:{s:4:"name";s:5:"Files";s:4:"file";s:70:"http://easydigitaldownloads.com/demo/files/edd/2012/05/wpmini-grey.png";s:9:"condition";s:3:"all";}}]]></wp:meta_value>
		</wp:postmeta>
		<wp:postmeta>
			<wp:meta_key>edd_price</wp:meta_key>
			<wp:meta_value><![CDATA[30.00]]></wp:meta_value>
		</wp:postmeta>
		<wp:postmeta>
			<wp:meta_key>edd_product_notes</wp:meta_key>
			<wp:meta_value><![CDATA[]]></wp:meta_value>
		</wp:postmeta>
	</item>
	<item>
		<title>top-ten-pixar-monster (1)</title>
		<link>http://easydigitaldownloads.com/demo/downloads/one-more-sample-product/top-ten-pixar-monster-1/</link>
		<pubDate>Fri, 15 Jun 2012 15:24:08 +0000</pubDate>
		<dc:creator>pippin</dc:creator>
		<guid isPermaLink="false">http://easydigitaldownloads.com/demo/files/edd/2012/06/top-ten-pixar-monster-1.jpg</guid>
		<description></description>
		<content:encoded><![CDATA[]]></content:encoded>
		<excerpt:encoded><![CDATA[]]></excerpt:encoded>
		<wp:post_id>70</wp:post_id>
		<wp:post_date>2012-06-15 15:24:08</wp:post_date>
		<wp:post_date_gmt>2012-06-15 15:24:08</wp:post_date_gmt>
		<wp:comment_status>open</wp:comment_status>
		<wp:ping_status>open</wp:ping_status>
		<wp:post_name>top-ten-pixar-monster-1</wp:post_name>
		<wp:status>inherit</wp:status>
		<wp:post_parent>68</wp:post_parent>
		<wp:menu_order>0</wp:menu_order>
		<wp:post_type>attachment</wp:post_type>
		<wp:post_password></wp:post_password>
		<wp:is_sticky>0</wp:is_sticky>
		<wp:attachment_url>http://easydigitaldownloads.com/demo/files/edd/2012/06/top-ten-pixar-monster-1.jpg</wp:attachment_url>
		<wp:postmeta>
			<wp:meta_key>_wp_attached_file</wp:meta_key>
			<wp:meta_value><![CDATA[edd/2012/06/top-ten-pixar-monster-1.jpg]]></wp:meta_value>
		</wp:postmeta>
		<wp:postmeta>
			<wp:meta_key>_wp_attachment_metadata</wp:meta_key>
			<wp:meta_value><![CDATA[a:6:{s:5:"width";s:4:"1024";s:6:"height";s:3:"768";s:14:"hwstring_small";s:23:"height='96' width='128'";s:4:"file";s:39:"edd/2012/06/top-ten-pixar-monster-1.jpg";s:5:"sizes";a:5:{s:9:"thumbnail";a:3:{s:4:"file";s:35:"top-ten-pixar-monster-1-150x150.jpg";s:5:"width";s:3:"150";s:6:"height";s:3:"150";}s:6:"medium";a:3:{s:4:"file";s:35:"top-ten-pixar-monster-1-300x225.jpg";s:5:"width";s:3:"300";s:6:"height";s:3:"225";}s:14:"post-thumbnail";a:3:{s:4:"file";s:36:"top-ten-pixar-monster-1-1000x288.jpg";s:5:"width";s:4:"1000";s:6:"height";s:3:"288";}s:13:"large-feature";a:3:{s:4:"file";s:36:"top-ten-pixar-monster-1-1000x288.jpg";s:5:"width";s:4:"1000";s:6:"height";s:3:"288";}s:13:"small-feature";a:3:{s:4:"file";s:35:"top-ten-pixar-monster-1-400x300.jpg";s:5:"width";s:3:"400";s:6:"height";s:3:"300";}}s:10:"image_meta";a:10:{s:8:"aperture";s:1:"0";s:6:"credit";s:0:"";s:6:"camera";s:0:"";s:7:"caption";s:0:"";s:17:"created_timestamp";s:1:"0";s:9:"copyright";s:0:"";s:12:"focal_length";s:1:"0";s:3:"iso";s:1:"0";s:13:"shutter_speed";s:1:"0";s:5:"title";s:0:"";}}]]></wp:meta_value>
		</wp:postmeta>
	</item>
	<item>
		<title>Sample FREE Product</title>
		<link>http://easydigitaldownloads.com/demo/downloads/sample-free-product/</link>
		<pubDate>Tue, 27 Nov 2012 23:57:34 +0000</pubDate>
		<dc:creator>pippin</dc:creator>
		<guid isPermaLink="false">http://easydigitaldownloads.com/demo/?post_type=download&#038;p=476</guid>
		<description></description>
		<content:encoded><![CDATA[Lundium, montes augue tristique augue? Ac! Vel mattis, nisi pulvinar? Ultrices rhoncus integer, scelerisque phasellus egestas. Sit aenean est nisi nisi aenean pid elit, mid duis? Lectus, lundium duis pulvinar nunc urna rhoncus pid in nisi. Magna? Lectus, nisi ultricies nascetur urna in phasellus cras, urna a massa rhoncus sed facilisis habitasse! Duis? Dapibus vel vel, risus? Cras amet ac, aliquet scelerisque habitasse tempor integer natoque egestas? Urna, lacus nunc? Ultrices cum, scelerisque eros eros urna! Cras cursus dolor etiam tincidunt ac magna porta ut augue, magna eu integer et, magna et duis sit? Dolor, augue pulvinar aliquet magna facilisis. Nisi odio, tincidunt eu, nec pulvinar scelerisque dis penatibus mus turpis, lundium elementum tristique montes mus etiam dolor, hac. Phasellus.]]></content:encoded>
		<excerpt:encoded><![CDATA[]]></excerpt:encoded>
		<wp:post_id>476</wp:post_id>
		<wp:post_date>2012-11-27 23:57:34</wp:post_date>
		<wp:post_date_gmt>2012-11-27 23:57:34</wp:post_date_gmt>
		<wp:comment_status>closed</wp:comment_status>
		<wp:ping_status>closed</wp:ping_status>
		<wp:post_name>sample-free-product</wp:post_name>
		<wp:status>publish</wp:status>
		<wp:post_parent>0</wp:post_parent>
		<wp:menu_order>0</wp:menu_order>
		<wp:post_type>download</wp:post_type>
		<wp:post_password></wp:post_password>
		<wp:is_sticky>0</wp:is_sticky>
		<category domain="download_category" nicename="category-1"><![CDATA[Category 1]]></category>
		<wp:postmeta>
			<wp:meta_key>edd_price</wp:meta_key>
			<wp:meta_value><![CDATA[0.00]]></wp:meta_value>
		</wp:postmeta>
		<wp:postmeta>
			<wp:meta_key>edd_variable_prices</wp:meta_key>
			<wp:meta_value><![CDATA[a:0:{}]]></wp:meta_value>
		</wp:postmeta>
		<wp:postmeta>
			<wp:meta_key>edd_download_files</wp:meta_key>
			<wp:meta_value><![CDATA[a:1:{i:0;a:3:{s:4:"name";s:10:"Free Image";s:4:"file";s:63:"http://easydigitaldownloads.com/demo/files/edd/2012/11/free.jpg";s:9:"condition";s:3:"all";}}]]></wp:meta_value>
		</wp:postmeta>
		<wp:postmeta>
			<wp:meta_key>_edd_download_limit</wp:meta_key>
			<wp:meta_value><![CDATA[0]]></wp:meta_value>
		</wp:postmeta>
		<wp:postmeta>
			<wp:meta_key>edd_product_notes</wp:meta_key>
			<wp:meta_value><![CDATA[]]></wp:meta_value>
		</wp:postmeta>
		<wp:postmeta>
			<wp:meta_key>_thumbnail_id</wp:meta_key>
			<wp:meta_value><![CDATA[686]]></wp:meta_value>
		</wp:postmeta>
	</item>
	<item>
		<title>Free</title>
		<link>http://easydigitaldownloads.com/demo/downloads/sample-free-product/free/</link>
		<pubDate>Tue, 27 Nov 2012 23:57:04 +0000</pubDate>
		<dc:creator>pippin</dc:creator>
		<guid isPermaLink="false">http://easydigitaldownloads.com/demo/files/edd/2012/11/free.jpg</guid>
		<description></description>
		<content:encoded><![CDATA[]]></content:encoded>
		<excerpt:encoded><![CDATA[]]></excerpt:encoded>
		<wp:post_id>477</wp:post_id>
		<wp:post_date>2012-11-27 23:57:04</wp:post_date>
		<wp:post_date_gmt>2012-11-27 23:57:04</wp:post_date_gmt>
		<wp:comment_status>closed</wp:comment_status>
		<wp:ping_status>open</wp:ping_status>
		<wp:post_name>free</wp:post_name>
		<wp:status>inherit</wp:status>
		<wp:post_parent>476</wp:post_parent>
		<wp:menu_order>0</wp:menu_order>
		<wp:post_type>attachment</wp:post_type>
		<wp:post_password></wp:post_password>
		<wp:is_sticky>0</wp:is_sticky>
		<wp:attachment_url>http://easydigitaldownloads.com/demo/files/edd/2012/11/free.jpg</wp:attachment_url>
		<wp:postmeta>
			<wp:meta_key>_wp_attached_file</wp:meta_key>
			<wp:meta_value><![CDATA[edd/2012/11/free.jpg]]></wp:meta_value>
		</wp:postmeta>
		<wp:postmeta>
			<wp:meta_key>_wp_attachment_metadata</wp:meta_key>
			<wp:meta_value><![CDATA[a:6:{s:5:"width";s:3:"693";s:6:"height";s:3:"693";s:14:"hwstring_small";s:22:"height='96' width='96'";s:4:"file";s:20:"edd/2012/11/free.jpg";s:5:"sizes";a:5:{s:9:"thumbnail";a:3:{s:4:"file";s:16:"free-150x150.jpg";s:5:"width";s:3:"150";s:6:"height";s:3:"150";}s:6:"medium";a:3:{s:4:"file";s:16:"free-300x300.jpg";s:5:"width";s:3:"300";s:6:"height";s:3:"300";}s:14:"post-thumbnail";a:3:{s:4:"file";s:16:"free-693x288.jpg";s:5:"width";s:3:"693";s:6:"height";s:3:"288";}s:13:"large-feature";a:3:{s:4:"file";s:16:"free-693x288.jpg";s:5:"width";s:3:"693";s:6:"height";s:3:"288";}s:13:"small-feature";a:3:{s:4:"file";s:16:"free-300x300.jpg";s:5:"width";s:3:"300";s:6:"height";s:3:"300";}}s:10:"image_meta";a:10:{s:8:"aperture";s:1:"0";s:6:"credit";s:0:"";s:6:"camera";s:0:"";s:7:"caption";s:0:"";s:17:"created_timestamp";s:1:"0";s:9:"copyright";s:0:"";s:12:"focal_length";s:1:"0";s:3:"iso";s:1:"0";s:13:"shutter_speed";s:1:"0";s:5:"title";s:0:"";}}]]></wp:meta_value>
		</wp:postmeta>
	</item>
	<item>
		<title>A Music Album</title>
		<link>http://easydigitaldownloads.com/demo/downloads/a-music-album/</link>
		<pubDate>Wed, 05 Dec 2012 17:13:21 +0000</pubDate>
		<dc:creator>pippin</dc:creator>
		<guid isPermaLink="false">http://easydigitaldownloads.com/demo/?post_type=download&#038;p=514</guid>
		<description></description>
		<content:encoded><![CDATA[This is a sample product that show cases the <a href="http://easydigitaldownloads.com/extension/audio-player" target="_blank">Audio Player</a> extension.

You can easily setup price options to purchase individual songs or the entire album.]]></content:encoded>
		<excerpt:encoded><![CDATA[]]></excerpt:encoded>
		<wp:post_id>514</wp:post_id>
		<wp:post_date>2012-12-05 17:13:21</wp:post_date>
		<wp:post_date_gmt>2012-12-05 17:13:21</wp:post_date_gmt>
		<wp:comment_status>closed</wp:comment_status>
		<wp:ping_status>closed</wp:ping_status>
		<wp:post_name>a-music-album</wp:post_name>
		<wp:status>publish</wp:status>
		<wp:post_parent>0</wp:post_parent>
		<wp:menu_order>0</wp:menu_order>
		<wp:post_type>download</wp:post_type>
		<wp:post_password></wp:post_password>
		<wp:is_sticky>0</wp:is_sticky>
		<category domain="download_category" nicename="category-1"><![CDATA[Category 1]]></category>
		<category domain="download_category" nicename="category-ii"><![CDATA[Category II]]></category>
		<wp:postmeta>
			<wp:meta_key>edd_price</wp:meta_key>
			<wp:meta_value><![CDATA[0.00]]></wp:meta_value>
		</wp:postmeta>
		<wp:postmeta>
			<wp:meta_key>_variable_pricing</wp:meta_key>
			<wp:meta_value><![CDATA[1]]></wp:meta_value>
		</wp:postmeta>
		<wp:postmeta>
			<wp:meta_key>edd_variable_prices</wp:meta_key>
			<wp:meta_value><![CDATA[a:4:{i:0;a:2:{s:4:"name";s:6:"Song 1";s:6:"amount";s:4:"1.00";}i:1;a:2:{s:4:"name";s:6:"Song 2";s:6:"amount";s:4:"1.00";}i:2;a:2:{s:4:"name";s:6:"Song 3";s:6:"amount";s:4:"1.00";}i:3;a:2:{s:4:"name";s:11:"Whole Album";s:6:"amount";s:4:"3.00";}}]]></wp:meta_value>
		</wp:postmeta>
		<wp:postmeta>
			<wp:meta_key>edd_download_files</wp:meta_key>
			<wp:meta_value><![CDATA[a:0:{}]]></wp:meta_value>
		</wp:postmeta>
		<wp:postmeta>
			<wp:meta_key>_edd_download_limit</wp:meta_key>
			<wp:meta_value><![CDATA[0]]></wp:meta_value>
		</wp:postmeta>
		<wp:postmeta>
			<wp:meta_key>edd_product_notes</wp:meta_key>
			<wp:meta_value><![CDATA[]]></wp:meta_value>
		</wp:postmeta>
		<wp:postmeta>
			<wp:meta_key>_thumbnail_id</wp:meta_key>
			<wp:meta_value><![CDATA[685]]></wp:meta_value>
		</wp:postmeta>
	</item>
	<item>
		<title>02156_orangedays_1024x1024</title>
		<link>http://easydigitaldownloads.com/demo/downloads/a-music-album/02156_orangedays_1024x1024/</link>
		<pubDate>Fri, 25 Jan 2013 17:40:51 +0000</pubDate>
		<dc:creator>pippin</dc:creator>
		<guid isPermaLink="false">http://easydigitaldownloads.com/demo/files/edd/2012/12/02156_orangedays_1024x1024.jpg</guid>
		<description></description>
		<content:encoded><![CDATA[]]></content:encoded>
		<excerpt:encoded><![CDATA[]]></excerpt:encoded>
		<wp:post_id>685</wp:post_id>
		<wp:post_date>2013-01-25 17:40:51</wp:post_date>
		<wp:post_date_gmt>2013-01-25 17:40:51</wp:post_date_gmt>
		<wp:comment_status>closed</wp:comment_status>
		<wp:ping_status>open</wp:ping_status>
		<wp:post_name>02156_orangedays_1024x1024</wp:post_name>
		<wp:status>inherit</wp:status>
		<wp:post_parent>514</wp:post_parent>
		<wp:menu_order>0</wp:menu_order>
		<wp:post_type>attachment</wp:post_type>
		<wp:post_password></wp:post_password>
		<wp:is_sticky>0</wp:is_sticky>
		<wp:attachment_url>http://easydigitaldownloads.com/demo/files/edd/2012/12/02156_orangedays_1024x1024.jpg</wp:attachment_url>
		<wp:postmeta>
			<wp:meta_key>_wp_attached_file</wp:meta_key>
			<wp:meta_value><![CDATA[edd/2012/12/02156_orangedays_1024x1024.jpg]]></wp:meta_value>
		</wp:postmeta>
		<wp:postmeta>
			<wp:meta_key>_wp_attachment_metadata</wp:meta_key>
			<wp:meta_value><![CDATA[a:5:{s:5:"width";i:1024;s:6:"height";i:1024;s:4:"file";s:42:"edd/2012/12/02156_orangedays_1024x1024.jpg";s:5:"sizes";a:4:{s:9:"thumbnail";a:4:{s:4:"file";s:37:"02156_orangedays_1024x1024-296x96.jpg";s:5:"width";i:296;s:6:"height";i:96;s:9:"mime-type";s:10:"image/jpeg";}s:6:"medium";a:4:{s:4:"file";s:38:"02156_orangedays_1024x1024-300x300.jpg";s:5:"width";i:300;s:6:"height";i:300;s:9:"mime-type";s:10:"image/jpeg";}s:5:"large";a:4:{s:4:"file";s:40:"02156_orangedays_1024x1024-1024x1024.jpg";s:5:"width";i:1024;s:6:"height";i:1024;s:9:"mime-type";s:10:"image/jpeg";}s:14:"post-thumbnail";a:4:{s:4:"file";s:38:"02156_orangedays_1024x1024-624x624.jpg";s:5:"width";i:624;s:6:"height";i:624;s:9:"mime-type";s:10:"image/jpeg";}}s:10:"image_meta";a:10:{s:8:"aperture";i:0;s:6:"credit";s:0:"";s:6:"camera";s:0:"";s:7:"caption";s:0:"";s:17:"created_timestamp";i:0;s:9:"copyright";s:0:"";s:12:"focal_length";i:0;s:3:"iso";i:0;s:13:"shutter_speed";i:0;s:5:"title";s:0:"";}}]]></wp:meta_value>
		</wp:postmeta>
	</item>
	<item>
		<title>01689_beautifulmorning_1280x1024</title>
		<link>http://easydigitaldownloads.com/demo/downloads/sample-free-product/01689_beautifulmorning_1280x1024/</link>
		<pubDate>Fri, 25 Jan 2013 17:41:34 +0000</pubDate>
		<dc:creator>pippin</dc:creator>
		<guid isPermaLink="false">http://easydigitaldownloads.com/demo/files/edd/2012/11/01689_beautifulmorning_1280x1024.jpg</guid>
		<description></description>
		<content:encoded><![CDATA[]]></content:encoded>
		<excerpt:encoded><![CDATA[]]></excerpt:encoded>
		<wp:post_id>686</wp:post_id>
		<wp:post_date>2013-01-25 17:41:34</wp:post_date>
		<wp:post_date_gmt>2013-01-25 17:41:34</wp:post_date_gmt>
		<wp:comment_status>closed</wp:comment_status>
		<wp:ping_status>open</wp:ping_status>
		<wp:post_name>01689_beautifulmorning_1280x1024</wp:post_name>
		<wp:status>inherit</wp:status>
		<wp:post_parent>476</wp:post_parent>
		<wp:menu_order>0</wp:menu_order>
		<wp:post_type>attachment</wp:post_type>
		<wp:post_password></wp:post_password>
		<wp:is_sticky>0</wp:is_sticky>
		<wp:attachment_url>http://easydigitaldownloads.com/demo/files/edd/2012/11/01689_beautifulmorning_1280x1024.jpg</wp:attachment_url>
		<wp:postmeta>
			<wp:meta_key>_wp_attached_file</wp:meta_key>
			<wp:meta_value><![CDATA[edd/2012/11/01689_beautifulmorning_1280x1024.jpg]]></wp:meta_value>
		</wp:postmeta>
		<wp:postmeta>
			<wp:meta_key>_wp_attachment_metadata</wp:meta_key>
			<wp:meta_value><![CDATA[a:5:{s:5:"width";i:1280;s:6:"height";i:1024;s:4:"file";s:48:"edd/2012/11/01689_beautifulmorning_1280x1024.jpg";s:5:"sizes";a:4:{s:9:"thumbnail";a:4:{s:4:"file";s:43:"01689_beautifulmorning_1280x1024-296x96.jpg";s:5:"width";i:296;s:6:"height";i:96;s:9:"mime-type";s:10:"image/jpeg";}s:6:"medium";a:4:{s:4:"file";s:44:"01689_beautifulmorning_1280x1024-300x240.jpg";s:5:"width";i:300;s:6:"height";i:240;s:9:"mime-type";s:10:"image/jpeg";}s:5:"large";a:4:{s:4:"file";s:45:"01689_beautifulmorning_1280x1024-1024x819.jpg";s:5:"width";i:1024;s:6:"height";i:819;s:9:"mime-type";s:10:"image/jpeg";}s:14:"post-thumbnail";a:4:{s:4:"file";s:44:"01689_beautifulmorning_1280x1024-624x499.jpg";s:5:"width";i:624;s:6:"height";i:499;s:9:"mime-type";s:10:"image/jpeg";}}s:10:"image_meta";a:10:{s:8:"aperture";d:11;s:6:"credit";s:0:"";s:6:"camera";s:13:"Canon EOS 40D";s:7:"caption";s:0:"";s:17:"created_timestamp";i:1221891293;s:9:"copyright";s:0:"";s:12:"focal_length";s:2:"10";s:3:"iso";s:3:"100";s:13:"shutter_speed";s:3:"0.6";s:5:"title";s:0:"";}}]]></wp:meta_value>
		</wp:postmeta>
	</item>
	<item>
		<title>01643_goodmorning_1280x1024</title>
		<link>http://easydigitaldownloads.com/demo/downloads/another-sample-product/01643_goodmorning_1280x1024/</link>
		<pubDate>Fri, 25 Jan 2013 17:42:12 +0000</pubDate>
		<dc:creator>pippin</dc:creator>
		<guid isPermaLink="false">http://easydigitaldownloads.com/demo/files/edd/2012/06/01643_goodmorning_1280x1024.jpg</guid>
		<description></description>
		<content:encoded><![CDATA[]]></content:encoded>
		<excerpt:encoded><![CDATA[]]></excerpt:encoded>
		<wp:post_id>687</wp:post_id>
		<wp:post_date>2013-01-25 17:42:12</wp:post_date>
		<wp:post_date_gmt>2013-01-25 17:42:12</wp:post_date_gmt>
		<wp:comment_status>closed</wp:comment_status>
		<wp:ping_status>open</wp:ping_status>
		<wp:post_name>01643_goodmorning_1280x1024</wp:post_name>
		<wp:status>inherit</wp:status>
		<wp:post_parent>67</wp:post_parent>
		<wp:menu_order>0</wp:menu_order>
		<wp:post_type>attachment</wp:post_type>
		<wp:post_password></wp:post_password>
		<wp:is_sticky>0</wp:is_sticky>
		<wp:attachment_url>http://easydigitaldownloads.com/demo/files/edd/2012/06/01643_goodmorning_1280x1024.jpg</wp:attachment_url>
		<wp:postmeta>
			<wp:meta_key>_wp_attached_file</wp:meta_key>
			<wp:meta_value><![CDATA[edd/2012/06/01643_goodmorning_1280x1024.jpg]]></wp:meta_value>
		</wp:postmeta>
		<wp:postmeta>
			<wp:meta_key>_wp_attachment_metadata</wp:meta_key>
			<wp:meta_value><![CDATA[a:5:{s:5:"width";i:960;s:6:"height";i:462;s:4:"file";s:43:"edd/2012/06/01643_goodmorning_1280x1024.jpg";s:5:"sizes";a:3:{s:9:"thumbnail";a:4:{s:4:"file";s:38:"01643_goodmorning_1280x1024-296x96.jpg";s:5:"width";i:296;s:6:"height";i:96;s:9:"mime-type";s:10:"image/jpeg";}s:6:"medium";a:4:{s:4:"file";s:39:"01643_goodmorning_1280x1024-300x144.jpg";s:5:"width";i:300;s:6:"height";i:144;s:9:"mime-type";s:10:"image/jpeg";}s:14:"post-thumbnail";a:4:{s:4:"file";s:39:"01643_goodmorning_1280x1024-624x300.jpg";s:5:"width";i:624;s:6:"height";i:300;s:9:"mime-type";s:10:"image/jpeg";}}s:10:"image_meta";a:10:{s:8:"aperture";d:8;s:6:"credit";s:7:"unknown";s:6:"camera";s:22:"Canon EOS 350D DIGITAL";s:7:"caption";s:0:"";s:17:"created_timestamp";i:1211095823;s:9:"copyright";s:0:"";s:12:"focal_length";s:2:"26";s:3:"iso";s:3:"100";s:13:"shutter_speed";s:2:"35";s:5:"title";s:0:"";}}]]></wp:meta_value>
		</wp:postmeta>
	</item>
	<item>
		<title>Stitched Panorama</title>
		<link>http://easydigitaldownloads.com/demo/downloads/sample-product/stitched-panorama/</link>
		<pubDate>Fri, 25 Jan 2013 17:42:29 +0000</pubDate>
		<dc:creator>pippin</dc:creator>
		<guid isPermaLink="false">http://easydigitaldownloads.com/demo/files/edd/2012/05/02348_caltonhilledinburgh_1280x1024.jpg</guid>
		<description></description>
		<content:encoded><![CDATA[]]></content:encoded>
		<excerpt:encoded><![CDATA[]]></excerpt:encoded>
		<wp:post_id>688</wp:post_id>
		<wp:post_date>2013-01-25 17:42:29</wp:post_date>
		<wp:post_date_gmt>2013-01-25 17:42:29</wp:post_date_gmt>
		<wp:comment_status>closed</wp:comment_status>
		<wp:ping_status>open</wp:ping_status>
		<wp:post_name>stitched-panorama</wp:post_name>
		<wp:status>inherit</wp:status>
		<wp:post_parent>16</wp:post_parent>
		<wp:menu_order>0</wp:menu_order>
		<wp:post_type>attachment</wp:post_type>
		<wp:post_password></wp:post_password>
		<wp:is_sticky>0</wp:is_sticky>
		<wp:attachment_url>http://easydigitaldownloads.com/demo/files/edd/2012/05/02348_caltonhilledinburgh_1280x1024.jpg</wp:attachment_url>
		<wp:postmeta>
			<wp:meta_key>_wp_attached_file</wp:meta_key>
			<wp:meta_value><![CDATA[edd/2012/05/02348_caltonhilledinburgh_1280x1024.jpg]]></wp:meta_value>
		</wp:postmeta>
		<wp:postmeta>
			<wp:meta_key>_wp_attachment_metadata</wp:meta_key>
			<wp:meta_value><![CDATA[a:5:{s:5:"width";i:1280;s:6:"height";i:1024;s:4:"file";s:51:"edd/2012/05/02348_caltonhilledinburgh_1280x1024.jpg";s:5:"sizes";a:4:{s:9:"thumbnail";a:4:{s:4:"file";s:46:"02348_caltonhilledinburgh_1280x1024-296x96.jpg";s:5:"width";i:296;s:6:"height";i:96;s:9:"mime-type";s:10:"image/jpeg";}s:6:"medium";a:4:{s:4:"file";s:47:"02348_caltonhilledinburgh_1280x1024-300x240.jpg";s:5:"width";i:300;s:6:"height";i:240;s:9:"mime-type";s:10:"image/jpeg";}s:5:"large";a:4:{s:4:"file";s:48:"02348_caltonhilledinburgh_1280x1024-1024x819.jpg";s:5:"width";i:1024;s:6:"height";i:819;s:9:"mime-type";s:10:"image/jpeg";}s:14:"post-thumbnail";a:4:{s:4:"file";s:47:"02348_caltonhilledinburgh_1280x1024-624x499.jpg";s:5:"width";i:624;s:6:"height";i:499;s:9:"mime-type";s:10:"image/jpeg";}}s:10:"image_meta";a:10:{s:8:"aperture";d:8;s:6:"credit";s:0:"";s:6:"camera";s:11:"NIKON D5000";s:7:"caption";s:0:"";s:17:"created_timestamp";i:1281644419;s:9:"copyright";s:0:"";s:12:"focal_length";s:2:"18";s:3:"iso";s:3:"100";s:13:"shutter_speed";s:14:"0.166666666667";s:5:"title";s:17:"Stitched Panorama";}}]]></wp:meta_value>
		</wp:postmeta>
	</item>
	<item>
		<title>Checkout</title>
		<link>http://easydigitaldownloads.com/demo/checkout/</link>
		<pubDate>Mon, 21 May 2012 15:59:39 +0000</pubDate>
		<dc:creator>pippin</dc:creator>
		<guid isPermaLink="false">http://easydigitaldownloads.com/demo/checkout/</guid>
		<description></description>
		<content:encoded><![CDATA[[download_checkout]]]></content:encoded>
		<excerpt:encoded><![CDATA[]]></excerpt:encoded>
		<wp:post_id>4</wp:post_id>
		<wp:post_date>2012-05-21 15:59:39</wp:post_date>
		<wp:post_date_gmt>2012-05-21 15:59:39</wp:post_date_gmt>
		<wp:comment_status>open</wp:comment_status>
		<wp:ping_status>open</wp:ping_status>
		<wp:post_name>checkout</wp:post_name>
		<wp:status>publish</wp:status>
		<wp:post_parent>0</wp:post_parent>
		<wp:menu_order>0</wp:menu_order>
		<wp:post_type>page</wp:post_type>
		<wp:post_password></wp:post_password>
		<wp:is_sticky>0</wp:is_sticky>
	</item>
	<item>
		<title>Purchase Confirmation</title>
		<link>http://easydigitaldownloads.com/demo/purchase-confirmation/</link>
		<pubDate>Mon, 21 May 2012 15:59:39 +0000</pubDate>
		<dc:creator>pippin</dc:creator>
		<guid isPermaLink="false">http://easydigitaldownloads.com/demo/purchase-confirmation/</guid>
		<description></description>
		<content:encoded><![CDATA[Thank you for your purchase!
[edd_receipt]]]></content:encoded>
		<excerpt:encoded><![CDATA[]]></excerpt:encoded>
		<wp:post_id>5</wp:post_id>
		<wp:post_date>2012-05-21 15:59:39</wp:post_date>
		<wp:post_date_gmt>2012-05-21 15:59:39</wp:post_date_gmt>
		<wp:comment_status>open</wp:comment_status>
		<wp:ping_status>open</wp:ping_status>
		<wp:post_name>purchase-confirmation</wp:post_name>
		<wp:status>publish</wp:status>
		<wp:post_parent>0</wp:post_parent>
		<wp:menu_order>0</wp:menu_order>
		<wp:post_type>page</wp:post_type>
		<wp:post_password></wp:post_password>
		<wp:is_sticky>0</wp:is_sticky>
	</item>
	<item>
		<title>Purchase History</title>
		<link>http://easydigitaldownloads.com/demo/purchase-history/</link>
		<pubDate>Mon, 21 May 2012 15:59:39 +0000</pubDate>
		<dc:creator>pippin</dc:creator>
		<guid isPermaLink="false">http://easydigitaldownloads.com/demo/purchase-history/</guid>
		<description></description>
		<content:encoded><![CDATA[[purchase_history]]]></content:encoded>
		<excerpt:encoded><![CDATA[]]></excerpt:encoded>
		<wp:post_id>6</wp:post_id>
		<wp:post_date>2012-05-21 15:59:39</wp:post_date>
		<wp:post_date_gmt>2012-05-21 15:59:39</wp:post_date_gmt>
		<wp:comment_status>open</wp:comment_status>
		<wp:ping_status>open</wp:ping_status>
		<wp:post_name>purchase-history</wp:post_name>
		<wp:status>publish</wp:status>
		<wp:post_parent>0</wp:post_parent>
		<wp:menu_order>0</wp:menu_order>
		<wp:post_type>page</wp:post_type>
		<wp:post_password></wp:post_password>
		<wp:is_sticky>0</wp:is_sticky>
	</item>
	<item>
		<title>Product Grid</title>
		<link>http://easydigitaldownloads.com/demo/product-grid/</link>
		<pubDate>Wed, 05 Dec 2012 17:06:25 +0000</pubDate>
		<dc:creator>pippin</dc:creator>
		<guid isPermaLink="false">http://easydigitaldownloads.com/demo/?page_id=509</guid>
		<description></description>
		<content:encoded><![CDATA[[downloads columns=2 number=4]]]></content:encoded>
		<excerpt:encoded><![CDATA[]]></excerpt:encoded>
		<wp:post_id>509</wp:post_id>
		<wp:post_date>2012-12-05 17:06:25</wp:post_date>
		<wp:post_date_gmt>2012-12-05 17:06:25</wp:post_date_gmt>
		<wp:comment_status>closed</wp:comment_status>
		<wp:ping_status>open</wp:ping_status>
		<wp:post_name>product-grid</wp:post_name>
		<wp:status>publish</wp:status>
		<wp:post_parent>0</wp:post_parent>
		<wp:menu_order>0</wp:menu_order>
		<wp:post_type>page</wp:post_type>
		<wp:post_password></wp:post_password>
		<wp:is_sticky>0</wp:is_sticky>
		<wp:postmeta>
			<wp:meta_key>_edit_last</wp:meta_key>
			<wp:meta_value><![CDATA[1]]></wp:meta_value>
		</wp:postmeta>
		<wp:postmeta>
			<wp:meta_key>_wp_page_template</wp:meta_key>
			<wp:meta_value><![CDATA[default]]></wp:meta_value>
		</wp:postmeta>
		<wp:postmeta>
			<wp:meta_key>_wpas_done_all</wp:meta_key>
			<wp:meta_value><![CDATA[1]]></wp:meta_value>
		</wp:postmeta>
	</item>
	<item>
		<title>Transaction Failed</title>
		<link>http://easydigitaldownloads.com/demo/checkout/transaction-failed/</link>
		<pubDate>Wed, 05 Dec 2012 17:06:32 +0000</pubDate>
		<dc:creator>pippin</dc:creator>
		<guid isPermaLink="false">http://easydigitaldownloads.com/demo/checkout/transaction-failed/</guid>
		<description></description>
		<content:encoded><![CDATA[Your transaction failed, please try again or contact site support.]]></content:encoded>
		<excerpt:encoded><![CDATA[]]></excerpt:encoded>
		<wp:post_id>510</wp:post_id>
		<wp:post_date>2012-12-05 17:06:32</wp:post_date>
		<wp:post_date_gmt>2012-12-05 17:06:32</wp:post_date_gmt>
		<wp:comment_status>closed</wp:comment_status>
		<wp:ping_status>open</wp:ping_status>
		<wp:post_name>transaction-failed</wp:post_name>
		<wp:status>publish</wp:status>
		<wp:post_parent>4</wp:post_parent>
		<wp:menu_order>0</wp:menu_order>
		<wp:post_type>page</wp:post_type>
		<wp:post_password></wp:post_password>
		<wp:is_sticky>0</wp:is_sticky>
		<wp:postmeta>
			<wp:meta_key>_wpas_done_all</wp:meta_key>
			<wp:meta_value><![CDATA[1]]></wp:meta_value>
		</wp:postmeta>
	</item>
	<item>
		<title>Product List</title>
		<link>http://easydigitaldownloads.com/demo/product-list/</link>
		<pubDate>Wed, 05 Dec 2012 17:08:28 +0000</pubDate>
		<dc:creator>pippin</dc:creator>
		<guid isPermaLink="false">http://easydigitaldownloads.com/demo/?page_id=512</guid>
		<description></description>
		<content:encoded><![CDATA[[downloads columns=1 number=3]]]></content:encoded>
		<excerpt:encoded><![CDATA[]]></excerpt:encoded>
		<wp:post_id>512</wp:post_id>
		<wp:post_date>2012-12-05 17:08:28</wp:post_date>
		<wp:post_date_gmt>2012-12-05 17:08:28</wp:post_date_gmt>
		<wp:comment_status>closed</wp:comment_status>
		<wp:ping_status>open</wp:ping_status>
		<wp:post_name>product-list</wp:post_name>
		<wp:status>publish</wp:status>
		<wp:post_parent>0</wp:post_parent>
		<wp:menu_order>0</wp:menu_order>
		<wp:post_type>page</wp:post_type>
		<wp:post_password></wp:post_password>
		<wp:is_sticky>0</wp:is_sticky>
		<wp:postmeta>
			<wp:meta_key>_edit_last</wp:meta_key>
			<wp:meta_value><![CDATA[1]]></wp:meta_value>
		</wp:postmeta>
		<wp:postmeta>
			<wp:meta_key>_wp_page_template</wp:meta_key>
			<wp:meta_value><![CDATA[default]]></wp:meta_value>
		</wp:postmeta>
		<wp:postmeta>
			<wp:meta_key>_wpas_done_all</wp:meta_key>
			<wp:meta_value><![CDATA[1]]></wp:meta_value>
		</wp:postmeta>
	</item>
</channel>
</rss>
