<?xml version="1.0" encoding="ISO-8859-1" ?><rss version="2.0">
	<channel>
		<link>http://www.wpshop.fr/shortcodeslist/</link>
		<description>Liste des shortcodes de WPShop</description>
		<language>fr</language>

		<!-- <category>
			<title>Categorie test</title>
			<description>Categorie description test</description>

			<item>
				<title>Shortcode test</title>
				<description>Shortcode description test</description>
				<identifier>Shortcode identifier test</identifier>
				<args>
					<identifier>Argument test</identifier>
					<params>Argument parameter test</params>
				</args>
			</item>
		</category> -->
		
		<category>
			<title>All Shortcodes WPShop</title>
			<description>Display all Shortcodes of plugin WPShop</description>
			<item>
				<identifier>wpshop_breadcrumb</identifier>
			</item>
			<item>
				<identifier>wps_addresses</identifier>
				<args>
					<identifier>customer_id</identifier>
					<params>Customer_ID</params>
				</args>
				<args>
					<identifier>admin_display</identifier>
					<params>false</params>
				</args>
				<args>
					<identifier>order_id</identifier>
					<params>Order_ID</params>
				</args>
			</item>
			<item>
				<identifier>wps_addresses_list</identifier>
				<args>
					<identifier>args</identifier>
					<params>Array('id' => Customer_ID)</params>
				</args>
			</item>
			<item>
				<identifier>wps_checkout</identifier>
			</item>
			<item>
				<identifier>wps_checkout_step_indicator</identifier>
			</item>
			<item>
				<identifier>order_customer_informations</identifier>
			</item>
			<item>
				<identifier>wps_orders_in_customer_account</identifier>
				<args>
					<identifier>customer_id</identifier>
					<params>Customer_ID</params>
				</args>
			</item>
			<item>
				<identifier>wps_payment</identifier>
			</item>
			<item>
				<identifier>wps_cart</identifier>
				<args>
					<identifier>args</identifier>
					<params>Cart_Arguments</params>
				</args>
			</item>
			<item>
				<identifier>wps_mini_cart</identifier>
				<args>
					<identifier>args</identifier>
					<params>Cart_Arguments</params>
				</args>
			</item>
			<item>
				<identifier>wps_resume_cart</identifier>
			</item>
			<item>
				<identifier>wps_apply_coupon</identifier>
			</item>
			<item>
				<identifier>wps-numeration-cart</identifier>
			</item>
			<item>
				<identifier>wps_coupon</identifier>
				<args>
					<identifier>customer_id</identifier>
					<params>Customer_ID</params>
				</args>
			</item>
			<item>
				<identifier>wps_highlighting</identifier>
				<args>
					<identifier>args</identifier>
					<params>Array('hook_name' => Hook_Name)</params>
				</args>
			</item>
			<item>
				<identifier>wps_message_histo</identifier>
				<args>
					<identifier>args</identifier>
					<params>Array('message_id' => Message_ID)</params>
				</args>
				<args>
					<identifier>customer_id</identifier>
					<params>Customer_ID</params>
				</args>
			</item>
			<item>
				<identifier>order_customer_personnal_informations</identifier>
			</item>
			<item>
				<identifier>wps_opinion</identifier>
			</item>
			<item>
				<identifier>wps_star_rate_product</identifier>
				<args>
					<identifier>args</identifier>
					<params>Array('pid' => Product_ID)</params>
				</args>
			</item>
			<item>
				<identifier>wps_opinion_product</identifier>
				<args>
					<identifier>args</identifier>
					<params>Array('pid' => Product_ID)</params>
				</args>
			</item>
			<item>
				<identifier>wps_product_caracteristics</identifier>
				<args>
					<identifier>args</identifier>
					<params>Array('pid' => Product_ID)</params>
				</args>
			</item>
			<item>
				<identifier>wps_product_discount_chip</identifier>
				<args>
					<identifier>args</identifier>
					<params>Array('pid' => Product_ID)</params>
				</args>
			</item>
			<item>
				<identifier>wps_signup</identifier>
				<args>
					<identifier>display</identifier>
					<params>Research</params>
				</args>
			</item>
			<item>
				<identifier>wpshop_login</identifier>
				<args>
					<identifier>force_login</identifier>
					<params>Boolean</params>
				</args>
			</item>
			<item>
				<identifier>wps_first_login</identifier>
			</item>
			<item>
				<identifier>wps_forgot_password</identifier>
			</item>
			<item>
				<identifier>wps_renew_password</identifier>
			</item>
			<item>
				<identifier>wps_account_informations</identifier>
				<args>
					<identifier>customer_id</identifier>
					<params>Customer_ID</params>
				</args>
			</item>
			<item>
				<identifier>wps_account_informations_form</identifier>
			</item>
			<item>
				<identifier>wps_account_dashboard</identifier>
			</item>
			<item>
				<identifier>wps_account_last_actions_resume</identifier>
			</item>
			<item>
				<identifier>wps_low_stock_alert</identifier>
				<args>
					<identifier>args</identifier>
					<params>Array('id' => Post_ID)</params>
				</args>
			</item>
			<item>
				<identifier>wps_shipping_method</identifier>
			</item>
			<item>
				<identifier>wps_shipping_summary</identifier>
			</item>
			<item>
				<identifier>wpshop_filter_search</identifier>
			</item>
			<item>
				<identifier>wpshop_att_val</identifier>
				<args>
					<identifier>atts</identifier>
					<params>RESEARCH</params>
				</args>
			</item>
			<item>
				<identifier>wpshop_products</identifier>
				<args>
					<identifier>atts</identifier>
					<params>RESEARCH</params>
				</args>
			</item>
			<item>
				<identifier>wpshop_product</identifier>
				<args>
					<identifier>atts</identifier>
					<params>RESEARCH</params>
				</args>
			</item>
			<item>
				<identifier>wpshop_product_variation_summary</identifier>
				<args>
					<identifier>shortcode_attribute</identifier>
					<params>RESEARCH</params>
				</args>
			</item>
			<item>
				<identifier>wpshop_product_variation_value_detail</identifier>
				<args>
					<identifier>shortcode_attribute</identifier>
					<params>RESEARCH</params>
				</args>
			</item>
			<item>
				<identifier>wpshop_related_products</identifier>
				<args>
					<identifier>atts</identifier>
					<params>Array( Product )</params>
				</args>
			</item>
			<item>
				<identifier>wpshop_category</identifier>
				<args>
					<identifier>atts</identifier>
					<params>RESEARCH</params>
				</args>
			</item>
			<item>
				<identifier>wpshop_att_group</identifier>
				<args>
					<identifier>atts</identifier>
					<params>RESEARCH</params>
				</args>
			</item>
			<item>
				<identifier>wpshop_payment_result</identifier>
			</item>
			<item>
				<identifier>wpshop_payment_result_unsuccessfull</identifier>
			</item>
			<item>
				<identifier>wpshop_variations</identifier>
				<args>
					<identifier>post_id</identifier>
					<params>Post_ID</params>
				</args>
				<args>
					<identifier>from_admin</identifier>
					<params>Boolean</params>
				</args>
				<args>
					<identifier>order_id</identifier>
					<params>Order_ID</params>
				</args>
				<args>
					<identifier>qty</identifier>
					<params>Integer</params>
				</args>
			</item>
			<item>
				<identifier>wpshop_entities</identifier>
				<args>
					<identifier>shortcode_args</identifier>
					<params>RESEARCH</params>
				</args>
			</item>
			<item>
				<identifier>wpshop_attributes</identifier>
				<args>
					<identifier>shortcode_args</identifier>
					<params>RESEARCH</params>
				</args>
			</item>
		</category>

	</channel>
</rss>