<?xml version="1.0" encoding="UTF-8" ?>
<!-- This is a WordPress eXtended RSS file generated by WordPress as an export of your site. -->
<!-- It contains information about your site's posts, pages, comments, categories, and other content. -->
<!-- You may use this file to transfer that content from one site to another. -->
<!-- This file is not intended to serve as a complete backup of your site. -->

<!-- To import this information into a WordPress site follow these steps: -->
<!-- 1. Log in to that site as an administrator. -->
<!-- 2. Go to Tools: Import in the WordPress admin panel. -->
<!-- 3. Install the "WordPress" importer from the list. -->
<!-- 4. Activate & Run Importer. -->
<!-- 5. Upload this file using the form provided on that page. -->
<!-- 6. You will first be asked to map the authors in this export file to users -->
<!--    on the site. For each author, you may choose to map to an -->
<!--    existing user on the site or to create a new user. -->
<!-- 7. WordPress will then import each of the posts, pages, comments, categories, etc. -->
<!--    contained in this file into your site. -->

<!-- generator="WordPress/3.9.2" created="2014-09-03 15:30" -->
<rss version="2.0"
	xmlns:excerpt="http://wordpress.org/export/1.2/excerpt/"
	xmlns:content="http://purl.org/rss/1.0/modules/content/"
	xmlns:wfw="http://wellformedweb.org/CommentAPI/"
	xmlns:dc="http://purl.org/dc/elements/1.1/"
	xmlns:wp="http://wordpress.org/export/1.2/"
>

<channel>
	<title>Robin Works</title>
	<link>http://robin.works</link>
	<description>a WordPress playground of sorts.</description>
	<pubDate>Wed, 03 Sep 2014 15:30:40 +0000</pubDate>
	<language>en-US</language>
	<wp:wxr_version>1.2</wp:wxr_version>
	<wp:base_site_url>http://robin.works/</wp:base_site_url>
	<wp:base_blog_url>http://robin.works</wp:base_blog_url>

	<wp:author><wp:author_id>1</wp:author_id><wp:author_login>johann</wp:author_login><wp:author_email>hello@robincornett.com</wp:author_email><wp:author_display_name><![CDATA[Robin]]></wp:author_display_name><wp:author_first_name><![CDATA[Robin]]></wp:author_first_name><wp:author_last_name><![CDATA[Cornett]]></wp:author_last_name></wp:author>


	<generator>http://wordpress.org/?v=3.9.2</generator>

	<item>
				<title>Lighthouse</title>
		<link>http://robin.works/listings/lighthouse/</link>
		<pubDate>Tue, 18 Mar 2014 17:07:43 +0000</pubDate>
		<dc:creator><![CDATA[johann]]></dc:creator>
		<guid isPermaLink="false">http://milne.robincornettcreative.com/?post_type=listing&#038;p=667</guid>
		<description></description>
		<content:encoded><![CDATA[Optionally, you can add content to describe the listing.]]></content:encoded>
		<excerpt:encoded><![CDATA[]]></excerpt:encoded>
		<wp:post_id>667</wp:post_id>
		<wp:post_date>2014-03-18 13:07:43</wp:post_date>
		<wp:post_date_gmt>2014-03-18 17:07:43</wp:post_date_gmt>
		<wp:comment_status>closed</wp:comment_status>
		<wp:ping_status>closed</wp:ping_status>
		<wp:post_name>lighthouse</wp:post_name>
		<wp:status>publish</wp:status>
		<wp:post_parent>0</wp:post_parent>
		<wp:menu_order>0</wp:menu_order>
		<wp:post_type>listing</wp:post_type>
		<wp:post_password></wp:post_password>
		<wp:is_sticky>0</wp:is_sticky>
		<category domain="status" nicename="for-sale"><![CDATA[For Sale]]></category>
		<wp:postmeta>
			<wp:meta_key>_edit_last</wp:meta_key>
			<wp:meta_value><![CDATA[1]]></wp:meta_value>
		</wp:postmeta>
		<wp:postmeta>
			<wp:meta_key>_thumbnail_id</wp:meta_key>
			<wp:meta_value><![CDATA[677]]></wp:meta_value>
		</wp:postmeta>
		<wp:postmeta>
			<wp:meta_key>_cmb_listing-location</wp:meta_key>
			<wp:meta_value><![CDATA[Somewhere beautiful]]></wp:meta_value>
		</wp:postmeta>
		<wp:postmeta>
			<wp:meta_key>_cmb_listing-price</wp:meta_key>
			<wp:meta_value><![CDATA[$1,000,000]]></wp:meta_value>
		</wp:postmeta>
	</item>
	<item>
				<title>Barn</title>
		<link>http://robin.works/listings/barn/</link>
		<pubDate>Tue, 18 Mar 2014 17:09:02 +0000</pubDate>
		<dc:creator><![CDATA[johann]]></dc:creator>
		<guid isPermaLink="false">http://milne.robincornettcreative.com/?post_type=listing&#038;p=669</guid>
		<description></description>
		<content:encoded><![CDATA[]]></content:encoded>
		<excerpt:encoded><![CDATA[]]></excerpt:encoded>
		<wp:post_id>669</wp:post_id>
		<wp:post_date>2014-03-18 13:09:02</wp:post_date>
		<wp:post_date_gmt>2014-03-18 17:09:02</wp:post_date_gmt>
		<wp:comment_status>closed</wp:comment_status>
		<wp:ping_status>closed</wp:ping_status>
		<wp:post_name>barn</wp:post_name>
		<wp:status>publish</wp:status>
		<wp:post_parent>0</wp:post_parent>
		<wp:menu_order>0</wp:menu_order>
		<wp:post_type>listing</wp:post_type>
		<wp:post_password></wp:post_password>
		<wp:is_sticky>0</wp:is_sticky>
		<category domain="status" nicename="for-sale"><![CDATA[For Sale]]></category>
		<wp:postmeta>
			<wp:meta_key>_edit_last</wp:meta_key>
			<wp:meta_value><![CDATA[1]]></wp:meta_value>
		</wp:postmeta>
		<wp:postmeta>
			<wp:meta_key>_thumbnail_id</wp:meta_key>
			<wp:meta_value><![CDATA[676]]></wp:meta_value>
		</wp:postmeta>
		<wp:postmeta>
			<wp:meta_key>_cmb_listing-location</wp:meta_key>
			<wp:meta_value><![CDATA[Springtime]]></wp:meta_value>
		</wp:postmeta>
		<wp:postmeta>
			<wp:meta_key>_cmb_listing-price</wp:meta_key>
			<wp:meta_value><![CDATA[$125,000]]></wp:meta_value>
		</wp:postmeta>
	</item>
	<item>
				<title>Office</title>
		<link>http://robin.works/listings/office/</link>
		<pubDate>Tue, 18 Mar 2014 17:09:43 +0000</pubDate>
		<dc:creator><![CDATA[johann]]></dc:creator>
		<guid isPermaLink="false">http://milne.robincornettcreative.com/?post_type=listing&#038;p=671</guid>
		<description></description>
		<content:encoded><![CDATA[]]></content:encoded>
		<excerpt:encoded><![CDATA[]]></excerpt:encoded>
		<wp:post_id>671</wp:post_id>
		<wp:post_date>2014-03-18 13:09:43</wp:post_date>
		<wp:post_date_gmt>2014-03-18 17:09:43</wp:post_date_gmt>
		<wp:comment_status>closed</wp:comment_status>
		<wp:ping_status>closed</wp:ping_status>
		<wp:post_name>office</wp:post_name>
		<wp:status>publish</wp:status>
		<wp:post_parent>0</wp:post_parent>
		<wp:menu_order>0</wp:menu_order>
		<wp:post_type>listing</wp:post_type>
		<wp:post_password></wp:post_password>
		<wp:is_sticky>0</wp:is_sticky>
		<category domain="status" nicename="sold"><![CDATA[Sold]]></category>
		<wp:postmeta>
			<wp:meta_key>_edit_last</wp:meta_key>
			<wp:meta_value><![CDATA[1]]></wp:meta_value>
		</wp:postmeta>
		<wp:postmeta>
			<wp:meta_key>_thumbnail_id</wp:meta_key>
			<wp:meta_value><![CDATA[675]]></wp:meta_value>
		</wp:postmeta>
		<wp:postmeta>
			<wp:meta_key>_cmb_listing-price</wp:meta_key>
			<wp:meta_value><![CDATA[$2,000,000]]></wp:meta_value>
		</wp:postmeta>
	</item>
	<item>
				<title>City</title>
		<link>http://robin.works/listings/city/</link>
		<pubDate>Tue, 18 Mar 2014 17:11:07 +0000</pubDate>
		<dc:creator><![CDATA[johann]]></dc:creator>
		<guid isPermaLink="false">http://milne.robincornettcreative.com/?post_type=listing&#038;p=673</guid>
		<description></description>
		<content:encoded><![CDATA[Another listing with simple content.]]></content:encoded>
		<excerpt:encoded><![CDATA[]]></excerpt:encoded>
		<wp:post_id>673</wp:post_id>
		<wp:post_date>2014-03-18 13:11:07</wp:post_date>
		<wp:post_date_gmt>2014-03-18 17:11:07</wp:post_date_gmt>
		<wp:comment_status>closed</wp:comment_status>
		<wp:ping_status>closed</wp:ping_status>
		<wp:post_name>city</wp:post_name>
		<wp:status>publish</wp:status>
		<wp:post_parent>0</wp:post_parent>
		<wp:menu_order>0</wp:menu_order>
		<wp:post_type>listing</wp:post_type>
		<wp:post_password></wp:post_password>
		<wp:is_sticky>0</wp:is_sticky>
		<category domain="status" nicename="pending"><![CDATA[Pending]]></category>
		<wp:postmeta>
			<wp:meta_key>_edit_last</wp:meta_key>
			<wp:meta_value><![CDATA[1]]></wp:meta_value>
		</wp:postmeta>
		<wp:postmeta>
			<wp:meta_key>_thumbnail_id</wp:meta_key>
			<wp:meta_value><![CDATA[674]]></wp:meta_value>
		</wp:postmeta>
		<wp:postmeta>
			<wp:meta_key>_cmb_listing-location</wp:meta_key>
			<wp:meta_value><![CDATA[Someplace Large]]></wp:meta_value>
		</wp:postmeta>
		<wp:postmeta>
			<wp:meta_key>_cmb_listing-price</wp:meta_key>
			<wp:meta_value><![CDATA[$8,000,000,000]]></wp:meta_value>
		</wp:postmeta>
	</item>
</channel>
</rss>
