{"bxp_brainstormit":{"url":"\/\/${__BXP_CLUSTER_SERVERNAME__}\/brainstormit\/"},"bxp_mkl":{"url":"\/\/${__BXP_CLUSTER_SERVERNAME__}\/brainstormit\/#mkl"},"bxp_dashboard":{"url":"\/\/${__BXP_CLUSTER_SERVERNAME__}\/dashboard\/"},"bxp_choose_account":{"url":"\/\/${__BXP_CLUSTER_SERVERNAME__}\/auth\/choose_account\/"},"bxp_action_guide":{"url":"\/\/${__BXP_CLUSTER_SERVERNAME__}\/actionguide\/"},"bxp_action_guide_supplementals":{"url":"\/\/${__BXP_CLUSTER_SERVERNAME__}\/actionguide\/#Supplementals"},"bxp_tips_n_techniques_hq":{"url":"\/\/${__BXP_CLUSTER_SERVERNAME__}\/tips\/"},"bxp_resources_hq":{"url":"\/\/${__BXP_CLUSTER_SERVERNAME__}\/resources\/"},"bxp_mhq":{"url":"\/\/${__BXP_CLUSTER_SERVERNAME__}\/mhq\/"},"bxp_contact_support":{"url":"\/\/${__BXP_CLUSTER_SERVERNAME__}\/guidance\/"},"bxp_videos":{"url":"\/\/${__BXP_CLUSTER_SERVERNAME__}\/videos\/"},"bxp_lite_account_signup":{"url":"https:\/\/secure.sitesell.com\/build\/bxp\/order-bxp-lite.html"},"bxp_pro_account_signup":{"url":"https:\/\/secure.sitesell.com\/build\/bxp\/order-bxp-pro.html"},"bxp_account_upgrade":{"url":"https:\/\/secure.sitesell.com\/prot-bin\/bxp\/order-bxp-upgrade.pl"},"bxp_crm_support_url":{"url":"http:\/\/custsupport.sitesell.com\/cgi-bin\/askQuestion.pl"},"bxp_forums":{"url":"http:\/\/forums.sitesell.com"},"bxp_my_account":{"url":"https:\/\/secure.sitesell.com\/prot-bin\/affiliatescripts\/affiliateClubMoreInfo.pl?my_bxp_account"},"bxp_search_it":{"url":"\/\/${__BXP_CLUSTER_SERVERNAME__}\/searchit\/SearchIt.pl?THEBUTTON=SHOW_TOOL"}}