<?xml version="1.0" encoding="utf-8" ?>
<dwsync>
<file name="admin.js" server="dlg360.com//public_html/" local="129937596641847423" remote="129937596000000000" Dst="2" />
<file name="scripts.js" server="dlg360.com//public_html/" local="129809806290227276" remote="129926431800000000" Dst="2" />
<file name="validation.js" server="dlg360.com//public_html/" local="129727550523849367" remote="129926431800000000" Dst="2" />
<file name="admin.js" server="havredegracerental.com//home/www/havredegracerental.com/html/" local="129956579262534082" remote="129956769600000000" Dst="2" />
<file name="admin.js" server="dlg360.com//public_html/wordpress/" local="129956579262534082" remote="130167405000000000" Dst="2" />
<file name="scripts.js" server="havredegracerental.com//home/www/havredegracerental.com/html/" local="129809806290227276" remote="129956769600000000" Dst="2" />
<file name="validation.js" server="havredegracerental.com//home/www/havredegracerental.com/html/" local="129727550523849367" remote="129956769600000000" Dst="2" />
<file name="scripts.js" server="dlg360.com//public_html/wordpress/" local="129809806290227276" remote="130167405000000000" Dst="2" />
<file name="validation.js" server="dlg360.com//public_html/wordpress/" local="129727550523849367" remote="130167405000000000" Dst="2" />
<file name="admin.js" server="dlg360.com//public_html/new/wp-content/" local="129956579262534082" remote="130044817800000000" Dst="1" />
<file name="scripts.js" server="dlg360.com//public_html/new/wp-content/" local="129809806290227276" remote="130044817800000000" Dst="1" />
<file name="validation.js" server="dlg360.com//public_html/new/wp-content/" local="129727550523849367" remote="130044817800000000" Dst="1" />
<file name="admin.js" server="dlg360.com//public_html/new3/" local="129956579262534082" remote="130132075200000000" Dst="2" />
<file name="scripts.js" server="dlg360.com//public_html/new3/" local="129809806290227276" remote="130132075200000000" Dst="2" />
<file name="validation.js" server="dlg360.com//public_html/new3/" local="129727550523849367" remote="130132075200000000" Dst="2" />
</dwsync>