<?xml version="1.0" encoding="UTF-8"?>
<project-private xmlns="http://www.netbeans.org/ns/project-private/1">
    <editor-bookmarks xmlns="http://www.netbeans.org/ns/editor-bookmarks/1"/>
    <open-files xmlns="http://www.netbeans.org/ns/projectui-open-files/1">
        <file>file:/C:/projects/default/htdocs/wordpress313/wp-content/plugins/wp-notes-remover/wp-notes-remover.php</file>
        <file>file:/C:/projects/default/htdocs/wordpress313/wp-content/plugins/wp-notes-remover/zzz_admin_sidebar.php</file>
        <file>file:/C:/projects/default/htdocs/wordpress313/wp-content/plugins/wp-notes-remover/menu.settings.php</file>
    </open-files>
</project-private>
