<?xml version="1.0"?>
<links>
  <form formname="flink">
    <link>
      <formin>1</formin>
      <formout>1</formout>
      <action>edit</action>
      <icon>edit.png</icon>
      <displayin>list</displayin>
      <actionout>edit</actionout>
      <displayout>form</displayout>
      <position>R</position>
      <forminname type="comment">flink</forminname>
      <formoutname type="comment">flink</formoutname>
    </link>
    <link>
      <formin>1</formin>
      <formout>1</formout>
      <action>delete</action>
      <icon>delete.png</icon>
      <displayin>list</displayin>
      <actionout>delete</actionout>
      <displayout>form</displayout>
      <position>R</position>
      <forminname type="comment">flink</forminname>
      <formoutname type="comment">flink</formoutname>
    </link>
    <link>
      <formin>1</formin>
      <formout>1</formout>
      <action>view</action>
      <icon>view.png</icon>
      <displayin>list</displayin>
      <actionout>view</actionout>
      <displayout>form</displayout>
      <position>R</position>
      <forminname type="comment">flink</forminname>
      <formoutname type="comment">flink</formoutname>
    </link>
    <link>
      <formin>1</formin>
      <formout>1</formout>
      <action>add</action>
      <icon>add.png</icon>
      <displayin>list</displayin>
      <actionout>add</actionout>
      <displayout>form</displayout>
      <position>R</position>
      <forminname type="comment">flink</forminname>
      <formoutname type="comment">flink</formoutname>
    </link>
  </form>
  <form formname="frole">
    <link>
      <formin>2</formin>
      <formout>2</formout>
      <action>edit</action>
      <icon>edit.png</icon>
      <displayin>list</displayin>
      <actionout>edit</actionout>
      <displayout>form</displayout>
      <position>R</position>
      <forminname type="comment">frole</forminname>
      <formoutname type="comment">frole</formoutname>
    </link>
    <link>
      <formin>2</formin>
      <formout>2</formout>
      <action>delete</action>
      <icon>delete.png</icon>
      <displayin>list</displayin>
      <actionout>delete</actionout>
      <displayout>form</displayout>
      <position>R</position>
      <forminname type="comment">frole</forminname>
      <formoutname type="comment">frole</formoutname>
    </link>
    <link>
      <formin>2</formin>
      <formout>2</formout>
      <action>view</action>
      <icon>view.png</icon>
      <displayin>list</displayin>
      <actionout>view</actionout>
      <displayout>form</displayout>
      <position>R</position>
      <forminname type="comment">frole</forminname>
      <formoutname type="comment">frole</formoutname>
    </link>
    <link>
      <formin>2</formin>
      <formout>2</formout>
      <action>add</action>
      <icon>add.png</icon>
      <displayin>list</displayin>
      <actionout>add</actionout>
      <displayout>form</displayout>
      <position>R</position>
      <forminname type="comment">frole</forminname>
      <formoutname type="comment">frole</formoutname>
    </link>
  </form>
  <form formname="faccess">
    <link>
      <formin>3</formin>
      <formout>3</formout>
      <action>edit</action>
      <icon>edit.png</icon>
      <displayin>list</displayin>
      <actionout>edit</actionout>
      <displayout>form</displayout>
      <position>R</position>
      <forminname type="comment">faccess</forminname>
      <formoutname type="comment">faccess</formoutname>
    </link>
    <link>
      <formin>3</formin>
      <formout>3</formout>
      <action>delete</action>
      <icon>delete.png</icon>
      <displayin>list</displayin>
      <actionout>delete</actionout>
      <displayout>form</displayout>
      <position>R</position>
      <forminname type="comment">faccess</forminname>
      <formoutname type="comment">faccess</formoutname>
    </link>
    <link>
      <formin>3</formin>
      <formout>3</formout>
      <action>view</action>
      <icon>view.png</icon>
      <displayin>list</displayin>
      <actionout>view</actionout>
      <displayout>form</displayout>
      <position>R</position>
      <forminname type="comment">faccess</forminname>
      <formoutname type="comment">faccess</formoutname>
    </link>
    <link>
      <formin>3</formin>
      <formout>3</formout>
      <action>add</action>
      <icon>add.png</icon>
      <displayin>list</displayin>
      <actionout>add</actionout>
      <displayout>form</displayout>
      <position>R</position>
      <forminname type="comment">faccess</forminname>
      <formoutname type="comment">faccess</formoutname>
    </link>
  </form>
</links>
