<?xml version="1.0" encoding="UTF-8"?>
<!DOCTYPE TEI PUBLIC "-// NSL Norge //EN" "http://www.bokselskap.no/tekstkoding/NSL_tei_xinclude.dtd">
<TEI xmlns:xsi="http://www.w3.org/2001/XMLSchema-instance" xml:id="Publiseringsliste">
<teiHeader>
<fileDesc>
<titleStmt>
<title rend="italic">bokselskap.no: Publiseringsliste pr. 23.01.15</title>
</titleStmt>
<publicationStmt><p>bokselskap.no 2015</p></publicationStmt>
<sourceDesc><p/></sourceDesc>
</fileDesc>
<revisionDesc>
<change who="ENW" when="2015-01-23">Oppdatert listen.</change>
<change who="ENW" when="2015-01-05">Oppdatert listen.</change>
<change who="ENW" when="2014-11-21">Oppdatert listen + lagt inn utgiver og år.</change>
<change xml:id="ENW" who="ENW" when="2014-08-08">XML-koding.</change>
</revisionDesc>
</teiHeader>
<text xml:id="Publiseringsliste_20141121">
<body>
<div>
<head>bokselskap.no: Publiseringsliste (pr. 23.01.15)</head>
<list>
<item><ref type="external" target="http://www.bokselskap.no/boker/nordvestpassagen"><name type="author">Amundsen, Roald</name>: <title rend="italic">Nordvestpassagen</title>, <name type="publisher">bokselskap.no</name>, <date>2014</date></ref></item>
<item><ref type="external" target="http://www.bokselskap.no/boker/vikinger"><name type="author">Angell, Henrik</name>: <title rend="italic">Vikinger og Skrællinger paa Bygdø</title>, <name type="publisher">bokselskap.no</name>, <date>2015</date></ref></item>
<item><ref type="external" target="http://www.bokselskap.no/boker/folkeeventyr"><name type="author">Asbjørnsen &#x0026; Moe</name>: <title rend="italic">Utvalgte eventyr</title>, <name type="publisher">bokselskap.no</name>, <date>2011</date></ref></item>
<item><ref type="external" target="http://www.bokselskap.no/boker/huldreeventyr"><name type="author">Asbjørnsen, Peter Chr.</name>: <title rend="italic">Norske Huldreeventyr og Folkesagn</title>, <name type="publisher">bokselskap.no/Det norske språk- og litteraturselskap</name>, <date>2010</date></ref></item>
<item><ref type="external" target="http://www.bokselskap.no/boker/1814kilder"><title rend="italic">"… at ryste en Consitution du af Ermen"</title>, <name type="publisher">bokselskap.no/Nasjonalbiblioteket</name>, <date>2014</date></ref></item>
<item><ref type="external" target="http://www.bokselskap.no/boker/aukrustdikt"><name type="author">Aukrust, Olav</name>: <title rend="italic">Utvalgte dikt</title>, <name type="publisher">bokselskap.no</name>, <date>2011</date></ref></item>
<item><ref type="external" target="http://www.bokselskap.no/boker/absalonsdagbok"><name type="author">Beyer, Absalon Pederssøn</name>: <title rend="italic">Dagbok 1552-72</title>, <name type="publisher">bokselskap.no/Det norske språk- og litteraturselskap</name>, <date>2010</date></ref></item>
<item><ref type="external" target="http://www.bokselskap.no/boker/orationommestergeble"><name type="author">Beyer, Absalon Pederssøn</name>: <title rend="italic">Oration om Mester Geble</title>, <name type="publisher">bokselskap.no/Det norske språk- og litteraturselskap</name>, <date>2010</date></ref></item>
<item><ref type="external" target="http://www.bokselskap.no/boker/arne"><name type="author">Bjørnson, Bjørnstjerne</name>: <title rend="italic">Arne</title>, <name type="publisher">bokselskap.no</name>, <date>2012</date></ref></item>
<item><ref type="external" target="http://www.bokselskap.no/boker/bjornsonsbrevveksling"><name type="author">Bjørnson, Bjørnstjerne</name>: <title rend="italic">Brevveksling med danske 1857-74</title>, <name type="publisher">bokselskap.no/Det norske språk- og litteraturselskap</name>, <date>2010</date></ref></item>
<item><ref type="external" target="http://www.bokselskap.no/boker/engladgut"><name type="author">Bjørnson, Bjørnstjerne</name>: <title rend="italic">En glad Gut</title>, <name type="publisher">bokselskap.no</name>, <date>2010</date></ref></item>
<item><ref type="external" target="http://www.bokselskap.no/boker/faderen"><name type="author">Bjørnson, Bjørnstjerne</name>: <title rend="italic">Faderen</title>, <name type="publisher">bokselskap.no</name>, <date>2011</date></ref></item>
<item><ref type="external" target="http://www.bokselskap.no/boker/synnovesolbakken"><name type="author">Bjørnson, Bjørnstjerne</name>: <title rend="italic">Synnøve Solbakken</title>, <name type="publisher">bokselskap.no/Det norske språk- og litteraturselskap</name>, <date>2010</date></ref></item>
<item><ref type="external" target="http://www.bokselskap.no/boker/bjornsondikt"><name type="author">Bjørnson, Bjørnstjerne</name>: <title rend="italic">Utvalgte dikt</title>, <name type="publisher">bokselskap.no</name>, <date>2011</date></ref></item>
<item><ref type="external" target="http://www.bokselskap.no/boker/einertambeskielver"><name type="author">Brun, Johan Nordahl</name>: <title rend="italic">Einer Tambeskielver</title>, <name type="publisher">bokselskap.no/Det norske språk- og litteraturselskap</name>, <date>2010</date></ref></item>
<item><ref type="external" target="http://www.bokselskap.no/boker/brundikt"><name type="author">Brun, Johan Nordahl</name>: <title rend="italic">Utvalgte dikt</title>, <name type="publisher">bokselskap.no</name>, <date>2011</date></ref></item>
<item><ref type="external" target="http://www.bokselskap.no/boker/bulldikt"><name type="author">Bull, Olaf</name>: <title rend="italic">Utvalgte dikt</title>, <name type="publisher">bokselskap.no</name>, <date>2011</date></ref></item>
<item><ref type="external" target="http://www.bokselskap.no/boker/ad1utg"><name type="author">Collett, Camilla</name>: <title rend="italic">Amtmandens Døttre (1854/55)</title>, <name type="publisher">bokselskap.no/Det norske språk- og litteraturselskap</name>, <date>2013</date></ref></item>
<item><ref type="external" target="http://www.bokselskap.no/boker/ad3utg"><name type="author">Collett, Camilla</name>: <title rend="italic">Amtmandens Døtre (1879)</title>, <name type="publisher">bokselskap.no/Det norske språk- og litteraturselskap</name>, <date>2013</date></ref></item>
<item><ref type="external" target="http://www.bokselskap.no/boker/collettbrevibsen"><name type="author">Collett, Camilla</name>: <title rend="italic">Brev til henrik og Susanna Ibsen</title>, <name type="publisher">bokselskap.no/Nasjonalbiblioteket</name>, <date>2014</date></ref></item>
<item><ref type="external" target="http://www.bokselskap.no/boker/fradestummesleir"><name type="author">Collett, Camilla</name>: <title rend="italic">Fra de Stummes Leir</title>, <name type="publisher">bokselskap.no</name>, <date>2013</date></ref></item>
<item><ref type="external" target="http://www.bokselskap.no/boker/modstrommen1"><name type="author">Collett, Camilla</name>: <title rend="italic">Mod Strømmen, Anden rekke</title>, <name type="publisher">bokselskap.no</name>, <date>2013</date></ref></item>
<item><ref type="external" target="http://www.bokselskap.no/boker/modstrommen2"><name type="author">Collett, Camilla</name>: <title rend="italic">Mod Strømmen, Første Række</title>, <name type="publisher">bokselskap.no</name>, <date>2013</date></ref></item>
<item><ref type="external" target="http://www.bokselskap.no/boker/ottedage"><name type="author">Collett, Camilla</name>: <title rend="italic">Otte Dage i Hamburg</title>, <name type="publisher">bokselskap.no</name>, <date>2013/2014</date></ref></item>
<item><ref type="external" target="http://www.bokselskap.no/boker/strikketoisbetragtninger"><name type="author">Collett, Camilla</name>: <title rend="italic">Strikketøisbetragtninger</title>, <name type="publisher">bokselskap.no</name>, <date>2013</date></ref></item>
<item><ref type="external" target="http://www.bokselskap.no/boker/denandensang"><name type="author">Dass, Petter</name>: <title rend="italic">Herre Gud! dit dyre Navn og Ære</title>, <name type="publisher">bokselskap.no/Det norske språk- og litteraturselskap</name>, <date>2011</date></ref></item>
<item><ref type="external" target="http://www.bokselskap.no/boker/katekismesanger"><name type="author">Dass, Petter</name>: <title rend="italic">Katekismesanger</title>, <name type="publisher">bokselskap.no/Det norske språk- og litteraturselskap</name>, <date>2013</date></ref></item>
<item><ref type="external" target="http://www.bokselskap.no/boker/vaerhilset"><name type="author">Dass, Petter</name>: <title rend="italic">Vær hilset I Nordlands bebyggende Mænd</title>, <name type="publisher">bokselskap.no/Det norske språk- og litteraturselskap</name>, <date>2011</date></ref></item>
<item><ref type="external" target="http://www.bokselskap.no/boker/medmenneske"><name type="author">Duun, Olav</name>: <title rend="italic">Medmenneske</title>, <name type="publisher">bokselskap.no</name>, <date>2014</date></ref></item>
<item><ref type="external" target="http://www.bokselskap.no/boker/menneskeogmaktene"><name type="author">Duun, Olav</name>: <title rend="italic">Menneske og maktene</title>, <name type="publisher">bokselskap.no/Det norske språk- og litteraturselskap</name>, <date>2010</date></ref></item>
<item><ref type="external" target="http://www.bokselskap.no/boker/ragnhild"><name type="author">Duun, Olav</name>: <title rend="italic">Ragnhild</title>, <name type="publisher">bokselskap.no</name>, <date>2014</date></ref></item>
<item><ref type="external" target="http://www.bokselskap.no/boker/sisteleveare"><name type="author">Duun, Olav</name>: <title rend="italic">Siste leveåre</title>, <name type="publisher">bokselskap.no</name>, <date>2014</date></ref></item>
<item><ref type="external" target="http://www.bokselskap.no/boker/bergsbok"><title rend="italic">Eit gammalt utdrag or Bergsbok</title>, <name type="publisher">bokselskap.no/Det norske språk- og litteraturselskap</name>, <date>2011</date></ref></item>
<item><ref type="external" target="http://www.bokselskap.no/boker/siaelenssangoffer"><name type="author">Engelbretsdatter, Dorothe</name>: <title rend="italic">Siælens Sang-Offer</title>, <name type="publisher">bokselskap.no/Det norske språk- og litteraturselskap</name>, <date>2010</date></ref></item>
<item><ref type="external" target="http://www.bokselskap.no/boker/taareoffer"><name type="author">Engelbretsdatter, Dorothe</name>: <title rend="italic">Taare-Offer</title>, <name type="publisher">bokselskap.no/Det norske språk- og litteraturselskap</name>, <date>2010</date></ref></item>
<item><ref type="external" target="http://www.bokselskap.no/boker/fastingartikler"><name type="author">Fasting, Claus</name>: <title rend="italic">Utvalgte artikler</title>, <name type="publisher">bokselskap.no/Det norske språk- og litteraturselskap</name>, <date>2011/2012/2014</date></ref></item>
<item><ref type="external" target="http://www.bokselskap.no/boker/fastingdikt"><name type="author">Fasting, Claus</name>: <title rend="italic">Utvalgte dikt</title>, <name type="publisher">bokselskap.no/Det norske språk- og litteraturselskap</name>, <date>2011/2012</date></ref></item>
<item><ref type="external" target="http://www.bokselskap.no/boker/bondestudentar"><name type="author">Garborg, Arne</name>: <title rend="italic">Bondestudentar</title>, <name type="publisher">bokselskap.no</name>, <date>2011</date></ref></item>
<item><ref type="external" target="http://www.bokselskap.no/boker/hannawinsnes"><name type="author">Garborg, Arne</name>: <title rend="italic">Hanna Winsnes's kogebog</title>, <name type="publisher">bokselskap.no</name>, <date>2011</date></ref></item>
<item><ref type="external" target="http://www.bokselskap.no/boker/haugtussa"><name type="author">Garborg, Arne</name>: <title rend="italic">Haugtussa</title>, <name type="publisher">bokselskap.no/Det norske språk- og litteraturselskap</name>, <date>2010</date></ref></item>
<item><ref type="external" target="http://www.bokselskap.no/boker/mannfolk"><name type="author">Garborg, Arne</name>: <title rend="italic">Mannfolk</title>, <name type="publisher">bokselskap.no</name>, <date>2012</date></ref></item>
<item><ref type="external" target="http://www.bokselskap.no/boker/fritforhold"><name type="author">Garborg, Hulda</name>: <title rend="italic">Et frit Forhold</title>, <name type="publisher">bokselskap.no</name>, <date>2012</date></ref></item>
<item><ref type="external" target="http://www.bokselskap.no/boker/fruevasdagbog"><name type="author">Garborg, Hulda</name>: <title rend="italic">Fru Evas dagbok</title>, <name type="publisher">bokselskap.no/HIOA</name>, <date>2013</date></ref></item>
<item><ref type="external" target="http://www.bokselskap.no/boker/friheten"><name type="author">Grieg, Nordahl</name>: <title rend="italic">Friheten</title>, <name type="publisher">bokselskap.no/Bergen Offentlige Bibliotek</name>, <date>2014</date></ref></item>
<item><ref type="external" target="http://www.bokselskap.no/boker/haabet"><name type="author">Grieg, Nordahl</name>: <title rend="italic">Håbet</title>, <name type="publisher">bokselskap.no/Bergen Offentlige Bibliotek</name>, <date>2014</date></ref></item>
<item><ref type="external" target="http://www.bokselskap.no/boker/norgehjerter"><name type="author">Grieg, Nordahl</name>: <title rend="italic">Norge i våre hjerter</title>, <name type="publisher">bokselskap.no/Bergen Offentlige Bibliotek</name>, <date>2014</date></ref></item>
<item><ref type="external" target="http://www.bokselskap.no/boker/rundtkap"><name type="author">Grieg, Nordahl</name>: <title rend="italic">Rundt Kap det gode Haab</title>, <name type="publisher">bokselskap.no/Bergen Offentlige Bibliotek</name>, <date>2014</date></ref></item>
<item><ref type="external" target="http://www.bokselskap.no/boker/steneistrommen"><name type="author">Grieg, Nordahl</name>: <title rend="italic">Stene i strømmen</title>, <name type="publisher">bokselskap.no/Bergen Offentlige Bibliotek</name>, <date>2014</date></ref></item>
<item><ref type="external" target="http://www.bokselskap.no/boker/hamarkroniken"><title rend="italic">Hamarkrøniken</title>, <name type="publisher">bokselskap.no/Det norske språk- og litteraturselskap</name>, <date>2012</date></ref></item>
<item><ref type="external" target="http://www.bokselskap.no/boker/luren"><name type="author">Hansen, Maurits C.</name>: <title rend="italic">Luren</title>, <name type="publisher">bokselskap.no</name>, <date>2012</date></ref></item>
<item><ref type="external" target="http://www.bokselskap.no/boker/roolfsen"><name type="author">Hansen, Maurits C.</name>: <title rend="italic">Mordet paa Maskinbygger Roolfsen</title>, <name type="publisher">bokselskap.no</name>, <date>2014</date></ref></item>
<item><ref type="external" target="http://www.bokselskap.no/boker/novellen"><name type="author">Hansen, Maurits C.</name>: <title rend="italic">Novellen</title>, <name type="publisher">bokselskap.no</name>, <date>2012</date></ref></item>
<item><ref type="external" target="http://www.bokselskap.no/boker/erasmus"><name type="author">Holberg, Ludvig</name>: <title rend="italic">Den Politiske Kandstøber</title>, <name type="publisher">bokselskap.no/Ludvig Holbergs Skrifter</name>, <date>2014</date></ref></item>
<item><ref type="external" target="http://www.bokselskap.no/boker/erasmus"><name type="author">Holberg, Ludvig</name>: <title rend="italic">Erasmus Montanus</title>, <name type="publisher">bokselskap.no/Ludvig Holbergs Skrifter</name>, <date>2012</date></ref></item>
<item><ref type="external" target="http://www.bokselskap.no/boker/jeppe"><name type="author">Holberg, Ludvig</name>: <title rend="italic">Jeppe paa Bierget</title>, <name type="publisher">bokselskap.no/Ludvig Holbergs Skrifter</name>, <date>2012</date></ref></item>
<item><ref type="external" target="http://www.bokselskap.no/boker/brand"><name type="author">Ibsen, Henrik</name>: <title rend="italic">Brand</title>, <name type="publisher">bokselskap.no/Henrik Ibsens skrifter</name>, <date>2012</date></ref></item>
<item><ref type="external" target="http://www.bokselskap.no/boker/ibsenbrevcollett"><name type="author">Ibsen, Henrik</name>: <title rend="italic">Brev til Camilla Collett</title>, <name type="publisher">bokselskap.no/Henrik Ibsens skrifter</name>, <date>2013</date></ref></item>
<item><ref type="external" target="http://www.bokselskap.no/boker/ibsenbrevlie"><name type="author">Ibsen, Henrik</name>: <title rend="italic">Brev til Jonas Lie</title>, <name type="publisher">bokselskap.no/Henrik Ibsens skrifter</name>, <date>2012</date></ref></item>
<item><ref type="external" target="http://www.bokselskap.no/boker/ibsenbrevbjornson"><name type="author">Ibsen, Henrik</name>: <title rend="italic">Brev til Bjørnstjerne Bjørnson</title>, <name type="publisher">bokselskap.no/Henrik Ibsens skrifter</name>, <date>2014</date></ref></item>
<item><ref type="external" target="http://www.bokselskap.no/boker/bygmester"><name type="author">Ibsen, Henrik</name>: <title rend="italic">Bygmester Solness</title>, <name type="publisher">bokselskap.no/Henrik Ibsens skrifter</name>, <date>2012</date></ref></item>
<item><ref type="external" target="http://www.bokselskap.no/boker/ibsen_digte"><name type="author">Ibsen, Henrik</name>: <title rend="italic">Digte</title>, <name type="publisher">bokselskap.no/Henrik Ibsens skrifter</name>, <date>2014</date></ref></item>
<item><ref type="external" target="http://www.bokselskap.no/boker/folkefiende"><name type="author">Ibsen, Henrik</name>: <title rend="italic">En folkefiende</title>, <name type="publisher">bokselskap.no/Henrik Ibsens skrifter</name>, <date>2011</date></ref></item>
<item><ref type="external" target="http://www.bokselskap.no/boker/dukkehjem"><name type="author">Ibsen, Henrik</name>: <title rend="italic">Et dukkehjem</title>, <name type="publisher">bokselskap.no/Henrik Ibsens skrifter</name>, <date>2011</date></ref></item>
<item><ref type="external" target="http://www.bokselskap.no/boker/fruenfrahavet"><name type="author">Ibsen, Henrik</name>: <title rend="italic">Fruen fra havet</title>, <name type="publisher">bokselskap.no/Henrik Ibsens skrifter</name>, <date>2013</date></ref></item>
<item><ref type="external" target="http://www.bokselskap.no/boker/gengangere"><name type="author">Ibsen, Henrik</name>: <title rend="italic">Gengangere</title>, <name type="publisher">bokselskap.no/Henrik Ibsens skrifter</name>, <date>2011</date></ref></item>
<item><ref type="external" target="http://www.bokselskap.no/boker/hedda"><name type="author">Ibsen, Henrik</name>: <title rend="italic">Hedda Gabler</title>, <name type="publisher">bokselskap.no/Henrik Ibsens skrifter</name>, <date>2012</date></ref></item>
<item><ref type="external" target="http://www.bokselskap.no/boker/peergynt"><name type="author">Ibsen, Henrik</name>: <title rend="italic">Peer Gynt</title>, <name type="publisher">bokselskap.no/Henrik Ibsens skrifter</name>, <date>2011</date></ref></item>
<item><ref type="external" target="http://www.bokselskap.no/boker/rosmersholm"><name type="author">Ibsen, Henrik</name>: <title rend="italic">Rosmersholm</title>, <name type="publisher">bokselskap.no/Henrik Ibsens skrifter</name>, <date>2012</date></ref></item>
<item><ref type="external" target="http://www.bokselskap.no/boker/terjevigen"><name type="author">Ibsen, Henrik</name>: <title rend="italic">Terje Vigen</title>, <name type="publisher">bokselskap.no</name>, <date>2011</date></ref></item>
<item><ref type="external" target="http://www.bokselskap.no/boker/todikt"><name type="author">Ibsen, Henrik</name>: <title rend="italic">To dikt</title>, <name type="publisher">bokselskap.no</name>, <date>2010</date></ref></item>
<item><ref type="external" target="http://www.bokselskap.no/boker/vildanden"><name type="author">Ibsen, Henrik</name>: <title rend="italic">Vildanden</title>, <name type="publisher">bokselskap.no/Henrik Ibsens skrifter</name>, <date>2011</date></ref></item>
<item><ref type="external" target="http://www.bokselskap.no/boker/kristianiabohemen"><name type="author">Jæger, Hans</name>: <title rend="italic">Fra Kristiania-bohêmen</title>, <name type="publisher">bokselskap.no</name>, <date>2012</date></ref></item>
<item><ref type="external" target="http://www.bokselskap.no/boker/brukshistorier"><name type="author">Jølsen, Ragnhild</name>: <title rend="italic">Brukshistorier</title>, <name type="publisher">bokselskap.no</name>, <date>2012</date></ref></item>
<item><ref type="external" target="http://www.bokselskap.no/boker/rikkagan"><name type="author">Jølsen, Ragnhild</name>: <title rend="italic">Rikka Gan</title>, <name type="publisher">bokselskap.no</name>, <date>2011</date></ref></item>
<item><ref type="external" target="http://www.bokselskap.no/boker/skipperworse"><name type="author">Kielland, Alexander L. </name>: <title rend="italic">Skipper Worse</title>, <name type="publisher">bokselskap.no</name>, <date>2013</date></ref></item>
<item><ref type="external" target="http://www.bokselskap.no/boker/brev18691906"><name type="author">Kielland, Alexander L.</name>: <title rend="italic">Brev 1869-1906</title>, <name type="publisher">bokselskap.no/Det norske språk- og litteraturselskap</name>, <date>2010</date></ref></item>
<item><ref type="external" target="http://www.bokselskap.no/boker/garmanogworse"><name type="author">Kielland, Alexander L.</name>: <title rend="italic">Garman &#x0026; Worse</title>, <name type="publisher">bokselskap.no</name>, <date>2013</date></ref></item>
<item><ref type="external" target="http://www.bokselskap.no/boker/novelletter"><name type="author">Kielland, Alexander L.</name>: <title rend="italic">Novelletter</title>, <name type="publisher">bokselskap.no</name>, <date>2011</date></ref></item>
<item><ref type="external" target="http://www.bokselskap.no/boker/nyenovelletter"><name type="author">Kielland, Alexander L.</name>: <title rend="italic">Nye Novelletter</title>, <name type="publisher">bokselskap.no</name>, <date>2012</date></ref></item>
<item><ref type="external" target="http://www.bokselskap.no/boker/tonovelletterdanmark"><name type="author">Kielland, Alexander L.</name>: <title rend="italic">To Novelletter fra Danmark</title>, <name type="publisher">bokselskap.no</name>, <date>2011</date></ref></item>
<item><ref type="external" target="http://www.bokselskap.no/boker/gift"><name type="author">Kielland, Alexander L.</name>: <title rend="italic">Gift</title>, <name type="publisher">bokselskap.no</name>, <date>2013</date></ref></item>
<item><ref type="external" target="http://www.bokselskap.no/boker/fortuna"><name type="author">Kielland, Alexander L.</name>: <title rend="italic">Fortuna</title>, <name type="publisher">bokselskap.no</name>, <date>2013</date></ref></item>
<item><ref type="external" target="http://www.bokselskap.no/boker/sankthansfest"><name type="author">Kielland, Alexander L.</name>: <title rend="italic">Sankt Hans Fest</title>, <name type="publisher">bokselskap.no/HIOA</name>, <date>2013</date></ref></item>
<item><ref type="external" target="http://www.bokselskap.no/boker/flaggermusvinger"><name type="author">Kinck, Hans E.</name>: <title rend="italic">Flaggermus-vinger</title>, <name type="publisher">bokselskap.no</name>, <date>2011</date></ref></item>
<item><ref type="external" target="http://www.bokselskap.no/boker/nordlandsliv"><name type="author">Klæbo, Jon</name>: <title rend="italic">Nordlandsliv</title>, <name type="publisher">bokselskap.no/Det norske språk- og litteraturselskap</name>, <date>2013</date></ref></item>
<item><ref type="external" target="http://www.bokselskap.no/boker/kragdikt"><name type="author">Krag, Vilhelm</name>: <title rend="italic">Utvalgte dikt</title>, <name type="publisher">bokselskap.no</name>, <date>2012</date></ref></item>
<item><ref type="external" target="http://www.bokselskap.no/boker/albertine"><name type="author">Krohg, Christian</name>: <title rend="italic">Albertine</title>, <name type="publisher">bokselskap.no</name>, <date>2014</date></ref></item>
<item><ref type="external" target="http://www.bokselskap.no/boker/familienpaagilje"><name type="author">Lie, Jonas</name>: <title rend="italic">Familien paa Gilje</title>, <name type="publisher">bokselskap.no</name>, <date>2011</date></ref></item>
<item><ref type="external" target="http://www.bokselskap.no/boker/kommandorensdottre"><name type="author">Lie, Jonas</name>: <title rend="italic">Kommandørens Døttre</title>, <name type="publisher">bokselskap.no</name>, <date>2011</date></ref></item>
<item><ref type="external" target="http://www.bokselskap.no/boker/udmeldtafklubben"><name type="author">Lie, Jonas</name>: <title rend="italic">Udmeldt af Klubben</title>, <name type="publisher">bokselskap.no/Det norske språk- og litteraturselskap</name>, <date>2010</date></ref></item>
<item><ref type="external" target="http://www.bokselskap.no/boker/paasjolvstyr"><name type="author">Lølnad, Rasmus</name>: <title rend="italic">Paa sjølvstyr</title>, <name type="publisher">bokselskap.no</name>, <date>2015</date></ref></item>
<item><ref type="external" target="http://www.bokselskap.no/boker/mesterenframore"><title rend="italic">Mesteren fra Møre</title>, <name type="publisher">bokselskap.no/Det norske språk- og litteraturselskap</name>, <date>2010</date></ref></item>
<item><ref type="external" target="http://www.bokselskap.no/boker/brondenbronden"><name type="author">Moe, Jørgen</name>: <title rend="italic">I Brønden og i Tjernet</title>, <name type="publisher">bokselskap.no</name>, <date>2011</date></ref></item>
<item><ref type="external" target="http://www.bokselskap.no/boker/moedikt"><name type="author">Moe, Jørgen</name>: <title rend="italic">Utvalgte dikt</title>, <name type="publisher">bokselskap.no</name>, <date>2011</date></ref></item>
<item><ref type="external" target="http://www.bokselskap.no/boker/nilsendikt"><name type="author">Nilsen, Rudolf</name>: <title rend="italic">Utvalgte dikt</title>, <name type="publisher">bokselskap.no</name>, <date>2011</date></ref></item>
<item><ref type="external" target="http://www.bokselskap.no/boker/krabvaag"><name type="author">Normann, Regine</name>: <title rend="italic">Krabvaag</title>, <name type="publisher">bokselskap.no/Det norske språk- og litteraturselskap</name>, <date>2011</date></ref></item>
<item><ref type="external" target="http://www.bokselskap.no/boker/agnete"><title rend="italic">Norske mellomalderballadar: Agnete og havmannen</title>, <name type="publisher">bokselskap.no/Nasjonalbiblioteket</name>, <date>2014</date></ref></item>
<item><ref type="external" target="http://www.bokselskap.no/boker/alvioresund"><title rend="italic">Norske mellomalderballadar: Alv ligg i Øresund</title>, <name type="publisher">bokselskap.no/Norsk visearkiv</name>, <date>2013</date></ref></item>
<item><ref type="external" target="http://www.bokselskap.no/boker/asaliborg"><title rend="italic">Norske mellomalderballadar: Asaliborg</title>, <name type="publisher">bokselskap.no/Norsk visearkiv</name>, <date>2012</date></ref></item>
<item><ref type="external" target="http://www.bokselskap.no/boker/asbjornoglitikjersti"><title rend="italic">Norske mellomalderballadar: Asbjørn og liti Kjersti</title>, <name type="publisher">bokselskap.no/Norsk visearkiv</name>, <date>2013</date></ref></item>
<item><ref type="external" target="http://www.bokselskap.no/boker/beltevisa"><title rend="italic">Norske mellomalderballadar: Beltevisa</title>, <name type="publisher">bokselskap.no/Norsk visearkiv</name>, <date>2012</date></ref></item>
<item><ref type="external" target="http://www.bokselskap.no/boker/bendikogvidemoy"><title rend="italic">Norske mellomalderballadar: Bendik og Videmøy / Brur vik for frilla</title>, <name type="publisher">bokselskap.no/Norsk visearkiv</name>, <date>2012</date></ref></item>
<item><ref type="external" target="http://www.bokselskap.no/boker/bergeliten"><title rend="italic">Norske mellomalderballadar: Bergeliten bondeson</title>, <name type="publisher">bokselskap.no/Norsk visearkiv</name>, <date>2012</date></ref></item>
<item><ref type="external" target="http://www.bokselskap.no/boker/bondenogleigejenta"><title rend="italic">Norske mellomalderballadar: Bonden og leigejenta</title>, <name type="publisher">bokselskap.no/Norsk visearkiv</name>, <date>2012</date></ref></item>
<item><ref type="external" target="http://www.bokselskap.no/boker/dalbybjorn"><title rend="italic">Norske mellomalderballadar: Dalby Bjørn</title>, <name type="publisher">bokselskap.no/Nasjonalbiblioteket</name>, <date>2014</date></ref></item>
<item><ref type="external" target="http://www.bokselskap.no/boker/denhuslegebonden"><title rend="italic">Norske mellomalderballadar: Den huslege bonden</title>, <name type="publisher">bokselskap.no/Norsk visearkiv</name>, <date>2012</date></ref></item>
<item><ref type="external" target="http://www.bokselskap.no/boker/densjukebrura"><title rend="italic">Norske mellomalderballadar: Den sjuke brura</title>, <name type="publisher">bokselskap.no/Norsk visearkiv</name>, <date>2012</date></ref></item>
<item><ref type="external" target="http://www.bokselskap.no/boker/denutrueektemannen"><title rend="italic">Norske mellomalderballadar: Den utrue ektemannen</title>, <name type="publisher">bokselskap.no/Norsk visearkiv</name>, <date>2012</date></ref></item>
<item><ref type="external" target="http://www.bokselskap.no/boker/denvarslandefuglen"><title rend="italic">Norske mellomalderballadar: Den varslande fuglen</title>, <name type="publisher">bokselskap.no/Nasjonalbiblioteket</name>, <date>2014</date></ref></item>
<item><ref type="external" target="http://www.bokselskap.no/boker/denvisekvinna"><title rend="italic">Norske mellomalderballadar: Den vise kvinna</title>, <name type="publisher">bokselskap.no/Nasjonalbiblioteket</name>, <date>2014</date></ref></item>
<item><ref type="external" target="http://www.bokselskap.no/boker/detfarlegenatteleie"><title rend="italic">Norske mellomalderballadar: Det farlege natteleie</title>, <name type="publisher">bokselskap.no/Norsk visearkiv</name>, <date>2012</date></ref></item>
<item><ref type="external" target="http://www.bokselskap.no/boker/draugen"><title rend="italic">Norske mellomalderballadar: Draugen</title>, <name type="publisher">bokselskap.no/Norsk visearkiv</name>, <date>2012</date></ref></item>
<item><ref type="external" target="http://www.bokselskap.no/boker/dagmarogstrange"><title rend="italic">Norske mellomalderballadar: Dronning Dagmar og junker Strange</title>, <name type="publisher">bokselskap.no/Norsk visearkiv</name>, <date>2013</date></ref></item>
<item><ref type="external" target="http://www.bokselskap.no/boker/dronningdagmar"><title rend="italic">Norske mellomalderballadar: Dronning Dagmars død</title>, <name type="publisher">bokselskap.no/Norsk visearkiv</name>, <date>2013</date></ref></item>
<item><ref type="external" target="http://www.bokselskap.no/boker/dronningmargrete"><title rend="italic">Norske mellomalderballadar: Dronning Margrete</title>, <name type="publisher">bokselskap.no/Norsk visearkiv</name>, <date>2013</date></ref></item>
<item><ref type="external" target="http://www.bokselskap.no/boker/ebbeskammelsson"><title rend="italic">Norske mellomalderballadar: Ebbe Skammelsson</title>, <name type="publisher">bokselskap.no/Norsk visearkiv</name>, <date>2012</date></ref></item>
<item><ref type="external" target="http://www.bokselskap.no/boker/elvarhoy"><title rend="italic">Norske mellomalderballadar: Elvarhøy</title>, <name type="publisher">bokselskap.no/Norsk visearkiv</name>, <date>2012</date></ref></item>
<item><ref type="external" target="http://www.bokselskap.no/boker/falvor"><title rend="italic">Norske mellomalderballadar: Falkvor Lommannsson</title>, <name type="publisher">bokselskap.no/Norsk visearkiv</name>, <date>2013</date></ref></item>
<item><ref type="external" target="http://www.bokselskap.no/boker/fusentass"><title rend="italic">Norske mellomalderballadar: Fusentass</title>, <name type="publisher">bokselskap.no/Norsk visearkiv</name>, <date>2012</date></ref></item>
<item><ref type="external" target="http://www.bokselskap.no/boker/gjurdeborgegreven"><title rend="italic">Norske mellomalderballadar: Gjurde borgegreven</title>, <name type="publisher">bokselskap.no/Norsk visearkiv</name>, <date>2013</date></ref></item>
<item><ref type="external" target="http://www.bokselskap.no/boker/gunseli"><title rend="italic">Norske mellomalderballadar: Greven for Gunseli</title>, <name type="publisher">bokselskap.no/Norsk visearkiv</name>, <date>2012</date></ref></item>
<item><ref type="external" target="http://www.bokselskap.no/boker/gutenogjenta"><title rend="italic">Norske mellomalderballadar: Guten og jenta raka høy</title>, <name type="publisher">bokselskap.no/Norsk visearkiv</name>, <date>2012</date></ref></item>
<item><ref type="external" target="http://www.bokselskap.no/boker/hake"><title rend="italic">Norske mellomalderballadar: Hake og bergmannen</title>, <name type="publisher">bokselskap.no/Norsk visearkiv</name>, <date>2012</date></ref></item>
<item><ref type="external" target="http://www.bokselskap.no/boker/harpespelaren"><title rend="italic">Norske mellomalderballadar: Harpespelaren</title>, <name type="publisher">bokselskap.no/Norsk visearkiv</name>, <date>2012</date></ref></item>
<item><ref type="external" target="http://www.bokselskap.no/boker/heiemo"><title rend="italic">Norske mellomalderballadar: Heiemo og nøkken</title>, <name type="publisher">bokselskap.no/Nasjonalbiblioteket</name>, <date>2014</date></ref></item>
<item><ref type="external" target="http://www.bokselskap.no/boker/byrting"><title rend="italic">Norske mellomalderballadar: Herr Byrting og elvekvinna</title>, <name type="publisher">bokselskap.no/Nasjonalbiblioteket</name>, <date>2014</date></ref></item>
<item><ref type="external" target="http://www.bokselskap.no/boker/herrpalle"><title rend="italic">Norske mellomalderballadar: Herr Palles bryllup</title>, <name type="publisher">bokselskap.no/Norsk visearkiv</name>, <date>2012</date></ref></item>
<item><ref type="external" target="http://www.bokselskap.no/boker/herrtonne"><title rend="italic">Norske mellomalderballadar: Herr Tønne av Alsøy</title>, <name type="publisher">bokselskap.no/Norsk visearkiv</name>, <date>2012</date></ref></item>
<item><ref type="external" target="http://www.bokselskap.no/boker/herrekarl"><title rend="italic">Norske mellomalderballadar: Herre Karl lever fredlaus</title>, <name type="publisher">bokselskap.no/Norsk visearkiv</name>, <date>2012</date></ref></item>
<item><ref type="external" target="http://www.bokselskap.no/boker/herrepergiljar"><title rend="italic">Norske mellomalderballadar: Herre Per giljar syster si</title>, <name type="publisher">bokselskap.no/Norsk visearkiv</name>, <date>2012</date></ref></item>
<item><ref type="external" target="http://www.bokselskap.no/boker/gjodalin"><title rend="italic">Norske mellomalderballadar: Herre Per og Gjødalin</title>, <name type="publisher">bokselskap.no/Norsk visearkiv</name>, <date>2012</date></ref></item>
<item><ref type="external" target="http://www.bokselskap.no/boker/hakonhakonsson"><title rend="italic">Norske mellomalderballadar: Håkon Håkonssons død</title>, <name type="publisher">bokselskap.no/Norsk visearkiv</name>, <date>2013</date></ref></item>
<item><ref type="external" target="http://www.bokselskap.no/boker/ivarerlingsson"><title rend="italic">Norske mellomalderballadar: Ivar Erlingsson</title>, <name type="publisher">bokselskap.no/Norsk visearkiv</name>, <date>2012</date></ref></item>
<item><ref type="external" target="http://www.bokselskap.no/boker/jentasomville"><title rend="italic">Norske mellomalderballadar: Jenta som ville gifte seg</title>, <name type="publisher">bokselskap.no/Norsk visearkiv</name>, <date>2012</date></ref></item>
<item><ref type="external" target="http://www.bokselskap.no/boker/jomfruaingebjorg"><title rend="italic">Norske mellomalderballadar: Jomfrua Ingebjørg</title>, <name type="publisher">bokselskap.no/Nasjonalbiblioteket</name>, <date>2014</date></ref></item>
<item><ref type="external" target="http://www.bokselskap.no/boker/jomfruaspelar"><title rend="italic">Norske mellomalderballadar: Jomfrua spelar harpe</title>, <name type="publisher">bokselskap.no/Norsk visearkiv</name>, <date>2012</date></ref></item>
<item><ref type="external" target="http://www.bokselskap.no/boker/karlhovding"><title rend="italic">Norske mellomalderballadar: Karl høvding</title>, <name type="publisher">bokselskap.no/Norsk visearkiv</name>, <date>2012</date></ref></item>
<item><ref type="external" target="http://www.bokselskap.no/boker/grimborg"><title rend="italic">Norske mellomalderballadar: Kjempa Grimborg</title>, <name type="publisher">bokselskap.no/Norsk visearkiv</name>, <date>2012</date></ref></item>
<item><ref type="external" target="http://www.bokselskap.no/boker/kjempenedovrefjell"><title rend="italic">Norske mellomalderballadar: Kjempene på Dovrefjell</title>, <name type="publisher">bokselskap.no/Nasjonalbiblioteket</name>, <date>2014</date></ref></item>
<item><ref type="external" target="http://www.bokselskap.no/boker/kjerringaoghoffmannen"><title rend="italic">Norske mellomalderballadar: Kjerringa og hoffmannen</title>, <name type="publisher">bokselskap.no/Norsk visearkiv</name>, <date>2013</date></ref></item>
<item><ref type="external" target="http://www.bokselskap.no/boker/kjerringa"><title rend="italic">Norske mellomalderballadar: Kjerringa til skrifte</title>, <name type="publisher">bokselskap.no/Norsk visearkiv</name>, <date>2012</date></ref></item>
<item><ref type="external" target="http://www.bokselskap.no/boker/klagandemoy"><title rend="italic">Norske mellomalderballadar: Klagande møy</title>, <name type="publisher">bokselskap.no/Norsk visearkiv</name>, <date>2012</date></ref></item>
<item><ref type="external" target="http://www.bokselskap.no/boker/knuthjuring"><title rend="italic">Norske mellomalderballadar: Knut hjuring</title>, <name type="publisher">bokselskap.no/Norsk visearkiv</name>, <date>2013</date></ref></item>
<item><ref type="external" target="http://www.bokselskap.no/boker/kongdiderik"><title rend="italic">Norske mellomalderballadar: Kong Diderik og løva</title>, <name type="publisher">bokselskap.no/Norsk visearkiv</name>, <date>2012</date></ref></item>
<item><ref type="external" target="http://www.bokselskap.no/boker/konghans"><title rend="italic">Norske mellomalderballadar: Kong Hans' bryllaup</title>, <name type="publisher">bokselskap.no/Norsk visearkiv</name>, <date>2013</date></ref></item>
<item><ref type="external" target="http://www.bokselskap.no/boker/kongssonen"><title rend="italic">Norske mellomalderballadar: Kongssonen av Norigsland</title>, <name type="publisher">bokselskap.no/Nasjonalbiblioteket</name>, <date>2014</date></ref></item>
<item><ref type="external" target="http://www.bokselskap.no/boker/kongsverker"><title rend="italic">Norske mellomalderballadar: Kong Sverker</title>, <name type="publisher">bokselskap.no/Norsk visearkiv</name>, <date>2013</date></ref></item>
<item><ref type="external" target="http://www.bokselskap.no/boker/kvinnasomikkje"><title rend="italic">Norske mellomalderballadar: Kvinna som ikkje kunne føde</title>, <name type="publisher">bokselskap.no/Norsk visearkiv</name>, <date>2012</date></ref></item>
<item><ref type="external" target="http://www.bokselskap.no/boker/lindormbrura"><title rend="italic">Norske mellomalderballadar: Lindormbrura</title>, <name type="publisher">bokselskap.no/Nasjonalbiblioteket</name>, <date>2014</date></ref></item>
<item><ref type="external" target="http://www.bokselskap.no/boker/litenlavrans"><title rend="italic">Norske mellomalderballadar: Liten Lavrans</title>, <name type="publisher">bokselskap.no/Nasjonalbiblioteket</name>, <date>2014</date></ref></item>
<item><ref type="external" target="http://www.bokselskap.no/boker/litentilvending"><title rend="italic">Norske mellomalderballadar: Liten Tilvending</title>, <name type="publisher">bokselskap.no/Norsk visearkiv</name>, <date>2012</date></ref></item>
<item><ref type="external" target="http://www.bokselskap.no/boker/litikjerstisdans"><title rend="italic">Norske mellomalderballadar: Liti Kjerstis dans</title>, <name type="publisher">bokselskap.no/Norsk visearkiv</name>, <date>2013</date></ref></item>
<item><ref type="external" target="http://www.bokselskap.no/boker/litikjerstiset"><title rend="italic">Norske mellomalderballadar: Liti Kjersti set barnet ut…</title>, <name type="publisher">bokselskap.no/Norsk visearkiv</name>, <date>2013</date></ref></item>
<item><ref type="external" target="http://www.bokselskap.no/boker/lovmann"><title rend="italic">Norske mellomalderballadar: Lovmann og Tor</title>, <name type="publisher">bokselskap.no/Norsk visearkiv</name>, <date>2012</date></ref></item>
<item><ref type="external" target="http://www.bokselskap.no/boker/margjitrunarborgi"><title rend="italic">Norske mellomalderballadar: Margjit og Tarjei Risvollo</title>, <name type="publisher">bokselskap.no/Norsk visearkiv</name>, <date>2014</date></ref></item>
<item><ref type="external" target="http://www.bokselskap.no/boker/margjitrunarborgi"><title rend="italic">Norske mellomalderballadar: Margjit Runarborgji</title>, <name type="publisher">bokselskap.no/Norsk visearkiv</name>, <date>2013</date></ref></item>
<item><ref type="external" target="http://www.bokselskap.no/boker/mindrealv"><title rend="italic">Norske mellomalderballadar: Mindre-Alvs død</title>, <name type="publisher">bokselskap.no/Norsk visearkiv</name>, <date>2012</date></ref></item>
<item><ref type="external" target="http://www.bokselskap.no/boker/moyailinda"><title rend="italic">Norske mellomalderballadar: Møya i linda</title>, <name type="publisher">bokselskap.no/Norsk visearkiv</name>, <date>2012</date></ref></item>
<item><ref type="external" target="http://www.bokselskap.no/boker/moyaiulveham"><title rend="italic">Norske mellomalderballadar: Møya i ulveham</title>, <name type="publisher">bokselskap.no/Nasjonalbiblioteket</name>, <date>2014</date></ref></item>
<item><ref type="external" target="http://www.bokselskap.no/boker/moyaogfriaren"><title rend="italic">Norske mellomalderballadar: Møya og den djerve friaren</title>, <name type="publisher">bokselskap.no/Norsk visearkiv</name>, <date>2012</date></ref></item>
<item><ref type="external" target="http://www.bokselskap.no/boker/moyiblirsend"><title rend="italic">Norske mellomalderballadar: Møyi blir send av land til den rike greven</title>, <name type="publisher">bokselskap.no/Norsk visearkiv</name>, <date>2012</date></ref></item>
<item><ref type="external" target="http://www.bokselskap.no/boker/malfriddoyr"><title rend="italic">Norske mellomalderballadar: Målfrid døyr</title>, <name type="publisher">bokselskap.no/Norsk visearkiv</name>, <date>2012</date></ref></item>
<item><ref type="external" target="http://www.bokselskap.no/boker/malfrid"><title rend="italic">Norske mellomalderballadar: Målfrid, mi frue</title>, <name type="publisher">bokselskap.no/Norsk visearkiv</name>, <date>2012</date></ref></item>
<item><ref type="external" target="http://www.bokselskap.no/boker/nilsebbesen"><title rend="italic">Norske mellomalderballadar: Nils Ebbesen</title>, <name type="publisher">bokselskap.no/Norsk visearkiv</name>, <date>2013</date></ref></item>
<item><ref type="external" target="http://www.bokselskap.no/boker/olavakselsson"><title rend="italic">Norske mellomalderballadar: Olav Akselsson</title>, <name type="publisher">bokselskap.no/Norsk visearkiv</name>, <date>2012</date></ref></item>
<item><ref type="external" target="http://www.bokselskap.no/boker/olavstrangesson"><title rend="italic">Norske mellomalderballadar: Olav Strangesson</title>, <name type="publisher">bokselskap.no/Norsk visearkiv</name>, <date>2012</date></ref></item>
<item><ref type="external" target="http://www.bokselskap.no/boker/palletygesson"><title rend="italic">Norske mellomalderballadar: Palle Tygesson</title>, <name type="publisher">bokselskap.no/Norsk visearkiv</name>, <date>2012</date></ref></item>
<item><ref type="external" target="http://www.bokselskap.no/boker/parisogelena"><title rend="italic">Norske mellomalderballadar: Paris og Elena i Trejeborg</title>, <name type="publisher">bokselskap.no/Norsk visearkiv</name>, <date>2012</date></ref></item>
<item><ref type="external" target="http://www.bokselskap.no/boker/pederhenriksson"><title rend="italic">Norske mellomalderballadar: Peder Henriksson</title>, <name type="publisher">bokselskap.no/Norsk visearkiv</name>, <date>2012</date></ref></item>
<item><ref type="external" target="http://www.bokselskap.no/boker/ramnenberbod"><title rend="italic">Norske mellomalderballadar: Ramnen ber bod</title>, <name type="publisher">bokselskap.no/Nasjonalbiblioteket</name>, <date>2014</date></ref></item>
<item><ref type="external" target="http://www.bokselskap.no/boker/riddarfellerfar"><title rend="italic">Norske mellomalderballadar: Riddar feller far til møya</title>, <name type="publisher">bokselskap.no/Norsk visearkiv</name>, <date>2012</date></ref></item>
<item><ref type="external" target="http://www.bokselskap.no/boker/riddarlegg"><title rend="italic">Norske mellomalderballadar: Riddar legg seg lik</title>, <name type="publisher">bokselskap.no/Norsk visearkiv</name>, <date>2012</date></ref></item>
<item><ref type="external" target="http://www.bokselskap.no/boker/rikerodenigard"><title rend="italic">Norske mellomalderballadar: Rike Rodenigård og ørna</title>, <name type="publisher">bokselskap.no/Nasjonalbiblioteket</name>, <date>2014</date></ref></item>
<item><ref type="external" target="http://www.bokselskap.no/boker/rosaoghertugen"><title rend="italic">Norske mellomalderballadar: Rosa og hertugen</title>, <name type="publisher">bokselskap.no/Norsk visearkiv</name>, <date>2013</date></ref></item>
<item><ref type="external" target="http://www.bokselskap.no/boker/rosensfolen"><title rend="italic">Norske mellomalderballadar: Rosensfolen</title>, <name type="publisher">bokselskap.no/Nasjonalbiblioteket</name>, <date>2014</date></ref></item>
<item><ref type="external" target="http://www.bokselskap.no/boker/signelill"><title rend="italic">Norske mellomalderballadar: Signelill og hennar søner</title>, <name type="publisher">bokselskap.no/Norsk visearkiv</name>, <date>2012</date></ref></item>
<item><ref type="external" target="http://www.bokselskap.no/boker/sigurdogtrollbrura"><title rend="italic">Norske mellomalderballadar: Sigurd og trollbrura</title>, <name type="publisher">bokselskap.no/Norsk visearkiv</name>, <date>2012</date></ref></item>
<item><ref type="external" target="http://www.bokselskap.no/boker/sonenfortel"><title rend="italic">Norske mellomalderballadar: Sonen fortel sine sorger</title>, <name type="publisher">bokselskap.no/Norsk visearkiv</name>, <date>2012</date></ref></item>
<item><ref type="external" target="http://www.bokselskap.no/boker/sortiveroglusse"><title rend="italic">Norske mellomalderballadar: Sort-Iver og Lusse</title>, <name type="publisher">bokselskap.no/Norsk visearkiv</name>, <date>2012</date></ref></item>
<item><ref type="external" target="http://www.bokselskap.no/boker/stigliten"><title rend="italic">Norske mellomalderballadar: Stig liten fell</title>, <name type="publisher">bokselskap.no/Norsk visearkiv</name>, <date>2012</date></ref></item>
<item><ref type="external" target="http://www.bokselskap.no/boker/stiglitensruner"><title rend="italic">Norske mellomalderballadar: Stig litens runer</title>, <name type="publisher">bokselskap.no/Norsk visearkiv</name>, <date>2012</date></ref></item>
<item><ref type="external" target="http://www.bokselskap.no/boker/stoltelselille"><title rend="italic">Norske mellomalderballadar: Stolt Elselille</title>, <name type="publisher">bokselskap.no/Norsk visearkiv</name>, <date>2013</date></ref></item>
<item><ref type="external" target="http://www.bokselskap.no/boker/stoltmargjit"><title rend="italic">Norske mellomalderballadar: Stolt Margjit og Iven Erningsson</title>, <name type="publisher">bokselskap.no/Norsk visearkiv</name>, <date>2012</date></ref></item>
<item><ref type="external" target="http://www.bokselskap.no/boker/stoltmargjitset"><title rend="italic">Norske mellomalderballadar: Stolt Margjit set bror…</title>, <name type="publisher">bokselskap.no/Norsk visearkiv</name>, <date>2012</date></ref></item>
<item><ref type="external" target="http://www.bokselskap.no/boker/sveinsvane"><title rend="italic">Norske mellomalderballadar: Svein Svane</title>, <name type="publisher">bokselskap.no/Norsk visearkiv</name>, <date>2012</date></ref></item>
<item><ref type="external" target="http://www.bokselskap.no/boker/svenfelding"><title rend="italic">Norske mellomalderballadar: Sven Felding</title>, <name type="publisher">bokselskap.no/Norsk visearkiv</name>, <date>2013</date></ref></item>
<item><ref type="external" target="http://www.bokselskap.no/boker/svenirosengard"><title rend="italic">Norske mellomalderballadar: Sven i Rosengård</title>, <name type="publisher">bokselskap.no/Norsk visearkiv</name>, <date>2012</date></ref></item>
<item><ref type="external" target="http://www.bokselskap.no/boker/sovnrunene"><title rend="italic">Norske mellomalderballadar: Søvnrunene</title>, <name type="publisher">bokselskap.no/Norsk visearkiv</name>, <date>2012</date></ref></item>
<item><ref type="external" target="http://www.bokselskap.no/boker/takhardt"><title rend="italic">Norske mellomalderballadar: Tak hardt i hand…</title>, <name type="publisher">bokselskap.no/Norsk visearkiv</name>, <date>2012</date></ref></item>
<item><ref type="external" target="http://www.bokselskap.no/boker/toreliti"><title rend="italic">Norske mellomalderballadar: Toreliti og Skakjelokk</title>, <name type="publisher">bokselskap.no/Norsk visearkiv</name>, <date>2012</date></ref></item>
<item><ref type="external" target="http://www.bokselskap.no/boker/torkjelltrondsson"><title rend="italic">Norske mellomalderballadar: Torkjell Trondsson</title>, <name type="publisher">bokselskap.no/Norsk visearkiv</name>, <date>2013</date></ref></item>
<item><ref type="external" target="http://www.bokselskap.no/boker/tosstein"><title rend="italic">Norske mellomalderballadar: Tosstein tala te staven sin</title>, <name type="publisher">bokselskap.no/Norsk visearkiv</name>, <date>2012</date></ref></item>
<item><ref type="external" target="http://www.bokselskap.no/boker/truskapsprova"><title rend="italic">Norske mellomalderballadar: Truskapsprøva</title>, <name type="publisher">bokselskap.no/Norsk visearkiv</name>, <date>2012</date></ref></item>
<item><ref type="external" target="http://www.bokselskap.no/boker/ulvvanjern"><title rend="italic">Norske mellomalderballadar: Ulv van Jern</title>, <name type="publisher">bokselskap.no/Norsk visearkiv</name>, <date>2012</date></ref></item>
<item><ref type="external" target="http://www.bokselskap.no/boker/engelbrett"><title rend="italic">Norske mellomalderballadar: Unge Engelbrett</title>, <name type="publisher">bokselskap.no/Norsk visearkiv</name>, <date>2012</date></ref></item>
<item><ref type="external" target="http://www.bokselskap.no/boker/ungesvegder"><title rend="italic">Norske mellomalderballadar: Unge Svegder</title>, <name type="publisher">bokselskap.no/Norsk visearkiv</name>, <date>2012</date></ref></item>
<item><ref type="external" target="http://www.bokselskap.no/boker/vakukall"><title rend="italic">Norske mellomalderballadar: Unge Våkukall</title>, <name type="publisher">bokselskap.no/Norsk visearkiv</name>, <date>2012</date></ref></item>
<item><ref type="external" target="http://www.bokselskap.no/boker/ungersvein"><title rend="italic">Norske mellomalderballadar: Ungersvein på tinget</title>, <name type="publisher">bokselskap.no/Norsk visearkiv</name>, <date>2012</date></ref></item>
<item><ref type="external" target="http://www.bokselskap.no/boker/valdemarogtove"><title rend="italic">Norske mellomalderballadar: Valdemar og Tove</title>, <name type="publisher">bokselskap.no/Norsk visearkiv</name>, <date>2012</date></ref></item>
<item><ref type="external" target="http://www.bokselskap.no/boker/valiknut"><title rend="italic">Norske mellomalderballadar: Valiknut og Snekkjelita</title>, <name type="publisher">bokselskap.no/Norsk visearkiv</name>, <date>2012</date></ref></item>
<item><ref type="external" target="http://www.bokselskap.no/boker/valramnen"><title rend="italic">Norske mellomalderballadar: Valramnen</title>, <name type="publisher">bokselskap.no/Nasjonalbiblioteket</name>, <date>2014</date></ref></item>
<item><ref type="external" target="http://www.bokselskap.no/boker/varulven"><title rend="italic">Norske mellomalderballadar: Varulven</title>, <name type="publisher">bokselskap.no/Nasjonalbiblioteket</name>, <date>2014</date></ref></item>
<item><ref type="external" target="http://www.bokselskap.no/boker/verner"><title rend="italic">Norske mellomalderballadar: Verner i fangetårnet</title>, <name type="publisher">bokselskap.no/Norsk visearkiv</name>, <date>2013</date></ref></item>
<item><ref type="external" target="http://www.bokselskap.no/boker/viliken"><title rend="italic">Norske mellomalderballadar: Viliken Veiemannsson</title>, <name type="publisher">bokselskap.no/Norsk visearkiv</name>, <date>2012</date></ref></item>
<item><ref type="external" target="http://www.bokselskap.no/boker/varulven"><title rend="italic">Norske mellomalderballadar: Villemann og Magnhild</title>, <name type="publisher">bokselskap.no/Nasjonalbiblioteket</name>, <date>2014</date></ref></item>
<item><ref type="external" target="http://www.bokselskap.no/boker/vinnemoy"><title rend="italic">Norske mellomalderballadar: Vinne møy med runer</title>, <name type="publisher">bokselskap.no/Nasjonalbiblioteket</name>, <date>2014</date></ref></item>
<item><ref type="external" target="http://www.bokselskap.no/boker/vreta"><title rend="italic">Norske mellomalderballadar: Vreta klosterrov</title>, <name type="publisher">bokselskap.no/Norsk visearkiv</name>, <date>2013</date></ref></item>
<item><ref type="external" target="http://www.bokselskap.no/boker/ynskjandemoy"><title rend="italic">Norske mellomalderballadar: Ynskjande møy</title>, <name type="publisher">bokselskap.no/Norsk visearkiv</name>, <date>2012</date></ref></item>
<item><ref type="external" target="http://www.bokselskap.no/boker/nygarddikt"><name type="author">Nygard, Olav</name>: <title rend="italic">Utvalgte dikt</title>, <name type="publisher">bokselskap.no</name>, <date>2011</date></ref></item>
<item><ref type="external" target="http://www.bokselskap.no/boker/digte"><name type="author">Obstfelder, Sigbjørn</name>: <title rend="italic">Digte</title>, <name type="publisher">bokselskap.no/Det norske språk- og litteraturselskap</name>, <date>2010</date></ref></item>
<item><ref type="external" target="http://www.bokselskap.no/boker/tonovelletter"><name type="author">Obstfelder, Sigbjørn</name>: <title rend="italic">To novelletter</title>, <name type="publisher">bokselskap.no</name>, <date>2011</date></ref></item>
<item><ref type="external" target="http://www.bokselskap.no/boker/pavels1814"><name type="author">Pavels, Claus</name>: <title rend="italic">Dagbog 1814</title>, <name type="publisher">bokselskap.no/Det norske språk- og litteraturselskap</name>, <date>2014</date></ref></item>
<item><ref type="external" target="http://www.bokselskap.no/boker/jernvognen"><name type="author">Riverton, Stein</name>: <title rend="italic">Jernvognen</title>, <name type="publisher">bokselskap.no</name>, <date>2013</date></ref></item>
<item><ref type="external" target="http://www.bokselskap.no/boker/storhertuginnen"><name type="author">Riverton, Stein</name>: <title rend="italic">Storhertuginnen av speilsalen</title>, <name type="publisher">bokselskap.no/HIOA</name>, <date>2013</date></ref></item>
<item><ref type="external" target="http://www.bokselskap.no/boker/idedage"><name type="author">Rølvaag, Ole Edvart</name>: <title rend="italic">I de dage</title>, <name type="publisher">bokselskap.no</name>, <date>2011</date></ref></item>
<item><ref type="external" target="http://www.bokselskap.no/boker/riket"><name type="author">Rølvaag, Ole Edvart</name>: <title rend="italic">Riket grundlægges</title>, <name type="publisher">bokselskap.no</name>, <date>2011</date></ref></item>
<item><ref type="external" target="http://www.bokselskap.no/boker/devergelose"><name type="author">Scott, Gabriel</name>: <title rend="italic">De vergeløse</title>, <name type="publisher">bokselskap.no/Det norske språk- og litteraturselskap</name>, <date>2011</date></ref></item>
<item><ref type="external" target="http://www.bokselskap.no/boker/sivledikt"><name type="author">Sivle, Per</name>: <title rend="italic">Utvalgte dikt</title>, <name type="publisher">bokselskap.no</name>, <date>2012</date></ref></item>
<item><ref type="external" target="http://www.bokselskap.no/boker/sogor"><name type="author">Sivle, Per</name>: <title rend="italic">Sogor</title>, <name type="publisher">bokselskap.no</name>, <date>2011</date></ref></item>
<item><ref type="external" target="http://www.bokselskap.no/boker/streik"><name type="author">Sivle, Per</name>: <title rend="italic">Streik</title>, <name type="publisher">bokselskap.no</name>, <date>2013</date></ref></item>
<item><ref type="external" target="http://www.bokselskap.no/boker/forraadt"><name type="author">Skram, Amalie</name>: <title rend="italic">Constance Ring</title>, <name type="publisher">bokselskap.no</name>, <date>2014</date></ref></item>
<item><ref type="external" target="http://www.bokselskap.no/boker/forraadt"><name type="author">Skram, Amalie</name>: <title rend="italic">Forraadt</title>, <name type="publisher">bokselskap.no</name>, <date>2011</date></ref></item>
<item><ref type="external" target="http://www.bokselskap.no/boker/fruines"><name type="author">Skram, Amalie</name>: <title rend="italic">Fru Inés</title>, <name type="publisher">bokselskap.no</name>, <date>2013</date></ref></item>
<item><ref type="external" target="http://www.bokselskap.no/boker/karensjul"><name type="author">Skram, Amalie</name>: <title rend="italic">Karens Jul</title>, <name type="publisher">bokselskap.no</name>, <date>2011</date></ref></item>
<item><ref type="external" target="http://www.bokselskap.no/boker/lucie"><name type="author">Skram, Amalie</name>: <title rend="italic">Lucie</title>, <name type="publisher">bokselskap.no</name>, <date>2013</date></ref></item>
<item><ref type="external" target="http://www.bokselskap.no/boker/dennorskekronike"><name type="author">Størssøn, Mattis</name>: <title rend="italic">Den norske krønike</title>, <name type="publisher">bokselskap.no/Det norske språk- og litteraturselskap</name>, <date>2010</date></ref></item>
<item><ref type="external" target="http://www.bokselskap.no/boker/skiturfortellinger"><title rend="italic">Tre skiturfortellinger fra 1884</title>, <name type="publisher">bokselskap.no/Det norske språk- og litteraturselskap</name>, <date>2013</date></ref></item>
<item><ref type="external" target="http://www.bokselskap.no/boker/tullindikt"><name type="author">Tullin, Christian Braunmann</name>: <title rend="italic">Utvalgte dikt</title>, <name type="publisher">bokselskap.no/Det norske språk- og litteraturselskap</name>, <date>2011/2014</date></ref></item>
<item><ref type="external" target="http://www.bokselskap.no/boker/frumartaoulie"><name type="author">Undset, Sigrid</name>: <title rend="italic">Fru Marta Oulie</title>, <name type="publisher">bokselskap.no/Det norske språk- og litteraturselskap</name>, <date>2010</date></ref></item>
<item><ref type="external" target="http://www.bokselskap.no/boker/jenny"><name type="author">Undset, Sigrid</name>: <title rend="italic">Jenny</title>, <name type="publisher">bokselskap.no</name>, <date>2010</date></ref></item>
<item><ref type="external" target="http://www.bokselskap.no/boker/ferdaminni"><name type="author">Vinje, A.O.</name>: <title rend="italic">Ferdaminni</title>, <name type="publisher">bokselskap.no</name>, <date>2012</date></ref></item>
<item><ref type="external" target="http://www.bokselskap.no/boker/vinjedikt"><name type="author">Vinje, A.O.</name>: <title rend="italic">Utvalgte dikt</title>, <name type="publisher">bokselskap.no</name>, <date>2011</date></ref></item>
<item><ref type="external" target="http://www.bokselskap.no/boker/welhavendikt"><name type="author">Welhaven, Johan Sebastian </name>: <title rend="italic">Utvalgte dikt</title>, <name type="publisher">bokselskap.no/Det norske språk- og litteraturselskap</name>, <date>2011</date></ref></item>
<item><ref type="external" target="http://www.bokselskap.no/boker/amalie"><name type="author">Wergeland, Henrik</name>: <title rend="italic">Brevene til Amalie</title>, <name type="publisher">bokselskap.no/Det norske språk- og litteraturselskap</name>, <date>2011</date></ref></item>
<item><ref type="external" target="http://www.bokselskap.no/boker/blomsterstykke"><name type="author">Wergeland, Henrik</name>: <title rend="italic">Jan van Huysums Blomsterstykke</title>, <name type="publisher">bokselskap.no</name>, <date>2011</date></ref></item>
<item><ref type="external" target="http://www.bokselskap.no/boker/skabelsen"><name type="author">Wergeland, Henrik</name>: <title rend="italic">Skabelsen, Mennesket og Messias</title>, <name type="publisher">bokselskap.no</name>, <date>2014</date></ref></item>
<item><ref type="external" target="http://www.bokselskap.no/boker/wergelanddikt"><name type="author">Wergeland, Henrik</name>: <title rend="italic">Utvalgte dikt</title>, <name type="publisher">bokselskap.no</name>, <date>2011</date></ref></item>
<item><ref type="external" target="http://www.bokselskap.no/boker/kierlighed"><name type="author">Wessel, Johan Herman</name>: <title rend="italic">Kierlighed uden Strømper</title>, <name type="publisher">bokselskap.no</name>, <date>2011</date></ref></item>
<item><ref type="external" target="http://www.bokselskap.no/boker/komiskefortellinger"><name type="author">Wessel, Johan Herman</name>: <title rend="italic">Utvalgte komiske fortellinger</title>, <name type="publisher">bokselskap.no</name>, <date>2011</date></ref></item>
<item><ref type="external" target="http://www.bokselskap.no/boker/smaavers"><name type="author">Wessel, Johan Herman</name>: <title rend="italic">Utvalgte småvers</title>, <name type="publisher">bokselskap.no</name>, <date>2011</date></ref></item>
<item><ref type="external" target="http://www.bokselskap.no/boker/kogebog"><name type="author">Winsnes, Hanna</name>: <title rend="italic">Lærebog i de forskjellige Grene av Huusholdningen</title>, <name type="publisher">bokselskap.no</name>, <date>2011</date></ref></item>
<item><ref type="external" target="http://www.bokselskap.no/boker/morsommedage"><name type="author">Zwilgmeyer, Dikken</name>: <title rend="italic">Morsomme dage</title>, <name type="publisher">bokselskap.no</name>, <date>2011</date></ref></item>
<item><ref type="external" target="http://www.bokselskap.no/boker/somkvinderer"><name type="author">Zwilgmeyer, Dikken</name>: <title rend="italic">Som kvinder er</title>, <name type="publisher">bokselskap.no/HIOA</name>, <date>2013</date></ref></item>
<item><ref type="external" target="http://www.bokselskap.no/boker/symra"><name type="author">Aasen, Ivar</name>: <title rend="italic">Symra</title>, <name type="publisher">bokselskap.no</name>, <date>2010</date></ref></item>
<item><ref type="external" target="http://www.bokselskap.no/boker/30ballader"><title rend="italic">30 ballader om drap og elskov, skjemt og lengsel</title>, <name type="publisher">bokselskap.no/Norsk visearkiv</name>, <date>2010</date></ref></item>
</list>
</div>
</body>
</text>
</TEI>