<?xml version="1.0" encoding="UTF-8"?>
<!DOCTYPE TEI PUBLIC "-// NSL Norge //EN" "http://www.bokselskap.no/tekstkoding/NSL_tei_xinclude.dtd">
<TEI xmlns:xsi="http://www.w3.org/2001/XMLSchema-instance" xml:id="Publiseringsliste">
<teiHeader>
<fileDesc>
<titleStmt>
<title rend="italic">bokselskap.no: Publiseringsliste pr. 15.04.15</title>
</titleStmt>
<publicationStmt><p>bokselskap.no 2015</p></publicationStmt>
<sourceDesc><p/></sourceDesc>
</fileDesc>
<revisionDesc>
<change who="ENW" when="2015-04-15">Oppdatert listen.</change>
<change who="ENW" when="2015-01-23">Oppdatert listen.</change>
<change who="ENW" when="2015-01-05">Oppdatert listen.</change>
<change who="ENW" when="2014-11-21">Oppdatert listen + lagt inn utgiver og år.</change>
<change xml:id="ENW" who="ENW" when="2014-08-08">XML-koding.</change>
</revisionDesc>
</teiHeader>
<text xml:id="Publiseringsliste_20141121">
<body>
<div>
<head>bokselskap.no: Publiseringsliste (pr. 15.04.15)</head>
<list>
<item><ref type="external" target="http://www.bokselskap.no/boker/nordvestpassagen/tittelside"><name type="author">Amundsen, Roald</name>: <title rend="italic">Nordvestpassagen</title>, <name type="publisher">bokselskap.no</name>, <date>2014</date></ref></item>
<item><ref type="external" target="http://www.bokselskap.no/boker/vikinger/tittelside"><name type="author">Angell, Henrik</name>: <title rend="italic">Vikinger og Skrællinger paa Bygdø</title>, <name type="publisher">bokselskap.no</name>, <date>2015</date></ref></item>
<item><ref type="external" target="http://www.bokselskap.no/boker/vikinger/tittelside"><name type="author">Anker, Nini Roll</name>: <title rend="italic">Kvinnen og den svarte fuglen</title>, <name type="publisher">bokselskap.no</name>, <date>2015</date></ref></item>
<item><ref type="external" target="http://www.bokselskap.no/boker/folkeeventyr/tittelside"><name type="author">Asbjørnsen &#x0026; Moe</name>: <title rend="italic">Utvalgte eventyr</title>, <name type="publisher">bokselskap.no</name>, <date>2011</date></ref></item>
<item><ref type="external" target="http://www.bokselskap.no/boker/huldreeventyr/tittelside"><name type="author">Asbjørnsen, Peter Chr.</name>: <title rend="italic">Norske Huldreeventyr og Folkesagn</title>, <name type="publisher">bokselskap.no/Det norske språk- og litteraturselskap</name>, <date>2010</date></ref></item>
<item><ref type="external" target="http://www.bokselskap.no/boker/1814kilder/tittelside"><title rend="italic">"… at ryste en Consitution du af Ermen"</title>, <name type="publisher">bokselskap.no/Nasjonalbiblioteket</name>, <date>2014</date></ref></item>
<item><ref type="external" target="http://www.bokselskap.no/boker/aukrustdikt/tittelside"><name type="author">Aukrust, Olav</name>: <title rend="italic">Utvalgte dikt</title>, <name type="publisher">bokselskap.no</name>, <date>2011</date></ref></item>
<item><ref type="external" target="http://www.bokselskap.no/boker/absalonsdagbok/tittelside"><name type="author">Beyer, Absalon Pederssøn</name>: <title rend="italic">Dagbok 1552-72</title>, <name type="publisher">bokselskap.no/Det norske språk- og litteraturselskap</name>, <date>2010</date></ref></item>
<item><ref type="external" target="http://www.bokselskap.no/boker/orationommestergeble/tittelside"><name type="author">Beyer, Absalon Pederssøn</name>: <title rend="italic">Oration om Mester Geble</title>, <name type="publisher">bokselskap.no/Det norske språk- og litteraturselskap</name>, <date>2010</date></ref></item>
<item><ref type="external" target="http://www.bokselskap.no/boker/arne/tittelside"><name type="author">Bjørnson, Bjørnstjerne</name>: <title rend="italic">Arne</title>, <name type="publisher">bokselskap.no</name>, <date>2012</date></ref></item>
<item><ref type="external" target="http://www.bokselskap.no/boker/bjornsonsbrevveksling/tittelside"><name type="author">Bjørnson, Bjørnstjerne</name>: <title rend="italic">Brevveksling med danske 1857-74</title>, <name type="publisher">bokselskap.no/Det norske språk- og litteraturselskap</name>, <date>2010</date></ref></item>
<item><ref type="external" target="http://www.bokselskap.no/boker/fallit/tittelside"><name type="author">Bjørnson, Bjørnstjerne</name>: <title rend="italic">En fallit</title>, <name type="publisher">bokselskap.no</name>, <date>2015</date></ref></item>
<item><ref type="external" target="http://www.bokselskap.no/boker/engladgut/tittelside"><name type="author">Bjørnson, Bjørnstjerne</name>: <title rend="italic">En glad Gut</title>, <name type="publisher">bokselskap.no</name>, <date>2010</date></ref></item>
<item><ref type="external" target="http://www.bokselskap.no/boker/faderen/tittelside"><name type="author">Bjørnson, Bjørnstjerne</name>: <title rend="italic">Faderen</title>, <name type="publisher">bokselskap.no</name>, <date>2011</date></ref></item>
<item><ref type="external" target="http://www.bokselskap.no/boker/synnovesolbakken/tittelside"><name type="author">Bjørnson, Bjørnstjerne</name>: <title rend="italic">Synnøve Solbakken</title>, <name type="publisher">bokselskap.no/Det norske språk- og litteraturselskap</name>, <date>2010</date></ref></item>
<item><ref type="external" target="http://www.bokselskap.no/boker/bjornsondikt/tittelside"><name type="author">Bjørnson, Bjørnstjerne</name>: <title rend="italic">Utvalgte dikt</title>, <name type="publisher">bokselskap.no</name>, <date>2011</date></ref></item>
<item><ref type="external" target="http://www.bokselskap.no/boker/einertambeskielver/tittelside"><name type="author">Brun, Johan Nordahl</name>: <title rend="italic">Einer Tambeskielver</title>, <name type="publisher">bokselskap.no/Det norske språk- og litteraturselskap</name>, <date>2010</date></ref></item>
<item><ref type="external" target="http://www.bokselskap.no/boker/brundikt/tittelside"><name type="author">Brun, Johan Nordahl</name>: <title rend="italic">Utvalgte dikt</title>, <name type="publisher">bokselskap.no</name>, <date>2011</date></ref></item>
<item><ref type="external" target="http://www.bokselskap.no/boker/sorgenfri/tittelside"><name type="author">Braaten, Oskar</name>: <title rend="italic">Sorgenfri</title>, <name type="publisher">bokselskap.no</name>, <date>2015</date></ref></item>
<item><ref type="external" target="http://www.bokselskap.no/boker/sorgenfri/tittelside"><name type="author">Braaten, Oskar</name>: <title rend="italic">«Ulvehiet»</title>, <name type="publisher">bokselskap.no</name>, <date>2015</date></ref></item>
<item><ref type="external" target="http://www.bokselskap.no/boker/bulldikt/tittelside"><name type="author">Bull, Olaf</name>: <title rend="italic">Utvalgte dikt</title>, <name type="publisher">bokselskap.no</name>, <date>2011</date></ref></item>
<item><ref type="external" target="http://www.bokselskap.no/boker/ad1utg/tittelside"><name type="author">Collett, Camilla</name>: <title rend="italic">Amtmandens Døttre (1854/55)</title>, <name type="publisher">bokselskap.no/Det norske språk- og litteraturselskap</name>, <date>2013</date></ref></item>
<item><ref type="external" target="http://www.bokselskap.no/boker/ad3utg/tittelside"><name type="author">Collett, Camilla</name>: <title rend="italic">Amtmandens Døtre (1879)</title>, <name type="publisher">bokselskap.no/Det norske språk- og litteraturselskap</name>, <date>2013</date></ref></item>
<item><ref type="external" target="http://www.bokselskap.no/boker/collettbrevibsen/tittelside"><name type="author">Collett, Camilla</name>: <title rend="italic">Brev til Henrik og Susanna Ibsen</title>, <name type="publisher">bokselskap.no/Nasjonalbiblioteket</name>, <date>2014</date></ref></item>
<item><ref type="external" target="http://www.bokselskap.no/boker/fradestummesleir/tittelside"><name type="author">Collett, Camilla</name>: <title rend="italic">Fra de Stummes Leir</title>, <name type="publisher">bokselskap.no</name>, <date>2013</date></ref></item>
<item><ref type="external" target="http://www.bokselskap.no/boker/modstrommen1/tittelside"><name type="author">Collett, Camilla</name>: <title rend="italic">Mod Strømmen, Anden rekke</title>, <name type="publisher">bokselskap.no</name>, <date>2013</date></ref></item>
<item><ref type="external" target="http://www.bokselskap.no/boker/modstrommen2/tittelside"><name type="author">Collett, Camilla</name>: <title rend="italic">Mod Strømmen, Første Række</title>, <name type="publisher">bokselskap.no</name>, <date>2013</date></ref></item>
<item><ref type="external" target="http://www.bokselskap.no/boker/ottedage/tittelside"><name type="author">Collett, Camilla</name>: <title rend="italic">Otte Dage i Hamburg</title>, <name type="publisher">bokselskap.no</name>, <date>2013/2014</date></ref></item>
<item><ref type="external" target="http://www.bokselskap.no/boker/strikketoisbetragtninger/tittelside"><name type="author">Collett, Camilla</name>: <title rend="italic">Strikketøisbetragtninger</title>, <name type="publisher">bokselskap.no</name>, <date>2013</date></ref></item>
<item><ref type="external" target="http://www.bokselskap.no/boker/denandensang/tittelside"><name type="author">Dass, Petter</name>: <title rend="italic">Herre Gud! dit dyre Navn og Ære</title>, <name type="publisher">bokselskap.no/Det norske språk- og litteraturselskap</name>, <date>2011</date></ref></item>
<item><ref type="external" target="http://www.bokselskap.no/boker/katekismesanger/tittelside"><name type="author">Dass, Petter</name>: <title rend="italic">Katekismesanger</title>, <name type="publisher">bokselskap.no/Det norske språk- og litteraturselskap</name>, <date>2013</date></ref></item>
<item><ref type="external" target="http://www.bokselskap.no/boker/vaerhilset/tittelside"><name type="author">Dass, Petter</name>: <title rend="italic">Vær hilset I Nordlands bebyggende Mænd</title>, <name type="publisher">bokselskap.no/Det norske språk- og litteraturselskap</name>, <date>2011</date></ref></item>
<item><ref type="external" target="http://www.bokselskap.no/boker/medmenneske/tittelside"><name type="author">Duun, Olav</name>: <title rend="italic">Medmenneske</title>, <name type="publisher">bokselskap.no</name>, <date>2014</date></ref></item>
<item><ref type="external" target="http://www.bokselskap.no/boker/menneskeogmaktene/tittelside"><name type="author">Duun, Olav</name>: <title rend="italic">Menneske og maktene</title>, <name type="publisher">bokselskap.no/Det norske språk- og litteraturselskap</name>, <date>2010</date></ref></item>
<item><ref type="external" target="http://www.bokselskap.no/boker/ragnhild/tittelside"><name type="author">Duun, Olav</name>: <title rend="italic">Ragnhild</title>, <name type="publisher">bokselskap.no</name>, <date>2014</date></ref></item>
<item><ref type="external" target="http://www.bokselskap.no/boker/sisteleveare/tittelside"><name type="author">Duun, Olav</name>: <title rend="italic">Siste leveåre</title>, <name type="publisher">bokselskap.no</name>, <date>2014</date></ref></item>
<item><ref type="external" target="http://www.bokselskap.no/boker/bergsbok/tittelside"><title rend="italic">Eit gammalt utdrag or Bergsbok</title>, <name type="publisher">bokselskap.no/Det norske språk- og litteraturselskap</name>, <date>2011</date></ref></item>
<item><ref type="external" target="http://www.bokselskap.no/boker/siaelenssangoffer/tittelside"><name type="author">Engelbretsdatter, Dorothe</name>: <title rend="italic">Siælens Sang-Offer</title>, <name type="publisher">bokselskap.no/Det norske språk- og litteraturselskap</name>, <date>2010</date></ref></item>
<item><ref type="external" target="http://www.bokselskap.no/boker/taareoffer/tittelside"><name type="author">Engelbretsdatter, Dorothe</name>: <title rend="italic">Taare-Offer</title>, <name type="publisher">bokselskap.no/Det norske språk- og litteraturselskap</name>, <date>2010</date></ref></item>
<item><ref type="external" target="http://www.bokselskap.no/boker/fastingartikler/tittelside"><name type="author">Fasting, Claus</name>: <title rend="italic">Utvalgte artikler</title>, <name type="publisher">bokselskap.no/Det norske språk- og litteraturselskap</name>, <date>2011/2012/2014</date></ref></item>
<item><ref type="external" target="http://www.bokselskap.no/boker/fastingdikt/tittelside"><name type="author">Fasting, Claus</name>: <title rend="italic">Utvalgte dikt</title>, <name type="publisher">bokselskap.no/Det norske språk- og litteraturselskap</name>, <date>2011/2012</date></ref></item>
<item><ref type="external" target="http://www.bokselskap.no/boker/bondestudentar/tittelside"><name type="author">Garborg, Arne</name>: <title rend="italic">Bondestudentar</title>, <name type="publisher">bokselskap.no</name>, <date>2011</date></ref></item>
<item><ref type="external" target="http://www.bokselskap.no/boker/hannawinsnes/tittelside"><name type="author">Garborg, Arne</name>: <title rend="italic">Hanna Winsnes's kogebog</title>, <name type="publisher">bokselskap.no</name>, <date>2011</date></ref></item>
<item><ref type="external" target="http://www.bokselskap.no/boker/haugtussa/tittelside"><name type="author">Garborg, Arne</name>: <title rend="italic">Haugtussa</title>, <name type="publisher">bokselskap.no/Det norske språk- og litteraturselskap</name>, <date>2010</date></ref></item>
<item><ref type="external" target="http://www.bokselskap.no/boker/mannfolk/tittelside"><name type="author">Garborg, Arne</name>: <title rend="italic">Mannfolk</title>, <name type="publisher">bokselskap.no</name>, <date>2012</date></ref></item>
<item><ref type="external" target="http://www.bokselskap.no/boker/fritforhold/tittelside"><name type="author">Garborg, Hulda</name>: <title rend="italic">Et frit Forhold</title>, <name type="publisher">bokselskap.no</name>, <date>2012</date></ref></item>
<item><ref type="external" target="http://www.bokselskap.no/boker/fruevasdagbog/tittelside"><name type="author">Garborg, Hulda</name>: <title rend="italic">Fru Evas dagbok</title>, <name type="publisher">bokselskap.no/HIOA</name>, <date>2013</date></ref></item>
<item><ref type="external" target="http://www.bokselskap.no/boker/friheten/tittelside"><name type="author">Grieg, Nordahl</name>: <title rend="italic">Friheten</title>, <name type="publisher">bokselskap.no/Bergen Offentlige Bibliotek</name>, <date>2014</date></ref></item>
<item><ref type="external" target="http://www.bokselskap.no/boker/haabet/tittelside"><name type="author">Grieg, Nordahl</name>: <title rend="italic">Håbet</title>, <name type="publisher">bokselskap.no/Bergen Offentlige Bibliotek</name>, <date>2014</date></ref></item>
<item><ref type="external" target="http://www.bokselskap.no/boker/haabet/tittelside"><name type="author">Grieg, Nordahl</name>: <title rend="italic">Løse dikt</title>, <name type="publisher">bokselskap.no/Bergen Offentlige Bibliotek</name>, <date>2015</date></ref></item>
<item><ref type="external" target="http://www.bokselskap.no/boker/norgehjerter/tittelside"><name type="author">Grieg, Nordahl</name>: <title rend="italic">Norge i våre hjerter</title>, <name type="publisher">bokselskap.no/Bergen Offentlige Bibliotek</name>, <date>2014</date></ref></item>
<item><ref type="external" target="http://www.bokselskap.no/boker/rundtkap/tittelside"><name type="author">Grieg, Nordahl</name>: <title rend="italic">Rundt Kap det gode Haab</title>, <name type="publisher">bokselskap.no/Bergen Offentlige Bibliotek</name>, <date>2014</date></ref></item>
<item><ref type="external" target="http://www.bokselskap.no/boker/steneistrommen/tittelside"><name type="author">Grieg, Nordahl</name>: <title rend="italic">Stene i strømmen</title>, <name type="publisher">bokselskap.no/Bergen Offentlige Bibliotek</name>, <date>2014</date></ref></item>
<item><ref type="external" target="http://www.bokselskap.no/boker/hamarkroniken/tittelside"><title rend="italic">Hamarkrøniken</title>, <name type="publisher">bokselskap.no/Det norske språk- og litteraturselskap</name>, <date>2012</date></ref></item>
<item><ref type="external" target="http://www.bokselskap.no/boker/luren/tittelside"><name type="author">Hansen, Maurits C.</name>: <title rend="italic">Luren</title>, <name type="publisher">bokselskap.no</name>, <date>2012</date></ref></item>
<item><ref type="external" target="http://www.bokselskap.no/boker/roolfsen/tittelside"><name type="author">Hansen, Maurits C.</name>: <title rend="italic">Mordet paa Maskinbygger Roolfsen</title>, <name type="publisher">bokselskap.no</name>, <date>2014</date></ref></item>
<item><ref type="external" target="http://www.bokselskap.no/boker/novellen/tittelside"><name type="author">Hansen, Maurits C.</name>: <title rend="italic">Novellen</title>, <name type="publisher">bokselskap.no</name>, <date>2012</date></ref></item>
<item><ref type="external" target="http://www.bokselskap.no/boker/tanteulrikke/tittelside"><name type="author">Heiberg, Gunnar</name>: <title rend="italic">Tante Ulrikke</title>, <name type="publisher">bokselskap.no</name>, <date>2015</date></ref></item>
<item><ref type="external" target="http://www.bokselskap.no/boker/erasmus/tittelside"><name type="author">Holberg, Ludvig</name>: <title rend="italic">Den Politiske Kandstøber</title>, <name type="publisher">bokselskap.no/Ludvig Holbergs Skrifter</name>, <date>2014</date></ref></item>
<item><ref type="external" target="http://www.bokselskap.no/boker/erasmus/tittelside"><name type="author">Holberg, Ludvig</name>: <title rend="italic">Erasmus Montanus</title>, <name type="publisher">bokselskap.no/Ludvig Holbergs Skrifter</name>, <date>2012</date></ref></item>
<item><ref type="external" target="http://www.bokselskap.no/boker/jeppe/tittelside"><name type="author">Holberg, Ludvig</name>: <title rend="italic">Jeppe paa Bierget</title>, <name type="publisher">bokselskap.no/Ludvig Holbergs Skrifter</name>, <date>2012</date></ref></item>
<item><ref type="external" target="http://www.bokselskap.no/boker/brand/tittelside"><name type="author">Ibsen, Henrik</name>: <title rend="italic">Brand</title>, <name type="publisher">bokselskap.no/Henrik Ibsens skrifter</name>, <date>2012</date></ref></item>
<item><ref type="external" target="http://www.bokselskap.no/boker/ibsenbrevcollett/tittelside"><name type="author">Ibsen, Henrik</name>: <title rend="italic">Brev til Camilla Collett</title>, <name type="publisher">bokselskap.no/Henrik Ibsens skrifter</name>, <date>2013</date></ref></item>
<item><ref type="external" target="http://www.bokselskap.no/boker/ibsenbrevlie/tittelside"><name type="author">Ibsen, Henrik</name>: <title rend="italic">Brev til Jonas Lie</title>, <name type="publisher">bokselskap.no/Henrik Ibsens skrifter</name>, <date>2012</date></ref></item>
<item><ref type="external" target="http://www.bokselskap.no/boker/ibsenbrevbjornson/tittelside"><name type="author">Ibsen, Henrik</name>: <title rend="italic">Brev til Bjørnstjerne Bjørnson</title>, <name type="publisher">bokselskap.no/Henrik Ibsens skrifter</name>, <date>2014</date></ref></item>
<item><ref type="external" target="http://www.bokselskap.no/boker/bygmester/tittelside"><name type="author">Ibsen, Henrik</name>: <title rend="italic">Bygmester Solness</title>, <name type="publisher">bokselskap.no/Henrik Ibsens skrifter</name>, <date>2012</date></ref></item>
<item><ref type="external" target="http://www.bokselskap.no/boker/ibsen_digte/tittelside"><name type="author">Ibsen, Henrik</name>: <title rend="italic">Digte</title>, <name type="publisher">bokselskap.no/Henrik Ibsens skrifter</name>, <date>2014</date></ref></item>
<item><ref type="external" target="http://www.bokselskap.no/boker/folkefiende/tittelside"><name type="author">Ibsen, Henrik</name>: <title rend="italic">En folkefiende</title>, <name type="publisher">bokselskap.no/Henrik Ibsens skrifter</name>, <date>2011</date></ref></item>
<item><ref type="external" target="http://www.bokselskap.no/boker/dukkehjem/tittelside"><name type="author">Ibsen, Henrik</name>: <title rend="italic">Et dukkehjem</title>, <name type="publisher">bokselskap.no/Henrik Ibsens skrifter</name>, <date>2011</date></ref></item>
<item><ref type="external" target="http://www.bokselskap.no/boker/fruenfrahavet/tittelside"><name type="author">Ibsen, Henrik</name>: <title rend="italic">Fruen fra havet</title>, <name type="publisher">bokselskap.no/Henrik Ibsens skrifter</name>, <date>2013</date></ref></item>
<item><ref type="external" target="http://www.bokselskap.no/boker/gengangere/tittelside"><name type="author">Ibsen, Henrik</name>: <title rend="italic">Gengangere</title>, <name type="publisher">bokselskap.no/Henrik Ibsens skrifter</name>, <date>2011</date></ref></item>
<item><ref type="external" target="http://www.bokselskap.no/boker/hedda/tittelside"><name type="author">Ibsen, Henrik</name>: <title rend="italic">Hedda Gabler</title>, <name type="publisher">bokselskap.no/Henrik Ibsens skrifter</name>, <date>2012</date></ref></item>
<item><ref type="external" target="http://www.bokselskap.no/boker/peergynt/tittelside"><name type="author">Ibsen, Henrik</name>: <title rend="italic">Peer Gynt</title>, <name type="publisher">bokselskap.no/Henrik Ibsens skrifter</name>, <date>2011</date></ref></item>
<item><ref type="external" target="http://www.bokselskap.no/boker/rosmersholm/tittelside"><name type="author">Ibsen, Henrik</name>: <title rend="italic">Rosmersholm</title>, <name type="publisher">bokselskap.no/Henrik Ibsens skrifter</name>, <date>2012</date></ref></item>
<item><ref type="external" target="http://www.bokselskap.no/boker/terjevigen/tittelside"><name type="author">Ibsen, Henrik</name>: <title rend="italic">Terje Vigen</title>, <name type="publisher">bokselskap.no</name>, <date>2011</date></ref></item>
<item><ref type="external" target="http://www.bokselskap.no/boker/todikt/tittelside"><name type="author">Ibsen, Henrik</name>: <title rend="italic">To dikt</title>, <name type="publisher">bokselskap.no</name>, <date>2010</date></ref></item>
<item><ref type="external" target="http://www.bokselskap.no/boker/vildanden/tittelside"><name type="author">Ibsen, Henrik</name>: <title rend="italic">Vildanden</title>, <name type="publisher">bokselskap.no/Henrik Ibsens skrifter</name>, <date>2011</date></ref></item>
<item><ref type="external" target="http://www.bokselskap.no/boker/kristianiabohemen/tittelside"><name type="author">Jæger, Hans</name>: <title rend="italic">Fra Kristiania-bohêmen</title>, <name type="publisher">bokselskap.no</name>, <date>2012</date></ref></item>
<item><ref type="external" target="http://www.bokselskap.no/boker/brukshistorier/tittelside"><name type="author">Jølsen, Ragnhild</name>: <title rend="italic">Brukshistorier</title>, <name type="publisher">bokselskap.no</name>, <date>2012</date></ref></item>
<item><ref type="external" target="http://www.bokselskap.no/boker/rikkagan/tittelside"><name type="author">Jølsen, Ragnhild</name>: <title rend="italic">Rikka Gan</title>, <name type="publisher">bokselskap.no</name>, <date>2011</date></ref></item>
<item><ref type="external" target="http://www.bokselskap.no/boker/skipperworse/tittelside"><name type="author">Kielland, Alexander L. </name>: <title rend="italic">Skipper Worse</title>, <name type="publisher">bokselskap.no</name>, <date>2013</date></ref></item>
<item><ref type="external" target="http://www.bokselskap.no/boker/brev18691906/tittelside"><name type="author">Kielland, Alexander L.</name>: <title rend="italic">Brev 1869-1906</title>, <name type="publisher">bokselskap.no/Det norske språk- og litteraturselskap</name>, <date>2010</date></ref></item>
<item><ref type="external" target="http://www.bokselskap.no/boker/garmanogworse/tittelside"><name type="author">Kielland, Alexander L.</name>: <title rend="italic">Garman &#x0026; Worse</title>, <name type="publisher">bokselskap.no</name>, <date>2013</date></ref></item>
<item><ref type="external" target="http://www.bokselskap.no/boker/novelletter/tittelside"><name type="author">Kielland, Alexander L.</name>: <title rend="italic">Novelletter</title>, <name type="publisher">bokselskap.no</name>, <date>2011</date></ref></item>
<item><ref type="external" target="http://www.bokselskap.no/boker/nyenovelletter/tittelside"><name type="author">Kielland, Alexander L.</name>: <title rend="italic">Nye Novelletter</title>, <name type="publisher">bokselskap.no</name>, <date>2012</date></ref></item>
<item><ref type="external" target="http://www.bokselskap.no/boker/tonovelletterdanmark/tittelside"><name type="author">Kielland, Alexander L.</name>: <title rend="italic">To Novelletter fra Danmark</title>, <name type="publisher">bokselskap.no</name>, <date>2011</date></ref></item>
<item><ref type="external" target="http://www.bokselskap.no/boker/gift/tittelside"><name type="author">Kielland, Alexander L.</name>: <title rend="italic">Gift</title>, <name type="publisher">bokselskap.no</name>, <date>2013</date></ref></item>
<item><ref type="external" target="http://www.bokselskap.no/boker/fortuna/tittelside"><name type="author">Kielland, Alexander L.</name>: <title rend="italic">Fortuna</title>, <name type="publisher">bokselskap.no</name>, <date>2013</date></ref></item>
<item><ref type="external" target="http://www.bokselskap.no/boker/sankthansfest/tittelside"><name type="author">Kielland, Alexander L.</name>: <title rend="italic">Sankt Hans Fest</title>, <name type="publisher">bokselskap.no/HIOA</name>, <date>2013</date></ref></item>
<item><ref type="external" target="http://www.bokselskap.no/boker/flaggermusvinger/tittelside"><name type="author">Kinck, Hans E.</name>: <title rend="italic">Flaggermus-vinger</title>, <name type="publisher">bokselskap.no</name>, <date>2011</date></ref></item>
<item><ref type="external" target="http://www.bokselskap.no/boker/nordlandsliv/tittelside"><name type="author">Klæbo, Jon</name>: <title rend="italic">Nordlandsliv</title>, <name type="publisher">bokselskap.no/Det norske språk- og litteraturselskap</name>, <date>2013</date></ref></item>
<item><ref type="external" target="http://www.bokselskap.no/boker/kragdikt/tittelside"><name type="author">Krag, Vilhelm</name>: <title rend="italic">Utvalgte dikt</title>, <name type="publisher">bokselskap.no</name>, <date>2012</date></ref></item>
<item><ref type="external" target="http://www.bokselskap.no/boker/albertine/tittelside"><name type="author">Krohg, Christian</name>: <title rend="italic">Albertine</title>, <name type="publisher">bokselskap.no</name>, <date>2014</date></ref></item>
<item><ref type="external" target="http://www.bokselskap.no/boker/familienpaagilje/tittelside"><name type="author">Lie, Jonas</name>: <title rend="italic">Familien paa Gilje</title>, <name type="publisher">bokselskap.no</name>, <date>2011</date></ref></item>
<item><ref type="external" target="http://www.bokselskap.no/boker/kommandorensdottre/tittelside"><name type="author">Lie, Jonas</name>: <title rend="italic">Kommandørens Døttre</title>, <name type="publisher">bokselskap.no</name>, <date>2011</date></ref></item>
<item><ref type="external" target="http://www.bokselskap.no/boker/udmeldtafklubben/tittelside"><name type="author">Lie, Jonas</name>: <title rend="italic">Udmeldt af Klubben</title>, <name type="publisher">bokselskap.no/Det norske språk- og litteraturselskap</name>, <date>2010</date></ref></item>
<item><ref type="external" target="http://www.bokselskap.no/boker/paasjolvstyr/tittelside"><name type="author">Lølnad, Rasmus</name>: <title rend="italic">Paa sjølvstyr</title>, <name type="publisher">bokselskap.no</name>, <date>2015</date></ref></item>
<item><ref type="external" target="http://www.bokselskap.no/boker/mesterenframore/tittelside"><title rend="italic">Mesteren fra Møre</title>, <name type="publisher">bokselskap.no/Det norske språk- og litteraturselskap</name>, <date>2010</date></ref></item>
<item><ref type="external" target="http://www.bokselskap.no/boker/brondenbronden/tittelside"><name type="author">Moe, Jørgen</name>: <title rend="italic">I Brønden og i Tjernet</title>, <name type="publisher">bokselskap.no</name>, <date>2011</date></ref></item>
<item><ref type="external" target="http://www.bokselskap.no/boker/moedikt/tittelside"><name type="author">Moe, Jørgen</name>: <title rend="italic">Utvalgte dikt</title>, <name type="publisher">bokselskap.no</name>, <date>2011</date></ref></item>
<item><ref type="external" target="http://www.bokselskap.no/boker/nilsendikt/tittelside"><name type="author">Nilsen, Rudolf</name>: <title rend="italic">Utvalgte dikt</title>, <name type="publisher">bokselskap.no</name>, <date>2011</date></ref></item>
<item><ref type="external" target="http://www.bokselskap.no/boker/krabvaag/tittelside"><name type="author">Normann, Regine</name>: <title rend="italic">Krabvaag</title>, <name type="publisher">bokselskap.no/Det norske språk- og litteraturselskap</name>, <date>2011</date></ref></item>
<item><ref type="external" target="http://www.bokselskap.no/boker/brevthoresenbrandes/tittelside"><title rend="italic">Magdalene Thoresen og Georg Brandes. En brevveksling</title>, <name type="publisher">bokselskap.no/Det norske språk- og litteraturselskap</name>, <date>2015</date></ref></item>
<item><ref type="external" target="http://www.bokselskap.no/boker/agnete/tittelside"><title rend="italic">Norske mellomalderballadar: Agnete og havmannen</title>, <name type="publisher">bokselskap.no/Nasjonalbiblioteket</name>, <date>2014</date></ref></item>
<item><ref type="external" target="http://www.bokselskap.no/boker/alvioresund/tittelside"><title rend="italic">Norske mellomalderballadar: Alv ligg i Øresund</title>, <name type="publisher">bokselskap.no/Norsk visearkiv</name>, <date>2013</date></ref></item>
<item><ref type="external" target="http://www.bokselskap.no/boker/asaliborg/tittelside"><title rend="italic">Norske mellomalderballadar: Asaliborg</title>, <name type="publisher">bokselskap.no/Norsk visearkiv</name>, <date>2012</date></ref></item>
<item><ref type="external" target="http://www.bokselskap.no/boker/asbjornoglitikjersti/tittelside"><title rend="italic">Norske mellomalderballadar: Asbjørn og liti Kjersti</title>, <name type="publisher">bokselskap.no/Norsk visearkiv</name>, <date>2013</date></ref></item>
<item><ref type="external" target="http://www.bokselskap.no/boker/beltevisa/tittelside"><title rend="italic">Norske mellomalderballadar: Beltevisa</title>, <name type="publisher">bokselskap.no/Norsk visearkiv</name>, <date>2012</date></ref></item>
<item><ref type="external" target="http://www.bokselskap.no/boker/bendikogvidemoy/tittelside"><title rend="italic">Norske mellomalderballadar: Bendik og Videmøy / Brur vik for frilla</title>, <name type="publisher">bokselskap.no/Norsk visearkiv</name>, <date>2012</date></ref></item>
<item><ref type="external" target="http://www.bokselskap.no/boker/bergeliten/tittelside"><title rend="italic">Norske mellomalderballadar: Bergeliten bondeson</title>, <name type="publisher">bokselskap.no/Norsk visearkiv</name>, <date>2012</date></ref></item>
<item><ref type="external" target="http://www.bokselskap.no/boker/bondenogleigejenta/tittelside"><title rend="italic">Norske mellomalderballadar: Bonden og leigejenta</title>, <name type="publisher">bokselskap.no/Norsk visearkiv</name>, <date>2012</date></ref></item>
<item><ref type="external" target="http://www.bokselskap.no/boker/dalbybjorn/tittelside"><title rend="italic">Norske mellomalderballadar: Dalby Bjørn</title>, <name type="publisher">bokselskap.no/Nasjonalbiblioteket</name>, <date>2014</date></ref></item>
<item><ref type="external" target="http://www.bokselskap.no/boker/denhuslegebonden/tittelside"><title rend="italic">Norske mellomalderballadar: Den huslege bonden</title>, <name type="publisher">bokselskap.no/Norsk visearkiv</name>, <date>2012</date></ref></item>
<item><ref type="external" target="http://www.bokselskap.no/boker/densjukebrura/tittelside"><title rend="italic">Norske mellomalderballadar: Den sjuke brura</title>, <name type="publisher">bokselskap.no/Norsk visearkiv</name>, <date>2012</date></ref></item>
<item><ref type="external" target="http://www.bokselskap.no/boker/denutrueektemannen/tittelside"><title rend="italic">Norske mellomalderballadar: Den utrue ektemannen</title>, <name type="publisher">bokselskap.no/Norsk visearkiv</name>, <date>2012</date></ref></item>
<item><ref type="external" target="http://www.bokselskap.no/boker/denvarslandefuglen/tittelside"><title rend="italic">Norske mellomalderballadar: Den varslande fuglen</title>, <name type="publisher">bokselskap.no/Nasjonalbiblioteket</name>, <date>2014</date></ref></item>
<item><ref type="external" target="http://www.bokselskap.no/boker/denvisekvinna/tittelside"><title rend="italic">Norske mellomalderballadar: Den vise kvinna</title>, <name type="publisher">bokselskap.no/Nasjonalbiblioteket</name>, <date>2014</date></ref></item>
<item><ref type="external" target="http://www.bokselskap.no/boker/detfarlegenatteleie/tittelside"><title rend="italic">Norske mellomalderballadar: Det farlege natteleie</title>, <name type="publisher">bokselskap.no/Norsk visearkiv</name>, <date>2012</date></ref></item>
<item><ref type="external" target="http://www.bokselskap.no/boker/draugen/tittelside"><title rend="italic">Norske mellomalderballadar: Draugen</title>, <name type="publisher">bokselskap.no/Norsk visearkiv</name>, <date>2012</date></ref></item>
<item><ref type="external" target="http://www.bokselskap.no/boker/dagmarogstrange/tittelside"><title rend="italic">Norske mellomalderballadar: Dronning Dagmar og junker Strange</title>, <name type="publisher">bokselskap.no/Norsk visearkiv</name>, <date>2013</date></ref></item>
<item><ref type="external" target="http://www.bokselskap.no/boker/dronningdagmar/tittelside"><title rend="italic">Norske mellomalderballadar: Dronning Dagmars død</title>, <name type="publisher">bokselskap.no/Norsk visearkiv</name>, <date>2013</date></ref></item>
<item><ref type="external" target="http://www.bokselskap.no/boker/dronningmargrete/tittelside"><title rend="italic">Norske mellomalderballadar: Dronning Margrete</title>, <name type="publisher">bokselskap.no/Norsk visearkiv</name>, <date>2013</date></ref></item>
<item><ref type="external" target="http://www.bokselskap.no/boker/ebbeskammelsson/tittelside"><title rend="italic">Norske mellomalderballadar: Ebbe Skammelsson</title>, <name type="publisher">bokselskap.no/Norsk visearkiv</name>, <date>2012</date></ref></item>
<item><ref type="external" target="http://www.bokselskap.no/boker/elvarhoy/tittelside"><title rend="italic">Norske mellomalderballadar: Elvarhøy</title>, <name type="publisher">bokselskap.no/Norsk visearkiv</name>, <date>2012</date></ref></item>
<item><ref type="external" target="http://www.bokselskap.no/boker/falvor/tittelside"><title rend="italic">Norske mellomalderballadar: Falkvor Lommannsson</title>, <name type="publisher">bokselskap.no/Norsk visearkiv</name>, <date>2013</date></ref></item>
<item><ref type="external" target="http://www.bokselskap.no/boker/fusentass/tittelside"><title rend="italic">Norske mellomalderballadar: Fusentass</title>, <name type="publisher">bokselskap.no/Norsk visearkiv</name>, <date>2012</date></ref></item>
<item><ref type="external" target="http://www.bokselskap.no/boker/gjurdeborgegreven/tittelside"><title rend="italic">Norske mellomalderballadar: Gjurde borgegreven</title>, <name type="publisher">bokselskap.no/Norsk visearkiv</name>, <date>2013</date></ref></item>
<item><ref type="external" target="http://www.bokselskap.no/boker/gunseli/tittelside"><title rend="italic">Norske mellomalderballadar: Greven for Gunseli</title>, <name type="publisher">bokselskap.no/Norsk visearkiv</name>, <date>2012</date></ref></item>
<item><ref type="external" target="http://www.bokselskap.no/boker/gutenogjenta/tittelside"><title rend="italic">Norske mellomalderballadar: Guten og jenta raka høy</title>, <name type="publisher">bokselskap.no/Norsk visearkiv</name>, <date>2012</date></ref></item>
<item><ref type="external" target="http://www.bokselskap.no/boker/hake/tittelside"><title rend="italic">Norske mellomalderballadar: Hake og bergmannen</title>, <name type="publisher">bokselskap.no/Norsk visearkiv</name>, <date>2012</date></ref></item>
<item><ref type="external" target="http://www.bokselskap.no/boker/harpespelaren/tittelside"><title rend="italic">Norske mellomalderballadar: Harpespelaren</title>, <name type="publisher">bokselskap.no/Norsk visearkiv</name>, <date>2012</date></ref></item>
<item><ref type="external" target="http://www.bokselskap.no/boker/heiemo/tittelside"><title rend="italic">Norske mellomalderballadar: Heiemo og nøkken</title>, <name type="publisher">bokselskap.no/Nasjonalbiblioteket</name>, <date>2014</date></ref></item>
<item><ref type="external" target="http://www.bokselskap.no/boker/byrting/tittelside"><title rend="italic">Norske mellomalderballadar: Herr Byrting og elvekvinna</title>, <name type="publisher">bokselskap.no/Nasjonalbiblioteket</name>, <date>2014</date></ref></item>
<item><ref type="external" target="http://www.bokselskap.no/boker/herrpalle/tittelside"><title rend="italic">Norske mellomalderballadar: Herr Palles bryllup</title>, <name type="publisher">bokselskap.no/Norsk visearkiv</name>, <date>2012</date></ref></item>
<item><ref type="external" target="http://www.bokselskap.no/boker/herrtonne/tittelside"><title rend="italic">Norske mellomalderballadar: Herr Tønne av Alsøy</title>, <name type="publisher">bokselskap.no/Norsk visearkiv</name>, <date>2012</date></ref></item>
<item><ref type="external" target="http://www.bokselskap.no/boker/herrekarl/tittelside"><title rend="italic">Norske mellomalderballadar: Herre Karl lever fredlaus</title>, <name type="publisher">bokselskap.no/Norsk visearkiv</name>, <date>2012</date></ref></item>
<item><ref type="external" target="http://www.bokselskap.no/boker/herrepergiljar/tittelside"><title rend="italic">Norske mellomalderballadar: Herre Per giljar syster si</title>, <name type="publisher">bokselskap.no/Norsk visearkiv</name>, <date>2012</date></ref></item>
<item><ref type="external" target="http://www.bokselskap.no/boker/gjodalin/tittelside"><title rend="italic">Norske mellomalderballadar: Herre Per og Gjødalin</title>, <name type="publisher">bokselskap.no/Norsk visearkiv</name>, <date>2012</date></ref></item>
<item><ref type="external" target="http://www.bokselskap.no/boker/hakonhakonsson/tittelside"><title rend="italic">Norske mellomalderballadar: Håkon Håkonssons død</title>, <name type="publisher">bokselskap.no/Norsk visearkiv</name>, <date>2013</date></ref></item>
<item><ref type="external" target="http://www.bokselskap.no/boker/ivarerlingsson/tittelside"><title rend="italic">Norske mellomalderballadar: Ivar Erlingsson</title>, <name type="publisher">bokselskap.no/Norsk visearkiv</name>, <date>2012</date></ref></item>
<item><ref type="external" target="http://www.bokselskap.no/boker/jentasomville/tittelside"><title rend="italic">Norske mellomalderballadar: Jenta som ville gifte seg</title>, <name type="publisher">bokselskap.no/Norsk visearkiv</name>, <date>2012</date></ref></item>
<item><ref type="external" target="http://www.bokselskap.no/boker/jomfruaingebjorg/tittelside"><title rend="italic">Norske mellomalderballadar: Jomfrua Ingebjørg</title>, <name type="publisher">bokselskap.no/Nasjonalbiblioteket</name>, <date>2014</date></ref></item>
<item><ref type="external" target="http://www.bokselskap.no/boker/jomfruaspelar/tittelside"><title rend="italic">Norske mellomalderballadar: Jomfrua spelar harpe</title>, <name type="publisher">bokselskap.no/Norsk visearkiv</name>, <date>2012</date></ref></item>
<item><ref type="external" target="http://www.bokselskap.no/boker/karlhovding/tittelside"><title rend="italic">Norske mellomalderballadar: Karl høvding</title>, <name type="publisher">bokselskap.no/Norsk visearkiv</name>, <date>2012</date></ref></item>
<item><ref type="external" target="http://www.bokselskap.no/boker/grimborg/tittelside"><title rend="italic">Norske mellomalderballadar: Kjempa Grimborg</title>, <name type="publisher">bokselskap.no/Norsk visearkiv</name>, <date>2012</date></ref></item>
<item><ref type="external" target="http://www.bokselskap.no/boker/kjempenedovrefjell/tittelside"><title rend="italic">Norske mellomalderballadar: Kjempene på Dovrefjell</title>, <name type="publisher">bokselskap.no/Nasjonalbiblioteket</name>, <date>2014</date></ref></item>
<item><ref type="external" target="http://www.bokselskap.no/boker/kjerringaoghoffmannen/tittelside"><title rend="italic">Norske mellomalderballadar: Kjerringa og hoffmannen</title>, <name type="publisher">bokselskap.no/Norsk visearkiv</name>, <date>2013</date></ref></item>
<item><ref type="external" target="http://www.bokselskap.no/boker/kjerringa/tittelside"><title rend="italic">Norske mellomalderballadar: Kjerringa til skrifte</title>, <name type="publisher">bokselskap.no/Norsk visearkiv</name>, <date>2012</date></ref></item>
<item><ref type="external" target="http://www.bokselskap.no/boker/klagandemoy/tittelside"><title rend="italic">Norske mellomalderballadar: Klagande møy</title>, <name type="publisher">bokselskap.no/Norsk visearkiv</name>, <date>2012</date></ref></item>
<item><ref type="external" target="http://www.bokselskap.no/boker/knuthjuring/tittelside"><title rend="italic">Norske mellomalderballadar: Knut hjuring</title>, <name type="publisher">bokselskap.no/Norsk visearkiv</name>, <date>2013</date></ref></item>
<item><ref type="external" target="http://www.bokselskap.no/boker/kongdiderik/tittelside"><title rend="italic">Norske mellomalderballadar: Kong Diderik og løva</title>, <name type="publisher">bokselskap.no/Norsk visearkiv</name>, <date>2012</date></ref></item>
<item><ref type="external" target="http://www.bokselskap.no/boker/konghans/tittelside"><title rend="italic">Norske mellomalderballadar: Kong Hans' bryllaup</title>, <name type="publisher">bokselskap.no/Norsk visearkiv</name>, <date>2013</date></ref></item>
<item><ref type="external" target="http://www.bokselskap.no/boker/kongssonen/tittelside"><title rend="italic">Norske mellomalderballadar: Kongssonen av Norigsland</title>, <name type="publisher">bokselskap.no/Nasjonalbiblioteket</name>, <date>2014</date></ref></item>
<item><ref type="external" target="http://www.bokselskap.no/boker/kongsverker/tittelside"><title rend="italic">Norske mellomalderballadar: Kong Sverker</title>, <name type="publisher">bokselskap.no/Norsk visearkiv</name>, <date>2013</date></ref></item>
<item><ref type="external" target="http://www.bokselskap.no/boker/kvinnasomikkje/tittelside"><title rend="italic">Norske mellomalderballadar: Kvinna som ikkje kunne føde</title>, <name type="publisher">bokselskap.no/Norsk visearkiv</name>, <date>2012</date></ref></item>
<item><ref type="external" target="http://www.bokselskap.no/boker/lindormbrura/tittelside"><title rend="italic">Norske mellomalderballadar: Lindormbrura</title>, <name type="publisher">bokselskap.no/Nasjonalbiblioteket</name>, <date>2014</date></ref></item>
<item><ref type="external" target="http://www.bokselskap.no/boker/litenlavrans/tittelside"><title rend="italic">Norske mellomalderballadar: Liten Lavrans</title>, <name type="publisher">bokselskap.no/Nasjonalbiblioteket</name>, <date>2014</date></ref></item>
<item><ref type="external" target="http://www.bokselskap.no/boker/litentilvending/tittelside"><title rend="italic">Norske mellomalderballadar: Liten Tilvending</title>, <name type="publisher">bokselskap.no/Norsk visearkiv</name>, <date>2012</date></ref></item>
<item><ref type="external" target="http://www.bokselskap.no/boker/litikjerstisdans/tittelside"><title rend="italic">Norske mellomalderballadar: Liti Kjerstis dans</title>, <name type="publisher">bokselskap.no/Norsk visearkiv</name>, <date>2013</date></ref></item>
<item><ref type="external" target="http://www.bokselskap.no/boker/litikjerstiset/tittelside"><title rend="italic">Norske mellomalderballadar: Liti Kjersti set barnet ut…</title>, <name type="publisher">bokselskap.no/Norsk visearkiv</name>, <date>2013</date></ref></item>
<item><ref type="external" target="http://www.bokselskap.no/boker/lovmann/tittelside"><title rend="italic">Norske mellomalderballadar: Lovmann og Tor</title>, <name type="publisher">bokselskap.no/Norsk visearkiv</name>, <date>2012</date></ref></item>
<item><ref type="external" target="http://www.bokselskap.no/boker/margjitrunarborgi/tittelside"><title rend="italic">Norske mellomalderballadar: Margjit og Tarjei Risvollo</title>, <name type="publisher">bokselskap.no/Norsk visearkiv</name>, <date>2014</date></ref></item>
<item><ref type="external" target="http://www.bokselskap.no/boker/margjitrunarborgi/tittelside"><title rend="italic">Norske mellomalderballadar: Margjit Runarborgji</title>, <name type="publisher">bokselskap.no/Norsk visearkiv</name>, <date>2013</date></ref></item>
<item><ref type="external" target="http://www.bokselskap.no/boker/mindrealv/tittelside"><title rend="italic">Norske mellomalderballadar: Mindre-Alvs død</title>, <name type="publisher">bokselskap.no/Norsk visearkiv</name>, <date>2012</date></ref></item>
<item><ref type="external" target="http://www.bokselskap.no/boker/moyailinda/tittelside"><title rend="italic">Norske mellomalderballadar: Møya i linda</title>, <name type="publisher">bokselskap.no/Norsk visearkiv</name>, <date>2012</date></ref></item>
<item><ref type="external" target="http://www.bokselskap.no/boker/moyaiulveham/tittelside"><title rend="italic">Norske mellomalderballadar: Møya i ulveham</title>, <name type="publisher">bokselskap.no/Nasjonalbiblioteket</name>, <date>2014</date></ref></item>
<item><ref type="external" target="http://www.bokselskap.no/boker/moyaogfriaren/tittelside"><title rend="italic">Norske mellomalderballadar: Møya og den djerve friaren</title>, <name type="publisher">bokselskap.no/Norsk visearkiv</name>, <date>2012</date></ref></item>
<item><ref type="external" target="http://www.bokselskap.no/boker/moyiblirsend/tittelside"><title rend="italic">Norske mellomalderballadar: Møyi blir send av land til den rike greven</title>, <name type="publisher">bokselskap.no/Norsk visearkiv</name>, <date>2012</date></ref></item>
<item><ref type="external" target="http://www.bokselskap.no/boker/malfriddoyr/tittelside"><title rend="italic">Norske mellomalderballadar: Målfrid døyr</title>, <name type="publisher">bokselskap.no/Norsk visearkiv</name>, <date>2012</date></ref></item>
<item><ref type="external" target="http://www.bokselskap.no/boker/malfrid/tittelside"><title rend="italic">Norske mellomalderballadar: Målfrid, mi frue</title>, <name type="publisher">bokselskap.no/Norsk visearkiv</name>, <date>2012</date></ref></item>
<item><ref type="external" target="http://www.bokselskap.no/boker/nilsebbesen/tittelside"><title rend="italic">Norske mellomalderballadar: Nils Ebbesen</title>, <name type="publisher">bokselskap.no/Norsk visearkiv</name>, <date>2013</date></ref></item>
<item><ref type="external" target="http://www.bokselskap.no/boker/olavakselsson/tittelside"><title rend="italic">Norske mellomalderballadar: Olav Akselsson</title>, <name type="publisher">bokselskap.no/Norsk visearkiv</name>, <date>2012</date></ref></item>
<item><ref type="external" target="http://www.bokselskap.no/boker/olavstrangesson/tittelside"><title rend="italic">Norske mellomalderballadar: Olav Strangesson</title>, <name type="publisher">bokselskap.no/Norsk visearkiv</name>, <date>2012</date></ref></item>
<item><ref type="external" target="http://www.bokselskap.no/boker/palletygesson/tittelside"><title rend="italic">Norske mellomalderballadar: Palle Tygesson</title>, <name type="publisher">bokselskap.no/Norsk visearkiv</name>, <date>2012</date></ref></item>
<item><ref type="external" target="http://www.bokselskap.no/boker/parisogelena/tittelside"><title rend="italic">Norske mellomalderballadar: Paris og Elena i Trejeborg</title>, <name type="publisher">bokselskap.no/Norsk visearkiv</name>, <date>2012</date></ref></item>
<item><ref type="external" target="http://www.bokselskap.no/boker/pederhenriksson/tittelside"><title rend="italic">Norske mellomalderballadar: Peder Henriksson</title>, <name type="publisher">bokselskap.no/Norsk visearkiv</name>, <date>2012</date></ref></item>
<item><ref type="external" target="http://www.bokselskap.no/boker/ramnenberbod/tittelside"><title rend="italic">Norske mellomalderballadar: Ramnen ber bod</title>, <name type="publisher">bokselskap.no/Nasjonalbiblioteket</name>, <date>2014</date></ref></item>
<item><ref type="external" target="http://www.bokselskap.no/boker/riddarfellerfar/tittelside"><title rend="italic">Norske mellomalderballadar: Riddar feller far til møya</title>, <name type="publisher">bokselskap.no/Norsk visearkiv</name>, <date>2012</date></ref></item>
<item><ref type="external" target="http://www.bokselskap.no/boker/riddarlegg/tittelside"><title rend="italic">Norske mellomalderballadar: Riddar legg seg lik</title>, <name type="publisher">bokselskap.no/Norsk visearkiv</name>, <date>2012</date></ref></item>
<item><ref type="external" target="http://www.bokselskap.no/boker/rikerodenigard/tittelside"><title rend="italic">Norske mellomalderballadar: Rike Rodenigård og ørna</title>, <name type="publisher">bokselskap.no/Nasjonalbiblioteket</name>, <date>2014</date></ref></item>
<item><ref type="external" target="http://www.bokselskap.no/boker/rosaoghertugen/tittelside"><title rend="italic">Norske mellomalderballadar: Rosa og hertugen</title>, <name type="publisher">bokselskap.no/Norsk visearkiv</name>, <date>2013</date></ref></item>
<item><ref type="external" target="http://www.bokselskap.no/boker/rosensfolen/tittelside"><title rend="italic">Norske mellomalderballadar: Rosensfolen</title>, <name type="publisher">bokselskap.no/Nasjonalbiblioteket</name>, <date>2014</date></ref></item>
<item><ref type="external" target="http://www.bokselskap.no/boker/signelill/tittelside"><title rend="italic">Norske mellomalderballadar: Signelill og hennar søner</title>, <name type="publisher">bokselskap.no/Norsk visearkiv</name>, <date>2012</date></ref></item>
<item><ref type="external" target="http://www.bokselskap.no/boker/sigurdogtrollbrura/tittelside"><title rend="italic">Norske mellomalderballadar: Sigurd og trollbrura</title>, <name type="publisher">bokselskap.no/Norsk visearkiv</name>, <date>2012</date></ref></item>
<item><ref type="external" target="http://www.bokselskap.no/boker/sonenfortel/tittelside"><title rend="italic">Norske mellomalderballadar: Sonen fortel sine sorger</title>, <name type="publisher">bokselskap.no/Norsk visearkiv</name>, <date>2012</date></ref></item>
<item><ref type="external" target="http://www.bokselskap.no/boker/sortiveroglusse/tittelside"><title rend="italic">Norske mellomalderballadar: Sort-Iver og Lusse</title>, <name type="publisher">bokselskap.no/Norsk visearkiv</name>, <date>2012</date></ref></item>
<item><ref type="external" target="http://www.bokselskap.no/boker/stigliten/tittelside"><title rend="italic">Norske mellomalderballadar: Stig liten fell</title>, <name type="publisher">bokselskap.no/Norsk visearkiv</name>, <date>2012</date></ref></item>
<item><ref type="external" target="http://www.bokselskap.no/boker/stiglitensruner/tittelside"><title rend="italic">Norske mellomalderballadar: Stig litens runer</title>, <name type="publisher">bokselskap.no/Norsk visearkiv</name>, <date>2012</date></ref></item>
<item><ref type="external" target="http://www.bokselskap.no/boker/stoltelselille/tittelside"><title rend="italic">Norske mellomalderballadar: Stolt Elselille</title>, <name type="publisher">bokselskap.no/Norsk visearkiv</name>, <date>2013</date></ref></item>
<item><ref type="external" target="http://www.bokselskap.no/boker/stoltmargjit/tittelside"><title rend="italic">Norske mellomalderballadar: Stolt Margjit og Iven Erningsson</title>, <name type="publisher">bokselskap.no/Norsk visearkiv</name>, <date>2012</date></ref></item>
<item><ref type="external" target="http://www.bokselskap.no/boker/stoltmargjitset/tittelside"><title rend="italic">Norske mellomalderballadar: Stolt Margjit set bror…</title>, <name type="publisher">bokselskap.no/Norsk visearkiv</name>, <date>2012</date></ref></item>
<item><ref type="external" target="http://www.bokselskap.no/boker/sveinsvane/tittelside"><title rend="italic">Norske mellomalderballadar: Svein Svane</title>, <name type="publisher">bokselskap.no/Norsk visearkiv</name>, <date>2012</date></ref></item>
<item><ref type="external" target="http://www.bokselskap.no/boker/svenfelding/tittelside"><title rend="italic">Norske mellomalderballadar: Sven Felding</title>, <name type="publisher">bokselskap.no/Norsk visearkiv</name>, <date>2013</date></ref></item>
<item><ref type="external" target="http://www.bokselskap.no/boker/svenirosengard/tittelside"><title rend="italic">Norske mellomalderballadar: Sven i Rosengård</title>, <name type="publisher">bokselskap.no/Norsk visearkiv</name>, <date>2012</date></ref></item>
<item><ref type="external" target="http://www.bokselskap.no/boker/sovnrunene/tittelside"><title rend="italic">Norske mellomalderballadar: Søvnrunene</title>, <name type="publisher">bokselskap.no/Norsk visearkiv</name>, <date>2012</date></ref></item>
<item><ref type="external" target="http://www.bokselskap.no/boker/takhardt/tittelside"><title rend="italic">Norske mellomalderballadar: Tak hardt i hand…</title>, <name type="publisher">bokselskap.no/Norsk visearkiv</name>, <date>2012</date></ref></item>
<item><ref type="external" target="http://www.bokselskap.no/boker/toreliti/tittelside"><title rend="italic">Norske mellomalderballadar: Toreliti og Skakjelokk</title>, <name type="publisher">bokselskap.no/Norsk visearkiv</name>, <date>2012</date></ref></item>
<item><ref type="external" target="http://www.bokselskap.no/boker/torkjelltrondsson/tittelside"><title rend="italic">Norske mellomalderballadar: Torkjell Trondsson</title>, <name type="publisher">bokselskap.no/Norsk visearkiv</name>, <date>2013</date></ref></item>
<item><ref type="external" target="http://www.bokselskap.no/boker/tosstein/tittelside"><title rend="italic">Norske mellomalderballadar: Tosstein tala te staven sin</title>, <name type="publisher">bokselskap.no/Norsk visearkiv</name>, <date>2012</date></ref></item>
<item><ref type="external" target="http://www.bokselskap.no/boker/truskapsprova/tittelside"><title rend="italic">Norske mellomalderballadar: Truskapsprøva</title>, <name type="publisher">bokselskap.no/Norsk visearkiv</name>, <date>2012</date></ref></item>
<item><ref type="external" target="http://www.bokselskap.no/boker/ulvvanjern/tittelside"><title rend="italic">Norske mellomalderballadar: Ulv van Jern</title>, <name type="publisher">bokselskap.no/Norsk visearkiv</name>, <date>2012</date></ref></item>
<item><ref type="external" target="http://www.bokselskap.no/boker/engelbrett/tittelside"><title rend="italic">Norske mellomalderballadar: Unge Engelbrett</title>, <name type="publisher">bokselskap.no/Norsk visearkiv</name>, <date>2012</date></ref></item>
<item><ref type="external" target="http://www.bokselskap.no/boker/ungesvegder/tittelside"><title rend="italic">Norske mellomalderballadar: Unge Svegder</title>, <name type="publisher">bokselskap.no/Norsk visearkiv</name>, <date>2012</date></ref></item>
<item><ref type="external" target="http://www.bokselskap.no/boker/vakukall/tittelside"><title rend="italic">Norske mellomalderballadar: Unge Våkukall</title>, <name type="publisher">bokselskap.no/Norsk visearkiv</name>, <date>2012</date></ref></item>
<item><ref type="external" target="http://www.bokselskap.no/boker/ungersvein/tittelside"><title rend="italic">Norske mellomalderballadar: Ungersvein på tinget</title>, <name type="publisher">bokselskap.no/Norsk visearkiv</name>, <date>2012</date></ref></item>
<item><ref type="external" target="http://www.bokselskap.no/boker/valdemarogtove/tittelside"><title rend="italic">Norske mellomalderballadar: Valdemar og Tove</title>, <name type="publisher">bokselskap.no/Norsk visearkiv</name>, <date>2012</date></ref></item>
<item><ref type="external" target="http://www.bokselskap.no/boker/valiknut/tittelside"><title rend="italic">Norske mellomalderballadar: Valiknut og Snekkjelita</title>, <name type="publisher">bokselskap.no/Norsk visearkiv</name>, <date>2012</date></ref></item>
<item><ref type="external" target="http://www.bokselskap.no/boker/valramnen/tittelside"><title rend="italic">Norske mellomalderballadar: Valramnen</title>, <name type="publisher">bokselskap.no/Nasjonalbiblioteket</name>, <date>2014</date></ref></item>
<item><ref type="external" target="http://www.bokselskap.no/boker/varulven/tittelside"><title rend="italic">Norske mellomalderballadar: Varulven</title>, <name type="publisher">bokselskap.no/Nasjonalbiblioteket</name>, <date>2014</date></ref></item>
<item><ref type="external" target="http://www.bokselskap.no/boker/verner/tittelside"><title rend="italic">Norske mellomalderballadar: Verner i fangetårnet</title>, <name type="publisher">bokselskap.no/Norsk visearkiv</name>, <date>2013</date></ref></item>
<item><ref type="external" target="http://www.bokselskap.no/boker/viliken/tittelside"><title rend="italic">Norske mellomalderballadar: Viliken Veiemannsson</title>, <name type="publisher">bokselskap.no/Norsk visearkiv</name>, <date>2012</date></ref></item>
<item><ref type="external" target="http://www.bokselskap.no/boker/varulven/tittelside"><title rend="italic">Norske mellomalderballadar: Villemann og Magnhild</title>, <name type="publisher">bokselskap.no/Nasjonalbiblioteket</name>, <date>2014</date></ref></item>
<item><ref type="external" target="http://www.bokselskap.no/boker/vinnemoy/tittelside"><title rend="italic">Norske mellomalderballadar: Vinne møy med runer</title>, <name type="publisher">bokselskap.no/Nasjonalbiblioteket</name>, <date>2014</date></ref></item>
<item><ref type="external" target="http://www.bokselskap.no/boker/vreta/tittelside"><title rend="italic">Norske mellomalderballadar: Vreta klosterrov</title>, <name type="publisher">bokselskap.no/Norsk visearkiv</name>, <date>2013</date></ref></item>
<item><ref type="external" target="http://www.bokselskap.no/boker/ynskjandemoy/tittelside"><title rend="italic">Norske mellomalderballadar: Ynskjande møy</title>, <name type="publisher">bokselskap.no/Norsk visearkiv</name>, <date>2012</date></ref></item>
<item><ref type="external" target="http://www.bokselskap.no/boker/nygarddikt/tittelside"><name type="author">Nygard, Olav</name>: <title rend="italic">Utvalgte dikt</title>, <name type="publisher">bokselskap.no</name>, <date>2011</date></ref></item>
<item><ref type="external" target="http://www.bokselskap.no/boker/digte/tittelside"><name type="author">Obstfelder, Sigbjørn</name>: <title rend="italic">Digte</title>, <name type="publisher">bokselskap.no/Det norske språk- og litteraturselskap</name>, <date>2010</date></ref></item>
<item><ref type="external" target="http://www.bokselskap.no/boker/tonovelletter/tittelside"><name type="author">Obstfelder, Sigbjørn</name>: <title rend="italic">To novelletter</title>, <name type="publisher">bokselskap.no</name>, <date>2011</date></ref></item>
<item><ref type="external" target="http://www.bokselskap.no/boker/pavels1814/tittelside"><name type="author">Pavels, Claus</name>: <title rend="italic">Dagbog 1814</title>, <name type="publisher">bokselskap.no/Det norske språk- og litteraturselskap</name>, <date>2014</date></ref></item>
<item><ref type="external" target="http://www.bokselskap.no/boker/jernvognen/tittelside"><name type="author">Riverton, Stein</name>: <title rend="italic">Jernvognen</title>, <name type="publisher">bokselskap.no</name>, <date>2013</date></ref></item>
<item><ref type="external" target="http://www.bokselskap.no/boker/storhertuginnen/tittelside"><name type="author">Riverton, Stein</name>: <title rend="italic">Storhertuginnen av speilsalen</title>, <name type="publisher">bokselskap.no/HIOA</name>, <date>2013</date></ref></item>
<item><ref type="external" target="http://www.bokselskap.no/boker/idedage/tittelside"><name type="author">Rølvaag, Ole Edvart</name>: <title rend="italic">I de dage</title>, <name type="publisher">bokselskap.no</name>, <date>2011</date></ref></item>
<item><ref type="external" target="http://www.bokselskap.no/boker/riket/tittelside"><name type="author">Rølvaag, Ole Edvart</name>: <title rend="italic">Riket grundlægges</title>, <name type="publisher">bokselskap.no</name>, <date>2011</date></ref></item>
<item><ref type="external" target="http://www.bokselskap.no/boker/devergelose/tittelside"><name type="author">Scott, Gabriel</name>: <title rend="italic">De vergeløse</title>, <name type="publisher">bokselskap.no/Det norske språk- og litteraturselskap</name>, <date>2011</date></ref></item>
<item><ref type="external" target="http://www.bokselskap.no/boker/sivledikt/tittelside"><name type="author">Sivle, Per</name>: <title rend="italic">Utvalgte dikt</title>, <name type="publisher">bokselskap.no</name>, <date>2012</date></ref></item>
<item><ref type="external" target="http://www.bokselskap.no/boker/sogor/tittelside"><name type="author">Sivle, Per</name>: <title rend="italic">Sogor</title>, <name type="publisher">bokselskap.no</name>, <date>2011</date></ref></item>
<item><ref type="external" target="http://www.bokselskap.no/boker/streik/tittelside"><name type="author">Sivle, Per</name>: <title rend="italic">Streik</title>, <name type="publisher">bokselskap.no</name>, <date>2013</date></ref></item>
<item><ref type="external" target="http://www.bokselskap.no/boker/forraadt/tittelside"><name type="author">Skram, Amalie</name>: <title rend="italic">Constance Ring</title>, <name type="publisher">bokselskap.no</name>, <date>2014</date></ref></item>
<item><ref type="external" target="http://www.bokselskap.no/boker/forraadt/tittelside"><name type="author">Skram, Amalie</name>: <title rend="italic">Forraadt</title>, <name type="publisher">bokselskap.no</name>, <date>2011</date></ref></item>
<item><ref type="external" target="http://www.bokselskap.no/boker/fruines/tittelside"><name type="author">Skram, Amalie</name>: <title rend="italic">Fru Inés</title>, <name type="publisher">bokselskap.no</name>, <date>2013</date></ref></item>
<item><ref type="external" target="http://www.bokselskap.no/boker/karensjul/tittelside"><name type="author">Skram, Amalie</name>: <title rend="italic">Karens Jul</title>, <name type="publisher">bokselskap.no</name>, <date>2011</date></ref></item>
<item><ref type="external" target="http://www.bokselskap.no/boker/lucie/tittelside"><name type="author">Skram, Amalie</name>: <title rend="italic">Lucie</title>, <name type="publisher">bokselskap.no</name>, <date>2013</date></ref></item>
<item><ref type="external" target="http://www.bokselskap.no/boker/dennorskekronike/tittelside"><name type="author">Størssøn, Mattis</name>: <title rend="italic">Den norske krønike</title>, <name type="publisher">bokselskap.no/Det norske språk- og litteraturselskap</name>, <date>2010</date></ref></item>
<item><ref type="external" target="http://www.bokselskap.no/boker/bedstemoder/tittelside"><name type="author">Thoresen, Magdalene</name>: <title rend="italic">Min Bedstemoders Fortælling</title>, <name type="publisher">bokselskap.no</name>, <date>2015</date></ref></item>
<item><ref type="external" target="http://www.bokselskap.no/boker/bedstemoder/tittelside"><name type="author">Thoresen, Magdalene</name>: <title rend="italic">Billeder fra Midnatsolens Land</title>, <name type="publisher">bokselskap.no/Det norske språk- og litteraturselskap</name>, <date>2015</date></ref></item>
<item><ref type="external" target="http://www.bokselskap.no/boker/bedstemoder/tittelside"><name type="author">Thoresen, Magdalene</name>: <title rend="italic">Billeder fra Vestkysten af Norge</title>, <name type="publisher">bokselskap.no/Det norske språk- og litteraturselskap</name>, <date>2015</date></ref></item>
<item><ref type="external" target="http://www.bokselskap.no/boker/skiturfortellinger/tittelside"><title rend="italic">Tre skiturfortellinger fra 1884</title>, <name type="publisher">bokselskap.no/Det norske språk- og litteraturselskap</name>, <date>2013</date></ref></item>
<item><ref type="external" target="http://www.bokselskap.no/boker/tullindikt/tittelside"><name type="author">Tullin, Christian Braunmann</name>: <title rend="italic">Utvalgte dikt</title>, <name type="publisher">bokselskap.no/Det norske språk- og litteraturselskap</name>, <date>2011/2014</date></ref></item>
<item><ref type="external" target="http://www.bokselskap.no/boker/frumartaoulie/tittelside"><name type="author">Undset, Sigrid</name>: <title rend="italic">Fru Marta Oulie</title>, <name type="publisher">bokselskap.no/Det norske språk- og litteraturselskap</name>, <date>2010</date></ref></item>
<item><ref type="external" target="http://www.bokselskap.no/boker/jenny/tittelside"><name type="author">Undset, Sigrid</name>: <title rend="italic">Jenny</title>, <name type="publisher">bokselskap.no</name>, <date>2010</date></ref></item>
<item><ref type="external" target="http://www.bokselskap.no/boker/ferdaminni/tittelside"><name type="author">Vinje, A.O.</name>: <title rend="italic">Ferdaminni</title>, <name type="publisher">bokselskap.no</name>, <date>2012</date></ref></item>
<item><ref type="external" target="http://www.bokselskap.no/boker/vinjedikt/tittelside"><name type="author">Vinje, A.O.</name>: <title rend="italic">Utvalgte dikt</title>, <name type="publisher">bokselskap.no</name>, <date>2011</date></ref></item>
<item><ref type="external" target="http://www.bokselskap.no/boker/welhavendikt/tittelside"><name type="author">Welhaven, Johan Sebastian </name>: <title rend="italic">Utvalgte dikt</title>, <name type="publisher">bokselskap.no/Det norske språk- og litteraturselskap</name>, <date>2011</date></ref></item>
<item><ref type="external" target="http://www.bokselskap.no/boker/amalie/tittelside"><name type="author">Wergeland, Henrik</name>: <title rend="italic">Brevene til Amalie</title>, <name type="publisher">bokselskap.no/Det norske språk- og litteraturselskap</name>, <date>2011</date></ref></item>
<item><ref type="external" target="http://www.bokselskap.no/boker/blomsterstykke/tittelside"><name type="author">Wergeland, Henrik</name>: <title rend="italic">Jan van Huysums Blomsterstykke</title>, <name type="publisher">bokselskap.no</name>, <date>2011</date></ref></item>
<item><ref type="external" target="http://www.bokselskap.no/boker/skabelsen/tittelside"><name type="author">Wergeland, Henrik</name>: <title rend="italic">Skabelsen, Mennesket og Messias</title>, <name type="publisher">bokselskap.no</name>, <date>2014</date></ref></item>
<item><ref type="external" target="http://www.bokselskap.no/boker/wergelanddikt/tittelside"><name type="author">Wergeland, Henrik</name>: <title rend="italic">Utvalgte dikt</title>, <name type="publisher">bokselskap.no</name>, <date>2011</date></ref></item>
<item><ref type="external" target="http://www.bokselskap.no/boker/kierlighed/tittelside"><name type="author">Wessel, Johan Herman</name>: <title rend="italic">Kierlighed uden Strømper</title>, <name type="publisher">bokselskap.no</name>, <date>2011</date></ref></item>
<item><ref type="external" target="http://www.bokselskap.no/boker/komiskefortellinger/tittelside"><name type="author">Wessel, Johan Herman</name>: <title rend="italic">Utvalgte komiske fortellinger</title>, <name type="publisher">bokselskap.no</name>, <date>2011</date></ref></item>
<item><ref type="external" target="http://www.bokselskap.no/boker/smaavers/tittelside"><name type="author">Wessel, Johan Herman</name>: <title rend="italic">Utvalgte småvers</title>, <name type="publisher">bokselskap.no</name>, <date>2011</date></ref></item>
<item><ref type="external" target="http://www.bokselskap.no/boker/kogebog/tittelside"><name type="author">Winsnes, Hanna</name>: <title rend="italic">Lærebog i de forskjellige Grene av Huusholdningen</title>, <name type="publisher">bokselskap.no</name>, <date>2011</date></ref></item>
<item><ref type="external" target="http://www.bokselskap.no/boker/morsommedage/tittelside"><name type="author">Zwilgmeyer, Dikken</name>: <title rend="italic">Morsomme dage</title>, <name type="publisher">bokselskap.no</name>, <date>2011</date></ref></item>
<item><ref type="external" target="http://www.bokselskap.no/boker/somkvinderer/tittelside"><name type="author">Zwilgmeyer, Dikken</name>: <title rend="italic">Som kvinder er</title>, <name type="publisher">bokselskap.no/HIOA</name>, <date>2013</date></ref></item>
<item><ref type="external" target="http://www.bokselskap.no/boker/symra/tittelside"><name type="author">Aasen, Ivar</name>: <title rend="italic">Symra</title>, <name type="publisher">bokselskap.no</name>, <date>2010</date></ref></item>
<item><ref type="external" target="http://www.bokselskap.no/boker/30ballader/tittelside"><title rend="italic">30 ballader om drap og elskov, skjemt og lengsel</title>, <name type="publisher">bokselskap.no/Norsk visearkiv</name>, <date>2010</date></ref></item>
</list>
</div>
</body>
</text>
</TEI>