<?xml version="1.0" encoding="UTF-8"?>
<!DOCTYPE TEI PUBLIC "-// NSL Norge //EN" "http://www.bokselskap.no/tekstkoding/NSL_tei_xinclude.dtd">
<TEI xmlns:xsi="http://www.w3.org/2001/XMLSchema-instance" xml:id="Publiseringsliste">
<teiHeader>
<fileDesc>
<titleStmt>
<title>bokselskap.no: Publiseringsliste pr. 08.08.2014</title>
</titleStmt>
<publicationStmt><p>bokselskap.no 2014</p></publicationStmt>
<sourceDesc><p/></sourceDesc>
</fileDesc>
<revisionDesc>
<change xml:id="ENW" who="ENW" when="2014-08-08">XML-koding.</change>
</revisionDesc>
</teiHeader>
<text xml:id="Publiseringsliste_20140808">
<body>
<div>
<head>bokselskap.no: Publiseringsliste (pr. 08.08.14)</head>
<list>
<item><ref type="external" target="http://www.bokselskap.no/boker/nordvestpassagen"><name type="author">Amundsen, Roald</name>: <title>Nordvestpassagen</title></ref></item>
<item><ref type="external" target="http://www.bokselskap.no/boker/folkeeventyr"><name type="author">Asbjørnsen &#x0026; Moe</name>: <title>Utvalgte eventyr</title></ref></item>
<item><ref type="external" target="http://www.bokselskap.no/boker/huldreventyr"><name type="author">Asbjørnsen, Peter Chr.</name>: <title>Norske Huldreeventyr og Folkesagn</title></ref></item>
<item><ref type="external" target="http://www.bokselskap.no/boker/1814kilder"><title>"… at ryste en Consitution du af Ermen"</title></ref></item>
<item><ref type="external" target="http://www.bokselskap.no/boker/aukrustdikt"><name type="author">Aukrust, Olav</name>: <title>Utvalgte dikt</title></ref></item>
<item><ref type="external" target="http://www.bokselskap.no/boker/absalonsdagbok"><name type="author">Beyer, Absalon Pederssøn</name>: <title>Dagbok 1552-72</title></ref></item>
<item><ref type="external" target="http://www.bokselskap.no/boker/orationommestergeble"><name type="author">Beyer, Absalon Pederssøn</name>: <title>Oration om Mester Geble</title></ref></item>
<item><ref type="external" target="http://www.bokselskap.no/boker/arne"><name type="author">Bjørnson, Bjørnstjerne</name>: <title>Arne</title></ref></item>
<item><ref type="external" target="http://www.bokselskap.no/boker/bjornsonsbrevveksling"><name type="author">Bjørnson, Bjørnstjerne</name>: <title>Brevveksling med danske 1857-74</title></ref></item>
<item><ref type="external" target="http://www.bokselskap.no/boker/engladgut"><name type="author">Bjørnson, Bjørnstjerne</name>: <title>En glad Gut</title></ref></item>
<item><ref type="external" target="http://www.bokselskap.no/boker/faderen"><name type="author">Bjørnson, Bjørnstjerne</name>: <title>Faderen</title></ref></item>
<item><ref type="external" target="http://www.bokselskap.no/boker/synnovesolbakken"><name type="author">Bjørnson, Bjørnstjerne</name>: <title>Synnøve Solbakken</title></ref></item>
<item><ref type="external" target="http://www.bokselskap.no/boker/bjornsondikt"><name type="author">Bjørnson, Bjørnstjerne</name>: <title>Utvalgte dikt</title></ref></item>
<item><ref type="external" target="http://www.bokselskap.no/boker/einertambeskielver"><name type="author">Brun, Johan Nordahl</name>: <title>Einer Tambeskielver</title></ref></item>
<item><ref type="external" target="http://www.bokselskap.no/boker/brundikt"><name type="author">Brun, Johan Nordahl</name>: <title>Utvalgte dikt</title></ref></item>
<item><ref type="external" target="http://www.bokselskap.no/boker/bulldikt"><name type="author">Bull, Olaf</name>: <title>Utvalgte dikt</title></ref></item>
<item><ref type="external" target="http://www.bokselskap.no/boker/ad1utg"><name type="author">Collett, Camilla</name>: <title>Amtmandens Døttre (1854/55)</title></ref></item>
<item><ref type="external" target="http://www.bokselskap.no/boker/ad3utg"><name type="author">Collett, Camilla</name>: <title>Amtmandens Døtre (1879)</title></ref></item>
<item><ref type="external" target="http://www.bokselskap.no/boker/fradestummesleir"><name type="author">Collett, Camilla</name>: <title>Fra de Stummes Leir</title></ref></item>
<item><ref type="external" target="http://www.bokselskap.no/boker/modstrommen1"><name type="author">Collett, Camilla</name>: <title>Mod Strømmen, Anden rekke</title></ref></item>
<item><ref type="external" target="http://www.bokselskap.no/boker/modstrommen2"><name type="author">Collett, Camilla</name>: <title>Mod Strømmen, Første Række</title></ref></item>
<item><ref type="external" target="http://www.bokselskap.no/boker/ottedage"><name type="author">Collett, Camilla</name>: <title>Otte Dage i Hamburg</title></ref></item>
<item><ref type="external" target="http://www.bokselskap.no/boker/strikketoisbetragtninger"><name type="author">Collett, Camilla</name>: <title>Strikketøisbetragtninger</title></ref></item>
<item><ref type="external" target="http://www.bokselskap.no/boker/denandensang"><name type="author">Dass, Petter</name>: <title>Herre Gud! dit dyre Navn og Ære</title></ref></item>
<item><ref type="external" target="http://www.bokselskap.no/boker/katekismesanger"><name type="author">Dass, Petter</name>: <title>Katekismesanger</title></ref></item>
<item><ref type="external" target="http://www.bokselskap.no/boker/vaerhilset"><name type="author">Dass, Petter</name>: <title>Vær hilset I Nordlands bebyggende Mænd</title></ref></item>
<item><ref type="external" target="http://www.bokselskap.no/boker/medmenneske"><name type="author">Duun, Olav</name>: <title>Medmenneske</title></ref></item>
<item><ref type="external" target="http://www.bokselskap.no/boker/menneskeogmaktene"><name type="author">Duun, Olav</name>: <title>Menneske og maktene</title></ref></item>
<item><ref type="external" target="http://www.bokselskap.no/boker/bergsbok"><title>Eit gammalt utdrag or Bergsbok</title></ref></item>
<item><ref type="external" target="http://www.bokselskap.no/boker/siaelenssangoffer"><name type="author">Engelbretsdatter, Dorothe</name>: <title>Siælens Sang-Offer</title></ref></item>
<item><ref type="external" target="http://www.bokselskap.no/boker/taareoffer"><name type="author">Engelbretsdatter, Dorothe</name>: <title>Taare-Offer</title></ref></item>
<item><ref type="external" target="http://www.bokselskap.no/boker/fastingartikler"><name type="author">Fasting, Claus</name>: <title>Utvalgte artikler</title></ref></item>
<item><ref type="external" target="http://www.bokselskap.no/boker/fastingdikt"><name type="author">Fasting, Claus</name>: <title>Utvalgte dikt</title></ref></item>
<item><ref type="external" target="http://www.bokselskap.no/boker/bondestudentar"><name type="author">Garborg, Arne</name>: <title>Bondestudentar</title></ref></item>
<item><ref type="external" target="http://www.bokselskap.no/boker/hannawinsnes"><name type="author">Garborg, Arne</name>: <title>Hanna Winsnes's kogebog</title></ref></item>
<item><ref type="external" target="http://www.bokselskap.no/boker/haugtussa"><name type="author">Garborg, Arne</name>: <title>Haugtussa</title></ref></item>
<item><ref type="external" target="http://www.bokselskap.no/boker/mannfolk"><name type="author">Garborg, Arne</name>: <title>Mannfolk</title></ref></item>
<item><ref type="external" target="http://www.bokselskap.no/boker/fritforhold"><name type="author">Garborg, Hulda</name>: <title>Et frit Forhold</title></ref></item>
<item><ref type="external" target="http://www.bokselskap.no/boker/fruevasdagbog"><name type="author">Garborg, Hulda</name>: <title>Fru Evas dagbok</title></ref></item>
<item><ref type="external" target="http://www.bokselskap.no/boker/norgehjerter"><name type="author">Grieg, Nordahl</name>: <title>Norge i våre hjerter</title></ref></item>
<item><ref type="external" target="http://www.bokselskap.no/boker/rundtkap"><name type="author">Grieg, Nordahl</name>: <title>Rundt Kap det gode Haab</title></ref></item>
<item><ref type="external" target="http://www.bokselskap.no/boker/steneistrommen"><name type="author">Grieg, Nordahl</name>: <title>Stene i strømmen</title></ref></item>
<item><ref type="external" target="http://www.bokselskap.no/boker/hamarkroniken"><title>Hamarkrøniken</title></ref></item>
<item><ref type="external" target="http://www.bokselskap.no/boker/luren"><name type="author">Hansen, Maurits C.</name>: <title>Luren</title></ref></item>
<item><ref type="external" target="http://www.bokselskap.no/boker/roolfsen"><name type="author">Hansen, Maurits C.</name>: <title>Mordet paa Maskinbygger Roolfsen</title></ref></item>
<item><ref type="external" target="http://www.bokselskap.no/boker/novellen"><name type="author">Hansen, Maurits C.</name>: <title>Novellen</title></ref></item>
<item><ref type="external" target="http://www.bokselskap.no/boker/erasmus"><name type="author">Holberg, Ludvig</name>: <title>Erasmus Montanus</title></ref></item>
<item><ref type="external" target="http://www.bokselskap.no/boker/jeppe"><name type="author">Holberg, Ludvig</name>: <title>Jeppe paa Bierget</title></ref></item>
<item><ref type="external" target="http://www.bokselskap.no/boker/brand"><name type="author">Ibsen, Henrik</name>: <title>Brand</title></ref></item>
<item><ref type="external" target="http://www.bokselskap.no/boker/ibsenbrevcollett"><name type="author">Ibsen, Henrik</name>: <title>Brev til Camilla Collett</title></ref></item>
<item><ref type="external" target="http://www.bokselskap.no/boker/ibsenbrevlie"><name type="author">Ibsen, Henrik</name>: <title>Brev til Jonas Lie</title></ref></item>
<item><ref type="external" target="http://www.bokselskap.no/boker/ibsenbrevbjornson"><name type="author">Ibsen, Henrik</name>: <title>Brev til Bjørnstjerne Bjørnson</title></ref></item>
<item><ref type="external" target="http://www.bokselskap.no/boker/bygmester"><name type="author">Ibsen, Henrik</name>: <title>Bygmester Solness</title></ref></item>
<item><ref type="external" target="http://www.bokselskap.no/boker/ibsen_digte"><name type="author">Ibsen, Henrik</name>: <title>Digte</title></ref></item>
<item><ref type="external" target="http://www.bokselskap.no/boker/folkefiende"><name type="author">Ibsen, Henrik</name>: <title>En folkefiende</title></ref></item>
<item><ref type="external" target="http://www.bokselskap.no/boker/dukkehjem"><name type="author">Ibsen, Henrik</name>: <title>Et dukkehjem</title></ref></item>
<item><ref type="external" target="http://www.bokselskap.no/boker/fruenfrahavet"><name type="author">Ibsen, Henrik</name>: <title>Fruen fra havet</title></ref></item>
<item><ref type="external" target="http://www.bokselskap.no/boker/gengangere"><name type="author">Ibsen, Henrik</name>: <title>Gengangere</title></ref></item>
<item><ref type="external" target="http://www.bokselskap.no/boker/hedda"><name type="author">Ibsen, Henrik</name>: <title>Hedda Gabler</title></ref></item>
<item><ref type="external" target="http://www.bokselskap.no/boker/peergynt"><name type="author">Ibsen, Henrik</name>: <title>Peer Gynt</title></ref></item>
<item><ref type="external" target="http://www.bokselskap.no/boker/rosmersholm"><name type="author">Ibsen, Henrik</name>: <title>Rosmersholm</title></ref></item>
<item><ref type="external" target="http://www.bokselskap.no/boker/terjevigen"><name type="author">Ibsen, Henrik</name>: <title>Terje Vigen</title></ref></item>
<item><ref type="external" target="http://www.bokselskap.no/boker/todikt"><name type="author">Ibsen, Henrik</name>: <title>To dikt</title></ref></item>
<item><ref type="external" target="http://www.bokselskap.no/boker/vildanden"><name type="author">Ibsen, Henrik</name>: <title>Vildanden</title></ref></item>
<item><ref type="external" target="http://www.bokselskap.no/boker/kristianiabohemen"><name type="author">Jæger, Hans</name>: <title>Fra Kristiania-bohêmen</title></ref></item>
<item><ref type="external" target="http://www.bokselskap.no/boker/brukshistorier"><name type="author">Jølsen, Ragnhild</name>: <title>Brukshistorier</title></ref></item>
<item><ref type="external" target="http://www.bokselskap.no/boker/rikkagan"><name type="author">Jølsen, Ragnhild</name>: <title>Rikka Gan</title></ref></item>
<item><ref type="external" target="http://www.bokselskap.no/boker/skipperworse"><name type="author">Kielland, Alexander L. </name>: <title>Skipper Worse</title></ref></item>
<item><ref type="external" target="http://www.bokselskap.no/boker/brev18691906"><name type="author">Kielland, Alexander L.</name>: <title>Brev 1869-1906</title></ref></item>
<item><ref type="external" target="http://www.bokselskap.no/boker/garmanogworse"><name type="author">Kielland, Alexander L.</name>: <title>Garman &#x0026; Worse</title></ref></item>
<item><ref type="external" target="http://www.bokselskap.no/boker/novelletter"><name type="author">Kielland, Alexander L.</name>: <title>Novelletter</title></ref></item>
<item><ref type="external" target="http://www.bokselskap.no/boker/nyenovelletter"><name type="author">Kielland, Alexander L.</name>: <title>Nye Novelletter</title></ref></item>
<item><ref type="external" target="http://www.bokselskap.no/boker/tonovelletterdanmark"><name type="author">Kielland, Alexander L.</name>: <title>To Novelletter fra Danmark</title></ref></item>
<item><ref type="external" target="http://www.bokselskap.no/boker/gift"><name type="author">Kielland, Alexander L.</name>: <title>Gift</title></ref></item>
<item><ref type="external" target="http://www.bokselskap.no/boker/fortuna"><name type="author">Kielland, Alexander L.</name>: <title>Fortuna</title></ref></item>
<item><ref type="external" target="http://www.bokselskap.no/boker/sankthansfest"><name type="author">Kielland, Alexander L.</name>: <title>Sankt Hans Fest</title></ref></item>
<item><ref type="external" target="http://www.bokselskap.no/boker/flaggermusvinger"><name type="author">Kinck, Hans E.</name>: <title>Flaggermus-vinger</title></ref></item>
<item><ref type="external" target="http://www.bokselskap.no/boker/nordlandsliv"><name type="author">Klæbo, Jon</name>: <title>Nordlandsliv</title></ref></item>
<item><ref type="external" target="http://www.bokselskap.no/boker/kragdikt"><name type="author">Krag, Vilhelm</name>: <title>Utvalgte dikt</title></ref></item>
<item><ref type="external" target="http://www.bokselskap.no/boker/familienpaagilje"><name type="author">Lie, Jonas</name>: <title>Familien paa Gilje</title></ref></item>
<item><ref type="external" target="http://www.bokselskap.no/boker/kommandorensdottre"><name type="author">Lie, Jonas</name>: <title>Kommandørens Døttre</title></ref></item>
<item><ref type="external" target="http://www.bokselskap.no/boker/udmeldtafklubben"><name type="author">Lie, Jonas</name>: <title>Udmeldt af Klubben</title></ref></item>
<item><ref type="external" target="http://www.bokselskap.no/boker/mesterenframore"><title>Mesteren fra Møre</title></ref></item>
<item><ref type="external" target="http://www.bokselskap.no/boker/brondenbronden"><name type="author">Moe, Jørgen</name>: <title>I Brønden og i Tjernet</title></ref></item>
<item><ref type="external" target="http://www.bokselskap.no/boker/moedikt"><name type="author">Moe, Jørgen</name>: <title>Utvalgte dikt</title></ref></item>
<item><ref type="external" target="http://www.bokselskap.no/boker/nilsendikt"><name type="author">Nilsen, Rudolf</name>: <title>Utvalgte dikt</title></ref></item>
<item><ref type="external" target="http://www.bokselskap.no/boker/krabvaag"><name type="author">Normann, Regine</name>: <title>Krabvaag</title></ref></item>
<item><ref type="external" target="http://www.bokselskap.no/boker/alvioresund"><title>Norske mellomalderballadar: Alv ligg i Øresund</title></ref></item>
<item><ref type="external" target="http://www.bokselskap.no/boker/asaliborg"><title>Norske mellomalderballadar: Asaliborg</title></ref></item>
<item><ref type="external" target="http://www.bokselskap.no/boker/asbjornoglitikjersti"><title>Norske mellomalderballadar: Asbjørn og liti Kjersti</title></ref></item>
<item><ref type="external" target="http://www.bokselskap.no/boker/beltevisa"><title>Norske mellomalderballadar: Beltevisa</title></ref></item>
<item><ref type="external" target="http://www.bokselskap.no/boker/bendikogvidemoy"><title>Norske mellomalderballadar: Bendik og Videmøy / Brur vik for frilla</title></ref></item>
<item><ref type="external" target="http://www.bokselskap.no/boker/bergeliten"><title>Norske mellomalderballadar: Bergeliten bondeson</title></ref></item>
<item><ref type="external" target="http://www.bokselskap.no/boker/bondenogleigejenta"><title>Norske mellomalderballadar: Bonden og leigejenta</title></ref></item>
<item><ref type="external" target="http://www.bokselskap.no/boker/dalbybjorn"><title>Norske mellomalderballadar: Dalby Bjørn</title></ref></item>
<item><ref type="external" target="http://www.bokselskap.no/boker/denhuslegebonden"><title>Norske mellomalderballadar: Den huslege bonden</title></ref></item>
<item><ref type="external" target="http://www.bokselskap.no/boker/densjukebrura"><title>Norske mellomalderballadar: Den sjuke brura</title></ref></item>
<item><ref type="external" target="http://www.bokselskap.no/boker/denutrueektemannen"><title>Norske mellomalderballadar: Den utrue ektemannen</title></ref></item>
<item><ref type="external" target="http://www.bokselskap.no/boker/denvarslandefuglen"><title>Norske mellomalderballadar: Den varslande fuglen</title></ref></item>
<item><ref type="external" target="http://www.bokselskap.no/boker/denvisekvinna"><title>Norske mellomalderballadar: Den vise kvinna</title></ref></item>
<item><ref type="external" target="http://www.bokselskap.no/boker/detfarlegenatteleie"><title>Norske mellomalderballadar: Det farlege natteleie</title></ref></item>
<item><ref type="external" target="http://www.bokselskap.no/boker/draugen"><title>Norske mellomalderballadar: Draugen</title></ref></item>
<item><ref type="external" target="http://www.bokselskap.no/boker/dagmarogstrange"><title>Norske mellomalderballadar: Dronning Dagmar og junker Strange</title></ref></item>
<item><ref type="external" target="http://www.bokselskap.no/boker/dronningdagmar"><title>Norske mellomalderballadar: Dronning Dagmars død</title></ref></item>
<item><ref type="external" target="http://www.bokselskap.no/boker/dronningmargrete"><title>Norske mellomalderballadar: Dronning Margrete</title></ref></item>
<item><ref type="external" target="http://www.bokselskap.no/boker/ebbeskammelsson"><title>Norske mellomalderballadar: Ebbe Skammelsson</title></ref></item>
<item><ref type="external" target="http://www.bokselskap.no/boker/elvarhoy"><title>Norske mellomalderballadar: Elvarhøy</title></ref></item>
<item><ref type="external" target="http://www.bokselskap.no/boker/falvor"><title>Norske mellomalderballadar: Falkvor Lommannsson</title></ref></item>
<item><ref type="external" target="http://www.bokselskap.no/boker/fusentass"><title>Norske mellomalderballadar: Fusentass</title></ref></item>
<item><ref type="external" target="http://www.bokselskap.no/boker/gjurdeborgegreven"><title>Norske mellomalderballadar: Gjurde borgegreven</title></ref></item>
<item><ref type="external" target="http://www.bokselskap.no/boker/gunseli"><title>Norske mellomalderballadar: Greven for Gunseli</title></ref></item>
<item><ref type="external" target="http://www.bokselskap.no/boker/gutenogjenta"><title>Norske mellomalderballadar: Guten og jenta raka høy</title></ref></item>
<item><ref type="external" target="http://www.bokselskap.no/boker/hake"><title>Norske mellomalderballadar: Hake og bergmannen</title></ref></item>
<item><ref type="external" target="http://www.bokselskap.no/boker/harpespelaren"><title>Norske mellomalderballadar: Harpespelaren</title></ref></item>
<item><ref type="external" target="http://www.bokselskap.no/boker/herrpalle"><title>Norske mellomalderballadar: Herr Palles bryllup</title></ref></item>
<item><ref type="external" target="http://www.bokselskap.no/boker/herrtonne"><title>Norske mellomalderballadar: Herr Tønne av Alsøy</title></ref></item>
<item><ref type="external" target="http://www.bokselskap.no/boker/herrekarl"><title>Norske mellomalderballadar: Herre Karl lever fredlaus</title></ref></item>
<item><ref type="external" target="http://www.bokselskap.no/boker/herrepergiljar"><title>Norske mellomalderballadar: Herre Per giljar syster si</title></ref></item>
<item><ref type="external" target="http://www.bokselskap.no/boker/gjodalin"><title>Norske mellomalderballadar: Herre Per og Gjødalin</title></ref></item>
<item><ref type="external" target="http://www.bokselskap.no/boker/hakonhakonsson"><title>Norske mellomalderballadar: Håkon Håkonssons død</title></ref></item>
<item><ref type="external" target="http://www.bokselskap.no/boker/ivarerlingsson"><title>Norske mellomalderballadar: Ivar Erlingsson</title></ref></item>
<item><ref type="external" target="http://www.bokselskap.no/boker/jentasomville"><title>Norske mellomalderballadar: Jenta som ville gifte seg</title></ref></item>
<item><ref type="external" target="http://www.bokselskap.no/boker/jomfruaingebjorg"><title>Norske mellomalderballadar: Jomfrua Ingebjørg</title></ref></item>
<item><ref type="external" target="http://www.bokselskap.no/boker/jomfruaspelar"><title>Norske mellomalderballadar: Jomfrua spelar harpe</title></ref></item>
<item><ref type="external" target="http://www.bokselskap.no/boker/karlhovding"><title>Norske mellomalderballadar: Karl høvding</title></ref></item>
<item><ref type="external" target="http://www.bokselskap.no/boker/grimborg"><title>Norske mellomalderballadar: Kjempa Grimborg</title></ref></item>
<item><ref type="external" target="http://www.bokselskap.no/boker/kjempenedovrefjell"><title>Norske mellomalderballadar: Kjempene på Dovrefjell</title></ref></item>
<item><ref type="external" target="http://www.bokselskap.no/boker/kjerringaoghoffmannen"><title>Norske mellomalderballadar: Kjerringa og hoffmannen</title></ref></item>
<item><ref type="external" target="http://www.bokselskap.no/boker/kjerringa"><title>Norske mellomalderballadar: Kjerringa til skrifte</title></ref></item>
<item><ref type="external" target="http://www.bokselskap.no/boker/klagandemoy"><title>Norske mellomalderballadar: Klagande møy</title></ref></item>
<item><ref type="external" target="http://www.bokselskap.no/boker/knuthjuring"><title>Norske mellomalderballadar: Knut hjuring</title></ref></item>
<item><ref type="external" target="http://www.bokselskap.no/boker/kongdiderik"><title>Norske mellomalderballadar: Kong Diderik og løva</title></ref></item>
<item><ref type="external" target="http://www.bokselskap.no/boker/konghans"><title>Norske mellomalderballadar: Kong Hans' bryllaup</title></ref></item>
<item><ref type="external" target="http://www.bokselskap.no/boker/kongssonen"><title>Norske mellomalderballadar: Kongssonen av Norigsland</title></ref></item>
<item><ref type="external" target="http://www.bokselskap.no/boker/kongsverker"><title>Norske mellomalderballadar: Kong Sverker</title></ref></item>
<item><ref type="external" target="http://www.bokselskap.no/boker/kvinnasomikkje"><title>Norske mellomalderballadar: Kvinna som ikkje kunne føde</title></ref></item>
<item><ref type="external" target="http://www.bokselskap.no/boker/lindormbrura"><title>Norske mellomalderballadar: Lindormbrura</title></ref></item>
<item><ref type="external" target="http://www.bokselskap.no/boker/litentilvending"><title>Norske mellomalderballadar: Liten Tilvending</title></ref></item>
<item><ref type="external" target="http://www.bokselskap.no/boker/litikjerstisdans"><title>Norske mellomalderballadar: Liti Kjerstis dans</title></ref></item>
<item><ref type="external" target="http://www.bokselskap.no/boker/litikjerstiset"><title>Norske mellomalderballadar: Liti Kjersti set barnet ut…</title></ref></item>
<item><ref type="external" target="http://www.bokselskap.no/boker/lovmann"><title>Norske mellomalderballadar: Lovmann og Tor</title></ref></item>
<item><ref type="external" target="http://www.bokselskap.no/boker/margjitrunarborgi"><title>Norske mellomalderballadar: Margjit Runarborgji</title></ref></item>
<item><ref type="external" target="http://www.bokselskap.no/boker/mindrealv"><title>Norske mellomalderballadar: Mindre-Alvs død</title></ref></item>
<item><ref type="external" target="http://www.bokselskap.no/boker/moyailinda"><title>Norske mellomalderballadar: Møya i linda</title></ref></item>
<item><ref type="external" target="http://www.bokselskap.no/boker/moyaiulveham"><title>Norske mellomalderballadar: Møya i ulveham</title></ref></item>
<item><ref type="external" target="http://www.bokselskap.no/boker/moyaogfriaren"><title>Norske mellomalderballadar: Møya og den djerve friaren</title></ref></item>
<item><ref type="external" target="http://www.bokselskap.no/boker/moyiblirsend"><title>Norske mellomalderballadar: Møyi blir send av land til den rike greven</title></ref></item>
<item><ref type="external" target="http://www.bokselskap.no/boker/malfriddoyr"><title>Norske mellomalderballadar: Målfrid døyr</title></ref></item>
<item><ref type="external" target="http://www.bokselskap.no/boker/malfrid"><title>Norske mellomalderballadar: Målfrid, mi frue</title></ref></item>
<item><ref type="external" target="http://www.bokselskap.no/boker/nilsebbesen"><title>Norske mellomalderballadar: Nils Ebbesen</title></ref></item>
<item><ref type="external" target="http://www.bokselskap.no/boker/olavakselsson"><title>Norske mellomalderballadar: Olav Akselsson</title></ref></item>
<item><ref type="external" target="http://www.bokselskap.no/boker/olavstrangesson"><title>Norske mellomalderballadar: Olav Strangesson</title></ref></item>
<item><ref type="external" target="http://www.bokselskap.no/boker/palletygesson"><title>Norske mellomalderballadar: Palle Tygesson</title></ref></item>
<item><ref type="external" target="http://www.bokselskap.no/boker/parisogelena"><title>Norske mellomalderballadar: Paris og Elena i Trejeborg</title></ref></item>
<item><ref type="external" target="http://www.bokselskap.no/boker/pederhenriksson"><title>Norske mellomalderballadar: Peder Henriksson</title></ref></item>
<item><ref type="external" target="http://www.bokselskap.no/boker/riddarfellerfar"><title>Norske mellomalderballadar: Riddar feller far til møya</title></ref></item>
<item><ref type="external" target="http://www.bokselskap.no/boker/riddarlegg"><title>Norske mellomalderballadar: Riddar legg seg lik</title></ref></item>
<item><ref type="external" target="http://www.bokselskap.no/boker/rosaoghertugen"><title>Norske mellomalderballadar: Rosa og hertugen</title></ref></item>
<item><ref type="external" target="http://www.bokselskap.no/boker/rosensfolen"><title>Norske mellomalderballadar: Rosensfolen</title></ref></item>
<item><ref type="external" target="http://www.bokselskap.no/boker/signelill"><title>Norske mellomalderballadar: Signelill og hennar søner</title></ref></item>
<item><ref type="external" target="http://www.bokselskap.no/boker/sigurdogtrollbrura"><title>Norske mellomalderballadar: Sigurd og trollbrura</title></ref></item>
<item><ref type="external" target="http://www.bokselskap.no/boker/sonenfortel"><title>Norske mellomalderballadar: Sonen fortel sine sorger</title></ref></item>
<item><ref type="external" target="http://www.bokselskap.no/boker/sortiveroglusse"><title>Norske mellomalderballadar: Sort-Iver og Lusse</title></ref></item>
<item><ref type="external" target="http://www.bokselskap.no/boker/stigliten"><title>Norske mellomalderballadar: Stig liten fell</title></ref></item>
<item><ref type="external" target="http://www.bokselskap.no/boker/stiglitensruner"><title>Norske mellomalderballadar: Stig litens runer</title></ref></item>
<item><ref type="external" target="http://www.bokselskap.no/boker/stoltelselille"><title>Norske mellomalderballadar: Stolt Elselille</title></ref></item>
<item><ref type="external" target="http://www.bokselskap.no/boker/stoltmargjit"><title>Norske mellomalderballadar: Stolt Margjit og Iven Erningsson</title></ref></item>
<item><ref type="external" target="http://www.bokselskap.no/boker/stoltmargjitset"><title>Norske mellomalderballadar: Stolt Margjit set bror…</title></ref></item>
<item><ref type="external" target="http://www.bokselskap.no/boker/sveinsvane"><title>Norske mellomalderballadar: Svein Svane</title></ref></item>
<item><ref type="external" target="http://www.bokselskap.no/boker/svenfelding"><title>Norske mellomalderballadar: Sven Felding</title></ref></item>
<item><ref type="external" target="http://www.bokselskap.no/boker/svenirosengard"><title>Norske mellomalderballadar: Sven i Rosengård</title></ref></item>
<item><ref type="external" target="http://www.bokselskap.no/boker/sovnrunene"><title>Norske mellomalderballadar: Søvnrunene</title></ref></item>
<item><ref type="external" target="http://www.bokselskap.no/boker/takhardt"><title>Norske mellomalderballadar: Tak hardt i hand…</title></ref></item>
<item><ref type="external" target="http://www.bokselskap.no/boker/toreliti"><title>Norske mellomalderballadar: Toreliti og Skakjelokk</title></ref></item>
<item><ref type="external" target="http://www.bokselskap.no/boker/torkjelltrondsson"><title>Norske mellomalderballadar: Torkjell Trondsson</title></ref></item>
<item><ref type="external" target="http://www.bokselskap.no/boker/tosstein"><title>Norske mellomalderballadar: Tosstein tala te staven sin</title></ref></item>
<item><ref type="external" target="http://www.bokselskap.no/boker/truskapsprova"><title>Norske mellomalderballadar: Truskapsprøva</title></ref></item>
<item><ref type="external" target="http://www.bokselskap.no/boker/ulvvanjern"><title>Norske mellomalderballadar: Ulv van Jern</title></ref></item>
<item><ref type="external" target="http://www.bokselskap.no/boker/engelbrett"><title>Norske mellomalderballadar: Unge Engelbrett</title></ref></item>
<item><ref type="external" target="http://www.bokselskap.no/boker/ungesvegder"><title>Norske mellomalderballadar: Unge Svegder</title></ref></item>
<item><ref type="external" target="http://www.bokselskap.no/boker/vakukall"><title>Norske mellomalderballadar: Unge Våkukall</title></ref></item>
<item><ref type="external" target="http://www.bokselskap.no/boker/ungersvein"><title>Norske mellomalderballadar: Ungersvein på tinget</title></ref></item>
<item><ref type="external" target="http://www.bokselskap.no/boker/valdemarogtove"><title>Norske mellomalderballadar: Valdemar og Tove</title></ref></item>
<item><ref type="external" target="http://www.bokselskap.no/boker/valiknut"><title>Norske mellomalderballadar: Valiknut og Snekkjelita</title></ref></item>
<item><ref type="external" target="http://www.bokselskap.no/boker/valramnen"><title>Norske mellomalderballadar: Valramnen</title></ref></item>
<item><ref type="external" target="http://www.bokselskap.no/boker/varulven"><title>Norske mellomalderballadar: Varulven</title></ref></item>
<item><ref type="external" target="http://www.bokselskap.no/boker/verner"><title>Norske mellomalderballadar: Verner i fangetårnet</title></ref></item>
<item><ref type="external" target="http://www.bokselskap.no/boker/viliken"><title>Norske mellomalderballadar: Viliken Veiemannsson</title></ref></item>
<item><ref type="external" target="http://www.bokselskap.no/boker/vinnemoy"><title>Norske mellomalderballadar: Vinne møy med runer</title></ref></item>
<item><ref type="external" target="http://www.bokselskap.no/boker/vreta"><title>Norske mellomalderballadar: Vreta klosterrov</title></ref></item>
<item><ref type="external" target="http://www.bokselskap.no/boker/ynskjandemoy"><title>Norske mellomalderballadar: Ynskjande møy</title></ref></item>
<item><ref type="external" target="http://www.bokselskap.no/boker/nygarddikt"><name type="author">Nygard, Olav</name>: <title>Utvalgte dikt</title></ref></item>
<item><ref type="external" target="http://www.bokselskap.no/boker/digte"><name type="author">Obstfelder, Sigbjørn</name>: <title>Digte</title></ref></item>
<item><ref type="external" target="http://www.bokselskap.no/boker/tonovelletter"><name type="author">Obstfelder, Sigbjørn</name>: <title>To novelletter</title></ref></item>
<item><ref type="external" target="http://www.bokselskap.no/boker/pavels1814"><name type="author">Pavels, Claus</name>: <title>Dagbog 1814</title></ref></item>
<item><ref type="external" target="http://www.bokselskap.no/boker/jernvognen"><name type="author">Riverton, Stein</name>: <title>Jernvognen</title></ref></item>
<item><ref type="external" target="http://www.bokselskap.no/boker/storhertuginnen"><name type="author">Riverton, Stein</name>: <title>Storhertuginnen av speilsalen</title></ref></item>
<item><ref type="external" target="http://www.bokselskap.no/boker/idedage"><name type="author">Rølvaag, Ole Edvart</name>: <title>I de dage</title></ref></item>
<item><ref type="external" target="http://www.bokselskap.no/boker/riket"><name type="author">Rølvaag, Ole Edvart</name>: <title>Riket grundlægges</title></ref></item>
<item><ref type="external" target="http://www.bokselskap.no/boker/devergelose"><name type="author">Scott, Gabriel</name>: <title>De vergeløse</title></ref></item>
<item><ref type="external" target="http://www.bokselskap.no/boker/sivledikt"><name type="author">Sivle, Per</name>: <title>Utvalgte dikt</title></ref></item>
<item><ref type="external" target="http://www.bokselskap.no/boker/sogor"><name type="author">Sivle, Per</name>: <title>Sogor</title></ref></item>
<item><ref type="external" target="http://www.bokselskap.no/boker/streik"><name type="author">Sivle, Per</name>: <title>Streik</title></ref></item>
<item><ref type="external" target="http://www.bokselskap.no/boker/forraadt"><name type="author">Skram, Amalie</name>: <title>Forraadt</title></ref></item>
<item><ref type="external" target="http://www.bokselskap.no/boker/fruines"><name type="author">Skram, Amalie</name>: <title>Fru Inés</title></ref></item>
<item><ref type="external" target="http://www.bokselskap.no/boker/karensjul"><name type="author">Skram, Amalie</name>: <title>Karens Jul</title></ref></item>
<item><ref type="external" target="http://www.bokselskap.no/boker/lucie"><name type="author">Skram, Amalie</name>: <title>Lucie</title></ref></item>
<item><ref type="external" target="http://www.bokselskap.no/boker/dennorskekronike"><name type="author">Størssøn, Mattis</name>: <title>Den norske krønike</title></ref></item>
<item><ref type="external" target="http://www.bokselskap.no/boker/skiturfortellinger"><title>Tre skiturfortellinger fra 1884</title></ref></item>
<item><ref type="external" target="http://www.bokselskap.no/boker/tullindikt"><name type="author">Tullin, Christian Braunmann</name>: <title>Utvalgte dikt</title></ref></item>
<item><ref type="external" target="http://www.bokselskap.no/boker/frumartaoulie"><name type="author">Undset, Sigrid</name>: <title>Fru Marta Oulie</title></ref></item>
<item><ref type="external" target="http://www.bokselskap.no/boker/jenny"><name type="author">Undset, Sigrid</name>: <title>Jenny</title></ref></item>
<item><ref type="external" target="http://www.bokselskap.no/boker/ferdaminni"><name type="author">Vinje, A.O.</name>: <title>Ferdaminni</title></ref></item>
<item><ref type="external" target="http://www.bokselskap.no/boker/vinjedikt"><name type="author">Vinje, A.O.</name>: <title>Utvalgte dikt</title></ref></item>
<item><ref type="external" target="http://www.bokselskap.no/boker/welhavendikt"><name type="author">Welhaven, Johan Sebastian </name>: <title>Utvalgte dikt</title></ref></item>
<item><ref type="external" target="http://www.bokselskap.no/boker/amalie"><name type="author">Wergeland, Henrik</name>: <title>Brevene til Amalie</title></ref></item>
<item><ref type="external" target="http://www.bokselskap.no/boker/blomsterstykke"><name type="author">Wergeland, Henrik</name>: <title>Jan van Huysums Blomsterstykke</title></ref></item>
<item><ref type="external" target="http://www.bokselskap.no/boker/wergelanddikt"><name type="author">Wergeland, Henrik</name>: <title>Utvalgte dikt</title></ref></item>
<item><ref type="external" target="http://www.bokselskap.no/boker/kierlighed"><name type="author">Wessel, Johan Herman</name>: <title>Kierlighed uden Strømper</title></ref></item>
<item><ref type="external" target="http://www.bokselskap.no/boker/komiskefortellinger"><name type="author">Wessel, Johan Herman</name>: <title>Utvalgte komiske fortellinger</title></ref></item>
<item><ref type="external" target="http://www.bokselskap.no/boker/smaavers"><name type="author">Wessel, Johan Herman</name>: <title>Utvalgte småvers</title></ref></item>
<item><ref type="external" target="http://www.bokselskap.no/boker/kogebog"><name type="author">Winsnes, Hanna</name>: <title>Lærebog i de forskjellige Grene av Huusholdningen</title></ref></item>
<item><ref type="external" target="http://www.bokselskap.no/boker/morsommedage"><name type="author">Zwilgmeyer, Dikken</name>: <title>Morsomme dage</title></ref></item>
<item><ref type="external" target="http://www.bokselskap.no/boker/somkvinderer"><name type="author">Zwilgmeyer, Dikken</name>: <title>Som kvinder er</title></ref></item>
<item><ref type="external" target="http://www.bokselskap.no/boker/symra"><name type="author">Aasen, Ivar</name>: <title>Symra</title></ref></item>
<item><ref type="external" target="http://www.bokselskap.no/boker/30ballader"><title>30 ballader om drap og elskov, skjemt og lengsel</title></ref></item>
</list>
</div>
</body>
</text>
</TEI>