{"compiler":"","redux-section":"7","last_tab":"","tgm_init":"embed","args--opt_name":"click2call","args--display_name":"Click2Call","args--display_version":"1","args--page_slug":"click2call_options","args--page_title":"Click2Call Options","args--update_notice":"1","args--intro_text":"<p>Intro<\/p>","args--footer_text":"<p>Footer<\/p>","args--admin_bar":"0","args--menu_type":"submenu","args--menu_title":"Click2Call","args--menu_icon":"","args--allow_sub_menu":"1","args--page_parent":"options-general.php","args--page_parent_post_type":"your_post_type","args--page_priority":"","args--customizer":"0","args--default_show":"0","args--default_mark":"*","args--google_api_key":"","args--class":"click2call","args--hints--icon":"el-icon-question-sign","args--hints--icon_position":"right","args--hints--icon_color":"","args--hints--icon_size":"normal","args--hints--tip_style--color":"light","args--hints--tip_style--shadow":"","args--hints--tip_style--rounded":"","args--hints--tip_style--style":"","args--hints--tip_position--my":"top left","args--hints--tip_position--at":"bottom right","args--hints--tip_effect--show--effect":"","args--hints--tip_effect--show--duration":"500","args--hints--tip_effect--show--event":["mouseover"],"args--hints--tip_effect--hide--effect":"","args--hints--tip_effect--hide--duration":"500","args--hints--tip_effect--hide--event":["mouseleave","unfocus"],"args--output":"1","args--output_tag":"1","args--compiler":"1","args--global_variable":"","args--page_icon":"icon-plugins","args--page_permissions":"manage_options","args--save_defaults":"0","args--show_import_export":"0","args--disable_save_warn":"","args--open_expanded":"","args--last_tab":"","args--database":"options","args--transient_time":"3600","args--network_admin":"","args--network_sites":"1","args--system_info":"","args--hide_reset":"1","args--async_typography":"","redux_version":"3.3.6","field--info":"1","field--switch":"1","field--border":"1","field--gallery":"0","field--slider":"0","field--password":"1","field--select":"1","field--background":"1","field--spinner":"1","field--divide":"1","field--link_color":"0","field--dimensions":"1","field--color":"1","field--raw":"1","field--date":"0","field--text":"1","field--checkbox":"1","field--spacing":"1","field--slides":"0","field--sortable":"0","field--radio":"1","field--select_image":"1","field--typography":"1","field--import_export":"1","field--button_set":"1","field--sorter":"0","field--textarea":"1","field--section":"1","field--ace_editor":"1","field--multi_text":"1","field--editor":"1","field--media":"1","field--color_gradient":"0","field--color_rgba":"0","field--image_select":"1","theme--name":"Redux Theme","advanced_theme":"0","theme--slug":"","theme--uri":"","theme--author":"","theme--author_uri":"","theme--description":"A theme dynamically generated by http:\/\/generate.reduxframework.com\/","import_code":"","import_link":"","redux-backup":1}