Apparel, salesrank:reviewrank:relevancerank:-price:price
Automotive, reviewrank:-price:price:salesrank
Baby, salesrank:relevancerank:-price:price
Beauty, salesrank:reviewrank:relevancerank:-price:price
Books, -titlerank:titlerank:inverse-pricerank:pricerank:reviewrank:salesrank
Classical, -titlerank:titlerank:-publication_date:publication_date:-pubdate:pubdate:-price:price:salesrank
DVD, -titlerank:titlerank:-price:price:salesrank
Electronics, -titlerank:titlerank:-price:price:salesrank
ForeignBooks, -titlerank:titlerank:inverse-pricerank:pricerank:reviewrank:salesrank
Grocery, reviewrank:-price:price:salesrank:relevancerank
HealthPersonalCare, -titlerank:titlerank:-price:price:salesrank
HomeGarden, -titlerank:titlerank:-price:price:salesrank
HomeImprovement, salesrank:reviewrank:-price:price
Jewelry, reviewrank:-price:price:relevancerank:salesrank:reviewrank:relevancerank:-price:price:salesrank
KindleStore, salesrank:daterank:reviewrank:-price:price:-edition-sales-velocity:relevancerank
Kitchen, salesrank:relevancerank:-price:price
Magazines, -titlerank:titlerank:salesrank
Marketplace, -launch-date:-titlerank:titlerank:-price:price:salesrank
MP3Downloads, -titlerank:titlerank:-releasedate:-runtime:runtime:-albumrank:albumrank:-artistalbumrank:artistalbumrank:-price:price:reviewrank:relevancerank:salesrank
Music, -titlerank:titlerank:-releasedate:releasedate:-publicationdate:publicationdate:-pubdate:pubdate:-price:price:salesrank
MusicalInstruments, relevancerank:-price:price:salesrank:reviewrank
MusicTracks, -titlerank:titlerank
OfficeProducts, salesrank:reviewrank:relevancerank:-price:price
OutdoorLiving, -titlerank:titlerank:-price:price:salesrank
PCHardware, reviewrank:titlerank:-price:price:salesrank:psrank
Photo, -titlerank:titlerank:-price:price:salesrank
Shoes, reviewrank:salesrank:relevancerank:-price:price:-launch-date
Software, -titlerank:titlerank:-date:-price:price:salesrank
SportingGoods, -release-date:release-date:-titlerank:titlerank:-price:price:salesrank
SoftwareVideoGames, -titlerank:titlerank:-date:inverse-pricerank:price:reviewrank:salesrank
Tools, -titlerank:titlerank:-pricerank:price:salesrank
Toys, titlerank:-date:-price:price:salesrank:pmrank
VHS, -titlerank:titlerank:-price:price:salesrank
Video, -titlerank:titlerank:-price:price:salesrank
VideoGames, -titlerank:titlerank:-date:-price:price:salesrank
Watches, -titlerank:titlerank:-price:price:salesrank