Apparel, -launchdate:reviewrank:-price:price:salesrank:relevancerank
Appliances, -launchdate:reviewrank:-price:price:salesrank:relevancerank
Automotive, -launchdate:reviewrank:-price:price:salesrank:relevancerank
Baby, reviewrank:-price:price:salesrank:relevancerank
Beauty, reviewrank:-price:price:salesrank:relevancerank
Books, reviewrank:-titlerank:titlerank:daterank:-pricerank:pricerank:salesrank
Electronics, -release-date:release-date:-titlerank:titlerank:-price:price:salesrank
Grocery, reviewrank:-price:price:salesrank:relevancerank
HealthPersonalCare, -release-date:release-date:-titlerank:titlerank:-price:price:salesrank
HomeGarden, reviewrank:-price:price:salesrank:relevancerank
HomeImprovement, reviewrank:-price:price:salesrank:relevancerank
Jewelry, reviewrank:-price:price:salesrank:relevancerank
KindleStore, salesrank:reviewrank:relevancerank:-price:price:daterank
Misc, -launch-date:reviewrank:-price:price:salesrank:relevancerank
Music, -orig-rel-date:orig-rel-date:-titlerank:titlerank:-price:price:salesrank:relevancerank
OfficeProducts, -price:price:reviewrank:salesrank:relevancerank
PetSupplies, salesrank:reviewrank:relevancerank:-price:price:pct-off:launchdate
Photo, -launchdate:reviewrank:-price:price:salesrank:relevancerank
Shoes, -launch-date:reviewrank:-price:price:salesrank:relevancerank
Software, -releasedate:releasedate:-titlerank:titlerank:-price:price:salesrank
SportingGoods, -releasedate:releasedate:-titlerank:titlerank:-price:price:salesrank
Toys, -releasedate:releasedate:-titlerank:titlerank:reviewrank:-price:price:salesrank
Video, -orig-rel-date:orig-rel-date:-titlerank:titlerank:-pricerank:pricerank:salesrank
VideoGames, -releasedate:releasedate:-titlerank:titlerank:-price:price:salesrank
Watches, -titlerank:titlerank:-price:price:salesrank