<?xml version="1.0" encoding="utf-8" ?><dwsync><file name="SlickRemix.eot" server="slickremix.com//public_html/betablog/wp-content/plugins/feed-them-social/" local="3498234002" remote="318763443891135972" Dst="-1" /><file name="SlickRemix.svg" server="slickremix.com//public_html/betablog/wp-content/plugins/feed-them-social/" local="3498234002" remote="318763443891135972" Dst="-1" /><file name="SlickRemix.ttf" server="slickremix.com//public_html/betablog/wp-content/plugins/feed-them-social/" local="3498234002" remote="318763443891135972" Dst="-1" /><file name="SlickRemix.woff" server="slickremix.com//public_html/betablog/wp-content/plugins/feed-them-social/" local="3498234002" remote="318763443891135972" Dst="-1" /><file name="SlickRemix.eot" server="slickremix.com/public_html/betablog/wp-content/plugins/design-approval-system/" local="3499803623" remote="318763443893378712" Dst="-1" /><file name="SlickRemix.ttf" server="slickremix.com/public_html/betablog/wp-content/plugins/design-approval-system/" local="3499803623" remote="318763443893378712" Dst="-1" /><file name="SlickRemix.woff" server="slickremix.com/public_html/betablog/wp-content/plugins/design-approval-system/" local="3499803623" remote="318763443893378712" Dst="-1" /><file name="SlickRemix.svg" server="slickremix.com/public_html/betablog/wp-content/plugins/design-approval-system/" local="3499803623" remote="318763443893378712" Dst="-1" /><file name="SlickRemix.eot" server="slickremix.com/public_html/betablog/wp-content/plugins/post-profit-stats/" local="3499803623" remote="318763443893456232" Dst="-1" /><file name="SlickRemix.svg" server="slickremix.com/public_html/betablog/wp-content/plugins/post-profit-stats/" local="3499803623" remote="318763443893456232" Dst="-1" /><file name="SlickRemix.ttf" server="slickremix.com/public_html/betablog/wp-content/plugins/post-profit-stats/" local="3499803623" remote="318763443893456232" Dst="-1" /><file name="SlickRemix.woff" server="slickremix.com/public_html/betablog/wp-content/plugins/post-profit-stats/" local="3499803623" remote="318763443893456232" Dst="-1" /></dwsync>