{"4120027":[22,"御殿場市","西田中"],"4120039":[22,"御殿場市","竈"],"4120041":[22,"御殿場市","茱萸沢"],"4120032":[22,"御殿場市","二子"],"4120014":[22,"御殿場市","大堰"],"4120026":[22,"御殿場市","東田中"],"4120015":[22,"御殿場市","中丸"],"4120000":[22,"御殿場市",""],"4120003":[22,"御殿場市","柴怒田"],"4120025":[22,"御殿場市","二の岡"],"4120051":[22,"御殿場市","富士見原"],"4120017":[22,"御殿場市","塚原"],"4120036":[22,"御殿場市","萩蕪"],"4120001":[22,"御殿場市","水土野"],"4120012":[22,"御殿場市","増田"],"4120043":[22,"御殿場市","新橋"],"4120004":[22,"御殿場市","北久原"],"4120016":[22,"御殿場市","六日市場"],"4120013":[22,"御殿場市","小倉野"],"4120038":[22,"御殿場市","駒門"],"4120044":[22,"御殿場市","杉名沢"],"4120009":[22,"御殿場市","川柳"],"4120023":[22,"御殿場市","深沢"],"4120019":[22,"御殿場市","山尾田"],"4120046":[22,"御殿場市","保土沢"],"4120029":[22,"御殿場市","神山平"],"4120018":[22,"御殿場市","山之尻"],"4120037":[22,"御殿場市","中清水"],"4120005":[22,"御殿場市","仁杉"],"4120047":[22,"御殿場市","神場"],"4120002":[22,"御殿場市","上小林"],"4120024":[22,"御殿場市","東山"],"4120048":[22,"御殿場市","板妻"],"4120034":[22,"御殿場市","大坂"],"4120007":[22,"御殿場市","永塚"],"4120008":[22,"御殿場市","印野"],"4120045":[22,"御殿場市","川島田"],"4120035":[22,"御殿場市","中山"],"4120021":[22,"御殿場市","二枚橋"],"4120033":[22,"御殿場市","神山"],"4120028":[22,"御殿場市","御殿場"],"4120006":[22,"御殿場市","中畑"],"4120022":[22,"御殿場市","清後"],"4120031":[22,"御殿場市","沼田"],"4120011":[22,"御殿場市","古沢"],"4120042":[22,"御殿場市","萩原"]}
