{"0140062":[5,"大仙市","大曲上栄町"],"0140351":[5,"仙北市","角館町古城山"],"0140601":[5,"仙北市","西木町上桧木内"],"0140516":[5,"仙北市","西木町小山田"],"0140327":[5,"仙北市","角館町上新町"],"0140321":[5,"仙北市","角館町西勝楽町"],"0140052":[5,"大仙市","大曲川原町"],"0140362":[5,"仙北市","角館町金山下"],"0140103":[5,"大仙市","高関上郷"],"0141201":[5,"仙北市","田沢湖生保内"],"0140201":[5,"大仙市","下鶯野"],"0140065":[5,"大仙市","下深井"],"0140344":[5,"仙北市","角館町西長野"],"0140203":[5,"大仙市","北長野"],"0140056":[5,"大仙市","大曲緑町"],"0140068":[5,"大仙市","大曲飯田町"],"0140042":[5,"大仙市","大曲福見町"],"0140335":[5,"仙北市","角館町細越町"],"0140032":[5,"大仙市","東川"],"0140515":[5,"仙北市","西木町門屋"],"0140205":[5,"大仙市","鑓見内"],"0140356":[5,"仙北市","角館町花場"],"0140341":[5,"仙北市","角館町雲然"],"0140055":[5,"大仙市","大曲あけぼの町"],"0141205":[5,"仙北市","田沢湖玉川"],"0140711":[5,"大仙市","豊川"],"0141411":[5,"大仙市","六郷西根"],"0140323":[5,"仙北市","角館町横町"],"0140318":[5,"仙北市","角館町中町"],"0141203":[5,"仙北市","田沢湖潟"],"0140346":[5,"仙北市","角館町川原"],"0140325":[5,"仙北市","角館町東勝楽丁"],"0140047":[5,"大仙市","大曲須和町"],"0140367":[5,"仙北市","角館町勝楽"],"0140353":[5,"仙北市","角館町西菅沢"],"0140302":[5,"仙北市","角館町白岩"],"0140343":[5,"仙北市","角館町下延"],"0140511":[5,"仙北市","西木町西明寺"],"0140033":[5,"大仙市","和合"],"0140365":[5,"仙北市","角館町菅沢"],"0140373":[5,"仙北市","角館町岩瀬"],"0140016":[5,"大仙市","若竹町"],"0140026":[5,"大仙市","大曲丸の内町"],"0140027":[5,"大仙市","大曲通町"],"0140801":[5,"大仙市","戸地谷"],"0140337":[5,"仙北市","角館町古城"],"0140006":[5,"大仙市","花館中町"],"0141114":[5,"仙北市","田沢湖神代"],"0140357":[5,"仙北市","角館町花場下"],"0140113":[5,"大仙市","堀見内"],"0140011":[5,"大仙市","富士見町"],"0140013":[5,"大仙市","朝日町"],"0140204":[5,"大仙市","清水"],"0140071":[5,"大仙市","蛭川"],"0140311":[5,"仙北市","角館町田町上丁"],"0140022":[5,"大仙市","大花町"],"0140355":[5,"仙北市","角館町外ノ山官有地"],"0140332":[5,"仙北市","角館町歩行町"],"0140368":[5,"仙北市","角館町中菅沢"],"0140034":[5,"大仙市","大曲住吉町"],"0140023":[5,"大仙市","大曲黒瀬町"],"0140371":[5,"仙北市","角館町大風呂"],"0140012":[5,"大仙市","幸町"],"0140313":[5,"仙北市","角館町下岩瀬町"],"0140361":[5,"仙北市","角館町鳥木沢"],"0141116":[5,"仙北市","田沢湖角館東前郷"],"0140714":[5,"大仙市","大神成"],"0140046":[5,"大仙市","大曲田町"],"0140111":[5,"大仙市","横堀"],"0140376":[5,"仙北市","角館町西下タ野"],"0140043":[5,"大仙市","大曲戸巻町"],"0140057":[5,"大仙市","大曲船場町"],"0140063":[5,"大仙市","大曲日の出町"],"0140315":[5,"仙北市","角館町下新町"],"0141112":[5,"仙北市","田沢湖梅沢"],"0140001":[5,"大仙市","花館"],"0140061":[5,"大仙市","大曲栄町"],"0140359":[5,"仙北市","角館町北野"],"0140363":[5,"仙北市","角館町下川原"],"0140300":[5,"仙北市",""],"0140053":[5,"大仙市","大曲花園町"],"0140378":[5,"仙北市","角館町西野川原"],"0140513":[5,"仙北市","西木町小渕野"],"0140067":[5,"大仙市","飯田"],"0140017":[5,"大仙市","佐野町"],"0140104":[5,"大仙市","新谷地"],"0140345":[5,"仙北市","角館町山谷川崎"],"0140051":[5,"大仙市","大曲浜町"],"0141412":[5,"大仙市","藤木"],"0140003":[5,"大仙市","美原町"],"0140352":[5,"仙北市","角館町外ノ山"],"0141111":[5,"仙北市","田沢湖岡崎"],"0140041":[5,"大仙市","大曲丸子町"],"0140803":[5,"大仙市","上野田"],"0141204":[5,"仙北市","田沢湖田沢"],"0140366":[5,"仙北市","角館町下菅沢"],"0140206":[5,"大仙市","長戸呂"],"0140514":[5,"仙北市","西木町西荒井"],"0140005":[5,"大仙市","花館柳町"],"0140015":[5,"大仙市","大曲白金町"],"0140202":[5,"大仙市","上鶯野"],"0140303":[5,"仙北市","角館町薗田"],"0140379":[5,"仙北市","角館町西北野"],"0140324":[5,"仙北市","角館町小人町"],"0140025":[5,"大仙市","大曲大町"],"0140000":[5,"大仙市",""],"0140072":[5,"大仙市","大曲西根"],"0140031":[5,"大仙市","大曲"],"0140014":[5,"大仙市","大曲福住町"],"0140334":[5,"仙北市","角館町表町上丁"],"0140207":[5,"大仙市","長野"],"0140312":[5,"仙北市","角館町田町下丁"],"0140301":[5,"仙北市","角館町広久内"],"0140712":[5,"大仙市","豊岡"],"0140347":[5,"仙北市","角館町小勝田"],"0140331":[5,"仙北市","角館町表町下丁"],"0140512":[5,"仙北市","西木町上荒井"],"0141202":[5,"仙北市","田沢湖刺巻"],"0140066":[5,"大仙市","川目"],"0140342":[5,"仙北市","角館町八割"],"0140048":[5,"大仙市","大曲上大町"],"0140326":[5,"仙北市","角館町山根町"],"0140102":[5,"大仙市","四ツ屋"],"0140372":[5,"仙北市","角館町小館"],"0140101":[5,"大仙市","松倉"],"0141413":[5,"大仙市","角間川町"],"0140802":[5,"大仙市","払田"],"0140377":[5,"仙北市","角館町西田"],"0140354":[5,"仙北市","角館町水ノ目沢"],"0140374":[5,"仙北市","角館町上野"],"0140322":[5,"仙北市","角館町七日町"],"0141115":[5,"仙北市","田沢湖小松"],"0140114":[5,"大仙市","福田"],"0140713":[5,"大仙市","栗沢"],"0140336":[5,"仙北市","角館町裏町"],"0140044":[5,"大仙市","戸蒔"],"0140317":[5,"仙北市","角館町下中町"],"0140364":[5,"仙北市","角館町大中嶋"],"0140112":[5,"大仙市","板見内"],"0140002":[5,"大仙市","花館上町"],"0140602":[5,"仙北市","西木町桧木内"],"0140316":[5,"仙北市","角館町岩瀬町"],"0140328":[5,"仙北市","角館町竹原町"],"0140073":[5,"大仙市","内小友"],"0140004":[5,"大仙市","泉町"],"0141113":[5,"仙北市","田沢湖卒田"],"0140375":[5,"仙北市","角館町岩瀬下タ野"],"0140805":[5,"大仙市","高梨"],"0140045":[5,"大仙市","大曲若葉町"],"0140804":[5,"大仙市","橋本"],"0140064":[5,"大仙市","小貫高畑"],"0140021":[5,"大仙市","福田町"],"0140024":[5,"大仙市","大曲中通町"],"0140333":[5,"仙北市","角館町川原町"],"0140369":[5,"仙北市","角館町上菅沢"],"0140358":[5,"仙北市","角館町川原町後"],"0140054":[5,"大仙市","大曲金谷町"]}
