{"1740074":[13,"板橋区","東新町"],"1740041":[13,"板橋区","舟渡"],"1740061":[13,"板橋区","大原町"],"1740053":[13,"板橋区","清水町"],"1740056":[13,"板橋区","志村"],"1740055":[13,"板橋区","泉町"],"1740000":[13,"板橋区",""],"1740044":[13,"板橋区","相生町"],"1740072":[13,"板橋区","南常盤台"],"1740062":[13,"板橋区","富士見町"],"1740046":[13,"板橋区","蓮根"],"1740073":[13,"板橋区","東山町"],"1740063":[13,"板橋区","前野町"],"1740071":[13,"板橋区","常盤台"],"1740065":[13,"板橋区","若木"],"1740045":[13,"板橋区","西台"],"1740054":[13,"板橋区","宮本町"],"1740075":[13,"板橋区","桜川"],"1740042":[13,"板橋区","東坂下"],"1740076":[13,"板橋区","上板橋"],"1740043":[13,"板橋区","坂下"],"1740051":[13,"板橋区","小豆沢"],"1740052":[13,"板橋区","蓮沼町"],"1740064":[13,"板橋区","中台"]}
