{"3460011":[11,"久喜市","青毛"],"3460024":[11,"久喜市","北青柳"],"3460014":[11,"久喜市","吉羽"],"3460035":[11,"久喜市","清久町"],"3460005":[11,"久喜市","本町"],"3460029":[11,"久喜市","江面"],"3460023":[11,"久喜市","太田袋"],"3460031":[11,"久喜市","久喜本"],"3460112":[11,"久喜市","菖蒲町柴山枝郷"],"3460113":[11,"久喜市","菖蒲町下栢間"],"3460102":[11,"久喜市","菖蒲町河原井"],"3460036":[11,"久喜市","北中曽根"],"3460037":[11,"久喜市","六万部"],"3460033":[11,"久喜市","下清久"],"3460022":[11,"久喜市","下早見"],"3460021":[11,"久喜市","上早見"],"3460106":[11,"久喜市","菖蒲町菖蒲"],"3460004":[11,"久喜市","南"],"3460003":[11,"久喜市","久喜中央"],"3460114":[11,"久喜市","菖蒲町上栢間"],"3460002":[11,"久喜市","野久喜"],"3460115":[11,"久喜市","菖蒲町小林"],"3460104":[11,"久喜市","菖蒲町三箇"],"3460012":[11,"久喜市","栗原"],"3460015":[11,"久喜市","西"],"3460038":[11,"久喜市","上清久"],"3460101":[11,"久喜市","菖蒲町昭和沼"],"3460027":[11,"久喜市","除堀"],"3460016":[11,"久喜市","久喜東"],"3460013":[11,"久喜市","青葉"],"3460007":[11,"久喜市","久喜北"],"3460001":[11,"久喜市","古久喜"],"3460111":[11,"久喜市","菖蒲町上大崎"],"3460026":[11,"久喜市","原"],"3460103":[11,"久喜市","菖蒲町台"],"3460028":[11,"久喜市","河原井町"],"3460000":[11,"久喜市",""],"3460025":[11,"久喜市","樋ノ口"],"3460034":[11,"久喜市","所久喜"],"3460105":[11,"久喜市","菖蒲町新堀"],"3460006":[11,"久喜市","上町"],"3460032":[11,"久喜市","久喜新"]}
