{"3610078":[11,"行田市","中央"],"3610036":[11,"行田市","樋上"],"3610017":[11,"行田市","若小玉"],"3610002":[11,"行田市","酒巻"],"3610011":[11,"行田市","荒木"],"3610084":[11,"行田市","南河原"],"3610054":[11,"行田市","城南"],"3610022":[11,"行田市","桜町"],"3610047":[11,"行田市","清水町"],"3610062":[11,"行田市","谷郷"],"3610055":[11,"行田市","駒形"],"3610071":[11,"行田市","栄町"],"3610006":[11,"行田市","白川戸"],"3610051":[11,"行田市","矢場"],"3610033":[11,"行田市","渡柳"],"3610077":[11,"行田市","忍"],"3610056":[11,"行田市","持田"],"3610043":[11,"行田市","深水町"],"3610075":[11,"行田市","向町"],"3610044":[11,"行田市","門井町"],"3610038":[11,"行田市","前谷"],"3610064":[11,"行田市","中里"],"3610057":[11,"行田市","城西"],"3610052":[11,"行田市","本丸"],"3610001":[11,"行田市","北河原"],"3610045":[11,"行田市","押上町"],"3610073":[11,"行田市","行田"],"3610063":[11,"行田市","皿尾"],"3610074":[11,"行田市","旭町"],"3610023":[11,"行田市","長野"],"3610065":[11,"行田市","小敷田"],"3610046":[11,"行田市","壱里山町"],"3610041":[11,"行田市","棚田町"],"3610026":[11,"行田市","野"],"3610076":[11,"行田市","天満"],"3610042":[11,"行田市","西新町"],"3610007":[11,"行田市","小見"],"3610021":[11,"行田市","富士見町"],"3610032":[11,"行田市","佐間"],"3610004":[11,"行田市","須加"],"3610016":[11,"行田市","藤原町"],"3610005":[11,"行田市","斎条"],"3610024":[11,"行田市","小針"],"3610037":[11,"行田市","下忍"],"3610067":[11,"行田市","下池守"],"3610083":[11,"行田市","中江袋"],"3610000":[11,"行田市",""],"3610013":[11,"行田市","真名板"],"3610053":[11,"行田市","水城公園"],"3610003":[11,"行田市","下中条"],"3610034":[11,"行田市","利田"],"3610025":[11,"行田市","埼玉"],"3610014":[11,"行田市","藤間"],"3610082":[11,"行田市","馬見塚"],"3610031":[11,"行田市","緑町"],"3610072":[11,"行田市","宮本"],"3610066":[11,"行田市","上池守"],"3610012":[11,"行田市","下須戸"],"3610081":[11,"行田市","犬塚"],"3610015":[11,"行田市","関根"],"3610035":[11,"行田市","堤根"],"3610061":[11,"行田市","和田"]}
