{"2420027":[14,"大和市","下草柳"],"2420029":[14,"大和市","上草柳"],"2420016":[14,"大和市","大和南"],"2420014":[14,"大和市","上和田"],"2420000":[14,"大和市",""],"2420025":[14,"大和市","代官"],"2420024":[14,"大和市","福田"],"2420026":[14,"大和市","草柳"],"2420017":[14,"大和市","大和東"],"2420001":[14,"大和市","下鶴間"],"2420008":[14,"大和市","中央林間西"],"2420018":[14,"大和市","深見西"],"2420028":[14,"大和市","桜森"],"2420012":[14,"大和市","深見東"],"2420015":[14,"大和市","下和田"],"2420004":[14,"大和市","鶴間"],"2420006":[14,"大和市","南林間"],"2420011":[14,"大和市","深見"],"2420023":[14,"大和市","渋谷"],"2420007":[14,"大和市","中央林間"],"2420003":[14,"大和市","林間"],"2420013":[14,"大和市","深見台"],"2420002":[14,"大和市","つきみ野"],"2420022":[14,"大和市","柳橋"],"2420005":[14,"大和市","西鶴間"],"2420021":[14,"大和市","中央"]}
