{"1670052":[13,"杉並区","南荻窪"],"1670031":[13,"杉並区","本天沼"],"1670021":[13,"杉並区","井草"],"1670032":[13,"杉並区","天沼"],"1670035":[13,"杉並区","今川"],"1670023":[13,"杉並区","上井草"],"1670022":[13,"杉並区","下井草"],"1670041":[13,"杉並区","善福寺"],"1670033":[13,"杉並区","清水"],"1670042":[13,"杉並区","西荻北"],"1670043":[13,"杉並区","上荻"],"1670051":[13,"杉並区","荻窪"],"1670053":[13,"杉並区","西荻南"],"1670054":[13,"杉並区","松庵"],"1670034":[13,"杉並区","桃井"]}
