{"3720046":[10,"伊勢崎市","三光町"],"3720851":[10,"伊勢崎市","上蓮町"],"3720043":[10,"伊勢崎市","緑町"],"3720013":[10,"伊勢崎市","上植木本町"],"3720025":[10,"伊勢崎市","東本町"],"3720853":[10,"伊勢崎市","国領町"],"3720042":[10,"伊勢崎市","中央町"],"3720058":[10,"伊勢崎市","西田町"],"3720843":[10,"伊勢崎市","下道寺町"],"3720852":[10,"伊勢崎市","下蓮町"],"3720054":[10,"伊勢崎市","柳原町"],"3720818":[10,"伊勢崎市","連取元町"],"3720827":[10,"伊勢崎市","八斗島町"],"3720821":[10,"伊勢崎市","阿弥大寺町"],"3720011":[10,"伊勢崎市","三和町"],"3720053":[10,"伊勢崎市","宗高町"],"3720007":[10,"伊勢崎市","安堀町"],"3720024":[10,"伊勢崎市","下植木町"],"3720813":[10,"伊勢崎市","韮塚町"],"3720833":[10,"伊勢崎市","富塚町"],"3720039":[10,"伊勢崎市","ひろせ町"],"3720016":[10,"伊勢崎市","本関町"],"3720803":[10,"伊勢崎市","宮古町"],"3720032":[10,"伊勢崎市","北千木町"],"3720056":[10,"伊勢崎市","喜多町"],"3720034":[10,"伊勢崎市","茂呂町"],"3720041":[10,"伊勢崎市","平和町"],"3720812":[10,"伊勢崎市","連取町"],"3720000":[10,"伊勢崎市",""],"3720044":[10,"伊勢崎市","八坂町"],"3720033":[10,"伊勢崎市","南千木町"],"3720834":[10,"伊勢崎市","堀口町"],"3720832":[10,"伊勢崎市","除ケ町"],"3720022":[10,"伊勢崎市","日乃出町"],"3720047":[10,"伊勢崎市","本町"],"3720004":[10,"伊勢崎市","堤下町"],"3720824":[10,"伊勢崎市","柴町"],"3720801":[10,"伊勢崎市","宮子町"],"3720026":[10,"伊勢崎市","宮前町"],"3720002":[10,"伊勢崎市","堤西町"],"3720854":[10,"伊勢崎市","飯島町"],"3720021":[10,"伊勢崎市","上諏訪町"],"3720842":[10,"伊勢崎市","馬見塚町"],"3720052":[10,"伊勢崎市","寿町"],"3720811":[10,"伊勢崎市","若葉町"],"3720031":[10,"伊勢崎市","今泉町"],"3720048":[10,"伊勢崎市","大手町"],"3720014":[10,"伊勢崎市","昭和町"],"3720015":[10,"伊勢崎市","鹿島町"],"3720822":[10,"伊勢崎市","中町"],"3720855":[10,"伊勢崎市","長沼町"],"3720023":[10,"伊勢崎市","粕川町"],"3720055":[10,"伊勢崎市","曲輪町"],"3720005":[10,"伊勢崎市","乾町"],"3720038":[10,"伊勢崎市","新栄町"],"3720057":[10,"伊勢崎市","末広町"],"3720814":[10,"伊勢崎市","田中町"],"3720823":[10,"伊勢崎市","今井町"],"3720825":[10,"伊勢崎市","戸谷塚町"],"3720826":[10,"伊勢崎市","福島町"],"3720841":[10,"伊勢崎市","大正寺町"],"3720012":[10,"伊勢崎市","豊城町"],"3720001":[10,"伊勢崎市","波志江町"],"3720815":[10,"伊勢崎市","東上之宮町"],"3720037":[10,"伊勢崎市","美茂呂町"],"3720804":[10,"伊勢崎市","稲荷町"],"3720844":[10,"伊勢崎市","羽黒町"],"3720802":[10,"伊勢崎市","田中島町"],"3720036":[10,"伊勢崎市","茂呂南町"],"3720817":[10,"伊勢崎市","連取本町"],"3720006":[10,"伊勢崎市","太田町"],"3720831":[10,"伊勢崎市","山王町"],"3720816":[10,"伊勢崎市","西上之宮町"],"3720045":[10,"伊勢崎市","上泉町"],"3720051":[10,"伊勢崎市","八幡町"],"3720003":[10,"伊勢崎市","華蔵寺町"]}
