{"3370053":[11,"さいたま市見沼区","大和田町"],"3370005":[11,"さいたま市見沼区","小深作"],"3370023":[11,"さいたま市見沼区","片柳東"],"3370002":[11,"さいたま市見沼区","春野"],"3370007":[11,"さいたま市見沼区","丸ケ崎町"],"3370012":[11,"さいたま市見沼区","東宮下"],"3370042":[11,"さいたま市見沼区","南中野"],"3370017":[11,"さいたま市見沼区","風渡野"],"3370022":[11,"さいたま市見沼区","加田屋"],"3370027":[11,"さいたま市見沼区","加田屋新田"],"3370021":[11,"さいたま市見沼区","膝子"],"3370041":[11,"さいたま市見沼区","南中丸"],"3370034":[11,"さいたま市見沼区","西山村新田"],"3370014":[11,"さいたま市見沼区","大谷"],"3370036":[11,"さいたま市見沼区","見山"],"3370000":[11,"さいたま市見沼区",""],"3370024":[11,"さいたま市見沼区","片柳"],"3370035":[11,"さいたま市見沼区","西山新田"],"3370054":[11,"さいたま市見沼区","砂町"],"3370025":[11,"さいたま市見沼区","山"],"3370051":[11,"さいたま市見沼区","東大宮"],"3370003":[11,"さいたま市見沼区","深作"],"3370004":[11,"さいたま市見沼区","卸町"],"3370016":[11,"さいたま市見沼区","東門前"],"3370043":[11,"さいたま市見沼区","中川"],"3370011":[11,"さいたま市見沼区","宮ケ谷塔"],"3370031":[11,"さいたま市見沼区","笹丸"],"3370033":[11,"さいたま市見沼区","御蔵"],"3370006":[11,"さいたま市見沼区","島町"],"3370026":[11,"さいたま市見沼区","染谷"],"3370015":[11,"さいたま市見沼区","蓮沼"],"3370052":[11,"さいたま市見沼区","堀崎町"],"3370008":[11,"さいたま市見沼区","春岡"],"3370001":[11,"さいたま市見沼区","丸ケ崎"],"3370045":[11,"さいたま市見沼区","新右エ門新田"],"3370032":[11,"さいたま市見沼区","東新井"],"3370013":[11,"さいたま市見沼区","新堤"],"3370044":[11,"さいたま市見沼区","上山口新田"]}
