{"1056222":[13,"港区","愛宕愛宕グリーンヒルズＭＯＲＩタワー"],"1057233":[13,"港区","東新橋汐留メディアタワー"],"1056230":[13,"港区","愛宕愛宕グリーンヒルズＭＯＲＩタワー"],"1057014":[13,"港区","東新橋電通本社ビル"],"1057423":[13,"港区","東新橋日本テレビタワー"],"1057113":[13,"港区","東新橋汐留シティセンター"],"1057311":[13,"港区","東新橋東京汐留ビルディング"],"1056218":[13,"港区","愛宕愛宕グリーンヒルズＭＯＲＩタワー"],"1057226":[13,"港区","東新橋汐留メディアタワー"],"1056001":[13,"港区","虎ノ門城山トラストタワー"],"1056115":[13,"港区","浜松町世界貿易センタービル"],"1057206":[13,"港区","東新橋汐留メディアタワー"],"1056124":[13,"港区","浜松町世界貿易センタービル"],"1057431":[13,"港区","東新橋日本テレビタワー"],"1056025":[13,"港区","虎ノ門城山トラストタワー"],"1057131":[13,"港区","東新橋汐留シティセンター"],"1056190":[13,"港区","浜松町世界貿易センタービル"],"1056022":[13,"港区","虎ノ門城山トラストタワー"],"1056202":[13,"港区","愛宕愛宕グリーンヒルズＭＯＲＩタワー"],"1057010":[13,"港区","東新橋電通本社ビル"],"1057406":[13,"港区","東新橋日本テレビタワー"],"1057003":[13,"港区","東新橋電通本社ビル"],"1056240":[13,"港区","愛宕愛宕グリーンヒルズＭＯＲＩタワー"],"1057009":[13,"港区","東新橋電通本社ビル"],"1050022":[13,"港区","海岸"],"1050014":[13,"港区","芝"],"1057028":[13,"港区","東新橋電通本社ビル"],"1057229":[13,"港区","東新橋汐留メディアタワー"],"1057130":[13,"港区","東新橋汐留シティセンター"],"1057110":[13,"港区","東新橋汐留シティセンター"],"1056290":[13,"港区","愛宕愛宕グリーンヒルズＭＯＲＩタワー"],"1050021":[13,"港区","東新橋"],"1056019":[13,"港区","虎ノ門城山トラストタワー"],"1057326":[13,"港区","東新橋東京汐留ビルディング"],"1057215":[13,"港区","東新橋汐留メディアタワー"],"1056033":[13,"港区","虎ノ門城山トラストタワー"],"1057290":[13,"港区","東新橋汐留メディアタワー"],"1056208":[13,"港区","愛宕愛宕グリーンヒルズＭＯＲＩタワー"],"1057036":[13,"港区","東新橋電通本社ビル"],"1056227":[13,"港区","愛宕愛宕グリーンヒルズＭＯＲＩタワー"],"1057314":[13,"港区","東新橋東京汐留ビルディング"],"1056009":[13,"港区","虎ノ門城山トラストタワー"],"1057413":[13,"港区","東新橋日本テレビタワー"],"1057337":[13,"港区","東新橋東京汐留ビルディング"],"1057302":[13,"港区","東新橋東京汐留ビルディング"],"1056021":[13,"港区","虎ノ門城山トラストタワー"],"1057041":[13,"港区","東新橋電通本社ビル"],"1057303":[13,"港区","東新橋東京汐留ビルディング"],"1056114":[13,"港区","浜松町世界貿易センタービル"],"1057141":[13,"港区","東新橋汐留シティセンター"],"1056129":[13,"港区","浜松町世界貿易センタービル"],"1056026":[13,"港区","虎ノ門城山トラストタワー"],"1056241":[13,"港区","愛宕愛宕グリーンヒルズＭＯＲＩタワー"],"1056011":[13,"港区","虎ノ門城山トラストタワー"],"1057232":[13,"港区","東新橋汐留メディアタワー"],"1057121":[13,"港区","東新橋汐留シティセンター"],"1057319":[13,"港区","東新橋東京汐留ビルディング"],"1057333":[13,"港区","東新橋東京汐留ビルディング"],"1056201":[13,"港区","愛宕愛宕グリーンヒルズＭＯＲＩタワー"],"1056139":[13,"港区","浜松町世界貿易センタービル"],"1057201":[13,"港区","東新橋汐留メディアタワー"],"1057107":[13,"港区","東新橋汐留シティセンター"],"1056212":[13,"港区","愛宕愛宕グリーンヒルズＭＯＲＩタワー"],"1057128":[13,"港区","東新橋汐留シティセンター"],"1057116":[13,"港区","東新橋汐留シティセンター"],"1057426":[13,"港区","東新橋日本テレビタワー"],"1056037":[13,"港区","虎ノ門城山トラストタワー"],"1057322":[13,"港区","東新橋東京汐留ビルディング"],"1057429":[13,"港区","東新橋日本テレビタワー"],"1057410":[13,"港区","東新橋日本テレビタワー"],"1057219":[13,"港区","東新橋汐留メディアタワー"],"1056132":[13,"港区","浜松町世界貿易センタービル"],"1057307":[13,"港区","東新橋東京汐留ビルディング"],"1057125":[13,"港区","東新橋汐留シティセンター"],"1057310":[13,"港区","東新橋東京汐留ビルディング"],"1057032":[13,"港区","東新橋電通本社ビル"],"1057205":[13,"港区","東新橋汐留メディアタワー"],"1056206":[13,"港区","愛宕愛宕グリーンヒルズＭＯＲＩタワー"],"1056106":[13,"港区","浜松町世界貿易センタービル"],"1056130":[13,"港区","浜松町世界貿易センタービル"],"1057027":[13,"港区","東新橋電通本社ビル"],"1057046":[13,"港区","東新橋電通本社ビル"],"1057417":[13,"港区","東新橋日本テレビタワー"],"1057020":[13,"港区","東新橋電通本社ビル"],"1056005":[13,"港区","虎ノ門城山トラストタワー"],"1056111":[13,"港区","浜松町世界貿易センタービル"],"1056136":[13,"港区","浜松町世界貿易センタービル"],"1050004":[13,"港区","新橋"],"1056239":[13,"港区","愛宕愛宕グリーンヒルズＭＯＲＩタワー"],"1057221":[13,"港区","東新橋汐留メディアタワー"],"1056029":[13,"港区","虎ノ門城山トラストタワー"],"1057006":[13,"港区","東新橋電通本社ビル"],"1057306":[13,"港区","東新橋東京汐留ビルディング"],"1056030":[13,"港区","虎ノ門城山トラストタワー"],"1057222":[13,"港区","東新橋汐留メディアタワー"],"1057401":[13,"港区","東新橋日本テレビタワー"],"1056015":[13,"港区","虎ノ門城山トラストタワー"],"1056229":[13,"港区","愛宕愛宕グリーンヒルズＭＯＲＩタワー"],"1056032":[13,"港区","虎ノ門城山トラストタワー"],"1057209":[13,"港区","東新橋汐留メディアタワー"],"1057021":[13,"港区","東新橋電通本社ビル"],"1056140":[13,"港区","浜松町世界貿易センタービル"],"1057432":[13,"港区","東新橋日本テレビタワー"],"1057405":[13,"港区","東新橋日本テレビタワー"],"1057004":[13,"港区","東新橋電通本社ビル"],"1056006":[13,"港区","虎ノ門城山トラストタワー"],"1057329":[13,"港区","東新橋東京汐留ビルディング"],"1057212":[13,"港区","東新橋汐留メディアタワー"],"1057424":[13,"港区","東新橋日本テレビタワー"],"1057019":[13,"港区","東新橋電通本社ビル"],"1057122":[13,"港区","東新橋汐留シティセンター"],"1056012":[13,"港区","虎ノ門城山トラストタワー"],"1057112":[13,"港区","東新橋汐留シティセンター"],"1056119":[13,"港区","浜松町世界貿易センタービル"],"1057336":[13,"港区","東新橋東京汐留ビルディング"],"1057011":[13,"港区","東新橋電通本社ビル"],"1057223":[13,"港区","東新橋汐留メディアタワー"],"1056237":[13,"港区","愛宕愛宕グリーンヒルズＭＯＲＩタワー"],"1057119":[13,"港区","東新橋汐留シティセンター"],"1057419":[13,"港区","東新橋日本テレビタワー"],"1057404":[13,"港区","東新橋日本テレビタワー"],"1057313":[13,"港区","東新橋東京汐留ビルディング"],"1056002":[13,"港区","虎ノ門城山トラストタワー"],"1057320":[13,"港区","東新橋東京汐留ビルディング"],"1057227":[13,"港区","東新橋汐留メディアタワー"],"1057037":[13,"港区","東新橋電通本社ビル"],"1056231":[13,"港区","愛宕愛宕グリーンヒルズＭＯＲＩタワー"],"1056110":[13,"港区","浜松町世界貿易センタービル"],"1057309":[13,"港区","東新橋東京汐留ビルディング"],"1057409":[13,"港区","東新橋日本テレビタワー"],"1057325":[13,"港区","東新橋東京汐留ビルディング"],"1057135":[13,"港区","東新橋汐留シティセンター"],"1057024":[13,"港区","東新橋電通本社ビル"],"1056134":[13,"港区","浜松町世界貿易センタービル"],"1057132":[13,"港区","東新橋汐留シティセンター"],"1056225":[13,"港区","愛宕愛宕グリーンヒルズＭＯＲＩタワー"],"1057033":[13,"港区","東新橋電通本社ビル"],"1057015":[13,"港区","東新橋電通本社ビル"],"1056128":[13,"港区","浜松町世界貿易センタービル"],"1057411":[13,"港区","東新橋日本テレビタワー"],"1056016":[13,"港区","虎ノ門城山トラストタワー"],"1056102":[13,"港区","浜松町世界貿易センタービル"],"1057301":[13,"港区","東新橋東京汐留ビルディング"],"1056113":[13,"港区","浜松町世界貿易センタービル"],"1056034":[13,"港区","虎ノ門城山トラストタワー"],"1057202":[13,"港区","東新橋汐留メディアタワー"],"1057420":[13,"港区","東新橋日本テレビタワー"],"1057104":[13,"港区","東新橋汐留シティセンター"],"1057142":[13,"港区","東新橋汐留シティセンター"],"1056118":[13,"港区","浜松町世界貿易センタービル"],"1057220":[13,"港区","東新橋汐留メディアタワー"],"1056209":[13,"港区","愛宕愛宕グリーンヒルズＭＯＲＩタワー"],"1057138":[13,"港区","東新橋汐留シティセンター"],"1057042":[13,"港区","東新橋電通本社ビル"],"1056090":[13,"港区","虎ノ門城山トラストタワー"],"1057108":[13,"港区","東新橋汐留シティセンター"],"1056131":[13,"港区","浜松町世界貿易センタービル"],"1057190":[13,"港区","東新橋汐留シティセンター"],"1057390":[13,"港区","東新橋東京汐留ビルディング"],"1056205":[13,"港区","愛宕愛宕グリーンヒルズＭＯＲＩタワー"],"1056215":[13,"港区","愛宕愛宕グリーンヒルズＭＯＲＩタワー"],"1057425":[13,"港区","東新橋日本テレビタワー"],"1057005":[13,"港区","東新橋電通本社ビル"],"1057305":[13,"港区","東新橋東京汐留ビルディング"],"1056108":[13,"港区","浜松町世界貿易センタービル"],"1056221":[13,"港区","愛宕愛宕グリーンヒルズＭＯＲＩタワー"],"1056120":[13,"港区","浜松町世界貿易センタービル"],"1057001":[13,"港区","東新橋電通本社ビル"],"1057418":[13,"港区","東新橋日本テレビタワー"],"1057139":[13,"港区","東新橋汐留シティセンター"],"1057321":[13,"港区","東新橋東京汐留ビルディング"],"1056234":[13,"港区","愛宕愛宕グリーンヒルズＭＯＲＩタワー"],"1056010":[13,"港区","虎ノ門城山トラストタワー"],"1056135":[13,"港区","浜松町世界貿易センタービル"],"1057414":[13,"港区","東新橋日本テレビタワー"],"1056211":[13,"港区","愛宕愛宕グリーンヒルズＭＯＲＩタワー"],"1057216":[13,"港区","東新橋汐留メディアタワー"],"1057101":[13,"港区","東新橋汐留シティセンター"],"1057047":[13,"港区","東新橋電通本社ビル"],"1057115":[13,"港区","東新橋汐留シティセンター"],"1056207":[13,"港区","愛宕愛宕グリーンヒルズＭＯＲＩタワー"],"1057408":[13,"港区","東新橋日本テレビタワー"],"1057316":[13,"港区","東新橋東京汐留ビルディング"],"1057030":[13,"港区","東新橋電通本社ビル"],"1057217":[13,"港区","東新橋汐留メディアタワー"],"1057421":[13,"港区","東新橋日本テレビタワー"],"1057331":[13,"港区","東新橋東京汐留ビルディング"],"1056101":[13,"港区","浜松町世界貿易センタービル"],"1056213":[13,"港区","愛宕愛宕グリーンヒルズＭＯＲＩタワー"],"1057123":[13,"港区","東新橋汐留シティセンター"],"1057335":[13,"港区","東新橋東京汐留ビルディング"],"1057143":[13,"港区","東新橋汐留シティセンター"],"1057022":[13,"港区","東新橋電通本社ビル"],"1057208":[13,"港区","東新橋汐留メディアタワー"],"1057038":[13,"港区","東新橋電通本社ビル"],"1057403":[13,"港区","東新橋日本テレビタワー"],"1056238":[13,"港区","愛宕愛宕グリーンヒルズＭＯＲＩタワー"],"1056123":[13,"港区","浜松町世界貿易センタービル"],"1057140":[13,"港区","東新橋汐留シティセンター"],"1056210":[13,"港区","愛宕愛宕グリーンヒルズＭＯＲＩタワー"],"1050011":[13,"港区","芝公園"],"1057126":[13,"港区","東新橋汐留シティセンター"],"1057137":[13,"港区","東新橋汐留シティセンター"],"1057490":[13,"港区","東新橋日本テレビタワー"],"1057224":[13,"港区","東新橋汐留メディアタワー"],"1057034":[13,"港区","東新橋電通本社ビル"],"1056027":[13,"港区","虎ノ門城山トラストタワー"],"1056138":[13,"港区","浜松町世界貿易センタービル"],"1057040":[13,"港区","東新橋電通本社ビル"],"1056104":[13,"港区","浜松町世界貿易センタービル"],"1057332":[13,"港区","東新橋東京汐留ビルディング"],"1056127":[13,"港区","浜松町世界貿易センタービル"],"1057213":[13,"港区","東新橋汐留メディアタワー"],"1056003":[13,"港区","虎ノ門城山トラストタワー"],"1057111":[13,"港区","東新橋汐留シティセンター"],"1056228":[13,"港区","愛宕愛宕グリーンヒルズＭＯＲＩタワー"],"1057102":[13,"港区","東新橋汐留シティセンター"],"1057016":[13,"港区","東新橋電通本社ビル"],"1056126":[13,"港区","浜松町世界貿易センタービル"],"1057120":[13,"港区","東新橋汐留シティセンター"],"1050012":[13,"港区","芝大門"],"1056017":[13,"港区","虎ノ門城山トラストタワー"],"1057106":[13,"港区","東新橋汐留シティセンター"],"1056224":[13,"港区","愛宕愛宕グリーンヒルズＭＯＲＩタワー"],"1056133":[13,"港区","浜松町世界貿易センタービル"],"1057328":[13,"港区","東新橋東京汐留ビルディング"],"1057133":[13,"港区","東新橋汐留シティセンター"],"1057415":[13,"港区","東新橋日本テレビタワー"],"1056214":[13,"港区","愛宕愛宕グリーンヒルズＭＯＲＩタワー"],"1057428":[13,"港区","東新橋日本テレビタワー"],"1056117":[13,"港区","浜松町世界貿易センタービル"],"1050000":[13,"港区",""],"1056235":[13,"港区","愛宕愛宕グリーンヒルズＭＯＲＩタワー"],"1057430":[13,"港区","東新橋日本テレビタワー"],"1056220":[13,"港区","愛宕愛宕グリーンヒルズＭＯＲＩタワー"],"1050023":[13,"港区","芝浦"],"1057118":[13,"港区","東新橋汐留シティセンター"],"1057324":[13,"港区","東新橋東京汐留ビルディング"],"1056109":[13,"港区","浜松町世界貿易センタービル"],"1056203":[13,"港区","愛宕愛宕グリーンヒルズＭＯＲＩタワー"],"1056121":[13,"港区","浜松町世界貿易センタービル"],"1057043":[13,"港区","東新橋電通本社ビル"],"1057412":[13,"港区","東新橋日本テレビタワー"],"1057008":[13,"港区","東新橋電通本社ビル"],"1056007":[13,"港区","虎ノ門城山トラストタワー"],"1057105":[13,"港区","東新橋汐留シティセンター"],"1057090":[13,"港区","東新橋電通本社ビル"],"1056232":[13,"港区","愛宕愛宕グリーンヒルズＭＯＲＩタワー"],"1057023":[13,"港区","東新橋電通本社ビル"],"1056023":[13,"港区","虎ノ門城山トラストタワー"],"1050002":[13,"港区","愛宕"],"1056217":[13,"港区","愛宕愛宕グリーンヒルズＭＯＲＩタワー"],"1056013":[13,"港区","虎ノ門城山トラストタワー"],"1057002":[13,"港区","東新橋電通本社ビル"],"1057017":[13,"港区","東新橋電通本社ビル"],"1057231":[13,"港区","東新橋汐留メディアタワー"],"1057012":[13,"港区","東新橋電通本社ビル"],"1056018":[13,"港区","虎ノ門城山トラストタワー"],"1057025":[13,"港区","東新橋電通本社ビル"],"1056219":[13,"港区","愛宕愛宕グリーンヒルズＭＯＲＩタワー"],"1057330":[13,"港区","東新橋東京汐留ビルディング"],"1056105":[13,"港区","浜松町世界貿易センタービル"],"1057218":[13,"港区","東新橋汐留メディアタワー"],"1057134":[13,"港区","東新橋汐留シティセンター"],"1057103":[13,"港区","東新橋汐留シティセンター"],"1057407":[13,"港区","東新橋日本テレビタワー"],"1056103":[13,"港区","浜松町世界貿易センタービル"],"1050013":[13,"港区","浜松町"],"1056107":[13,"港区","浜松町世界貿易センタービル"],"1057039":[13,"港区","東新橋電通本社ビル"],"1057230":[13,"港区","東新橋汐留メディアタワー"],"1057207":[13,"港区","東新橋汐留メディアタワー"],"1057422":[13,"港区","東新橋日本テレビタワー"],"1057210":[13,"港区","東新橋汐留メディアタワー"],"1057312":[13,"港区","東新橋東京汐留ビルディング"],"1056125":[13,"港区","浜松町世界貿易センタービル"],"1057416":[13,"港区","東新橋日本テレビタワー"],"1057109":[13,"港区","東新橋汐留シティセンター"],"1057228":[13,"港区","東新橋汐留メディアタワー"],"1057013":[13,"港区","東新橋電通本社ビル"],"1057127":[13,"港区","東新橋汐留シティセンター"],"1056014":[13,"港区","虎ノ門城山トラストタワー"],"1056004":[13,"港区","虎ノ門城山トラストタワー"],"1057323":[13,"港区","東新橋東京汐留ビルディング"],"1056036":[13,"港区","虎ノ門城山トラストタワー"],"1057203":[13,"港区","東新橋汐留メディアタワー"],"1056242":[13,"港区","愛宕愛宕グリーンヒルズＭＯＲＩタワー"],"1057029":[13,"港区","東新橋電通本社ビル"],"1057035":[13,"港区","東新橋電通本社ビル"],"1056137":[13,"港区","浜松町世界貿易センタービル"],"1056116":[13,"港区","浜松町世界貿易センタービル"],"1056024":[13,"港区","虎ノ門城山トラストタワー"],"1057234":[13,"港区","東新橋汐留メディアタワー"],"1056035":[13,"港区","虎ノ門城山トラストタワー"],"1057136":[13,"港区","東新橋汐留シティセンター"],"1057327":[13,"港区","東新橋東京汐留ビルディング"],"1056204":[13,"港区","愛宕愛宕グリーンヒルズＭＯＲＩタワー"],"1057211":[13,"港区","東新橋汐留メディアタワー"],"1056031":[13,"港区","虎ノ門城山トラストタワー"],"1056233":[13,"港区","愛宕愛宕グリーンヒルズＭＯＲＩタワー"],"1056223":[13,"港区","愛宕愛宕グリーンヒルズＭＯＲＩタワー"],"1056020":[13,"港区","虎ノ門城山トラストタワー"],"1057007":[13,"港区","東新橋電通本社ビル"],"1057304":[13,"港区","東新橋東京汐留ビルディング"],"1057044":[13,"港区","東新橋電通本社ビル"],"1057026":[13,"港区","東新橋電通本社ビル"],"1057427":[13,"港区","東新橋日本テレビタワー"],"1057317":[13,"港区","東新橋東京汐留ビルディング"],"1050003":[13,"港区","西新橋"],"1057214":[13,"港区","東新橋汐留メディアタワー"],"1057308":[13,"港区","東新橋東京汐留ビルディング"],"1056226":[13,"港区","愛宕愛宕グリーンヒルズＭＯＲＩタワー"],"1057129":[13,"港区","東新橋汐留シティセンター"],"1057117":[13,"港区","東新橋汐留シティセンター"],"1050001":[13,"港区","虎ノ門"],"1056028":[13,"港区","虎ノ門城山トラストタワー"],"1057114":[13,"港区","東新橋汐留シティセンター"],"1057318":[13,"港区","東新橋東京汐留ビルディング"],"1056122":[13,"港区","浜松町世界貿易センタービル"],"1056216":[13,"港区","愛宕愛宕グリーンヒルズＭＯＲＩタワー"],"1057334":[13,"港区","東新橋東京汐留ビルディング"],"1057045":[13,"港区","東新橋電通本社ビル"],"1057031":[13,"港区","東新橋電通本社ビル"],"1057402":[13,"港区","東新橋日本テレビタワー"],"1057124":[13,"港区","東新橋汐留シティセンター"],"1057315":[13,"港区","東新橋東京汐留ビルディング"],"1056112":[13,"港区","浜松町世界貿易センタービル"],"1056236":[13,"港区","愛宕愛宕グリーンヒルズＭＯＲＩタワー"],"1056008":[13,"港区","虎ノ門城山トラストタワー"],"1057204":[13,"港区","東新橋汐留メディアタワー"],"1057018":[13,"港区","東新橋電通本社ビル"],"1057225":[13,"港区","東新橋汐留メディアタワー"]}
