{"3306005":[11,"さいたま市中央区","新都心明治安田生命さいたま新都心ビル"],"3300805":[11,"さいたま市大宮区","寿能町"],"3306033":[11,"さいたま市中央区","新都心明治安田生命さいたま新都心ビル"],"3300061":[11,"さいたま市浦和区","常盤"],"3306009":[11,"さいたま市中央区","新都心明治安田生命さいたま新都心ビル"],"3300803":[11,"さいたま市大宮区","高鼻町"],"3306027":[11,"さいたま市中央区","新都心明治安田生命さいたま新都心ビル"],"3300073":[11,"さいたま市浦和区","元町"],"3300801":[11,"さいたま市大宮区","土手町"],"3300802":[11,"さいたま市大宮区","宮町"],"3306011":[11,"さいたま市中央区","新都心明治安田生命さいたま新都心ビル"],"3306010":[11,"さいたま市中央区","新都心明治安田生命さいたま新都心ビル"],"3300053":[11,"さいたま市浦和区","前地"],"3300072":[11,"さいたま市浦和区","領家"],"3300041":[11,"さいたま市浦和区","三崎"],"3306006":[11,"さいたま市中央区","新都心明治安田生命さいたま新都心ビル"],"3300042":[11,"さいたま市浦和区","木崎"],"3306024":[11,"さいたま市中央区","新都心明治安田生命さいたま新都心ビル"],"3300081":[11,"さいたま市中央区","新都心"],"3306032":[11,"さいたま市中央区","新都心明治安田生命さいたま新都心ビル"],"3300064":[11,"さいたま市浦和区","岸町"],"3300804":[11,"さいたま市大宮区","堀の内町"],"3306003":[11,"さいたま市中央区","新都心明治安田生命さいたま新都心ビル"],"3300051":[11,"さいたま市浦和区","駒場"],"3300065":[11,"さいたま市浦和区","神明"],"3300853":[11,"さいたま市大宮区","錦町"],"3306090":[11,"さいたま市中央区","新都心明治安田生命さいたま新都心ビル"],"3306008":[11,"さいたま市中央区","新都心明治安田生命さいたま新都心ビル"],"3300071":[11,"さいたま市浦和区","上木崎"],"3306022":[11,"さいたま市中央区","新都心明治安田生命さいたま新都心ビル"],"3300842":[11,"さいたま市大宮区","浅間町"],"3306002":[11,"さいたま市中央区","新都心明治安田生命さいたま新都心ビル"],"3306015":[11,"さいたま市中央区","新都心明治安田生命さいたま新都心ビル"],"3306026":[11,"さいたま市中央区","新都心明治安田生命さいたま新都心ビル"],"3300844":[11,"さいたま市大宮区","下町"],"3306001":[11,"さいたま市中央区","新都心明治安田生命さいたま新都心ビル"],"3306016":[11,"さいたま市中央区","新都心明治安田生命さいたま新都心ビル"],"3306023":[11,"さいたま市中央区","新都心明治安田生命さいたま新都心ビル"],"3306013":[11,"さいたま市中央区","新都心明治安田生命さいたま新都心ビル"],"3306034":[11,"さいたま市中央区","新都心明治安田生命さいたま新都心ビル"],"3300852":[11,"さいたま市大宮区","大成町"],"3300835":[11,"さいたま市大宮区","北袋町"],"3300000":[11,"さいたま市中央区",""],"3306014":[11,"さいたま市中央区","新都心明治安田生命さいたま新都心ビル"],"3300075":[11,"さいたま市浦和区","針ヶ谷"],"3306017":[11,"さいたま市中央区","新都心明治安田生命さいたま新都心ビル"],"3306019":[11,"さいたま市中央区","新都心明治安田生命さいたま新都心ビル"],"3300062":[11,"さいたま市浦和区","仲町"],"3306007":[11,"さいたま市中央区","新都心明治安田生命さいたま新都心ビル"],"3300845":[11,"さいたま市大宮区","仲町"],"3300046":[11,"さいたま市浦和区","大原"],"3300063":[11,"さいたま市浦和区","高砂"],"3300834":[11,"さいたま市大宮区","天沼町"],"3300855":[11,"さいたま市大宮区","上小町"],"3306031":[11,"さいたま市中央区","新都心明治安田生命さいたま新都心ビル"],"3300056":[11,"さいたま市浦和区","東仲町"],"3300841":[11,"さいたま市大宮区","東町"],"3306020":[11,"さいたま市中央区","新都心明治安田生命さいたま新都心ビル"],"3300843":[11,"さいたま市大宮区","吉敷町"],"3300856":[11,"さいたま市大宮区","三橋"],"3306021":[11,"さいたま市中央区","新都心明治安田生命さいたま新都心ビル"],"3300043":[11,"さいたま市浦和区","大東"],"3300854":[11,"さいたま市大宮区","桜木町"],"3306004":[11,"さいたま市中央区","新都心明治安田生命さいたま新都心ビル"],"3300846":[11,"さいたま市大宮区","大門町"],"3306030":[11,"さいたま市中央区","新都心明治安田生命さいたま新都心ビル"],"3306028":[11,"さいたま市中央区","新都心明治安田生命さいたま新都心ビル"],"3300045":[11,"さいたま市浦和区","皇山町"],"3306025":[11,"さいたま市中央区","新都心明治安田生命さいたま新都心ビル"],"3306012":[11,"さいたま市中央区","新都心明治安田生命さいたま新都心ビル"],"3300054":[11,"さいたま市浦和区","東岸町"],"3300836":[11,"さいたま市大宮区","大原"],"3300851":[11,"さいたま市大宮区","櫛引町"],"3300044":[11,"さいたま市浦和区","瀬ケ崎"],"3300800":[11,"さいたま市大宮区",""],"3300074":[11,"さいたま市浦和区","北浦和"],"3300052":[11,"さいたま市浦和区","本太"],"3306035":[11,"さいたま市中央区","新都心明治安田生命さいたま新都心ビル"],"3306018":[11,"さいたま市中央区","新都心明治安田生命さいたま新都心ビル"],"3306029":[11,"さいたま市中央区","新都心明治安田生命さいたま新都心ビル"],"3300055":[11,"さいたま市浦和区","東高砂町"]}
