{"2310814":[14,"横浜市中区","豊浦町"],"2310021":[14,"横浜市中区","日本大通"],"2310844":[14,"横浜市中区","西之谷町"],"2310823":[14,"横浜市中区","本牧大里町"],"2310824":[14,"横浜市中区","本牧三之谷"],"2310065":[14,"横浜市中区","宮川町"],"2310826":[14,"横浜市中区","本牧荒井"],"2310038":[14,"横浜市中区","山吹町"],"2310806":[14,"横浜市中区","本牧町"],"2310855":[14,"横浜市中区","寺久保"],"2310063":[14,"横浜市中区","花咲町"],"2310813":[14,"横浜市中区","かもめ町"],"2310863":[14,"横浜市中区","諏訪町"],"2310857":[14,"横浜市中区","塚越"],"2310833":[14,"横浜市中区","本牧満坂"],"2310803":[14,"横浜市中区","本牧十二天"],"2310825":[14,"横浜市中区","本牧間門"],"2310859":[14,"横浜市中区","大平町"],"2310011":[14,"横浜市中区","太田町"],"2310032":[14,"横浜市中区","不老町"],"2310027":[14,"横浜市中区","扇町"],"2310862":[14,"横浜市中区","山手町"],"2310057":[14,"横浜市中区","曙町"],"2310816":[14,"横浜市中区","南本牧"],"2310835":[14,"横浜市中区","根岸加曽台"],"2310866":[14,"横浜市中区","柏葉"],"2310066":[14,"横浜市中区","日ノ出町"],"2310827":[14,"横浜市中区","本牧和田"],"2310044":[14,"横浜市中区","福富町東通"],"2310062":[14,"横浜市中区","桜木町"],"2310002":[14,"横浜市中区","海岸通"],"2310036":[14,"横浜市中区","山田町"],"2310042":[14,"横浜市中区","福富町西通"],"2310837":[14,"横浜市中区","滝之上"],"2310055":[14,"横浜市中区","末吉町"],"2310061":[14,"横浜市中区","内田町"],"2310064":[14,"横浜市中区","野毛町"],"2310048":[14,"横浜市中区","蓬莱町"],"2310856":[14,"横浜市中区","簑沢"],"2310852":[14,"横浜市中区","西竹之丸"],"2310804":[14,"横浜市中区","本牧宮原"],"2310004":[14,"横浜市中区","元浜町"],"2310853":[14,"横浜市中区","根岸台"],"2310854":[14,"横浜市中区","根岸旭台"],"2310861":[14,"横浜市中区","元町"],"2310001":[14,"横浜市中区","新港"],"2310851":[14,"横浜市中区","山元町"],"2310834":[14,"横浜市中区","池袋"],"2310037":[14,"横浜市中区","富士見町"],"2310848":[14,"横浜市中区","鷺山"],"2310035":[14,"横浜市中区","千歳町"],"2310843":[14,"横浜市中区","本郷町"],"2310043":[14,"横浜市中区","福富町仲通"],"2310033":[14,"横浜市中区","長者町"],"2310022":[14,"横浜市中区","横浜公園"],"2310013":[14,"横浜市中区","住吉町"],"2310847":[14,"横浜市中区","竹之丸"],"2310041":[14,"横浜市中区","吉田町"],"2310034":[14,"横浜市中区","三吉町"],"2310812":[14,"横浜市中区","錦町"],"2310838":[14,"横浜市中区","豆口台"],"2310000":[14,"横浜市中区",""],"2310026":[14,"横浜市中区","寿町"],"2310846":[14,"横浜市中区","大和町"],"2310821":[14,"横浜市中区","本牧原"],"2310056":[14,"横浜市中区","若葉町"],"2310836":[14,"横浜市中区","根岸町"],"2310868":[14,"横浜市中区","石川町"],"2310046":[14,"横浜市中区","末広町"],"2310053":[14,"横浜市中区","初音町"],"2310839":[14,"横浜市中区","仲尾台"],"2310842":[14,"横浜市中区","上野町"],"2310016":[14,"横浜市中区","真砂町"],"2310815":[14,"横浜市中区","千鳥町"],"2310845":[14,"横浜市中区","立野"],"2310865":[14,"横浜市中区","北方町"],"2310045":[14,"横浜市中区","伊勢佐木町"],"2310023":[14,"横浜市中区","山下町"],"2310014":[14,"横浜市中区","常盤町"],"2310012":[14,"横浜市中区","相生町"],"2310802":[14,"横浜市中区","小港町"],"2310028":[14,"横浜市中区","翁町"],"2310822":[14,"横浜市中区","本牧元町"],"2310007":[14,"横浜市中区","弁天通"],"2310047":[14,"横浜市中区","羽衣町"],"2310017":[14,"横浜市中区","港町"],"2310867":[14,"横浜市中区","打越"],"2310054":[14,"横浜市中区","黄金町"],"2310841":[14,"横浜市中区","妙香寺台"],"2310864":[14,"横浜市中区","千代崎町"],"2310031":[14,"横浜市中区","万代町"],"2310024":[14,"横浜市中区","吉浜町"],"2310052":[14,"横浜市中区","英町"],"2310025":[14,"横浜市中区","松影町"],"2310015":[14,"横浜市中区","尾上町"],"2310858":[14,"横浜市中区","大芝台"],"2310051":[14,"横浜市中区","赤門町"],"2310005":[14,"横浜市中区","本町"],"2310801":[14,"横浜市中区","新山下"],"2310058":[14,"横浜市中区","弥生町"],"2310832":[14,"横浜市中区","本牧緑ケ丘"],"2310849":[14,"横浜市中区","麦田町"],"2310805":[14,"横浜市中区","和田山"],"2310003":[14,"横浜市中区","北仲通"],"2310811":[14,"横浜市中区","本牧ふ頭"],"2310006":[14,"横浜市中区","南仲通"],"2310831":[14,"横浜市中区","矢口台"]}
