{"2600007":[12,"千葉市中央区","祐光"],"2600026":[12,"千葉市中央区","千葉港"],"2600826":[12,"千葉市中央区","新浜町"],"2600825":[12,"千葉市中央区","村田町"],"2600044":[12,"千葉市中央区","松波"],"2600000":[12,"千葉市中央区",""],"2600002":[12,"千葉市中央区","旭町"],"2600823":[12,"千葉市中央区","塩田町"],"2600802":[12,"千葉市中央区","川戸町"],"2600803":[12,"千葉市中央区","花輪町"],"2600835":[12,"千葉市中央区","川崎町"],"2600804":[12,"千葉市中央区","赤井町"],"2600854":[12,"千葉市中央区","長洲"],"2600855":[12,"千葉市中央区","市場町"],"2600814":[12,"千葉市中央区","南生実町"],"2600003":[12,"千葉市中央区","鶴沢町"],"2600832":[12,"千葉市中央区","寒川町"],"2600856":[12,"千葉市中央区","亥鼻"],"2600815":[12,"千葉市中央区","今井町"],"2600811":[12,"千葉市中央区","大森町"],"2600005":[12,"千葉市中央区","道場南"],"2600028":[12,"千葉市中央区","新町"],"2600808":[12,"千葉市中央区","星久喜町"],"2600042":[12,"千葉市中央区","椿森"],"2600807":[12,"千葉市中央区","松ケ丘町"],"2600015":[12,"千葉市中央区","富士見"],"2600852":[12,"千葉市中央区","青葉町"],"2600833":[12,"千葉市中央区","稲荷町"],"2600834":[12,"千葉市中央区","今井"],"2600857":[12,"千葉市中央区","亀岡町"],"2600824":[12,"千葉市中央区","浜野町"],"2600018":[12,"千葉市中央区","院内"],"2600017":[12,"千葉市中央区","要町"],"2600045":[12,"千葉市中央区","弁天"],"2600853":[12,"千葉市中央区","葛城"],"2600022":[12,"千葉市中央区","神明町"],"2600041":[12,"千葉市中央区","東千葉"],"2600816":[12,"千葉市中央区","鵜の森町"],"2600027":[12,"千葉市中央区","新田町"],"2600843":[12,"千葉市中央区","末広"],"2600012":[12,"千葉市中央区","本町"],"2600844":[12,"千葉市中央区","千葉寺町"],"2600851":[12,"千葉市中央区","矢作町"],"2600021":[12,"千葉市中央区","新宿"],"2600016":[12,"千葉市中央区","栄町"],"2600831":[12,"千葉市中央区","港町"],"2600841":[12,"千葉市中央区","白旗"],"2600001":[12,"千葉市中央区","都町"],"2600801":[12,"千葉市中央区","仁戸名町"],"2600014":[12,"千葉市中央区","本千葉町"],"2600034":[12,"千葉市中央区","汐見丘町"],"2600031":[12,"千葉市中央区","新千葉"],"2600013":[12,"千葉市中央区","中央"],"2600032":[12,"千葉市中央区","登戸"],"2600821":[12,"千葉市中央区","若草"],"2600004":[12,"千葉市中央区","東本町"],"2600812":[12,"千葉市中央区","大巌寺町"],"2600024":[12,"千葉市中央区","中央港"],"2600023":[12,"千葉市中央区","出洲港"],"2600805":[12,"千葉市中央区","宮崎町"],"2600806":[12,"千葉市中央区","宮崎"],"2600011":[12,"千葉市中央区","亀井町"],"2600842":[12,"千葉市中央区","南町"],"2600822":[12,"千葉市中央区","蘇我"],"2600033":[12,"千葉市中央区","春日"],"2600025":[12,"千葉市中央区","問屋町"],"2600813":[12,"千葉市中央区","生実町"],"2600006":[12,"千葉市中央区","道場北"]}
