{"2030001":[13,"東久留米市","上の原"],"2030012":[13,"東久留米市","浅間町"],"2030021":[13,"東久留米市","学園町"],"2030033":[13,"東久留米市","滝山"],"2030000":[13,"東久留米市",""],"2030041":[13,"東久留米市","野火止"],"2030043":[13,"東久留米市","下里"],"2030013":[13,"東久留米市","新川町"],"2030034":[13,"東久留米市","弥生"],"2030011":[13,"東久留米市","大門町"],"2030032":[13,"東久留米市","前沢"],"2030051":[13,"東久留米市","小山"],"2030002":[13,"東久留米市","神宝町"],"2030054":[13,"東久留米市","中央町"],"2030044":[13,"東久留米市","柳窪"],"2030053":[13,"東久留米市","本町"],"2030052":[13,"東久留米市","幸町"],"2030003":[13,"東久留米市","金山町"],"2030014":[13,"東久留米市","東本町"],"2030004":[13,"東久留米市","氷川台"],"2030042":[13,"東久留米市","八幡町"],"2030023":[13,"東久留米市","南沢"],"2030022":[13,"東久留米市","ひばりが丘団地"],"2030031":[13,"東久留米市","南町"]}
