{"4730914":[23,"豊田市","若林東町"],"4730927":[23,"豊田市","中田町"],"4730933":[23,"豊田市","高岡町"],"4730931":[23,"豊田市","上丘町"],"4730939":[23,"豊田市","堤本町"],"4730911":[23,"豊田市","本町"],"4730915":[23,"豊田市","若林東町中外根"],"4730917":[23,"豊田市","若林西町"],"4730937":[23,"豊田市","西岡町星ケ丘"],"4730934":[23,"豊田市","前林町"],"4730913":[23,"豊田市","竹元町"],"4730904":[23,"豊田市","中町"],"4730916":[23,"豊田市","吉原町"],"4730928":[23,"豊田市","生駒町"],"4730912":[23,"豊田市","広田町"],"4730918":[23,"豊田市","高美町"],"4730906":[23,"豊田市","竹町"],"4730903":[23,"豊田市","西田町"],"4730938":[23,"豊田市","本田町"],"4730924":[23,"豊田市","花園町"],"4730935":[23,"豊田市","大島町"],"4730908":[23,"豊田市","宝町"],"4730901":[23,"豊田市","御幸本町"],"4730925":[23,"豊田市","駒場町"],"4730921":[23,"豊田市","高丘新町"],"4730902":[23,"豊田市","大林町"],"4730932":[23,"豊田市","堤町"],"4730907":[23,"豊田市","竜神町"],"4730926":[23,"豊田市","駒新町"],"4730922":[23,"豊田市","高岡本町"],"4730905":[23,"豊田市","住吉町"],"4730923":[23,"豊田市","中根町"],"4730936":[23,"豊田市","西岡町"]}
