{"3260801":[9,"足利市","有楽町"],"3260806":[9,"足利市","柳原町"],"3260142":[9,"足利市","小俣南町"],"3260824":[9,"足利市","八幡町"],"3260031":[9,"足利市","末広町"],"3260065":[9,"足利市","西砂原後町"],"3260835":[9,"足利市","里矢場町"],"3260027":[9,"足利市","宮北町"],"3260826":[9,"足利市","借宿町"],"3260831":[9,"足利市","堀込町"],"3260000":[9,"足利市",""],"3260844":[9,"足利市","鹿島町"],"3260843":[9,"足利市","五十部町"],"3260057":[9,"足利市","丸山町"],"3260045":[9,"足利市","千歳町"],"3260054":[9,"足利市","伊勢南町"],"3260327":[9,"足利市","羽刈町"],"3260037":[9,"足利市","富士見町"],"3260026":[9,"足利市","常盤町"],"3260328":[9,"足利市","県町"],"3260103":[9,"足利市","粟谷町"],"3260322":[9,"足利市","野田町"],"3260014":[9,"足利市","鵤木町"],"3260047":[9,"足利市","錦町"],"3260035":[9,"足利市","芳町"],"3260021":[9,"足利市","山川町"],"3260055":[9,"足利市","永楽町"],"3260056":[9,"足利市","大町"],"3260825":[9,"足利市","中川町"],"3260833":[9,"足利市","藤本町"],"3260144":[9,"足利市","葉鹿南町"],"3260834":[9,"足利市","新宿町"],"3260051":[9,"足利市","大橋町"],"3260321":[9,"足利市","梁田町"],"3260042":[9,"足利市","助戸東山町"],"3260332":[9,"足利市","福富新町"],"3260058":[9,"足利市","元学町"],"3260002":[9,"足利市","名草中町"],"3260011":[9,"足利市","大沼田町"],"3260837":[9,"足利市","西新井町"],"3260032":[9,"足利市","真砂町"],"3260813":[9,"足利市","昌平町"],"3260333":[9,"足利市","問屋町"],"3260832":[9,"足利市","荒金町"],"3260033":[9,"足利市","花園町"],"3260016":[9,"足利市","毛野新町"],"3260808":[9,"足利市","本城"],"3260326":[9,"足利市","小曽根町"],"3260815":[9,"足利市","栄町"],"3260025":[9,"足利市","寿町"],"3260012":[9,"足利市","大久保町"],"3260802":[9,"足利市","旭町"],"3260811":[9,"足利市","井草町"],"3260061":[9,"足利市","田島町"],"3260338":[9,"足利市","福居町"],"3260062":[9,"足利市","赤松台"],"3260004":[9,"足利市","樺崎町"],"3260334":[9,"足利市","下渋垂町"],"3260007":[9,"足利市","菅田町"],"3260336":[9,"足利市","百頭町"],"3260814":[9,"足利市","通"],"3260331":[9,"足利市","福富町"],"3260842":[9,"足利市","今福町"],"3260044":[9,"足利市","助戸"],"3260821":[9,"足利市","南町"],"3260068":[9,"足利市","月谷町"],"3260024":[9,"足利市","若草町"],"3260845":[9,"足利市","大前町"],"3260001":[9,"足利市","名草上町"],"3260067":[9,"足利市","江川町"],"3260823":[9,"足利市","朝倉町"],"3260006":[9,"足利市","利保町"],"3260803":[9,"足利市","家富町"],"3260034":[9,"足利市","久松町"],"3260325":[9,"足利市","高松町"],"3260064":[9,"足利市","東砂原後町"],"3260041":[9,"足利市","助戸新山町"],"3260043":[9,"足利市","助戸仲町"],"3260003":[9,"足利市","名草下町"],"3260816":[9,"足利市","緑町"],"3260335":[9,"足利市","上渋垂町"],"3260052":[9,"足利市","相生町"],"3260337":[9,"足利市","島田町"],"3260036":[9,"足利市","弥生町"],"3260804":[9,"足利市","雪輪町"],"3260817":[9,"足利市","西宮町"],"3260812":[9,"足利市","大門通"],"3260841":[9,"足利市","大岩町"],"3260836":[9,"足利市","南大町"],"3260063":[9,"足利市","新山町"],"3260015":[9,"足利市","八椚町"],"3260143":[9,"足利市","葉鹿町"],"3260023":[9,"足利市","猿田町"],"3260013":[9,"足利市","川崎町"],"3260053":[9,"足利市","伊勢町"],"3260101":[9,"足利市","松田町"],"3260324":[9,"足利市","久保田町"],"3260807":[9,"足利市","大正町"],"3260005":[9,"足利市","大月町"],"3260805":[9,"足利市","巴町"],"3260022":[9,"足利市","常見町"],"3260048":[9,"足利市","助戸大橋町"],"3260102":[9,"足利市","板倉町"],"3260066":[9,"足利市","田所町"],"3260846":[9,"足利市","山下町"],"3260822":[9,"足利市","田中町"],"3260141":[9,"足利市","小俣町"],"3260323":[9,"足利市","瑞穂野町"],"3260046":[9,"足利市","岩井町"]}
