{"3380822":[11,"さいたま市桜区","中島"],"3380815":[11,"さいたま市桜区","五関"],"3380813":[11,"さいたま市桜区","在家"],"3380837":[11,"さいたま市桜区","田島"],"3380824":[11,"さいたま市桜区","上大久保"],"3380012":[11,"さいたま市中央区","大戸"],"3380814":[11,"さいたま市桜区","宿"],"3380011":[11,"さいたま市中央区","新中里"],"3380826":[11,"さいたま市桜区","大久保領家"],"3380816":[11,"さいたま市桜区","塚本"],"3380817":[11,"さいたま市桜区","昭和"],"3380007":[11,"さいたま市中央区","円阿弥"],"3380836":[11,"さいたま市桜区","町谷"],"3380821":[11,"さいたま市桜区","山久保"],"3380833":[11,"さいたま市桜区","桜田"],"3380001":[11,"さいたま市中央区","上落合"],"3380003":[11,"さいたま市中央区","本町東"],"3380006":[11,"さいたま市中央区","八王子"],"3380800":[11,"さいたま市桜区",""],"3380825":[11,"さいたま市桜区","下大久保"],"3380004":[11,"さいたま市中央区","本町西"],"3380832":[11,"さいたま市桜区","西堀"],"3380005":[11,"さいたま市中央区","桜丘"],"3380811":[11,"さいたま市桜区","白鍬"],"3380014":[11,"さいたま市中央区","上峰"],"3380834":[11,"さいたま市桜区","新開"],"3380002":[11,"さいたま市中央区","下落合"],"3380835":[11,"さいたま市桜区","道場"],"3380013":[11,"さいたま市中央区","鈴谷"],"3380823":[11,"さいたま市桜区","栄和"],"3380812":[11,"さいたま市桜区","神田"],"3380831":[11,"さいたま市桜区","南元宿"]}
