{"0900037":[1,"北見市","山下町"],"0900823":[1,"北見市","広明町"],"0900812":[1,"北見市","南仲町"],"0900826":[1,"北見市","末広町"],"0900005":[1,"北見市","大和"],"0900831":[1,"北見市","西富町"],"0900028":[1,"北見市","北八条東"],"0900045":[1,"北見市","北五条西"],"0900014":[1,"北見市","文京町"],"0900813":[1,"北見市","中ノ島町"],"0900031":[1,"北見市","北十一条東"],"0900803":[1,"北見市","朝日町"],"0900019":[1,"北見市","三楽町"],"0900833":[1,"北見市","とん田東町"],"0900047":[1,"北見市","北七条西"],"0900827":[1,"北見市","錦町"],"0900012":[1,"北見市","並木町"],"0900804":[1,"北見市","桜町"],"0900048":[1,"北見市","北八条西"],"0900837":[1,"北見市","中央三輪"],"0900025":[1,"北見市","北五条東"],"0900822":[1,"北見市","北央町"],"0900004":[1,"北見市","北陽"],"0900058":[1,"北見市","高栄西町"],"0900052":[1,"北見市","北進町"],"0900815":[1,"北見市","新生町"],"0900015":[1,"北見市","公園町"],"0900070":[1,"北見市","美山町西"],"0900814":[1,"北見市","光葉町"],"0900016":[1,"北見市","大町"],"0900000":[1,"北見市",""],"0900802":[1,"北見市","田端町"],"0900011":[1,"北見市","曙町"],"0900811":[1,"北見市","泉町"],"0900808":[1,"北見市","若松"],"0900007":[1,"北見市","美里"],"0900054":[1,"北見市","双葉町"],"0900021":[1,"北見市","北一条東"],"0900003":[1,"北見市","仁頃町"],"0900821":[1,"北見市","川沿町"],"0900061":[1,"北見市","東陵町"],"0900002":[1,"北見市","昭和"],"0900033":[1,"北見市","番場町"],"0900836":[1,"北見市","東三輪"],"0900024":[1,"北見市","北四条東"],"0900006":[1,"北見市","上仁頃"],"0900034":[1,"北見市","中央町"],"0900810":[1,"北見市","ひかり野"],"0900001":[1,"北見市","小泉"],"0900838":[1,"北見市","西三輪"],"0900022":[1,"北見市","北二条東"],"0900035":[1,"北見市","北斗町"],"0900067":[1,"北見市","緑ケ丘"],"0900023":[1,"北見市","北三条東"],"0900817":[1,"北見市","常盤町"],"0900026":[1,"北見市","北六条東"],"0900824":[1,"北見市","北光"],"0900020":[1,"北見市","大通東"],"0900807":[1,"北見市","川東"],"0900066":[1,"北見市","花月町"],"0900042":[1,"北見市","北二条西"],"0900051":[1,"北見市","高栄東町"],"0900069":[1,"北見市","美山町東"],"0900816":[1,"北見市","花園町"],"0900036":[1,"北見市","幸町"],"0900032":[1,"北見市","三住町"],"0900834":[1,"北見市","とん田西町"],"0900008":[1,"北見市","大正"],"0900027":[1,"北見市","北七条東"],"0900818":[1,"北見市","本町"],"0900056":[1,"北見市","卸町"],"0900806":[1,"北見市","南町"],"0900068":[1,"北見市","美山町南"],"0900044":[1,"北見市","北四条西"],"0900017":[1,"北見市","高砂町"],"0900030":[1,"北見市","北十条東"],"0900064":[1,"北見市","美芳町"],"0900053":[1,"北見市","桂町"],"0900041":[1,"北見市","北一条西"],"0900805":[1,"北見市","清月町"],"0900065":[1,"北見市","寿町"],"0900043":[1,"北見市","北三条西"],"0900029":[1,"北見市","北九条東"],"0900063":[1,"北見市","清見町"],"0900057":[1,"北見市","若葉"],"0900013":[1,"北見市","柏陽町"],"0900018":[1,"北見市","青葉町"],"0900801":[1,"北見市","春光町"],"0900825":[1,"北見市","無加川町"],"0900040":[1,"北見市","大通西"],"0900055":[1,"北見市","緑町"],"0900832":[1,"北見市","栄町"],"0900835":[1,"北見市","光西町"],"0900046":[1,"北見市","北六条西"]}
