{"0191924":[5,"大仙市","南外巣ノ沢石切場"],"0191808":[5,"大仙市","南外川口"],"0190401":[5,"湯沢市","酒蒔"],"0191942":[5,"大仙市","南外岩倉"],"0190525":[5,"横手市","十文字町曙町"],"0190802":[5,"雄勝郡東成瀬村","岩井川"],"0191923":[5,"大仙市","南外巣ノ沢"],"0190703":[5,"横手市","増田町吉野"],"0190509":[5,"横手市","十文字町梨木"],"0191806":[5,"大仙市","南外十二袋"],"0191853":[5,"大仙市","南外坊田黒沢"],"0192624":[5,"秋田市","河辺大沢"],"0191948":[5,"大仙市","南外上釜坂"],"0191943":[5,"大仙市","南外一ト刎"],"0191911":[5,"大仙市","南外坊村"],"0190712":[5,"横手市","増田町熊渕"],"0190522":[5,"横手市","十文字町西上"],"0190531":[5,"横手市","十文字町上佐吉開"],"0191236":[5,"仙北郡美郷町","上深井"],"0191824":[5,"大仙市","南外宮田"],"0191301":[5,"仙北郡美郷町","野荒町"],"0191912":[5,"大仙市","南外丸木橋"],"0190501":[5,"横手市","十文字町腕越"],"0191612":[5,"大仙市","太田町小神成"],"0191906":[5,"大仙市","南外金屋"],"0190511":[5,"横手市","十文字町鼎"],"0191231":[5,"仙北郡美郷町","南町"],"0192122":[5,"大仙市","高城"],"0191939":[5,"大仙市","南外水上沢"],"0191864":[5,"大仙市","南外赤平大道東"],"0190528":[5,"横手市","十文字町栄町"],"0191847":[5,"大仙市","南外小出"],"0191858":[5,"大仙市","南外赤平六郎沢"],"0191882":[5,"大仙市","南外大和野"],"0191861":[5,"大仙市","南外寺沢"],"0191400":[5,"仙北郡美郷町",""],"0192334":[5,"大仙市","木原田"],"0191931":[5,"大仙市","南外下滝"],"0191918":[5,"大仙市","南外広表"],"0191957":[5,"大仙市","南外小浪滝"],"0191812":[5,"大仙市","南外沖田"],"0190112":[5,"湯沢市","下院内"],"0191935":[5,"大仙市","南外大平"],"0190203":[5,"湯沢市","寺沢"],"0191107":[5,"横手市","山内筏"],"0191963":[5,"大仙市","南外西ノ又滝ノ沢"],"0191922":[5,"大仙市","南外上中野"],"0192411":[5,"大仙市","協和境"],"0190505":[5,"横手市","十文字町仁井田"],"0191803":[5,"大仙市","南外坊田石兀ノ下"],"0191512":[5,"仙北郡美郷町","本堂城回"],"0191885":[5,"大仙市","南外無尻橋"],"0192612":[5,"秋田市","河辺畑谷"],"0191888":[5,"大仙市","南外土場"],"0191873":[5,"大仙市","南外田中"],"0191928":[5,"大仙市","南外滝中田表"],"0191108":[5,"横手市","山内土渕"],"0190705":[5,"横手市","増田町狙半内"],"0190526":[5,"横手市","十文字町通町"],"0191511":[5,"仙北郡美郷町","黒沢"],"0191905":[5,"大仙市","南外大向"],"0192201":[5,"大仙市","円行寺"],"0190514":[5,"横手市","十文字町睦合"],"0191917":[5,"大仙市","南外薬師堂"],"0191802":[5,"大仙市","南外小春木沢"],"0191807":[5,"大仙市","南外川口本町"],"0190516":[5,"横手市","十文字町源太左馬"],"0191941":[5,"大仙市","南外松木田"],"0191927":[5,"大仙市","南外中桑台"],"0191866":[5,"大仙市","南外赤平台野"],"0191235":[5,"仙北郡美郷町","金沢西根"],"0192112":[5,"大仙市","刈和野"],"0191962":[5,"大仙市","南外若林"],"0191936":[5,"大仙市","南外中荒沢"],"0191876":[5,"大仙市","南外新屋布"],"0192441":[5,"大仙市","協和小種"],"0191533":[5,"仙北郡美郷町","安城寺"],"0190201":[5,"湯沢市","泉沢"],"0191402":[5,"仙北郡美郷町","野中"],"0190715":[5,"横手市","増田町八木"],"0192333":[5,"大仙市","金山沢"],"0191811":[5,"大仙市","南外本宿"],"0191862":[5,"大仙市","南外和合"],"0191101":[5,"横手市","山内大松川"],"0190702":[5,"横手市","増田町亀田"],"0191909":[5,"大仙市","南外杉橋"],"0192742":[5,"秋田市","河辺三内"],"0191814":[5,"大仙市","南外下木直"],"0191913":[5,"大仙市","南外湯神台"],"0191846":[5,"大仙市","南外梨木田"],"0191852":[5,"大仙市","南外太田"],"0190503":[5,"横手市","十文字町西原１番町"],"0191832":[5,"大仙市","南外北田山田ケ沢"],"0190402":[5,"湯沢市","相川"],"0192601":[5,"秋田市","河辺和田"],"0190204":[5,"湯沢市","横堀"],"0190527":[5,"横手市","十文字町大道東"],"0191958":[5,"大仙市","南外向ノ沢"],"0192614":[5,"秋田市","河辺豊成"],"0190111":[5,"湯沢市","上院内"],"0191817":[5,"大仙市","南外木直沢"],"0191601":[5,"大仙市","太田町横沢"],"0191611":[5,"大仙市","太田町斉内"],"0191955":[5,"大仙市","南外外山"],"0191542":[5,"仙北郡美郷町","小荒川"],"0191825":[5,"大仙市","南外坊田"],"0190205":[5,"湯沢市","小野"],"0192401":[5,"大仙市","協和船岡"],"0191901":[5,"大仙市","南外悪戸野"],"0191835":[5,"大仙市","南外揚土"],"0191106":[5,"横手市","山内平野沢"],"0192123":[5,"大仙市","寺館"],"0191884":[5,"大仙市","南外林ノ沢"],"0191522":[5,"仙北郡美郷町","金沢東根"],"0191234":[5,"仙北郡美郷町","飯詰"],"0191855":[5,"大仙市","南外大畑"],"0191843":[5,"大仙市","南外大杉二タ又杉"],"0190506":[5,"横手市","十文字町佐賀会"],"0191951":[5,"大仙市","南外黒滝"],"0191401":[5,"仙北郡美郷町","鑓田"],"0190481":[5,"湯沢市","皆瀬"],"0191616":[5,"大仙市","太田町永代"],"0191603":[5,"大仙市","太田町中里"],"0191933":[5,"大仙市","南外滝ノ沢"],"0191501":[5,"仙北郡美郷町","浪花"],"0191871":[5,"大仙市","南外谷地田"],"0190714":[5,"横手市","増田町戸波"],"0191521":[5,"仙北郡美郷町","中野"],"0192331":[5,"大仙市","大巻"],"0191102":[5,"横手市","山内小松川"],"0192204":[5,"大仙市","正手沢"],"0191875":[5,"大仙市","南外落合"],"0192412":[5,"大仙市","協和荒川"],"0190404":[5,"湯沢市","高松"],"0191952":[5,"大仙市","南外下荒又"],"0191903":[5,"大仙市","南外下鎌田"],"0192121":[5,"大仙市","北野目"],"0191945":[5,"大仙市","南外岩瀬"],"0191916":[5,"大仙市","南外石仏"],"0191887":[5,"大仙市","南外中渡"],"0192611":[5,"秋田市","河辺戸島"],"0192332":[5,"大仙市","九升田"],"0191831":[5,"大仙市","南外壇ノ平山"],"0191937":[5,"大仙市","南外小荒沢"],"0190517":[5,"横手市","十文字町木下"],"0191932":[5,"大仙市","南外大黒森"],"0190800":[5,"雄勝郡東成瀬村",""],"0190321":[5,"湯沢市","秋ノ宮"],"0190524":[5,"横手市","十文字町本町"],"0191605":[5,"大仙市","太田町国見"],"0192413":[5,"大仙市","協和上淀川"],"0191961":[5,"大仙市","南外大柳"],"0192623":[5,"秋田市","河辺赤平"],"0191602":[5,"大仙市","太田町三本扇"],"0190513":[5,"横手市","十文字町植田"],"0191926":[5,"大仙市","南外上桑台"],"0191403":[5,"仙北郡美郷町","六郷東根"],"0191615":[5,"大仙市","太田町川口"],"0191877":[5,"大仙市","南外水沢"],"0191915":[5,"大仙市","南外下湯ノ又"],"0191954":[5,"大仙市","南外中荒又"],"0191904":[5,"大仙市","南外中袋"],"0191944":[5,"大仙市","南外湯元"],"0190521":[5,"横手市","十文字町西下"],"0190507":[5,"横手市","十文字町上鍋倉"],"0190403":[5,"湯沢市","宇留院内"],"0192622":[5,"秋田市","河辺高岡"],"0190711":[5,"横手市","増田町荻袋"],"0191925":[5,"大仙市","南外上巣ノ沢"],"0191541":[5,"仙北郡美郷町","土崎"],"0191532":[5,"仙北郡美郷町","羽貫谷地"],"0191801":[5,"大仙市","南外物渡台"],"0191105":[5,"横手市","山内南郷"],"0191813":[5,"大仙市","南外猿ケ瀬出野"],"0192631":[5,"秋田市","河辺神内"],"0191865":[5,"大仙市","南外赤平後野"],"0191826":[5,"大仙市","南外田中田"],"0191805":[5,"大仙市","南外西板戸"],"0191863":[5,"大仙市","南外赤平貝沼"],"0191883":[5,"大仙市","南外平沢"],"0192741":[5,"秋田市","河辺岩見"],"0192521":[5,"大仙市","協和稲沢"],"0191701":[5,"大仙市","神宮寺"],"0192443":[5,"大仙市","協和中淀川"],"0191816":[5,"大仙市","南外上木直"],"0191841":[5,"大仙市","南外大杉山岸"],"0192431":[5,"大仙市","協和峰吉川"],"0191947":[5,"大仙市","南外下釜坂"],"0191881":[5,"大仙市","南外葎沢"],"0191233":[5,"仙北郡美郷町","境田"],"0191856":[5,"大仙市","南外大畑深山"],"0191827":[5,"大仙市","南外田中田山根"],"0190801":[5,"雄勝郡東成瀬村","田子内"],"0191929":[5,"大仙市","南外中野山"],"0191938":[5,"大仙市","南外下荒沢"],"0191872":[5,"大仙市","南外上中宿"],"0191956":[5,"大仙市","南外上荒又"],"0191949":[5,"大仙市","南外赤畑"],"0191946":[5,"大仙市","南外十二ノ前"],"0191232":[5,"仙北郡美郷町","天神堂"],"0190523":[5,"横手市","十文字町十文字"],"0192402":[5,"大仙市","協和船沢"],"0192205":[5,"大仙市","杉山田"],"0192613":[5,"秋田市","河辺松渕"],"0191902":[5,"大仙市","南外下袋"],"0191934":[5,"大仙市","南外田尻"],"0191604":[5,"大仙市","太田町駒場"],"0191613":[5,"大仙市","太田町太田"],"0191104":[5,"横手市","山内三又"],"0190713":[5,"横手市","増田町三又"],"0191868":[5,"大仙市","南外赤平平家"],"0191886":[5,"大仙市","南外西ノ又"],"0190502":[5,"横手市","十文字町西原２番町"],"0191908":[5,"大仙市","南外上野"],"0190113":[5,"湯沢市","院内銀山町"],"0191848":[5,"大仙市","南外鞦田"],"0191907":[5,"大仙市","南外上鎌田"],"0191502":[5,"仙北郡美郷町","千屋"],"0190529":[5,"横手市","十文字町海道下"],"0190533":[5,"横手市","十文字町下佐吉開"],"0191914":[5,"大仙市","南外湯ノ又"],"0192442":[5,"大仙市","協和下淀川"],"0191702":[5,"大仙市","北楢岡"],"0190518":[5,"横手市","十文字町宝竜"],"0191834":[5,"大仙市","南外揚土山"],"0192632":[5,"秋田市","河辺大張野"],"0191109":[5,"横手市","山内大沢"],"0191851":[5,"大仙市","南外山王台"],"0192202":[5,"大仙市","大沢郷宿"],"0191237":[5,"仙北郡美郷町","佐野"],"0190803":[5,"雄勝郡東成瀬村","椿川"],"0191857":[5,"大仙市","南外大畑潜沢"],"0191804":[5,"大仙市","南外西野"],"0191953":[5,"大仙市","南外外小友"],"0191878":[5,"大仙市","南外及位"],"0191614":[5,"大仙市","太田町東今泉"],"0191815":[5,"大仙市","南外平形"],"0192335":[5,"大仙市","強首"],"0192103":[5,"大仙市","大沢郷寺"],"0190701":[5,"横手市","増田町増田"],"0190704":[5,"横手市","増田町湯野沢"],"0190202":[5,"湯沢市","桑崎"],"0191404":[5,"仙北郡美郷町","六郷"],"0192621":[5,"秋田市","河辺諸井"],"0191842":[5,"大仙市","南外大杉"],"0192111":[5,"大仙市","土川"],"0190532":[5,"横手市","十文字町麻当"],"0191874":[5,"大仙市","南外中宿"],"0190515":[5,"横手市","十文字町谷地新田"],"0191921":[5,"大仙市","南外中野"],"0190512":[5,"横手市","十文字町越前"],"0191822":[5,"大仙市","南外田屋村"],"0191302":[5,"仙北郡美郷町","金沢"],"0191103":[5,"横手市","山内黒沢"],"0192625":[5,"秋田市","河辺北野田高屋"],"0190508":[5,"横手市","十文字町十五野新田"],"0191531":[5,"仙北郡美郷町","畑屋"]}
