{"2900173":[12,"市原市","滝口"],"2900067":[12,"市原市","八幡海岸通"],"2900163":[12,"市原市","東国吉"],"2900536":[12,"市原市","戸面"],"2900022":[12,"市原市","西広"],"2900142":[12,"市原市","ちはら台南"],"2900170":[12,"市原市","うるいど南"],"2900206":[12,"市原市","新堀"],"2900543":[12,"市原市","飯給"],"2900151":[12,"市原市","瀬又"],"2900268":[12,"市原市","柳原"],"2900225":[12,"市原市","牛久"],"2900046":[12,"市原市","岩崎西"],"2900068":[12,"市原市","八幡浦"],"2900209":[12,"市原市","権現堂"],"2900531":[12,"市原市","国本"],"2900243":[12,"市原市","上高根"],"2900179":[12,"市原市","久々津"],"2900216":[12,"市原市","二日市場"],"2900259":[12,"市原市","分目"],"2900176":[12,"市原市","小田部"],"2900074":[12,"市原市","東国分寺台"],"2900002":[12,"市原市","大厩"],"2900554":[12,"市原市","不入"],"2900081":[12,"市原市","五井中央西"],"2900267":[12,"市原市","町田"],"2900222":[12,"市原市","上原"],"2900166":[12,"市原市","犬成"],"2900042":[12,"市原市","出津"],"2900058":[12,"市原市","五井海岸"],"2900015":[12,"市原市","市原"],"2900527":[12,"市原市","月出"],"2900252":[12,"市原市","相川"],"2900507":[12,"市原市","原田"],"2900055":[12,"市原市","五井東"],"2900013":[12,"市原市","郡本"],"2900141":[12,"市原市","ちはら台東"],"2900558":[12,"市原市","山口"],"2900521":[12,"市原市","山小川"],"2900508":[12,"市原市","江子田"],"2900547":[12,"市原市","月崎"],"2900518":[12,"市原市","下矢田"],"2900034":[12,"市原市","島野"],"2900505":[12,"市原市","市場"],"2900008":[12,"市原市","古市場"],"2900232":[12,"市原市","皆吉"],"2900064":[12,"市原市","東五所"],"2900214":[12,"市原市","櫃挾"],"2900233":[12,"市原市","金沢"],"2900073":[12,"市原市","国分寺台中央"],"2900556":[12,"市原市","本郷"],"2900000":[12,"市原市",""],"2900551":[12,"市原市","外部田"],"2900235":[12,"市原市","栢橋"],"2900037":[12,"市原市","飯沼"],"2900004":[12,"市原市","辰巳台西"],"2900226":[12,"市原市","中"],"2900262":[12,"市原市","糸久"],"2900165":[12,"市原市","古都辺"],"2900254":[12,"市原市","高坂"],"2900503":[12,"市原市","宿"],"2900050":[12,"市原市","更級"],"2900215":[12,"市原市","土宇"],"2900051":[12,"市原市","君塚"],"2900154":[12,"市原市","下野"],"2900549":[12,"市原市","万田野"],"2900205":[12,"市原市","山田"],"2900512":[12,"市原市","鶴舞"],"2900021":[12,"市原市","山田橋"],"2900525":[12,"市原市","米原"],"2900012":[12,"市原市","藤井"],"2900161":[12,"市原市","高倉"],"2900044":[12,"市原市","玉前西"],"2900069":[12,"市原市","八幡北町"],"2900056":[12,"市原市","五井"],"2900515":[12,"市原市","田尾"],"2900264":[12,"市原市","宮原"],"2900257":[12,"市原市","新生"],"2900538":[12,"市原市","柳川"],"2900006":[12,"市原市","若宮"],"2900156":[12,"市原市","草刈"],"2900168":[12,"市原市","永吉"],"2900528":[12,"市原市","古敷谷"],"2900024":[12,"市原市","根田"],"2900544":[12,"市原市","徳氏"],"2900266":[12,"市原市","海保"],"2900038":[12,"市原市","五井西"],"2900523":[12,"市原市","吉沢"],"2900071":[12,"市原市","北国分寺台"],"2900537":[12,"市原市","石塚"],"2900026":[12,"市原市","諏訪"],"2900031":[12,"市原市","村上"],"2900203":[12,"市原市","武士"],"2900065":[12,"市原市","西五所"],"2900032":[12,"市原市","廿五里"],"2900532":[12,"市原市","大久保"],"2900171":[12,"市原市","潤井戸"],"2900178":[12,"市原市","神崎"],"2900062":[12,"市原市","八幡"],"2900229":[12,"市原市","佐是"],"2900213":[12,"市原市","川在"],"2900224":[12,"市原市","奉免"],"2900001":[12,"市原市","草刈"],"2900043":[12,"市原市","出津西"],"2900035":[12,"市原市","松ケ島"],"2900072":[12,"市原市","西国分寺台"],"2900016":[12,"市原市","門前"],"2900023":[12,"市原市","惣社"],"2900559":[12,"市原市","駒込"],"2900228":[12,"市原市","岩"],"2900539":[12,"市原市","菅野"],"2900256":[12,"市原市","引田"],"2900269":[12,"市原市","小折"],"2900542":[12,"市原市","大戸"],"2900242":[12,"市原市","中高根"],"2900155":[12,"市原市","番場"],"2900526":[12,"市原市","小草畑"],"2900143":[12,"市原市","ちはら台西"],"2900054":[12,"市原市","五井中央東"],"2900552":[12,"市原市","久保"],"2900003":[12,"市原市","辰巳台東"],"2900041":[12,"市原市","玉前"],"2900535":[12,"市原市","朝生原"],"2900172":[12,"市原市","大作"],"2900167":[12,"市原市","喜多"],"2900052":[12,"市原市","岩野見"],"2900506":[12,"市原市","島田"],"2900207":[12,"市原市","海士有木"],"2900025":[12,"市原市","加茂"],"2900221":[12,"市原市","馬立"],"2900152":[12,"市原市","高田"],"2900509":[12,"市原市","安久谷"],"2900007":[12,"市原市","菊間"],"2900534":[12,"市原市","石神"],"2900546":[12,"市原市","田淵"],"2900255":[12,"市原市","光風台"],"2900548":[12,"市原市","柿木台"],"2900014":[12,"市原市","西野谷"],"2900201":[12,"市原市","山倉"],"2900553":[12,"市原市","大和田"],"2900504":[12,"市原市","堀越"],"2900075":[12,"市原市","南国分寺台"],"2900258":[12,"市原市","神代"],"2900066":[12,"市原市","五所"],"2900061":[12,"市原市","八幡石塚"],"2900053":[12,"市原市","平田"],"2900502":[12,"市原市","真ケ谷"],"2900227":[12,"市原市","藪"],"2900511":[12,"市原市","石川"],"2900202":[12,"市原市","福増"],"2900005":[12,"市原市","山木"],"2900251":[12,"市原市","浅井小向"],"2900153":[12,"市原市","中野"],"2900059":[12,"市原市","白金町"],"2900204":[12,"市原市","磯ケ谷"],"2900234":[12,"市原市","大蔵"],"2900513":[12,"市原市","奥野"],"2900557":[12,"市原市","養老"],"2900263":[12,"市原市","十五沢"],"2900231":[12,"市原市","西国吉"],"2900036":[12,"市原市","松ケ島西"],"2900545":[12,"市原市","田淵旧日竹"],"2900516":[12,"市原市","池和田"],"2900177":[12,"市原市","荻作"],"2900011":[12,"市原市","能満"],"2900501":[12,"市原市","米沢"],"2900223":[12,"市原市","妙香"],"2900524":[12,"市原市","平蔵"],"2900241":[12,"市原市","風戸"],"2900164":[12,"市原市","奈良"],"2900514":[12,"市原市","水沢"],"2900057":[12,"市原市","五井金杉"],"2900541":[12,"市原市","平野"],"2900236":[12,"市原市","寺谷"],"2900261":[12,"市原市","西野"],"2900517":[12,"市原市","矢田"],"2900162":[12,"市原市","金剛地"],"2900045":[12,"市原市","五井南海岸"],"2900157":[12,"市原市","押沼"],"2900047":[12,"市原市","岩崎"],"2900253":[12,"市原市","安須"],"2900529":[12,"市原市","小谷田"],"2900211":[12,"市原市","大桶"],"2900217":[12,"市原市","松崎"],"2900265":[12,"市原市","今富"],"2900174":[12,"市原市","勝間"],"2900175":[12,"市原市","葉木"],"2900522":[12,"市原市","新井"],"2900063":[12,"市原市","旭五所"],"2900212":[12,"市原市","新巻"],"2900208":[12,"市原市","大坪"],"2900533":[12,"市原市","折津"],"2900033":[12,"市原市","野毛"],"2900244":[12,"市原市","南岩崎"],"2900555":[12,"市原市","高滝"]}
