{"0481311":[1,"磯谷郡蘭越町","吉国"],"0480404":[1,"寿都郡寿都町","大磯町"],"0481603":[1,"虻田郡真狩村","共明"],"0481604":[1,"虻田郡真狩村","富里"],"0481724":[1,"虻田郡留寿都村","三豊"],"0481614":[1,"虻田郡真狩村","桜川"],"0481251":[1,"磯谷郡蘭越町","相生"],"0481325":[1,"磯谷郡蘭越町","栄"],"0480143":[1,"寿都郡黒松内町","大成"],"0481722":[1,"虻田郡留寿都村","黒田"],"0480137":[1,"寿都郡黒松内町","婆沢"],"0480123":[1,"寿都郡黒松内町","中ノ川"],"0482672":[1,"小樽市","塩谷"],"0481323":[1,"磯谷郡蘭越町","黄金"],"0480403":[1,"寿都郡寿都町","政泊町"],"0481611":[1,"虻田郡真狩村","光"],"0480401":[1,"寿都郡寿都町","新栄町"],"0482562":[1,"小樽市","蘭島"],"0480633":[1,"島牧郡島牧村","原歌町"],"0480115":[1,"寿都郡黒松内町","西沢"],"0481261":[1,"磯谷郡蘭越町","目名町"],"0481264":[1,"磯谷郡蘭越町","清水"],"0480100":[1,"寿都郡黒松内町",""],"0480124":[1,"寿都郡黒松内町","五十嵐"],"0482143":[1,"岩内郡共和町","国富"],"0481341":[1,"磯谷郡蘭越町","港町"],"0481307":[1,"磯谷郡蘭越町","トンカラ"],"0481253":[1,"磯谷郡蘭越町","田下"],"0480145":[1,"寿都郡黒松内町","上大成"],"0481303":[1,"磯谷郡蘭越町","立川"],"0480141":[1,"寿都郡黒松内町","上豊幌"],"0481511":[1,"虻田郡ニセコ町","ニセコ"],"0481327":[1,"磯谷郡蘭越町","新見"],"0480412":[1,"寿都郡寿都町","岩崎町"],"0481301":[1,"磯谷郡蘭越町","蘭越町"],"0480406":[1,"寿都郡寿都町","渡島町"],"0482332":[1,"余市郡仁木町","長沢西"],"0480351":[1,"寿都郡寿都町","磯谷町"],"0481751":[1,"虻田郡留寿都村","登"],"0481313":[1,"磯谷郡蘭越町","上里"],"0480601":[1,"島牧郡島牧村","富浦"],"0481712":[1,"虻田郡留寿都村","豊岡"],"0482141":[1,"岩内郡共和町","ワイス"],"0480415":[1,"寿都郡寿都町","歌棄町"],"0481254":[1,"磯谷郡蘭越町","上目名"],"0481561":[1,"虻田郡ニセコ町","福井"],"0480121":[1,"寿都郡黒松内町","熱郛"],"0481321":[1,"磯谷郡蘭越町","昆布温泉"],"0480111":[1,"寿都郡黒松内町","中里"],"0480413":[1,"寿都郡寿都町","樽岸町"],"0482561":[1,"小樽市","忍路"],"0482400":[1,"余市郡仁木町",""],"0480114":[1,"寿都郡黒松内町","歌才"],"0481542":[1,"虻田郡ニセコ町","近藤"],"0482200":[1,"岩内郡共和町",""],"0481623":[1,"虻田郡真狩村","川崎"],"0481252":[1,"磯谷郡蘭越町","讃岐"],"0481315":[1,"磯谷郡蘭越町","共栄"],"0481322":[1,"磯谷郡蘭越町","日出"],"0480611":[1,"島牧郡島牧村","栄磯"],"0482404":[1,"余市郡仁木町","砥の川"],"0481752":[1,"虻田郡留寿都村","旭野"],"0480126":[1,"寿都郡黒松内町","北作開"],"0481711":[1,"虻田郡留寿都村","泉川"],"0481501":[1,"虻田郡ニセコ町","富士見"],"0482335":[1,"余市郡仁木町","銀山"],"0482202":[1,"岩内郡共和町","南幌似"],"0482402":[1,"余市郡仁木町","大江"],"0480400":[1,"寿都郡寿都町",""],"0481721":[1,"虻田郡留寿都村","向丘"],"0481600":[1,"虻田郡真狩村",""],"0481305":[1,"磯谷郡蘭越町","大谷"],"0480132":[1,"寿都郡黒松内町","チョポシナイ"],"0480603":[1,"島牧郡島牧村","本目"],"0481324":[1,"磯谷郡蘭越町","豊国"],"0480613":[1,"島牧郡島牧村","大平"],"0481621":[1,"虻田郡真狩村","豊川"],"0481521":[1,"虻田郡ニセコ町","東山"],"0481562":[1,"虻田郡ニセコ町","桂台"],"0481553":[1,"虻田郡ニセコ町","黒川"],"0481741":[1,"虻田郡留寿都村","西ノ原"],"0482673":[1,"小樽市","桃内"],"0481531":[1,"虻田郡ニセコ町","有島"],"0480136":[1,"寿都郡黒松内町","赤井川"],"0481551":[1,"虻田郡ニセコ町","里見"],"0481512":[1,"虻田郡ニセコ町","中央通"],"0481605":[1,"虻田郡真狩村","社"],"0480113":[1,"寿都郡黒松内町","豊幌"],"0480632":[1,"島牧郡島牧村","元町"],"0480125":[1,"寿都郡黒松内町","目名"],"0480122":[1,"寿都郡黒松内町","白炭"],"0481602":[1,"虻田郡真狩村","泉"],"0481615":[1,"虻田郡真狩村","緑岡"],"0482333":[1,"余市郡仁木町","長沢南"],"0482405":[1,"余市郡仁木町","北町"],"0480116":[1,"寿都郡黒松内町","旭野"],"0480631":[1,"島牧郡島牧村","千走"],"0480134":[1,"寿都郡黒松内町","白井川"],"0481723":[1,"虻田郡留寿都村","三ノ原"],"0481541":[1,"虻田郡ニセコ町","羊蹄"],"0480131":[1,"寿都郡黒松内町","西熱郛原野"],"0480634":[1,"島牧郡島牧村","栄浜"],"0482412":[1,"余市郡仁木町","東町緑ケ丘"],"0481700":[1,"虻田郡留寿都村",""],"0481300":[1,"磯谷郡蘭越町",""],"0481306":[1,"磯谷郡蘭越町","淀川"],"0481612":[1,"虻田郡真狩村","見晴"],"0480623":[1,"島牧郡島牧村","江の島"],"0482201":[1,"岩内郡共和町","前田"],"0481631":[1,"虻田郡真狩村","真狩"],"0482406":[1,"余市郡仁木町","西町"],"0480144":[1,"寿都郡黒松内町","東川"],"0481312":[1,"磯谷郡蘭越町","冷水"],"0480405":[1,"寿都郡寿都町","開進町"],"0481262":[1,"磯谷郡蘭越町","貝川"],"0480112":[1,"寿都郡黒松内町","貝殻"],"0480142":[1,"寿都郡黒松内町","東栄"],"0480402":[1,"寿都郡寿都町","矢追町"],"0482411":[1,"余市郡仁木町","東町"],"0481500":[1,"虻田郡ニセコ町",""],"0480414":[1,"寿都郡寿都町","湯別町"],"0480604":[1,"島牧郡島牧村","港"],"0480621":[1,"島牧郡島牧村","泊"],"0481563":[1,"虻田郡ニセコ町","西富"],"0482413":[1,"余市郡仁木町","南町"],"0481265":[1,"磯谷郡蘭越町","鮎川"],"0481543":[1,"虻田郡ニセコ町","豊里"],"0481544":[1,"虻田郡ニセコ町","元町"],"0482142":[1,"岩内郡共和町","小沢"],"0481302":[1,"磯谷郡蘭越町","昆布町"],"0480622":[1,"島牧郡島牧村","豊平"],"0481613":[1,"虻田郡真狩村","南部"],"0481554":[1,"虻田郡ニセコ町","富川"],"0481731":[1,"虻田郡留寿都村","留寿都"],"0480600":[1,"島牧郡島牧村",""],"0480135":[1,"寿都郡黒松内町","角十"],"0480602":[1,"島牧郡島牧村","歌島"],"0481622":[1,"虻田郡真狩村","加野"],"0480101":[1,"寿都郡黒松内町","黒松内"],"0482331":[1,"余市郡仁木町","大江"],"0481263":[1,"磯谷郡蘭越町","三笠"],"0480117":[1,"寿都郡黒松内町","添別"],"0481522":[1,"虻田郡ニセコ町","曽我"],"0480612":[1,"島牧郡島牧村","豊浜"],"0481316":[1,"磯谷郡蘭越町","大曲"],"0481502":[1,"虻田郡ニセコ町","本通"],"0481624":[1,"虻田郡真狩村","神里"],"0481552":[1,"虻田郡ニセコ町","宮田"],"0481314":[1,"磯谷郡蘭越町","御成"],"0482403":[1,"余市郡仁木町","然別"],"0480411":[1,"寿都郡寿都町","六条町"],"0481304":[1,"磯谷郡蘭越町","水上"],"0480127":[1,"寿都郡黒松内町","南作開"],"0482401":[1,"余市郡仁木町","旭台"],"0480133":[1,"寿都郡黒松内町","大谷地"],"0482334":[1,"余市郡仁木町","尾根内"],"0480614":[1,"島牧郡島牧村","永豊町"],"0481601":[1,"虻田郡真狩村","美原"],"0481326":[1,"磯谷郡蘭越町","富岡"],"0482671":[1,"小樽市","オタモイ"]}
