{"3360034":[11,"さいたま市南区","内谷"],"3360907":[11,"さいたま市緑区","道祖土"],"3360900":[11,"さいたま市緑区",""],"3360031":[11,"さいたま市南区","鹿手袋"],"3360922":[11,"さいたま市緑区","大牧"],"3360972":[11,"さいたま市緑区","中野田"],"3360918":[11,"さいたま市緑区","松木"],"3360965":[11,"さいたま市緑区","間宮"],"3360018":[11,"さいたま市南区","南本町"],"3360021":[11,"さいたま市南区","別所"],"3360915":[11,"さいたま市緑区","見沼"],"3360932":[11,"さいたま市緑区","中尾"],"3360924":[11,"さいたま市緑区","蓮見新田"],"3360903":[11,"さいたま市緑区","山崎"],"3360036":[11,"さいたま市南区","堤外"],"3360027":[11,"さいたま市南区","沼影"],"3360015":[11,"さいたま市南区","太田窪"],"3360041":[11,"さいたま市南区","広ケ谷戸"],"3360914":[11,"さいたま市緑区","宮後"],"3360975":[11,"さいたま市緑区","代山"],"3360000":[11,"さいたま市南区",""],"3360022":[11,"さいたま市南区","白幡"],"3360038":[11,"さいたま市南区","関"],"3360977":[11,"さいたま市緑区","上野田"],"3360911":[11,"さいたま市緑区","三室"],"3360032":[11,"さいたま市南区","四谷"],"3360934":[11,"さいたま市緑区","大谷口"],"3360963":[11,"さいたま市緑区","大門"],"3360042":[11,"さいたま市南区","大谷口"],"3360973":[11,"さいたま市緑区","南部領辻"],"3360917":[11,"さいたま市緑区","芝原"],"3360017":[11,"さいたま市南区","南浦和"],"3360912":[11,"さいたま市緑区","馬場"],"3360033":[11,"さいたま市南区","曲本"],"3360962":[11,"さいたま市緑区","下野田"],"3360026":[11,"さいたま市南区","辻"],"3360913":[11,"さいたま市緑区","新宿"],"3360923":[11,"さいたま市緑区","大間木"],"3360906":[11,"さいたま市緑区","三浦"],"3360916":[11,"さいたま市緑区","宮本"],"3360966":[11,"さいたま市緑区","北原"],"3360976":[11,"さいたま市緑区","寺山"],"3360025":[11,"さいたま市南区","文蔵"],"3360905":[11,"さいたま市緑区","大道"],"3360961":[11,"さいたま市緑区","玄蕃新田"],"3360921":[11,"さいたま市緑区","井沼方"],"3360974":[11,"さいたま市緑区","大崎"],"3360016":[11,"さいたま市南区","大谷場"],"3360024":[11,"さいたま市南区","根岸"],"3360043":[11,"さいたま市南区","円正寺"],"3360925":[11,"さいたま市緑区","下山口新田"],"3360971":[11,"さいたま市緑区","高畑"],"3360035":[11,"さいたま市南区","松本"],"3360931":[11,"さいたま市緑区","原山"],"3360926":[11,"さいたま市緑区","東浦和"],"3360023":[11,"さいたま市南区","神明"],"3360936":[11,"さいたま市緑区","太田窪"],"3360964":[11,"さいたま市緑区","東大門"]}
