{"4010511":[19,"南都留郡忍野村","忍草"],"4010012":[19,"大月市","御太刀"],"4010332":[19,"南都留郡富士河口湖町","西湖"],"4010000":[19,"大月市",""],"4010006":[19,"大月市","賑岡町奥山"],"4010500":[19,"南都留郡忍野村",""],"4010302":[19,"南都留郡富士河口湖町","小立"],"4010005":[19,"大月市","賑岡町浅利"],"4010303":[19,"南都留郡富士河口湖町","浅川"],"4010501":[19,"南都留郡山中湖村","山中"],"4010320":[19,"南都留郡鳴沢村",""],"4010016":[19,"大月市","大月町真木"],"4010024":[19,"大月市","笹子町吉久保"],"4010333":[19,"南都留郡富士河口湖町","西湖西"],"4010025":[19,"大月市","笹子町黒野田"],"4010337":[19,"南都留郡富士河口湖町","本栖"],"4010004":[19,"大月市","賑岡町強瀬"],"4010022":[19,"大月市","初狩町中初狩"],"4010014":[19,"大月市","大月町大月"],"4010300":[19,"南都留郡富士河口湖町",""],"4010512":[19,"南都留郡忍野村","内野"],"4010502":[19,"南都留郡山中湖村","平野"],"4010201":[19,"上野原市","秋山"],"4010003":[19,"大月市","賑岡町ゆりケ丘"],"4010310":[19,"南都留郡富士河口湖町","勝山"],"4010338":[19,"南都留郡富士河口湖町","富士ケ嶺"],"4010021":[19,"大月市","初狩町下初狩"],"4010002":[19,"大月市","賑岡町岩殿"],"4010011":[19,"大月市","駒橋"],"4010336":[19,"南都留郡富士河口湖町","精進"],"4010013":[19,"大月市","大月"],"4010304":[19,"南都留郡富士河口湖町","河口"],"4010305":[19,"南都留郡富士河口湖町","大石"],"4010015":[19,"大月市","大月町花咲"],"4010023":[19,"大月市","笹子町白野"],"4010331":[19,"南都留郡富士河口湖町","長浜"],"4010001":[19,"大月市","賑岡町畑倉"],"4010301":[19,"南都留郡富士河口湖町","船津"],"4010334":[19,"南都留郡富士河口湖町","西湖南"],"4010335":[19,"南都留郡富士河口湖町","大嵐"]}
