{"3640023":[11,"北本市","下石戸下"],"3640011":[11,"北本市","朝日"],"3640034":[11,"北本市","高尾"],"3640022":[11,"北本市","下石戸上"],"3640021":[11,"北本市","北本宿"],"3640007":[11,"北本市","東間"],"3640024":[11,"北本市","石戸"],"3640032":[11,"北本市","緑"],"3640013":[11,"北本市","中丸"],"3640035":[11,"北本市","西高尾"],"3640000":[11,"北本市",""],"3640026":[11,"北本市","荒井"],"3640002":[11,"北本市","宮内"],"3640001":[11,"北本市","深井"],"3640005":[11,"北本市","本宿"],"3640027":[11,"北本市","栄"],"3640031":[11,"北本市","中央"],"3640006":[11,"北本市","北本"],"3640004":[11,"北本市","山中"],"3640003":[11,"北本市","古市場"],"3640033":[11,"北本市","本町"],"3640014":[11,"北本市","二ツ家"],"3640025":[11,"北本市","石戸宿"],"3640012":[11,"北本市","北中丸"]}
