{"4610032":[23,"名古屋市東区","出来町"],"4610009":[23,"名古屋市東区","久屋町"],"4610037":[23,"名古屋市東区","百人町"],"4610024":[23,"名古屋市東区","山口町"],"4610047":[23,"名古屋市東区","大幸南"],"4610025":[23,"名古屋市東区","徳川"],"4610027":[23,"名古屋市東区","芳野"],"4610049":[23,"名古屋市東区","古出来"],"4610026":[23,"名古屋市東区","赤塚町"],"4610014":[23,"名古屋市東区","橦木町"],"4610000":[23,"名古屋市東区",""],"4610036":[23,"名古屋市東区","車道町"],"4610005":[23,"名古屋市東区","東桜"],"4610021":[23,"名古屋市東区","大曽根"],"4610035":[23,"名古屋市東区","黒門町"],"4610043":[23,"名古屋市東区","大幸"],"4610006":[23,"名古屋市東区","東新町"],"4610003":[23,"名古屋市東区","筒井"],"4610048":[23,"名古屋市東区","矢田南"],"4610017":[23,"名古屋市東区","東外堀町"],"4610031":[23,"名古屋市東区","明倫町"],"4610011":[23,"名古屋市東区","白壁"],"4610001":[23,"名古屋市東区","泉"],"4610012":[23,"名古屋市東区","相生町"],"4610038":[23,"名古屋市東区","新出来"],"4610015":[23,"名古屋市東区","東片端町"],"4610008":[23,"名古屋市東区","武平町"],"4610033":[23,"名古屋市東区","大松町"],"4610044":[23,"名古屋市東区","矢田東"],"4610013":[23,"名古屋市東区","飯田町"],"4610045":[23,"名古屋市東区","砂田橋"],"4610046":[23,"名古屋市東区","前浪町"],"4610040":[23,"名古屋市東区","矢田"],"4610007":[23,"名古屋市東区","西新町"],"4610004":[23,"名古屋市東区","葵"],"4610018":[23,"名古屋市東区","主税町"],"4610022":[23,"名古屋市東区","東大曽根町"],"4610002":[23,"名古屋市東区","代官町"],"4610016":[23,"名古屋市東区","上竪杉町"],"4610034":[23,"名古屋市東区","豊前町"],"4610023":[23,"名古屋市東区","徳川町"],"4610019":[23,"名古屋市東区","三の丸"]}
