{"4580826":[23,"名古屋市緑区","平子が丘"],"4580001":[23,"名古屋市緑区","梅里"],"4580008":[23,"名古屋市緑区","平手北"],"4580003":[23,"名古屋市緑区","黒沢台"],"4580801":[23,"名古屋市緑区","鳴海町"],"4580033":[23,"名古屋市緑区","相原郷"],"4580924":[23,"名古屋市緑区","有松"],"4580812":[23,"名古屋市緑区","神の倉"],"4580013":[23,"名古屋市緑区","ほら貝"],"4580032":[23,"名古屋市緑区","大形山"],"4580829":[23,"名古屋市緑区","鎌倉台"],"4580811":[23,"名古屋市緑区","鳴海町"],"4580916":[23,"名古屋市緑区","有松町桶狭間"],"4580814":[23,"名古屋市緑区","鶴が沢"],"4580038":[23,"名古屋市緑区","作の山町"],"4580820":[23,"名古屋市緑区","境松"],"4580903":[23,"名古屋市緑区","有松愛宕"],"4580922":[23,"名古屋市緑区","桶狭間切戸"],"4580004":[23,"名古屋市緑区","乗鞍"],"4580005":[23,"名古屋市緑区","鳴丘"],"4580841":[23,"名古屋市緑区","鳴海町"],"4580012":[23,"名古屋市緑区","久方"],"4580006":[23,"名古屋市緑区","細口"],"4580016":[23,"名古屋市緑区","上旭"],"4580002":[23,"名古屋市緑区","桃山"],"4580046":[23,"名古屋市緑区","長根町"],"4580817":[23,"名古屋市緑区","鳴海町"],"4580035":[23,"名古屋市緑区","曽根"],"4580000":[23,"名古屋市緑区",""],"4580910":[23,"名古屋市緑区","桶狭間森前"],"4580045":[23,"名古屋市緑区","鹿山"],"4580824":[23,"名古屋市緑区","鳴海町"],"4580915":[23,"名古屋市緑区","野末町"],"4580926":[23,"名古屋市緑区","桶狭間上の山"],"4580832":[23,"名古屋市緑区","漆山"],"4580818":[23,"名古屋市緑区","鳴海町"],"4580009":[23,"名古屋市緑区","平手南"],"4580823":[23,"名古屋市緑区","太子"],"4580803":[23,"名古屋市緑区","鏡田"],"4580913":[23,"名古屋市緑区","桶狭間北"],"4580034":[23,"名古屋市緑区","若田"],"4580011":[23,"名古屋市緑区","相川"],"4580807":[23,"名古屋市緑区","砂田"],"4580007":[23,"名古屋市緑区","篭山"],"4580843":[23,"名古屋市緑区","松が根台"],"4580845":[23,"名古屋市緑区","鳴海町"],"4580037":[23,"名古屋市緑区","潮見が丘"],"4580847":[23,"名古屋市緑区","浦里"],"4580846":[23,"名古屋市緑区","鳴海町"],"4580808":[23,"名古屋市緑区","東神の倉"],"4580844":[23,"名古屋市緑区","鳴海町"],"4580831":[23,"名古屋市緑区","鳴海町"],"4580804":[23,"名古屋市緑区","亀が洞"],"4580815":[23,"名古屋市緑区","徳重"],"4580830":[23,"名古屋市緑区","姥子山"],"4580025":[23,"名古屋市緑区","鳥澄"],"4580927":[23,"名古屋市緑区","桶狭間南"],"4580036":[23,"名古屋市緑区","六田"],"4580043":[23,"名古屋市緑区","万場山"],"4580921":[23,"名古屋市緑区","桶狭間清水山"],"4580047":[23,"名古屋市緑区","古鳴海"],"4580918":[23,"名古屋市緑区","南陵"],"4580919":[23,"名古屋市緑区","桶狭間神明"],"4580828":[23,"名古屋市緑区","鳴海町"],"4580819":[23,"名古屋市緑区","鳴海町"],"4580835":[23,"名古屋市緑区","鳴海町"],"4580821":[23,"名古屋市緑区","鳴海町"],"4580917":[23,"名古屋市緑区","武路町"],"4580822":[23,"名古屋市緑区","大将ケ根"],"4580827":[23,"名古屋市緑区","鳴海町"],"4580837":[23,"名古屋市緑区","赤松"],"4580806":[23,"名古屋市緑区","大清水西"],"4580802":[23,"名古屋市緑区","兵庫"],"4580014":[23,"名古屋市緑区","神沢"],"4580911":[23,"名古屋市緑区","有松町桶狭間"],"4580833":[23,"名古屋市緑区","青山"],"4580024":[23,"名古屋市緑区","尾崎山"],"4580015":[23,"名古屋市緑区","篠の風"],"4580810":[23,"名古屋市緑区","八つ松"],"4580031":[23,"名古屋市緑区","旭出"],"4580842":[23,"名古屋市緑区","鳴海町"],"4580813":[23,"名古屋市緑区","藤塚"],"4580902":[23,"名古屋市緑区","有松三丁山"],"4580925":[23,"名古屋市緑区","桶狭間"],"4580023":[23,"名古屋市緑区","鴻仏目"],"4580041":[23,"名古屋市緑区","鳴子町"],"4580825":[23,"名古屋市緑区","左京山"],"4580021":[23,"名古屋市緑区","滝ノ水"],"4580042":[23,"名古屋市緑区","高根台"],"4580816":[23,"名古屋市緑区","横吹町"],"4580039":[23,"名古屋市緑区","四本木"],"4580805":[23,"名古屋市緑区","大清水"],"4580044":[23,"名古屋市緑区","池上台"],"4580912":[23,"名古屋市緑区","有松町桶狭間"],"4580834":[23,"名古屋市緑区","鳴海町"],"4580022":[23,"名古屋市緑区","小坂"],"4580901":[23,"名古屋市緑区","有松町有松"],"4580809":[23,"名古屋市緑区","西神の倉"],"4580836":[23,"名古屋市緑区","白土"]}
