{"0420908":[1,"函館市","銅山町"],"0420916":[1,"函館市","旭岡町"],"0420934":[1,"函館市","広野町"],"0420901":[1,"函館市","蛾眉野町"],"0420952":[1,"函館市","高松町"],"0420921":[1,"函館市","新湊町"],"0420956":[1,"函館市","見晴町"],"0420943":[1,"函館市","乃木町"],"0420902":[1,"函館市","鉄山町"],"0420931":[1,"函館市","榎本町"],"0420904":[1,"函館市","庵原町"],"0420914":[1,"函館市","上湯川町"],"0420911":[1,"函館市","石倉町"],"0420906":[1,"函館市","三森町"],"0420923":[1,"函館市","志海苔町"],"0420917":[1,"函館市","亀尾町"],"0420903":[1,"函館市","東畑町"],"0420958":[1,"函館市","鈴蘭丘町"],"0420953":[1,"函館市","戸倉町"],"0420918":[1,"函館市","米原町"],"0420915":[1,"函館市","西旭岡町"],"0420933":[1,"函館市","湯浜町"],"0420944":[1,"函館市","金堀町"],"0420907":[1,"函館市","鱒川町"],"0420935":[1,"函館市","駒場町"],"0420912":[1,"函館市","中野町"],"0420922":[1,"函館市","銭亀町"],"0420932":[1,"函館市","湯川町"],"0420913":[1,"函館市","赤坂町"],"0420942":[1,"函館市","柏木町"],"0420954":[1,"函館市","上野町"],"0420957":[1,"函館市","滝沢町"],"0420941":[1,"函館市","深堀町"],"0420905":[1,"函館市","紅葉山町"],"0420955":[1,"函館市","高丘町"],"0420924":[1,"函館市","根崎町"],"0420951":[1,"函館市","瀬戸川町"]}
