{"1250041":[13,"葛飾区","東金町"],"1250034":[13,"葛飾区","水元公園"],"1250031":[13,"葛飾区","西水元"],"1250052":[13,"葛飾区","柴又"],"1250062":[13,"葛飾区","青戸"],"1250054":[13,"葛飾区","高砂"],"1250042":[13,"葛飾区","金町"],"1250063":[13,"葛飾区","白鳥"],"1250051":[13,"葛飾区","新宿"],"1250043":[13,"葛飾区","金町浄水場"],"1250032":[13,"葛飾区","水元"],"1250002":[13,"葛飾区","西亀有"],"1250035":[13,"葛飾区","南水元"],"1250033":[13,"葛飾区","東水元"],"1250061":[13,"葛飾区","亀有"],"1250053":[13,"葛飾区","鎌倉"]}
