{"4540808":[23,"名古屋市中川区","九重町"],"4540943":[23,"名古屋市中川区","大当郎"],"4540873":[23,"名古屋市中川区","上高畑"],"4540926":[23,"名古屋市中川区","打出"],"4540849":[23,"名古屋市中川区","小塚町"],"4540806":[23,"名古屋市中川区","澄池町"],"4540963":[23,"名古屋市中川区","水里"],"4540805":[23,"名古屋市中川区","舟戸町"],"4540051":[23,"名古屋市中川区","大山町"],"4540962":[23,"名古屋市中川区","戸田"],"4540867":[23,"名古屋市中川区","広田町"],"4540941":[23,"名古屋市中川区","前田西町"],"4540803":[23,"名古屋市中川区","豊成町"],"4540046":[23,"名古屋市中川区","神郷町"],"4540836":[23,"名古屋市中川区","福船町"],"4540028":[23,"名古屋市中川区","露橋町"],"4540827":[23,"名古屋市中川区","辻畑町"],"4540911":[23,"名古屋市中川区","高畑"],"4540021":[23,"名古屋市中川区","横堀町"],"4540995":[23,"名古屋市中川区","富田町伏屋"],"4540958":[23,"名古屋市中川区","東かの里町"],"4540902":[23,"名古屋市中川区","花池町"],"4540907":[23,"名古屋市中川区","柳田町"],"4540818":[23,"名古屋市中川区","松葉町"],"4540025":[23,"名古屋市中川区","前並町"],"4540982":[23,"名古屋市中川区","西伏屋"],"4540822":[23,"名古屋市中川区","四女子町"],"4540011":[23,"名古屋市中川区","山王"],"4540013":[23,"名古屋市中川区","八熊"],"4540868":[23,"名古屋市中川区","草平町"],"4540814":[23,"名古屋市中川区","五月南通"],"4540983":[23,"名古屋市中川区","東春田"],"4540825":[23,"名古屋市中川区","好本町"],"4540845":[23,"名古屋市中川区","馬手町"],"4540976":[23,"名古屋市中川区","服部"],"4540000":[23,"名古屋市中川区",""],"4540043":[23,"名古屋市中川区","牛立町"],"4540924":[23,"名古屋市中川区","打出町"],"4540921":[23,"名古屋市中川区","中郷"],"4540956":[23,"名古屋市中川区","富田町供米田"],"4540033":[23,"名古屋市中川区","五女子"],"4540862":[23,"名古屋市中川区","的場町"],"4540843":[23,"名古屋市中川区","大畑町"],"4540947":[23,"名古屋市中川区","助光"],"4540997":[23,"名古屋市中川区","万場"],"4540984":[23,"名古屋市中川区","供米田"],"4540953":[23,"名古屋市中川区","富田町榎津"],"4540002":[23,"名古屋市中川区","運河通"],"4540828":[23,"名古屋市中川区","小本"],"4540852":[23,"名古屋市中川区","昭和橋通"],"4540865":[23,"名古屋市中川区","掛入町"],"4540819":[23,"名古屋市中川区","烏森町"],"4540838":[23,"名古屋市中川区","太平通"],"4540854":[23,"名古屋市中川区","松年町"],"4540058":[23,"名古屋市中川区","玉川町"],"4540966":[23,"名古屋市中川区","戸田ゆたか"],"4540032":[23,"名古屋市中川区","荒江町"],"4540905":[23,"名古屋市中川区","一柳通"],"4540035":[23,"名古屋市中川区","八熊通"],"4540946":[23,"名古屋市中川区","一色新町"],"4540913":[23,"名古屋市中川区","土野町"],"4540923":[23,"名古屋市中川区","打出本町"],"4540922":[23,"名古屋市中川区","荒中町"],"4540863":[23,"名古屋市中川区","大塩町"],"4540901":[23,"名古屋市中川区","岩塚町"],"4540875":[23,"名古屋市中川区","小城町"],"4540942":[23,"名古屋市中川区","富田町前田"],"4540903":[23,"名古屋市中川区","柳瀬町"],"4540841":[23,"名古屋市中川区","押元町"],"4540059":[23,"名古屋市中川区","福川町"],"4540959":[23,"名古屋市中川区","江松西町"],"4540041":[23,"名古屋市中川区","八神町"],"4540951":[23,"名古屋市中川区","榎津西町"],"4540860":[23,"名古屋市中川区","畑田町"],"4540974":[23,"名古屋市中川区","島井町"],"4540915":[23,"名古屋市中川区","横井"],"4540817":[23,"名古屋市中川区","南脇町"],"4540833":[23,"名古屋市中川区","上脇町"],"4540858":[23,"名古屋市中川区","正徳町"],"4540954":[23,"名古屋市中川区","江松"],"4540044":[23,"名古屋市中川区","荒越町"],"4540871":[23,"名古屋市中川区","柳森町"],"4540022":[23,"名古屋市中川区","露橋"],"4540994":[23,"名古屋市中川区","長須賀"],"4540985":[23,"名古屋市中川区","春田"],"4540847":[23,"名古屋市中川区","細米町"],"4540015":[23,"名古屋市中川区","南八熊町"],"4540049":[23,"名古屋市中川区","清川町"],"4540972":[23,"名古屋市中川区","新家"],"4540027":[23,"名古屋市中川区","広川町"],"4540812":[23,"名古屋市中川区","五月通"],"4540056":[23,"名古屋市中川区","十一番町"],"4540844":[23,"名古屋市中川区","葉池町"],"4540961":[23,"名古屋市中川区","戸田明正"],"4540866":[23,"名古屋市中川区","東中島町"],"4540826":[23,"名古屋市中川区","小本本町"],"4540821":[23,"名古屋市中川区","宗円町"],"4540914":[23,"名古屋市中川区","本前田町"],"4540801":[23,"名古屋市中川区","百船町"],"4540992":[23,"名古屋市中川区","富田町万場"],"4540006":[23,"名古屋市中川区","柳堀町"],"4540877":[23,"名古屋市中川区","八田町"],"4540034":[23,"名古屋市中川区","五女子町"],"4540996":[23,"名古屋市中川区","伏屋"],"4540932":[23,"名古屋市中川区","中島新町"],"4540054":[23,"名古屋市中川区","八剱町"],"4540964":[23,"名古屋市中川区","富永"],"4540804":[23,"名古屋市中川区","月島町"],"4540026":[23,"名古屋市中川区","笈瀬町"],"4540815":[23,"名古屋市中川区","長良町"],"4540047":[23,"名古屋市中川区","中野本町"],"4540869":[23,"名古屋市中川区","荒子"],"4540823":[23,"名古屋市中川区","富船町"],"4540842":[23,"名古屋市中川区","宮脇町"],"4540944":[23,"名古屋市中川区","大蟷螂町"],"4540937":[23,"名古屋市中川区","法華西町"],"4540916":[23,"名古屋市中川区","川前町"],"4540971":[23,"名古屋市中川区","富田町千音寺"],"4540024":[23,"名古屋市中川区","柳島町"],"4540023":[23,"名古屋市中川区","石場町"],"4540965":[23,"名古屋市中川区","福島"],"4540925":[23,"名古屋市中川区","中須町"],"4540004":[23,"名古屋市中川区","西日置"],"4540927":[23,"名古屋市中川区","打中"],"4540045":[23,"名古屋市中川区","丹後町"],"4540967":[23,"名古屋市中川区","戸田西"],"4540837":[23,"名古屋市中川区","中野新町"],"4540955":[23,"名古屋市中川区","富田町包里"],"4540052":[23,"名古屋市中川区","花塚町"],"4540856":[23,"名古屋市中川区","小碓通"],"4540831":[23,"名古屋市中川区","三ツ屋町"],"4540807":[23,"名古屋市中川区","愛知町"],"4540012":[23,"名古屋市中川区","尾頭橋"],"4540872":[23,"名古屋市中川区","万町"],"4540934":[23,"名古屋市中川区","西中島"],"4540014":[23,"名古屋市中川区","柳川町"],"4540036":[23,"名古屋市中川区","二女子町"],"4540952":[23,"名古屋市中川区","榎松町"],"4540931":[23,"名古屋市中川区","中花町"],"4540037":[23,"名古屋市中川区","富川町"],"4540975":[23,"名古屋市中川区","七反田町"],"4540048":[23,"名古屋市中川区","元中野町"],"4540917":[23,"名古屋市中川区","横前町"],"4540816":[23,"名古屋市中川区","中京南通"],"4540874":[23,"名古屋市中川区","吉良町"],"4540846":[23,"名古屋市中川区","上流町"],"4540824":[23,"名古屋市中川区","蔦元町"],"4540857":[23,"名古屋市中川区","明徳町"],"4540904":[23,"名古屋市中川区","八田本町"],"4540855":[23,"名古屋市中川区","昭明町"],"4540933":[23,"名古屋市中川区","法華"],"4540981":[23,"名古屋市中川区","吉津"],"4540853":[23,"名古屋市中川区","玉船町"],"4540864":[23,"名古屋市中川区","平戸町"],"4540859":[23,"名古屋市中川区","法蔵町"],"4540042":[23,"名古屋市中川区","応仁町"],"4540839":[23,"名古屋市中川区","篠原橋通"],"4540945":[23,"名古屋市中川区","下之一色町"],"4540936":[23,"名古屋市中川区","高杉町"],"4540832":[23,"名古屋市中川区","清船町"],"4540007":[23,"名古屋市中川区","広住町"],"4540912":[23,"名古屋市中川区","野田"],"4540016":[23,"名古屋市中川区","幡野町"],"4540848":[23,"名古屋市中川区","松ノ木町"],"4540057":[23,"名古屋市中川区","熱田新田東組"],"4540834":[23,"名古屋市中川区","丸米町"],"4540829":[23,"名古屋市中川区","小本町"],"4540835":[23,"名古屋市中川区","八家町"],"4540005":[23,"名古屋市中川区","西日置町"],"4540055":[23,"名古屋市中川区","十番町"],"4540876":[23,"名古屋市中川区","若山町"],"4540957":[23,"名古屋市中川区","かの里"],"4540031":[23,"名古屋市中川区","八幡本通"],"4540993":[23,"名古屋市中川区","富田町松下"],"4540973":[23,"名古屋市中川区","富田町服部"],"4540935":[23,"名古屋市中川区","東起町"],"4540861":[23,"名古屋市中川区","荒子町"],"4540802":[23,"名古屋市中川区","福住町"],"4540053":[23,"名古屋市中川区","外新町"],"4540906":[23,"名古屋市中川区","開平町"],"4540991":[23,"名古屋市中川区","大地"],"4540003":[23,"名古屋市中川区","松重町"],"4540813":[23,"名古屋市中川区","乗越町"],"4540001":[23,"名古屋市中川区","運河町"],"4540851":[23,"名古屋市中川区","北江町"],"4540811":[23,"名古屋市中川区","三ツ池町"],"4540986":[23,"名古屋市中川区","富田町春田"]}
