{"4530027":[23,"名古屋市中村区","大門町"],"4530843":[23,"名古屋市中村区","鴨付町"],"4530827":[23,"名古屋市中村区","下中村町"],"4530844":[23,"名古屋市中村区","小鴨町"],"4530021":[23,"名古屋市中村区","松原町"],"4530824":[23,"名古屋市中村区","北浦町"],"4530837":[23,"名古屋市中村区","二瀬町"],"4530832":[23,"名古屋市中村区","乾出町"],"4530037":[23,"名古屋市中村区","高道町"],"4530047":[23,"名古屋市中村区","元中村町"],"4530814":[23,"名古屋市中村区","熊野町"],"4530036":[23,"名古屋市中村区","森田町"],"4530867":[23,"名古屋市中村区","横井町"],"4530859":[23,"名古屋市中村区","野上町"],"4530813":[23,"名古屋市中村区","二ツ橋町"],"4530838":[23,"名古屋市中村区","向島町"],"4530002":[23,"名古屋市中村区","名駅"],"4530855":[23,"名古屋市中村区","烏森町"],"4530863":[23,"名古屋市中村区","八社"],"4530803":[23,"名古屋市中村区","長戸井町"],"4530055":[23,"名古屋市中村区","香取町"],"4530828":[23,"名古屋市中村区","中村本町"],"4530823":[23,"名古屋市中村区","日ノ宮町"],"4530847":[23,"名古屋市中村区","岩上町"],"4530853":[23,"名古屋市中村区","牛田通"],"4530066":[23,"名古屋市中村区","稲上町"],"4530056":[23,"名古屋市中村区","砂田町"],"4530839":[23,"名古屋市中村区","長筬町"],"4530811":[23,"名古屋市中村区","太閤通"],"4530013":[23,"名古屋市中村区","亀島"],"4530836":[23,"名古屋市中村区","五反城町"],"4530846":[23,"名古屋市中村区","西栄町"],"4530826":[23,"名古屋市中村区","鈍池町"],"4530809":[23,"名古屋市中村区","上米野町"],"4530000":[23,"名古屋市中村区",""],"4530864":[23,"名古屋市中村区","横前町"],"4530031":[23,"名古屋市中村区","新富町"],"4530801":[23,"名古屋市中村区","太閤"],"4530856":[23,"名古屋市中村区","並木"],"4530064":[23,"名古屋市中村区","草薙町"],"4530834":[23,"名古屋市中村区","豊国通"],"4530854":[23,"名古屋市中村区","高須賀町"],"4530041":[23,"名古屋市中村区","本陣通"],"4530016":[23,"名古屋市中村区","竹橋町"],"4530866":[23,"名古屋市中村区","横井"],"4530845":[23,"名古屋市中村区","宮塚町"],"4530032":[23,"名古屋市中村区","塩池町"],"4530822":[23,"名古屋市中村区","名西通"],"4530028":[23,"名古屋市中村区","寿町"],"4530035":[23,"名古屋市中村区","十王町"],"4530069":[23,"名古屋市中村区","橋下町"],"4530816":[23,"名古屋市中村区","京田町"],"4530052":[23,"名古屋市中村区","森末町"],"4530833":[23,"名古屋市中村区","押木田町"],"4530849":[23,"名古屋市中村区","稲西町"],"4530819":[23,"名古屋市中村区","城主町"],"4530038":[23,"名古屋市中村区","猪之越町"],"4530018":[23,"名古屋市中村区","佐古前町"],"4530061":[23,"名古屋市中村区","日比津町"],"4530063":[23,"名古屋市中村区","東宿町"],"4530042":[23,"名古屋市中村区","大秋町"],"4530051":[23,"名古屋市中村区","豊幡町"],"4530835":[23,"名古屋市中村区","上石川町"],"4530852":[23,"名古屋市中村区","角割町"],"4530034":[23,"名古屋市中村区","大日町"],"4530862":[23,"名古屋市中村区","岩塚町"],"4530024":[23,"名古屋市中村区","名楽町"],"4530062":[23,"名古屋市中村区","諏訪町"],"4530043":[23,"名古屋市中村区","上ノ宮町"],"4530057":[23,"名古屋市中村区","稲葉地本通"],"4530831":[23,"名古屋市中村区","中村中町"],"4530802":[23,"名古屋市中村区","下米野町"],"4530033":[23,"名古屋市中村区","栄生町"],"4530872":[23,"名古屋市中村区","平池町"],"4530045":[23,"名古屋市中村区","藤江町"],"4530821":[23,"名古屋市中村区","大宮町"],"4530023":[23,"名古屋市中村区","若宮町"],"4530015":[23,"名古屋市中村区","椿町"],"4530865":[23,"名古屋市中村区","川前町"],"4530861":[23,"名古屋市中村区","岩塚本通"],"4530825":[23,"名古屋市中村区","沖田町"],"4530012":[23,"名古屋市中村区","井深町"],"4530014":[23,"名古屋市中村区","則武"],"4530065":[23,"名古屋市中村区","靖国町"],"4530067":[23,"名古屋市中村区","宿跡町"],"4530046":[23,"名古屋市中村区","道下町"],"4530011":[23,"名古屋市中村区","千原町"],"4530058":[23,"名古屋市中村区","城屋敷町"],"4530808":[23,"名古屋市中村区","郷前町"],"4530025":[23,"名古屋市中村区","賑町"],"4530068":[23,"名古屋市中村区","菊水町"],"4530871":[23,"名古屋市中村区","牧野町"],"4530807":[23,"名古屋市中村区","権現通"],"4530815":[23,"名古屋市中村区","北畑町"],"4530812":[23,"名古屋市中村区","西米野町"],"4530851":[23,"名古屋市中村区","畑江通"],"4530804":[23,"名古屋市中村区","黄金通"],"4530029":[23,"名古屋市中村区","日吉町"],"4530848":[23,"名古屋市中村区","荒輪井町"],"4530842":[23,"名古屋市中村区","剣町"],"4530805":[23,"名古屋市中村区","深川町"],"4530017":[23,"名古屋市中村区","則武本通"],"4530022":[23,"名古屋市中村区","中島町"],"4530806":[23,"名古屋市中村区","大正町"],"4530044":[23,"名古屋市中村区","鳥居通"],"4530026":[23,"名古屋市中村区","羽衣町"],"4530054":[23,"名古屋市中村区","鳥居西通"],"4530053":[23,"名古屋市中村区","中村町"],"4530857":[23,"名古屋市中村区","長草町"],"4530858":[23,"名古屋市中村区","野田町"],"4530817":[23,"名古屋市中村区","白子町"],"4530818":[23,"名古屋市中村区","千成通"],"4530841":[23,"名古屋市中村区","稲葉地町"]}
