{"3620054":[11,"上尾市","堤崎"],"3620812":[11,"北足立郡伊奈町","内宿台"],"3620042":[11,"上尾市","谷津"],"3620044":[11,"上尾市","大谷本郷"],"3620002":[11,"上尾市","南"],"3620055":[11,"上尾市","平方領々家"],"3620014":[11,"上尾市","本町"],"3620058":[11,"上尾市","上野"],"3620804":[11,"北足立郡伊奈町","本町"],"3620072":[11,"上尾市","中妻"],"3620064":[11,"上尾市","小敷谷"],"3620021":[11,"上尾市","原市"],"3620046":[11,"上尾市","壱丁目"],"3620059":[11,"上尾市","平方"],"3620056":[11,"上尾市","上野本郷"],"3620802":[11,"北足立郡伊奈町","羽貫"],"3620048":[11,"上尾市","川"],"3620011":[11,"上尾市","平塚"],"3620017":[11,"上尾市","二ツ宮"],"3620012":[11,"上尾市","上尾宿"],"3620004":[11,"上尾市","須ケ谷"],"3620005":[11,"上尾市","西門前"],"3620026":[11,"上尾市","原市北"],"3620045":[11,"上尾市","向山"],"3620071":[11,"上尾市","井戸木"],"3620051":[11,"上尾市","地頭方"],"3620037":[11,"上尾市","上町"],"3620053":[11,"上尾市","戸崎"],"3620057":[11,"上尾市","西貝塚"],"3620013":[11,"上尾市","上尾村"],"3620031":[11,"上尾市","東町"],"3620035":[11,"上尾市","仲町"],"3620075":[11,"上尾市","柏座"],"3620052":[11,"上尾市","中新井"],"3620047":[11,"上尾市","今泉"],"3620003":[11,"上尾市","菅谷"],"3620076":[11,"上尾市","弁財"],"3620067":[11,"上尾市","中分"],"3620000":[11,"上尾市",""],"3620033":[11,"上尾市","栄町"],"3620016":[11,"上尾市","原新町"],"3620061":[11,"上尾市","藤波"],"3620066":[11,"上尾市","領家"],"3620015":[11,"上尾市","緑丘"],"3620001":[11,"上尾市","上"],"3620025":[11,"上尾市","上尾下"],"3620007":[11,"上尾市","久保"],"3620074":[11,"上尾市","春日"],"3620032":[11,"上尾市","日の出"],"3620803":[11,"北足立郡伊奈町","大針"],"3620024":[11,"上尾市","五番町"],"3620036":[11,"上尾市","宮本町"],"3620800":[11,"北足立郡伊奈町",""],"3620022":[11,"上尾市","瓦葺"],"3620807":[11,"北足立郡伊奈町","寿"],"3620806":[11,"北足立郡伊奈町","小室"],"3620813":[11,"北足立郡伊奈町","学園"],"3620062":[11,"上尾市","泉台"],"3620073":[11,"上尾市","浅間台"],"3620801":[11,"北足立郡伊奈町","小針内宿"],"3620023":[11,"上尾市","原市中"],"3620041":[11,"上尾市","富士見"],"3620063":[11,"上尾市","小泉"],"3620811":[11,"北足立郡伊奈町","西小針"],"3620034":[11,"上尾市","愛宕"],"3620808":[11,"北足立郡伊奈町","小針新宿"],"3620065":[11,"上尾市","畔吉"],"3620043":[11,"上尾市","西宮下"],"3620006":[11,"上尾市","錦町"],"3620805":[11,"北足立郡伊奈町","栄"]}
