{"0101231":[5,"秋田市","雄和相川"],"0101429":[5,"秋田市","山手台"],"0100445":[5,"南秋田郡大潟村","西"],"0100201":[5,"潟上市","天王"],"0100344":[5,"男鹿市","脇本富永"],"0100673":[5,"男鹿市","戸賀塩浜"],"0100023":[5,"秋田市","楢山本町"],"0101432":[5,"秋田市","仁井田福島"],"0100921":[5,"秋田市","大町"],"0101633":[5,"秋田市","新屋鳥木町"],"0101425":[5,"秋田市","御野場新町"],"0100688":[5,"男鹿市","北浦野村"],"0101603":[5,"秋田市","新屋勝平台"],"0100134":[5,"秋田市","上新城道川"],"0100913":[5,"秋田市","保戸野鉄砲町"],"0100062":[5,"秋田市","牛島東"],"0100917":[5,"秋田市","泉中央"],"0101638":[5,"秋田市","新屋表町"],"0100533":[5,"男鹿市","船川港双六"],"0101644":[5,"秋田市","新屋田尻沢中町"],"0101201":[5,"秋田市","雄和田草川"],"0101605":[5,"秋田市","新屋勝平町"],"0100026":[5,"秋田市","楢山古川新町"],"0101414":[5,"秋田市","御所野元町"],"0100112":[5,"秋田市","金足堀内"],"0100502":[5,"男鹿市","船川港比詰"],"0100044":[5,"秋田市","横森"],"0100144":[5,"秋田市","下新城岩城"],"0100035":[5,"秋田市","楢山城南町"],"0100138":[5,"秋田市","上新城保多野"],"0100442":[5,"南秋田郡大潟村","東"],"0100116":[5,"秋田市","金足小泉"],"0100123":[5,"秋田市","金足片田"],"0100002":[5,"秋田市","東通仲町"],"0101614":[5,"秋田市","新屋割山町"],"0100032":[5,"秋田市","楢山太田町"],"0101223":[5,"秋田市","雄和妙法"],"0100675":[5,"男鹿市","北浦入道崎"],"0101401":[5,"秋田市","上北手大杉沢"],"0101502":[5,"秋田市","下浜長浜"],"0100054":[5,"秋田市","下北手宝川"],"0100352":[5,"男鹿市","五里合琴川"],"0101651":[5,"秋田市","豊岩石田坂"],"0100956":[5,"秋田市","山王臨海町"],"0100664":[5,"男鹿市","男鹿中国有地内"],"0100802":[5,"秋田市","外旭川"],"0100925":[5,"秋田市","旭南"],"0101406":[5,"秋田市","上北手猿田"],"0100342":[5,"男鹿市","脇本脇本"],"0100974":[5,"秋田市","八橋運動公園"],"0100912":[5,"秋田市","保戸野通町"],"0101418":[5,"秋田市","四ツ小屋小阿地"],"0101203":[5,"秋田市","雄和下黒瀬"],"0100901":[5,"秋田市","保戸野桜町"],"0100041":[5,"秋田市","広面"],"0100872":[5,"秋田市","千秋北の丸"],"0100916":[5,"秋田市","泉北"],"0100423":[5,"男鹿市","福川"],"0100834":[5,"秋田市","旭川南町"],"0101431":[5,"秋田市","仁井田二ツ屋"],"0101222":[5,"秋田市","雄和石田"],"0101103":[5,"秋田市","太平中関"],"0101641":[5,"秋田市","新屋高美町"],"0100665":[5,"男鹿市","男鹿中山町"],"0100945":[5,"秋田市","川尻みよし町"],"0100401":[5,"男鹿市","野石"],"0100455":[5,"南秋田郡大潟村","西野"],"0100875":[5,"秋田市","千秋明徳町"],"0101602":[5,"秋田市","新屋下川原町"],"0101616":[5,"秋田市","新屋松美ガ丘南町"],"0100822":[5,"秋田市","添川"],"0100862":[5,"秋田市","手形田中"],"0100122":[5,"秋田市","金足吉田"],"0100027":[5,"秋田市","楢山南新町下丁"],"0100454":[5,"南秋田郡大潟村","中野"],"0101504":[5,"秋田市","下浜名ケ沢"],"0100422":[5,"男鹿市","角間崎"],"0100038":[5,"秋田市","楢山城南新町"],"0100953":[5,"秋田市","山王中園町"],"0100043":[5,"秋田市","桜ガ丘"],"0100444":[5,"南秋田郡大潟村","南"],"0100672":[5,"男鹿市","戸賀浜塩谷"],"0101632":[5,"秋田市","新屋大川町"],"0101202":[5,"秋田市","雄和芝野新田"],"0100029":[5,"秋田市","楢山川口境"],"0100036":[5,"秋田市","楢山金照町"],"0100935":[5,"秋田市","川元小川町"],"0100411":[5,"男鹿市","福米沢"],"0101607":[5,"秋田市","新屋南浜町"],"0100823":[5,"秋田市","山内"],"0100113":[5,"秋田市","金足浦山"],"0100055":[5,"秋田市","下北手通沢"],"0100876":[5,"秋田市","千秋公園"],"0100975":[5,"秋田市","八橋"],"0101642":[5,"秋田市","新屋渋谷町"],"0100346":[5,"男鹿市","脇本樽沢"],"0101503":[5,"秋田市","下浜羽川"],"0100031":[5,"秋田市","楢山大元町"],"0100676":[5,"男鹿市","北浦西黒沢"],"0101637":[5,"秋田市","新屋扇町"],"0100918":[5,"秋田市","泉南"],"0100135":[5,"秋田市","上新城五十丁"],"0100951":[5,"秋田市","山王"],"0100345":[5,"男鹿市","脇本浦田"],"0100817":[5,"秋田市","泉菅野"],"0101102":[5,"秋田市","太平目長崎"],"0100501":[5,"男鹿市","船川港仁井山"],"0100877":[5,"秋田市","千秋矢留町"],"0100843":[5,"秋田市","手形山東町"],"0100001":[5,"秋田市","中通"],"0100355":[5,"男鹿市","五里合鮪川"],"0101426":[5,"秋田市","仁井田小中島"],"0100014":[5,"秋田市","南通宮田"],"0101652":[5,"秋田市","豊岩豊巻"],"0100663":[5,"男鹿市","男鹿中滝川"],"0100131":[5,"秋田市","上新城白山"],"0101105":[5,"秋田市","太平黒沢"],"0101402":[5,"秋田市","上北手小山田"],"0100101":[5,"潟上市","天王"],"0100811":[5,"秋田市","泉釜ノ町"],"0101344":[5,"秋田市","雄和向野"],"0101422":[5,"秋田市","仁井田目長田"],"0100934":[5,"秋田市","川元むつみ町"],"0100973":[5,"秋田市","八橋本町"],"0100431":[5,"男鹿市","払戸"],"0100145":[5,"秋田市","下新城笠岡"],"0101623":[5,"秋田市","新屋町"],"0100042":[5,"秋田市","桜"],"0100126":[5,"秋田市","金足追分"],"0100863":[5,"秋田市","手形休下町"],"0100005":[5,"秋田市","東通明田"],"0100674":[5,"男鹿市","戸賀戸賀"],"0100952":[5,"秋田市","山王新町"],"0100051":[5,"秋田市","下北手松崎"],"0100955":[5,"秋田市","山王中島町"],"0100873":[5,"秋田市","千秋城下町"],"0100685":[5,"男鹿市","北浦真山"],"0101608":[5,"秋田市","新屋北浜町"],"0101224":[5,"秋田市","雄和種沢"],"0100962":[5,"秋田市","八橋大畑"],"0100521":[5,"男鹿市","船川港南平沢"],"0100453":[5,"南秋田郡大潟村","方口"],"0100924":[5,"秋田市","旭北寺町"],"0101411":[5,"秋田市","上北手御所野"],"0100853":[5,"秋田市","蛇野"],"0101436":[5,"秋田市","大住"],"0100841":[5,"秋田市","手形山西町"],"0101615":[5,"秋田市","新屋船場町"],"0100946":[5,"秋田市","川尻総社町"],"0101106":[5,"秋田市","太平山谷"],"0100965":[5,"秋田市","八橋新川向"],"0100902":[5,"秋田市","保戸野金砂町"],"0101415":[5,"秋田市","御所野湯本"],"0100142":[5,"秋田市","下新城青崎"],"0101421":[5,"秋田市","仁井田本町"],"0100814":[5,"秋田市","泉東町"],"0100064":[5,"秋田市","牛島"],"0101342":[5,"秋田市","雄和神ケ村"],"0100954":[5,"秋田市","山王沼田町"],"0100804":[5,"秋田市","外旭川八幡田"],"0101221":[5,"秋田市","雄和平沢"],"0100421":[5,"男鹿市","鵜木"],"0100826":[5,"秋田市","新藤田"],"0101419":[5,"秋田市","御所野堤台"],"0101435":[5,"秋田市","仁井田潟中町"],"0100941":[5,"秋田市","川尻町"],"0101233":[5,"秋田市","雄和女米木"],"0100141":[5,"秋田市","下新城長岡"],"0100903":[5,"秋田市","保戸野八丁"],"0100351":[5,"男鹿市","五里合箱井"],"0100947":[5,"秋田市","川尻上野町"],"0100037":[5,"秋田市","楢山愛宕下"],"0100443":[5,"南秋田郡大潟村","中央"],"0100961":[5,"秋田市","八橋イサノ"],"0100816":[5,"秋田市","泉"],"0100146":[5,"秋田市","下新城中野"],"0100012":[5,"秋田市","南通みその町"],"0100412":[5,"男鹿市","本内"],"0100500":[5,"男鹿市",""],"0100911":[5,"秋田市","保戸野すわ町"],"0100967":[5,"秋田市","高陽幸町"],"0100534":[5,"男鹿市","船川港小浜"],"0100006":[5,"秋田市","東通館ノ越"],"0100976":[5,"秋田市","八橋南"],"0100121":[5,"秋田市","金足黒川"],"0101407":[5,"秋田市","上北手百崎"],"0101618":[5,"秋田市","新屋松美ガ丘北町"],"0101645":[5,"秋田市","新屋田尻沢西町"],"0100028":[5,"秋田市","楢山共和町"],"0100865":[5,"秋田市","手形新栄町"],"0100451":[5,"南秋田郡大潟村","大潟"],"0101622":[5,"秋田市","新屋日吉町"],"0101601":[5,"秋田市","向浜"],"0100125":[5,"秋田市","金足高岡"],"0100963":[5,"秋田市","八橋大沼町"],"0101501":[5,"秋田市","下浜桂根"],"0100136":[5,"秋田市","上新城中"],"0100933":[5,"秋田市","川元松丘町"],"0100914":[5,"秋田市","保戸野千代田町"],"0101636":[5,"秋田市","新屋比内町"],"0100058":[5,"秋田市","下北手桜"],"0100972":[5,"秋田市","八橋田五郎"],"0100347":[5,"男鹿市","脇本百川"],"0100813":[5,"秋田市","泉一ノ坪"],"0100535":[5,"男鹿市","船川港本山門前"],"0100662":[5,"男鹿市","男鹿中中間口"],"0100831":[5,"秋田市","旭川清澄町"],"0100114":[5,"秋田市","金足下刈"],"0100132":[5,"秋田市","上新城小又"],"0101433":[5,"秋田市","仁井田栄町"],"0100681":[5,"男鹿市","北浦相川"],"0100661":[5,"男鹿市","男鹿中浜間口"],"0100966":[5,"秋田市","高陽青柳町"],"0101654":[5,"秋田市","浜田"],"0100852":[5,"秋田市","手形学園町"],"0100354":[5,"男鹿市","五里合中石"],"0101613":[5,"秋田市","新屋朝日町"],"0101423":[5,"秋田市","仁井田"],"0101643":[5,"秋田市","新屋田尻沢東町"],"0100013":[5,"秋田市","南通築地"],"0100824":[5,"秋田市","仁別"],"0101212":[5,"秋田市","雄和平尾鳥"],"0101343":[5,"秋田市","雄和繋"],"0100532":[5,"男鹿市","船川港椿"],"0100052":[5,"秋田市","下北手柳舘"],"0100034":[5,"秋田市","楢山"],"0101403":[5,"秋田市","上北手荒巻"],"0101416":[5,"秋田市","四ツ小屋末戸松本"],"0100812":[5,"秋田市","泉三嶽根"],"0100854":[5,"秋田市","手形山崎町"],"0100522":[5,"男鹿市","船川港増川"],"0100864":[5,"秋田市","手形住吉町"],"0100684":[5,"男鹿市","北浦安全寺"],"0100832":[5,"秋田市","旭川新藤田西町"],"0100844":[5,"秋田市","手形山中町"],"0100932":[5,"秋田市","川元開和町"],"0101506":[5,"秋田市","下浜楢田"],"0101404":[5,"秋田市","上北手古野"],"0100682":[5,"男鹿市","北浦表町"],"0100066":[5,"秋田市","牛島南"],"0100923":[5,"秋田市","旭北錦町"],"0100000":[5,"秋田市",""],"0101101":[5,"秋田市","太平八田"],"0100821":[5,"秋田市","濁川"],"0101352":[5,"秋田市","雄和萱ケ沢"],"0101225":[5,"秋田市","雄和左手子"],"0101412":[5,"秋田市","御所野下堤"],"0100671":[5,"男鹿市","戸賀加茂青砂"],"0101428":[5,"秋田市","大平台"],"0101408":[5,"秋田市","上北手大戸"],"0100063":[5,"秋田市","牛島西"],"0101612":[5,"秋田市","新屋豊町"],"0100061":[5,"秋田市","卸町"],"0100511":[5,"男鹿市","船川港船川"],"0100400":[5,"南秋田郡大潟村",""],"0101631":[5,"秋田市","新屋元町"],"0100024":[5,"秋田市","楢山南新町上丁"],"0100943":[5,"秋田市","川尻御休町"],"0100341":[5,"男鹿市","船越"],"0100948":[5,"秋田市","川尻新川町"],"0101434":[5,"秋田市","仁井田蕗見町"],"0101617":[5,"秋田市","新屋松美ガ丘東町"],"0100942":[5,"秋田市","川尻大川町"],"0101611":[5,"秋田市","新屋天秤野"],"0101417":[5,"秋田市","四ツ小屋"],"0100004":[5,"秋田市","東通観音前"],"0100815":[5,"秋田市","泉馬場"],"0100944":[5,"秋田市","川尻若葉町"],"0100452":[5,"南秋田郡大潟村","方上"],"0100931":[5,"秋田市","川元山下町"],"0100413":[5,"男鹿市","松木沢"],"0100905":[5,"秋田市","保戸野中町"],"0101604":[5,"秋田市","新屋松美町"],"0100803":[5,"秋田市","外旭川八柳"],"0100022":[5,"秋田市","楢山南中町"],"0101634":[5,"秋田市","新屋沖田町"],"0100964":[5,"秋田市","八橋鯲沼町"],"0100456":[5,"南秋田郡大潟村","東野"],"0100441":[5,"南秋田郡大潟村","北"],"0100842":[5,"秋田市","手形山北町"],"0100687":[5,"男鹿市","北浦湯本"],"0100111":[5,"秋田市","金足岩瀬"],"0101621":[5,"秋田市","新屋栗田町"],"0100922":[5,"秋田市","旭北栄町"],"0100057":[5,"秋田市","下北手梨平"],"0101424":[5,"秋田市","御野場"],"0100353":[5,"男鹿市","五里合神谷"],"0100977":[5,"秋田市","八橋大道東"],"0100124":[5,"秋田市","金足鳰崎"],"0100033":[5,"秋田市","楢山石塚町"],"0100021":[5,"秋田市","楢山登町"],"0101635":[5,"秋田市","新屋前野町"],"0101341":[5,"秋田市","雄和新波"],"0100003":[5,"秋田市","東通"],"0100503":[5,"男鹿市","船川港金川"],"0100137":[5,"秋田市","上新城石名坂"],"0100971":[5,"秋田市","八橋三和町"],"0100686":[5,"男鹿市","北浦西水口"],"0100874":[5,"秋田市","千秋久保田町"],"0100059":[5,"秋田市","桜台"],"0101232":[5,"秋田市","雄和戸賀沢"],"0100851":[5,"秋田市","手形"],"0101653":[5,"秋田市","豊岩小山"],"0100025":[5,"秋田市","楢山佐竹町"],"0100115":[5,"秋田市","金足大清水"],"0101351":[5,"秋田市","雄和碇田"],"0100871":[5,"秋田市","千秋中島町"],"0101211":[5,"秋田市","雄和椿川"],"0100065":[5,"秋田市","茨島"],"0100531":[5,"男鹿市","船川港台島"],"0101413":[5,"秋田市","御所野地蔵田"],"0100833":[5,"秋田市","旭川新藤田東町"],"0100053":[5,"秋田市","下北手寒川"],"0100845":[5,"秋田市","手形山南町"],"0101427":[5,"秋田市","仁井田新田"],"0100861":[5,"秋田市","手形からみでん"],"0100133":[5,"秋田市","上新城湯ノ里"],"0101437":[5,"秋田市","仁井田緑町"],"0100011":[5,"秋田市","南通亀の町"],"0100143":[5,"秋田市","下新城小友"],"0100202":[5,"潟上市","天王大崎"],"0100825":[5,"秋田市","柳田"],"0100056":[5,"秋田市","下北手黒川"],"0100915":[5,"秋田市","保戸野"],"0101505":[5,"秋田市","下浜八田"],"0100523":[5,"男鹿市","船川港女川"],"0100343":[5,"男鹿市","脇本田谷沢"],"0100904":[5,"秋田市","保戸野原の町"],"0101405":[5,"秋田市","上北手大山田"],"0100683":[5,"男鹿市","北浦北浦"],"0101606":[5,"秋田市","新屋寿町"],"0101104":[5,"秋田市","太平寺庭"]}
