{"4170804":[22,"富士市","石井"],"4170806":[22,"富士市","間門"],"4170001":[22,"富士市","今泉"],"4170843":[22,"富士市","田中新田"],"4170801":[22,"富士市","大淵"],"4170842":[22,"富士市","三新田"],"4170802":[22,"富士市","今宮"],"4170032":[22,"富士市","田島新田"],"4170835":[22,"富士市","柏原"],"4170845":[22,"富士市","大野新田"],"4170808":[22,"富士市","一色"],"4170847":[22,"富士市","比奈"],"4170037":[22,"富士市","外木"],"4170014":[22,"富士市","鈴川西町"],"4170854":[22,"富士市","宇東川西町"],"4170803":[22,"富士市","桑崎"],"4170000":[22,"富士市",""],"4170051":[22,"富士市","吉原"],"4170823":[22,"富士市","神谷南"],"4170844":[22,"富士市","桧新田"],"4170058":[22,"富士市","永田北町"],"4170814":[22,"富士市","西船津"],"4170864":[22,"富士市","広見本町"],"4170054":[22,"富士市","永田"],"4170049":[22,"富士市","緑町"],"4170026":[22,"富士市","南町"],"4170852":[22,"富士市","原田"],"4170061":[22,"富士市","伝法"],"4170013":[22,"富士市","鈴川中町"],"4170809":[22,"富士市","中野"],"4170853":[22,"富士市","宇東川東町"],"4170863":[22,"富士市","広見西本町"],"4170044":[22,"富士市","高嶺町"],"4170841":[22,"富士市","富士岡"],"4170023":[22,"富士市","吉原宝町"],"4170851":[22,"富士市","富士見台"],"4170832":[22,"富士市","中柏原新田"],"4170815":[22,"富士市","増川"],"4170811":[22,"富士市","江尾"],"4170036":[22,"富士市","中河原"],"4170817":[22,"富士市","江尾南"],"4170012":[22,"富士市","鈴川東町"],"4170072":[22,"富士市","浅間上町"],"4170057":[22,"富士市","瓜島町"],"4170031":[22,"富士市","田島"],"4170056":[22,"富士市","日乃出町"],"4170033":[22,"富士市","島田町"],"4170821":[22,"富士市","神谷"],"4170034":[22,"富士市","津田"],"4170035":[22,"富士市","津田町"],"4170003":[22,"富士市","依田橋町"],"4170015":[22,"富士市","鈴川町"],"4170062":[22,"富士市","香西"],"4170826":[22,"富士市","中里"],"4170022":[22,"富士市","依田原町"],"4170053":[22,"富士市","依田原新田"],"4170043":[22,"富士市","荒田島町"],"4170834":[22,"富士市","西柏原新田"],"4170071":[22,"富士市","国久保"],"4170042":[22,"富士市","荒田島"],"4170024":[22,"富士市","八代町"],"4170048":[22,"富士市","高島町"],"4170045":[22,"富士市","錦町"],"4170812":[22,"富士市","境"],"4170816":[22,"富士市","増川新町"],"4170025":[22,"富士市","瓜島"],"4170831":[22,"富士市","東柏原新田"],"4170004":[22,"富士市","新橋町"],"4170825":[22,"富士市","川尻"],"4170822":[22,"富士市","神谷新町"],"4170065":[22,"富士市","弥生新田"],"4170861":[22,"富士市","広見東本町"],"4170055":[22,"富士市","永田町"],"4170824":[22,"富士市","川尻東"],"4170011":[22,"富士市","鈴川本町"],"4170046":[22,"富士市","青島"],"4170807":[22,"富士市","神戸"],"4170855":[22,"富士市","三ツ沢"],"4170862":[22,"富士市","石坂"],"4170002":[22,"富士市","依田橋"],"4170833":[22,"富士市","沼田新田"],"4170064":[22,"富士市","弥生"],"4170813":[22,"富士市","船津"],"4170846":[22,"富士市","今井"],"4170073":[22,"富士市","浅間本町"],"4170041":[22,"富士市","御幸町"],"4170047":[22,"富士市","青島町"],"4170052":[22,"富士市","中央町"],"4170021":[22,"富士市","依田原"],"4170805":[22,"富士市","鵜無ケ淵"],"4170063":[22,"富士市","香西新田"]}
