{"3940043":[20,"岡谷市","御倉町"],"3940024":[20,"岡谷市","堀ノ内"],"3940055":[20,"岡谷市","内山"],"3940091":[20,"岡谷市",""],"3940002":[20,"岡谷市","赤羽"],"3940029":[20,"岡谷市","幸町"],"3940052":[20,"岡谷市","西林"],"3940025":[20,"岡谷市","大栄町"],"3940044":[20,"岡谷市","湊"],"3940089":[20,"岡谷市","長地出早"],"3940081":[20,"岡谷市","長地権現町"],"3940028":[20,"岡谷市","本町"],"3940031":[20,"岡谷市","田中町"],"3940033":[20,"岡谷市","南宮"],"3940001":[20,"岡谷市","今井"],"3940011":[20,"岡谷市","長地"],"3940085":[20,"岡谷市","長地小萩"],"3940048":[20,"岡谷市","川岸上"],"3940004":[20,"岡谷市","神明町"],"3940027":[20,"岡谷市","中央町"],"3940046":[20,"岡谷市","川岸西"],"3940000":[20,"岡谷市",""],"3940047":[20,"岡谷市","川岸中"],"3940032":[20,"岡谷市","若宮"],"3940087":[20,"岡谷市","長地鎮"],"3940045":[20,"岡谷市","川岸東"],"3940054":[20,"岡谷市","半ノ木"],"3940035":[20,"岡谷市","天竜町"],"3940005":[20,"岡谷市","山下町"],"3940051":[20,"岡谷市","塩嶺"],"3940026":[20,"岡谷市","塚間町"],"3940088":[20,"岡谷市","長地梨久保"],"3940053":[20,"岡谷市","芦ノ沢"],"3940034":[20,"岡谷市","湖畔"],"3940084":[20,"岡谷市","長地片間町"],"3940042":[20,"岡谷市","成田町"],"3940003":[20,"岡谷市","加茂町"],"3940082":[20,"岡谷市","長地御所"],"3940023":[20,"岡谷市","東銀座"],"3940083":[20,"岡谷市","長地柴宮"],"3940022":[20,"岡谷市","銀座"],"3940056":[20,"岡谷市","樋沢"],"3940086":[20,"岡谷市","長地源"],"3940041":[20,"岡谷市","山手町"],"3940021":[20,"岡谷市","郷田"]}
