{"3310046":[11,"さいたま市西区","宮前町"],"3310824":[11,"さいたま市北区","上加"],"3310821":[11,"さいたま市北区","別所町"],"3310076":[11,"さいたま市西区","指扇領辻"],"3310045":[11,"さいたま市西区","内野本郷"],"3310077":[11,"さいたま市西区","中釘"],"3310054":[11,"さいたま市西区","島根"],"3310815":[11,"さいたま市北区","大成町"],"3310047":[11,"さいたま市西区","指扇"],"3310069":[11,"さいたま市西区","湯木町"],"3310056":[11,"さいたま市西区","三条町"],"3310065":[11,"さいたま市西区","二ツ宮"],"3310073":[11,"さいたま市西区","指扇領別所"],"3310811":[11,"さいたま市北区","吉野町"],"3310801":[11,"さいたま市北区","今羽町"],"3310813":[11,"さいたま市北区","植竹町"],"3310063":[11,"さいたま市西区","プラザ"],"3310822":[11,"さいたま市北区","奈良町"],"3310062":[11,"さいたま市西区","土屋"],"3310064":[11,"さいたま市西区","佐知川"],"3310803":[11,"さいたま市北区","見沼"],"3310067":[11,"さいたま市西区","植田谷本村新田"],"3310066":[11,"さいたま市西区","塚本"],"3310804":[11,"さいたま市北区","土呂町"],"3310061":[11,"さいたま市西区","西遊馬"],"3310825":[11,"さいたま市北区","櫛引町"],"3310000":[11,"さいたま市西区",""],"3310805":[11,"さいたま市北区","盆栽町"],"3310800":[11,"さいたま市北区",""],"3310075":[11,"さいたま市西区","峰岸"],"3310060":[11,"さいたま市西区","塚本町"],"3310052":[11,"さいたま市西区","三橋"],"3310058":[11,"さいたま市西区","飯田"],"3310074":[11,"さいたま市西区","宝来"],"3310057":[11,"さいたま市西区","中野林"],"3310802":[11,"さいたま市北区","本郷町"],"3310068":[11,"さいたま市西区","飯田新田"],"3310814":[11,"さいたま市北区","東大成町"],"3310049":[11,"さいたま市西区","西新井"],"3310048":[11,"さいたま市西区","清河寺"],"3310053":[11,"さいたま市西区","植田谷本"],"3310059":[11,"さいたま市西区","水判土"],"3310071":[11,"さいたま市西区","高木"],"3310823":[11,"さいたま市北区","日進町"],"3310812":[11,"さいたま市北区","宮原町"],"3310072":[11,"さいたま市西区","平方領々家"],"3310055":[11,"さいたま市西区","昭和"]}
