{"2840036":[12,"四街道市","中野"],"2840007":[12,"四街道市","さつきケ丘"],"2840013":[12,"四街道市","内黒田"],"2840008":[12,"四街道市","鹿放ケ丘"],"2840045":[12,"四街道市","美しが丘"],"2840022":[12,"四街道市","山梨"],"2840023":[12,"四街道市","みそら"],"2840014":[12,"四街道市","池花"],"2840035":[12,"四街道市","和田"],"2840003":[12,"四街道市","鹿渡"],"2840015":[12,"四街道市","千代田"],"2840004":[12,"四街道市","みのり町"],"2840037":[12,"四街道市","中台"],"2840034":[12,"四街道市","南波佐間"],"2840002":[12,"四街道市","萱橋"],"2840032":[12,"四街道市","吉岡"],"2840043":[12,"四街道市","めいわ"],"2840001":[12,"四街道市","大日"],"2840006":[12,"四街道市","下志津新田"],"2840024":[12,"四街道市","旭ケ丘"],"2840000":[12,"四街道市",""],"2840012":[12,"四街道市","物井"],"2840042":[12,"四街道市","小名木"],"2840027":[12,"四街道市","栗山"],"2840021":[12,"四街道市","長岡"],"2840011":[12,"四街道市","亀崎"],"2840041":[12,"四街道市","上野"],"2840031":[12,"四街道市","成山"],"2840033":[12,"四街道市","鷹の台"],"2840009":[12,"四街道市","中央"],"2840025":[12,"四街道市","さちが丘"],"2840005":[12,"四街道市","四街道"],"2840044":[12,"四街道市","和良比"],"2840016":[12,"四街道市","もねの里"],"2840026":[12,"四街道市","つくし座"]}
