{"3510032":[11,"朝霞市","田島"],"3510004":[11,"朝霞市","根岸"],"3510035":[11,"朝霞市","朝志ケ丘"],"3510014":[11,"朝霞市","膝折町"],"3510114":[11,"和光市","本町"],"3510006":[11,"朝霞市","仲町"],"3510034":[11,"朝霞市","西原"],"3510024":[11,"朝霞市","泉水"],"3510033":[11,"朝霞市","浜崎"],"3510036":[11,"朝霞市","北原"],"3510025":[11,"朝霞市","三原"],"3510012":[11,"朝霞市","栄町"],"3510116":[11,"和光市","松ノ木島町"],"3510111":[11,"和光市","下新倉"],"3510023":[11,"朝霞市","溝沼"],"3510100":[11,"和光市",""],"3510000":[11,"朝霞市",""],"3510104":[11,"和光市","南"],"3510016":[11,"朝霞市","青葉台"],"3510002":[11,"朝霞市","下内間木"],"3510013":[11,"朝霞市","膝折"],"3510115":[11,"和光市","新倉"],"3510005":[11,"朝霞市","根岸台"],"3510101":[11,"和光市","白子"],"3510003":[11,"朝霞市","台"],"3510103":[11,"和光市","諏訪原団地"],"3510011":[11,"朝霞市","本町"],"3510112":[11,"和光市","丸山台"],"3510106":[11,"和光市","広沢"],"3510001":[11,"朝霞市","上内間木"],"3510105":[11,"和光市","西大和団地"],"3510113":[11,"和光市","中央"],"3510015":[11,"朝霞市","幸町"],"3510031":[11,"朝霞市","宮戸"],"3510007":[11,"朝霞市","岡"],"3510021":[11,"朝霞市","西弁財"],"3510102":[11,"和光市","諏訪"],"3510022":[11,"朝霞市","東弁財"]}
