{"4460071":[23,"安城市","今池町"],"4460035":[23,"安城市","錦町"],"4460036":[23,"安城市","小堤町"],"4460027":[23,"安城市","東明町"],"4460014":[23,"安城市","別郷町"],"4460007":[23,"安城市","東栄町"],"4460055":[23,"安城市","緑町"],"4460065":[23,"安城市","大東町"],"4460025":[23,"安城市","古井町"],"4460008":[23,"安城市","今本町"],"4460052":[23,"安城市","福釜町"],"4460045":[23,"安城市","横山町"],"4460038":[23,"安城市","末広町"],"4460002":[23,"安城市","橋目町"],"4460041":[23,"安城市","桜町"],"4460058":[23,"安城市","三河安城南町"],"4460012":[23,"安城市","西別所町"],"4460001":[23,"安城市","里町"],"4460046":[23,"安城市","赤松町"],"4460023":[23,"安城市","上条町"],"4460063":[23,"安城市","昭和町"],"4460044":[23,"安城市","百石町"],"4460005":[23,"安城市","宇頭茶屋町"],"4460018":[23,"安城市","東新町"],"4460003":[23,"安城市","柿さき町"],"4460011":[23,"安城市","北山崎町"],"4460024":[23,"安城市","河野町"],"4460064":[23,"安城市","弁天町"],"4460006":[23,"安城市","浜屋町"],"4460066":[23,"安城市","池浦町"],"4460061":[23,"安城市","新田町"],"4460037":[23,"安城市","相生町"],"4460053":[23,"安城市","高棚町"],"4460051":[23,"安城市","箕輪町"],"4460033":[23,"安城市","日の出町"],"4460062":[23,"安城市","明治本町"],"4460013":[23,"安城市","東別所町"],"4460054":[23,"安城市","二本木町"],"4460057":[23,"安城市","三河安城東町"],"4460056":[23,"安城市","三河安城町"],"4460004":[23,"安城市","尾崎町"],"4460022":[23,"安城市","浜富町"],"4460075":[23,"安城市","二本木新町"],"4460017":[23,"安城市","大岡町"],"4460015":[23,"安城市","高木町"],"4460073":[23,"安城市","篠目町"],"4460076":[23,"安城市","美園町"],"4460074":[23,"安城市","井杭山町"],"4460032":[23,"安城市","御幸本町"],"4460039":[23,"安城市","花ノ木町"],"4460034":[23,"安城市","南町"],"4460031":[23,"安城市","朝日町"],"4460059":[23,"安城市","三河安城本町"],"4460043":[23,"安城市","城南町"],"4460019":[23,"安城市","新明町"],"4460042":[23,"安城市","大山町"],"4460021":[23,"安城市","法連町"],"4460026":[23,"安城市","安城町"],"4460000":[23,"安城市",""],"4460072":[23,"安城市","住吉町"],"4460016":[23,"安城市","山崎町"]}
