{"5130804":[24,"鈴鹿市","三日市南"],"5130011":[24,"鈴鹿市","高塚町"],"5130055":[24,"鈴鹿市","上箕田町"],"5130003":[24,"鈴鹿市","加佐登町"],"5130811":[24,"鈴鹿市","柳町"],"5130826":[24,"鈴鹿市","住吉"],"5130059":[24,"鈴鹿市","林崎町"],"5130802":[24,"鈴鹿市","飯野寺家町"],"5130832":[24,"鈴鹿市","庄野東"],"5130014":[24,"鈴鹿市","高岡町"],"5130837":[24,"鈴鹿市","八野町"],"5130026":[24,"鈴鹿市","竹野町"],"5130001":[24,"鈴鹿市","広瀬町"],"5130056":[24,"鈴鹿市","上箕田"],"5130007":[24,"鈴鹿市","小田町"],"5130813":[24,"鈴鹿市","北玉垣町"],"5130022":[24,"鈴鹿市","野辺町"],"5130033":[24,"鈴鹿市","須賀町"],"5130009":[24,"鈴鹿市","中冨田町"],"5130847":[24,"鈴鹿市","平田町"],"5130854":[24,"鈴鹿市","末広北"],"5130018":[24,"鈴鹿市","上田町"],"5130034":[24,"鈴鹿市","須賀"],"5130053":[24,"鈴鹿市","中箕田町"],"5130855":[24,"鈴鹿市","石垣"],"5130036":[24,"鈴鹿市","矢橋"],"5130032":[24,"鈴鹿市","池田町"],"5130815":[24,"鈴鹿市","西玉垣町"],"5130042":[24,"鈴鹿市","長太旭町"],"5130025":[24,"鈴鹿市","竹野"],"5130833":[24,"鈴鹿市","庄野共進"],"5130019":[24,"鈴鹿市","高岡台"],"5130841":[24,"鈴鹿市","弓削町"],"5130801":[24,"鈴鹿市","神戸"],"5130834":[24,"鈴鹿市","庄野羽山"],"5130853":[24,"鈴鹿市","末広南"],"5130016":[24,"鈴鹿市","山辺町"],"5130051":[24,"鈴鹿市","下箕田町"],"5130028":[24,"鈴鹿市","岡田町"],"5130827":[24,"鈴鹿市","大池"],"5130848":[24,"鈴鹿市","平田本町"],"5130845":[24,"鈴鹿市","平田新町"],"5130057":[24,"鈴鹿市","南林崎町"],"5130052":[24,"鈴鹿市","下箕田"],"5130024":[24,"鈴鹿市","野辺"],"5130805":[24,"鈴鹿市","算所町"],"5130846":[24,"鈴鹿市","平田中町"],"5130021":[24,"鈴鹿市","甲斐町"],"5130809":[24,"鈴鹿市","西条"],"5130041":[24,"鈴鹿市","長太新町"],"5130842":[24,"鈴鹿市","弓削"],"5130049":[24,"鈴鹿市","北長太町"],"5130844":[24,"鈴鹿市","平田"],"5130004":[24,"鈴鹿市","加佐登"],"5130843":[24,"鈴鹿市","平田東町"],"5130043":[24,"鈴鹿市","長太栄町"],"5130012":[24,"鈴鹿市","石薬師町"],"5130002":[24,"鈴鹿市","津賀町"],"5130006":[24,"鈴鹿市","和泉町"],"5130044":[24,"鈴鹿市","北堀江町"],"5130027":[24,"鈴鹿市","岡田"],"5131122":[24,"鈴鹿市","花川町"],"5130819":[24,"鈴鹿市","肥田町"],"5130851":[24,"鈴鹿市","末広東"],"5130835":[24,"鈴鹿市","平野町"],"5130031":[24,"鈴鹿市","一ノ宮町"],"5130038":[24,"鈴鹿市","十宮町"],"5130000":[24,"鈴鹿市",""],"5130852":[24,"鈴鹿市","末広西"],"5130818":[24,"鈴鹿市","安塚町"],"5131123":[24,"鈴鹿市","下大久保町"],"5130807":[24,"鈴鹿市","三日市"],"5130823":[24,"鈴鹿市","道伯"],"5130013":[24,"鈴鹿市","国分町"],"5130054":[24,"鈴鹿市","中箕田"],"5130822":[24,"鈴鹿市","末広町"],"5130023":[24,"鈴鹿市","河田町"],"5130005":[24,"鈴鹿市","汲川原町"],"5130806":[24,"鈴鹿市","算所"],"5131121":[24,"鈴鹿市","岸田町"],"5130035":[24,"鈴鹿市","矢橋町"],"5130828":[24,"鈴鹿市","阿古曽町"],"5130008":[24,"鈴鹿市","西冨田町"],"5130814":[24,"鈴鹿市","東玉垣町"],"5130045":[24,"鈴鹿市","北堀江"],"5130058":[24,"鈴鹿市","林崎"],"5130048":[24,"鈴鹿市","南長太町"],"5130812":[24,"鈴鹿市","土師町"],"5130047":[24,"鈴鹿市","南堀江町"],"5130803":[24,"鈴鹿市","三日市町"],"5130817":[24,"鈴鹿市","桜島町"],"5130015":[24,"鈴鹿市","木田町"],"5130808":[24,"鈴鹿市","西條町"],"5130037":[24,"鈴鹿市","十宮"],"5131124":[24,"鈴鹿市","自由ヶ丘"],"5130824":[24,"鈴鹿市","道伯町"],"5130821":[24,"鈴鹿市","地子町"],"5130017":[24,"鈴鹿市","上野町"],"5130046":[24,"鈴鹿市","南堀江"],"5130825":[24,"鈴鹿市","住吉町"],"5130831":[24,"鈴鹿市","庄野町"],"5130836":[24,"鈴鹿市","国府町"],"5130816":[24,"鈴鹿市","南玉垣町"]}
