{"0780348":[1,"上川郡比布町","北町"],"0788366":[1,"旭川市","東光２６条"],"0788343":[1,"旭川市","東光３条"],"0788332":[1,"旭川市","南２条通"],"0783161":[1,"留萌市","留萌村"],"0783713":[1,"苫前郡苫前町","興津"],"0784118":[1,"苫前郡羽幌町","浜町"],"0780344":[1,"上川郡比布町","緑町"],"0788304":[1,"旭川市","緑が丘４条"],"0784123":[1,"苫前郡羽幌町","栄町"],"0783621":[1,"苫前郡苫前町","古丹別"],"0784114":[1,"苫前郡羽幌町","北四条"],"0781335":[1,"上川郡当麻町","緑郷"],"0788357":[1,"旭川市","東光１７条"],"0781652":[1,"上川郡愛別町","中央"],"0788316":[1,"旭川市","神楽岡６条"],"0784105":[1,"苫前郡羽幌町","南五条"],"0782641":[1,"雨竜郡雨竜町","第１０町内"],"0788801":[1,"旭川市","緑が丘東１条"],"0783307":[1,"留萌郡小平町","豊岡"],"0784101":[1,"苫前郡羽幌町","南一条"],"0783701":[1,"苫前郡苫前町","苫前"],"0782632":[1,"雨竜郡雨竜町","第２町内"],"0780153":[1,"深川市","納内町北"],"0783716":[1,"苫前郡苫前町","豊浦"],"0788320":[1,"旭川市","神楽岡１０条"],"0788812":[1,"旭川市","緑が丘南２条"],"0788346":[1,"旭川市","東光６条"],"0788315":[1,"旭川市","神楽岡５条"],"0782223":[1,"雨竜郡沼田町","北竜"],"0782204":[1,"雨竜郡沼田町","西町"],"0781412":[1,"上川郡愛別町","厚生"],"0781306":[1,"上川郡当麻町","六条西"],"0781732":[1,"上川郡上川町","共進"],"0783712":[1,"苫前郡苫前町","上平"],"0788340":[1,"旭川市","東旭川町共栄"],"0782503":[1,"雨竜郡北竜町","碧水"],"0788362":[1,"旭川市","東光２２条"],"0780333":[1,"上川郡比布町","北１３線"],"0784111":[1,"苫前郡羽幌町","北一条"],"0783638":[1,"苫前郡苫前町","三渓"],"0788804":[1,"旭川市","緑が丘東４条"],"0788331":[1,"旭川市","南１条通"],"0788218":[1,"旭川市","８条通"],"0781763":[1,"上川郡上川町","東町"],"0781711":[1,"上川郡上川町","清川"],"0784106":[1,"苫前郡羽幌町","南六条"],"0782513":[1,"雨竜郡北竜町","三谷"],"0788326":[1,"旭川市","神楽岡１６条"],"0788371":[1,"旭川市","旭神１条"],"0784132":[1,"苫前郡羽幌町","中央"],"0781341":[1,"上川郡当麻町","開明"],"0782634":[1,"雨竜郡雨竜町","第４町内"],"0783311":[1,"留萌郡小平町","花岡"],"0788336":[1,"旭川市","南６条通"],"0788243":[1,"旭川市","豊岡１３条"],"0781401":[1,"上川郡愛別町","愛別"],"0781315":[1,"上川郡当麻町","五条東"],"0781404":[1,"上川郡愛別町","北町"],"0782200":[1,"雨竜郡沼田町",""],"0782638":[1,"雨竜郡雨竜町","第８町内"],"0782105":[1,"雨竜郡秩父別町","５条"],"0788252":[1,"旭川市","東旭川北２条"],"0781274":[1,"旭川市","東旭川町瑞穂"],"0788241":[1,"旭川市","豊岡１１条"],"0788303":[1,"旭川市","緑が丘３条"],"0788815":[1,"旭川市","緑が丘南５条"],"0784411":[1,"苫前郡初山別村","有明"],"0788825":[1,"旭川市","西御料５条"],"0782511":[1,"雨竜郡北竜町","板谷"],"0788239":[1,"旭川市","豊岡９条"],"0788347":[1,"旭川市","東光７条"],"0781271":[1,"旭川市","東旭川町東桜岡"],"0788262":[1,"旭川市","東旭川南２条"],"0783455":[1,"留萌郡小平町","鬼鹿秀浦"],"0783162":[1,"留萌市","東幌町"],"0788382":[1,"旭川市","西神楽２線"],"0788344":[1,"旭川市","東光４条"],"0782108":[1,"雨竜郡秩父別町","８条"],"0782531":[1,"雨竜郡雨竜町","第５町内"],"0780327":[1,"上川郡比布町","北７線"],"0788339":[1,"旭川市","南９条通"],"0784102":[1,"苫前郡羽幌町","南二条"],"0788354":[1,"旭川市","東光１４条"],"0781303":[1,"上川郡当麻町","三条西"],"0781314":[1,"上川郡当麻町","四条東"],"0783635":[1,"苫前郡苫前町","東川"],"0783451":[1,"留萌郡小平町","鬼鹿豊浜"],"0788205":[1,"旭川市","東旭川町倉沼"],"0788330":[1,"旭川市","宮下通"],"0788322":[1,"旭川市","神楽岡１２条"],"0783304":[1,"留萌郡小平町","本郷"],"0782203":[1,"雨竜郡沼田町","本通"],"0781413":[1,"上川郡愛別町","伏古"],"0780342":[1,"上川郡比布町","西町"],"0781743":[1,"上川郡上川町","花園町"],"0788372":[1,"旭川市","旭神２条"],"0783717":[1,"苫前郡苫前町","三豊"],"0788253":[1,"旭川市","東旭川北３条"],"0784100":[1,"苫前郡羽幌町",""],"0788308":[1,"旭川市","旭神町"],"0788208":[1,"旭川市","東旭川町下兵村"],"0780154":[1,"深川市","納内町グリーンタウン"],"0781305":[1,"上川郡当麻町","五条西"],"0788341":[1,"旭川市","東光１条"],"0782651":[1,"樺戸郡新十津川町","美沢"],"0784108":[1,"苫前郡羽幌町","南大通"],"0788305":[1,"旭川市","緑が丘５条"],"0780345":[1,"上川郡比布町","南町"],"0788353":[1,"旭川市","東光１３条"],"0781651":[1,"上川郡愛別町","豊里"],"0788314":[1,"旭川市","神楽岡４条"],"0788235":[1,"旭川市","豊岡５条"],"0784110":[1,"苫前郡羽幌町","北大通"],"0783714":[1,"苫前郡苫前町","香川"],"0784122":[1,"苫前郡羽幌町","南町"],"0783453":[1,"留萌郡小平町","鬼鹿元浜"],"0781324":[1,"上川郡当麻町","四条南"],"0783636":[1,"苫前郡苫前町","霧立"],"0783305":[1,"留萌郡小平町","桑園"],"0788219":[1,"旭川市","９条通"],"0788261":[1,"旭川市","東旭川南１条"],"0782213":[1,"雨竜郡沼田町","共成"],"0783313":[1,"留萌郡小平町","平和"],"0783457":[1,"留萌郡小平町","大椴"],"0788242":[1,"旭川市","豊岡１２条"],"0781700":[1,"上川郡上川町",""],"0784117":[1,"苫前郡羽幌町","朝日"],"0784431":[1,"苫前郡初山別村","豊岬"],"0788215":[1,"旭川市","５条通"],"0788329":[1,"旭川市","宮前通東"],"0780323":[1,"上川郡比布町","北３線"],"0788349":[1,"旭川市","東光９条"],"0788212":[1,"旭川市","２条通"],"0788244":[1,"旭川市","豊岡１４条"],"0788321":[1,"旭川市","神楽岡１１条"],"0781334":[1,"上川郡当麻町","北星"],"0784140":[1,"苫前郡羽幌町","汐見"],"0782637":[1,"雨竜郡雨竜町","第７町内"],"0782222":[1,"雨竜郡沼田町","沼田"],"0780343":[1,"上川郡比布町","中町"],"0788325":[1,"旭川市","神楽岡１５条"],"0788365":[1,"旭川市","東光２５条"],"0788323":[1,"旭川市","神楽岡１３条"],"0781400":[1,"上川郡愛別町",""],"0784131":[1,"苫前郡羽幌町","寿町"],"0783711":[1,"苫前郡苫前町","旭"],"0784144":[1,"苫前郡羽幌町","曙"],"0781774":[1,"上川郡上川町","豊原"],"0782106":[1,"雨竜郡秩父別町","６条"],"0782642":[1,"雨竜郡雨竜町","第１１町内"],"0783301":[1,"留萌郡小平町","小平町"],"0788822":[1,"旭川市","西御料２条"],"0781405":[1,"上川郡愛別町","本町"],"0788381":[1,"旭川市","西神楽１線"],"0788220":[1,"旭川市","１０条通"],"0783163":[1,"留萌市","南幌町"],"0781273":[1,"旭川市","東旭川町米原"],"0788319":[1,"旭川市","神楽岡９条"],"0788273":[1,"旭川市","工業団地３条"],"0780349":[1,"上川郡比布町","寿町"],"0782109":[1,"雨竜郡秩父別町","９条"],"0780185":[1,"旭川市","神居町神居古潭"],"0788335":[1,"旭川市","南５条通"],"0783300":[1,"留萌郡小平町",""],"0788361":[1,"旭川市","東光２１条"],"0784143":[1,"苫前郡羽幌町","高台"],"0788234":[1,"旭川市","豊岡４条"],"0782221":[1,"雨竜郡沼田町","真布"],"0788251":[1,"旭川市","東旭川北１条"],"0783454":[1,"留萌郡小平町","鬼鹿広富"],"0782631":[1,"雨竜郡雨竜町","第１町内"],"0783953":[1,"苫前郡羽幌町","天売"],"0784113":[1,"苫前郡羽幌町","北三条"],"0783166":[1,"留萌市","中幌町"],"0782102":[1,"雨竜郡秩父別町","２条"],"0780326":[1,"上川郡比布町","北６線"],"0788206":[1,"旭川市","東旭川町忠別"],"0784412":[1,"苫前郡初山別村","栄"],"0784421":[1,"苫前郡初山別村","初山別"],"0788352":[1,"旭川市","東光１２条"],"0788318":[1,"旭川市","神楽岡８条"],"0788211":[1,"旭川市","１条通"],"0784121":[1,"苫前郡羽幌町","幸町"],"0781722":[1,"上川郡上川町","新光町"],"0788824":[1,"旭川市","西御料４条"],"0783164":[1,"留萌市","留萌村"],"0782212":[1,"雨竜郡沼田町","東予"],"0781744":[1,"上川郡上川町","北町"],"0780346":[1,"上川郡比布町","新町"],"0788337":[1,"旭川市","南７条通"],"0781333":[1,"上川郡当麻町","伊香牛"],"0781313":[1,"上川郡当麻町","三条東"],"0784400":[1,"苫前郡初山別村",""],"0783167":[1,"留萌市","樽真布町"],"0784104":[1,"苫前郡羽幌町","南四条"],"0782639":[1,"雨竜郡雨竜町","第９町内"],"0788313":[1,"旭川市","神楽岡３条"],"0781300":[1,"上川郡当麻町",""],"0780151":[1,"深川市","納内町"],"0788301":[1,"旭川市","緑が丘１条"],"0783309":[1,"留萌郡小平町","沖内"],"0781731":[1,"上川郡上川町","東雲"],"0788356":[1,"旭川市","東光１６条"],"0780341":[1,"上川郡比布町","市街地"],"0783951":[1,"苫前郡羽幌町","天売"],"0788275":[1,"旭川市","工業団地５条"],"0788312":[1,"旭川市","神楽岡２条"],"0781712":[1,"上川郡上川町","白川"],"0788359":[1,"旭川市","東光１９条"],"0788302":[1,"旭川市","緑が丘２条"],"0784107":[1,"苫前郡羽幌町","南七条"],"0781762":[1,"上川郡上川町","新町"],"0781775":[1,"上川郡上川町","越路"],"0784432":[1,"苫前郡初山別村","明里"],"0788221":[1,"旭川市","１１条通"],"0780328":[1,"上川郡比布町","北８線"],"0782211":[1,"雨竜郡沼田町","更新"],"0782201":[1,"雨竜郡沼田町","旭町"],"0780322":[1,"上川郡比布町","北２線"],"0788246":[1,"旭川市","豊岡１６条"],"0788348":[1,"旭川市","東光８条"],"0783302":[1,"留萌郡小平町","臼谷"],"0788214":[1,"旭川市","４条通"],"0784142":[1,"苫前郡羽幌町","上築"],"0788813":[1,"旭川市","緑が丘南３条"],"0788207":[1,"旭川市","東旭川町上兵村"],"0780321":[1,"上川郡比布町","北１線"],"0781771":[1,"上川郡上川町","中越"],"0788236":[1,"旭川市","豊岡６条"],"0783306":[1,"留萌郡小平町","菊岡"],"0783952":[1,"苫前郡羽幌町","天売"],"0781332":[1,"上川郡当麻町","宇園別"],"0782122":[1,"雨竜郡秩父別町","中山"],"0781654":[1,"上川郡愛別町","愛山町"],"0788231":[1,"旭川市","豊岡１条"],"0782111":[1,"雨竜郡秩父別町","南１条"],"0780325":[1,"上川郡比布町","北５線"],"0780335":[1,"上川郡比布町","北１５線"],"0784134":[1,"苫前郡羽幌町","上羽幌"],"0782516":[1,"雨竜郡北竜町","西川"],"0788364":[1,"旭川市","東光２４条"],"0781411":[1,"上川郡愛別町","金富"],"0783700":[1,"苫前郡苫前町",""],"0781701":[1,"上川郡上川町","層雲峡"],"0783632":[1,"苫前郡苫前町","長島"],"0782636":[1,"雨竜郡雨竜町","第６町内"],"0780311":[1,"上川郡比布町","南１線"],"0784433":[1,"苫前郡初山別村","共成"],"0788245":[1,"旭川市","豊岡１５条"],"0784112":[1,"苫前郡羽幌町","北二条"],"0788202":[1,"旭川市","東旭川町豊田"],"0780332":[1,"上川郡比布町","北１２線"],"0784130":[1,"苫前郡羽幌町","緑町"],"0788311":[1,"旭川市","神楽岡１条"],"0780300":[1,"上川郡比布町",""],"0788328":[1,"旭川市","宮前通西"],"0788271":[1,"旭川市","工業団地１条"],"0788274":[1,"旭川市","工業団地４条"],"0782225":[1,"雨竜郡沼田町","幌新"],"0788237":[1,"旭川市","豊岡７条"],"0783702":[1,"苫前郡苫前町","栄浜"],"0788203":[1,"旭川市","東旭川町日ノ出"],"0782124":[1,"雨竜郡秩父別町","南山"],"0782515":[1,"雨竜郡北竜町","竜西"],"0788823":[1,"旭川市","西御料３条"],"0782502":[1,"雨竜郡北竜町","岩村"],"0782202":[1,"雨竜郡沼田町","南一条"],"0782214":[1,"雨竜郡沼田町","高穂"],"0788334":[1,"旭川市","南４条通"],"0781773":[1,"上川郡上川町","日東"],"0782101":[1,"雨竜郡秩父別町","１条"],"0783631":[1,"苫前郡苫前町","香川"],"0781753":[1,"上川郡上川町","南町"],"0788342":[1,"旭川市","東光２条"],"0783637":[1,"苫前郡苫前町","九重"],"0788338":[1,"旭川市","南８条通"],"0788360":[1,"旭川市","東光２０条"],"0782121":[1,"雨竜郡秩父別町","滝の上"],"0781415":[1,"上川郡愛別町","徳星"],"0783955":[1,"苫前郡羽幌町","天売"],"0782224":[1,"雨竜郡沼田町","恵比島"],"0788803":[1,"旭川市","緑が丘東３条"],"0783442":[1,"留萌郡小平町","鬼鹿田代"],"0782500":[1,"雨竜郡北竜町",""],"0788351":[1,"旭川市","東光１１条"],"0784115":[1,"苫前郡羽幌町","北五条"],"0783715":[1,"苫前郡苫前町","昭和"],"0788317":[1,"旭川市","神楽岡７条"],"0783303":[1,"留萌郡小平町","豊平"],"0784422":[1,"苫前郡初山別村","千代田"],"0781741":[1,"上川郡上川町","中央町"],"0784141":[1,"苫前郡羽幌町","築別"],"0782635":[1,"雨竜郡雨竜町","第５町内"],"0788233":[1,"旭川市","豊岡３条"],"0788367":[1,"旭川市","東光２７条"],"0783634":[1,"苫前郡苫前町","岩見"],"0782206":[1,"雨竜郡沼田町","緑町"],"0788802":[1,"旭川市","緑が丘東２条"],"0788814":[1,"旭川市","緑が丘南４条"],"0781402":[1,"上川郡愛別町","東町"],"0788383":[1,"旭川市","西神楽３線"],"0788821":[1,"旭川市","西御料１条"],"0781761":[1,"上川郡上川町","旭町"],"0780186":[1,"旭川市","神居町西丘"],"0783165":[1,"留萌市","藤山町"],"0788232":[1,"旭川市","豊岡２条"],"0788272":[1,"旭川市","工業団地２条"],"0781272":[1,"旭川市","東旭川町豊田"],"0782600":[1,"雨竜郡雨竜町",""],"0784119":[1,"苫前郡羽幌町","北町"],"0784145":[1,"苫前郡羽幌町","築別炭砿"],"0782633":[1,"雨竜郡雨竜町","第３町内"],"0781733":[1,"上川郡上川町","栄町"],"0780334":[1,"上川郡比布町","北１４線"],"0788368":[1,"旭川市","東旭川町旭正"],"0788805":[1,"旭川市","緑が丘東５条"],"0782112":[1,"雨竜郡秩父別町","南２条"],"0788324":[1,"旭川市","神楽岡１４条"],"0782205":[1,"雨竜郡沼田町","北一条"],"0788358":[1,"旭川市","東光１８条"],"0788213":[1,"旭川市","３条通"],"0788333":[1,"旭川市","南３条通"],"0781337":[1,"上川郡当麻町","東"],"0783308":[1,"留萌郡小平町","岐富"],"0782100":[1,"雨竜郡秩父別町",""],"0780152":[1,"深川市","音江町"],"0783168":[1,"留萌市","幌糠町"],"0788811":[1,"旭川市","緑が丘南１条"],"0781721":[1,"上川郡上川町","菊水"],"0788363":[1,"旭川市","東光２３条"],"0783871":[1,"苫前郡羽幌町","焼尻"],"0784133":[1,"苫前郡羽幌町","平"],"0782501":[1,"雨竜郡北竜町","美葉牛"],"0781414":[1,"上川郡愛別町","協和"],"0781331":[1,"上川郡当麻町","中央"],"0782512":[1,"雨竜郡北竜町","和"],"0788240":[1,"旭川市","豊岡１０条"],"0784116":[1,"苫前郡羽幌町","北六条"],"0780329":[1,"上川郡比布町","北９線"],"0788355":[1,"旭川市","東光１５条"],"0781653":[1,"上川郡愛別町","愛山"],"0788216":[1,"旭川市","６条通"],"0780330":[1,"上川郡比布町","北１０線"],"0788373":[1,"旭川市","旭神３条"],"0783954":[1,"苫前郡羽幌町","天売"],"0784103":[1,"苫前郡羽幌町","南三条"],"0788201":[1,"旭川市","東旭川町東桜岡"],"0780310":[1,"上川郡比布町","基線"],"0781751":[1,"上川郡上川町","本町"],"0783541":[1,"苫前郡苫前町","力昼"],"0782123":[1,"雨竜郡秩父別町","東山"],"0782104":[1,"雨竜郡秩父別町","４条"],"0783633":[1,"苫前郡苫前町","小川"],"0788238":[1,"旭川市","豊岡８条"],"0783312":[1,"留萌郡小平町","富里"],"0782103":[1,"雨竜郡秩父別町","３条"],"0781403":[1,"上川郡愛別町","南町"],"0788204":[1,"旭川市","東旭川町桜岡"],"0780324":[1,"上川郡比布町","北４線"],"0781742":[1,"上川郡上川町","西町"],"0781772":[1,"上川郡上川町","天幕"],"0783456":[1,"留萌郡小平町","鬼鹿富岡"],"0788345":[1,"旭川市","東光５条"],"0788327":[1,"旭川市","神楽岡公園"],"0781316":[1,"上川郡当麻町","六条東"],"0782514":[1,"雨竜郡北竜町","恵岱別"],"0781752":[1,"上川郡上川町","川端町"],"0788350":[1,"旭川市","東光１０条"],"0784120":[1,"苫前郡羽幌町","港町"],"0781304":[1,"上川郡当麻町","四条西"],"0788217":[1,"旭川市","７条通"],"0782107":[1,"雨竜郡秩父別町","７条"],"0783452":[1,"留萌郡小平町","鬼鹿千松"],"0783441":[1,"留萌郡小平町","鬼鹿港町"],"0780331":[1,"上川郡比布町","北１１線"],"0780347":[1,"上川郡比布町","東町"]}
