{"3100003":[8,"水戸市","柳河町"],"3100014":[8,"水戸市","若宮町"],"3100901":[8,"水戸市","田野町"],"3100000":[8,"水戸市",""],"3100064":[8,"水戸市","栄町"],"3100055":[8,"水戸市","袴塚"],"3100034":[8,"水戸市","緑町"],"3100036":[8,"水戸市","新荘"],"3100822":[8,"水戸市","圷大野"],"3100066":[8,"水戸市","金町"],"3100035":[8,"水戸市","東原"],"3100001":[8,"水戸市","上河内町"],"3100904":[8,"水戸市","石川町"],"3100804":[8,"水戸市","白梅"],"3100065":[8,"水戸市","八幡町"],"3100902":[8,"水戸市","渡里町"],"3100844":[8,"水戸市","住吉町"],"3100826":[8,"水戸市","渋井町"],"3100062":[8,"水戸市","大町"],"3100063":[8,"水戸市","五軒町"],"3100042":[8,"水戸市","自由が丘"],"3100903":[8,"水戸市","堀町"],"3100068":[8,"水戸市","根本町"],"3100013":[8,"水戸市","若宮"],"3100836":[8,"水戸市","元吉田町"],"3100051":[8,"水戸市","ちとせ"],"3100803":[8,"水戸市","城南"],"3100835":[8,"水戸市","元台町"],"3100841":[8,"水戸市","酒門町"],"3100801":[8,"水戸市","桜川"],"3100054":[8,"水戸市","愛宕町"],"3100004":[8,"水戸市","青柳町"],"3100802":[8,"水戸市","柵町"],"3100812":[8,"水戸市","浜田"],"3100912":[8,"水戸市","見川"],"3100852":[8,"水戸市","笠原町"],"3100834":[8,"水戸市","宮内町"],"3100813":[8,"水戸市","浜田町"],"3100823":[8,"水戸市","東大野"],"3100914":[8,"水戸市","小吹町"],"3100043":[8,"水戸市","松が丘"],"3100846":[8,"水戸市","東野町"],"3100024":[8,"水戸市","備前町"],"3100843":[8,"水戸市","元石川町"],"3100821":[8,"水戸市","中大野"],"3100026":[8,"水戸市","泉町"],"3100025":[8,"水戸市","天王町"],"3100041":[8,"水戸市","上水戸"],"3100056":[8,"水戸市","文京"],"3100833":[8,"水戸市","藤柄町"],"3100847":[8,"水戸市","米沢町"],"3100824":[8,"水戸市","西大野"],"3100023":[8,"水戸市","下梅香"],"3100817":[8,"水戸市","柳町"],"3100825":[8,"水戸市","谷田町"],"3100913":[8,"水戸市","見川町"],"3100005":[8,"水戸市","水府町"],"3100012":[8,"水戸市","城東"],"3100832":[8,"水戸市","吉田"],"3100053":[8,"水戸市","末広町"],"3100911":[8,"水戸市","見和"],"3100044":[8,"水戸市","西原"],"3100031":[8,"水戸市","大工町"],"3100052":[8,"水戸市","松本町"],"3100815":[8,"水戸市","本町"],"3100022":[8,"水戸市","梅香"],"3100831":[8,"水戸市","朝日町"],"3100011":[8,"水戸市","三の丸"],"3100827":[8,"水戸市","吉沼町"],"3100805":[8,"水戸市","中央"],"3100045":[8,"水戸市","新原"],"3100002":[8,"水戸市","中河内町"],"3100021":[8,"水戸市","南町"],"3100816":[8,"水戸市","紺屋町"],"3100061":[8,"水戸市","北見町"],"3100811":[8,"水戸市","東桜川"],"3100814":[8,"水戸市","瓦谷"],"3100853":[8,"水戸市","平須町"],"3100015":[8,"水戸市","宮町"],"3100818":[8,"水戸市","東台"],"3100842":[8,"水戸市","けやき台"],"3100046":[8,"水戸市","曙町"],"3100851":[8,"水戸市","千波町"],"3100905":[8,"水戸市","石川"],"3100033":[8,"水戸市","常磐町"],"3100067":[8,"水戸市","根本"],"3100032":[8,"水戸市","元山町"],"3100845":[8,"水戸市","吉沢町"]}
