{"3730002":[10,"太田市","菅塩町"],"3730806":[10,"太田市","龍舞町"],"3730018":[10,"太田市","丸山町"],"3730052":[10,"太田市","寺井町"],"3730853":[10,"太田市","浜町"],"3730071":[10,"太田市","原宿町"],"3730805":[10,"太田市","八重笠町"],"3730054":[10,"太田市","長手町"],"3730804":[10,"太田市","沖之郷町"],"3730061":[10,"太田市","鳥山上町"],"3730845":[10,"太田市","泉町"],"3730035":[10,"太田市","藤久良町"],"3730828":[10,"太田市","高林西町"],"3730844":[10,"太田市","下田島町"],"3730851":[10,"太田市","飯田町"],"3730831":[10,"太田市","福沢町"],"3730027":[10,"太田市","金山町"],"3730816":[10,"太田市","東矢島町"],"3730811":[10,"太田市","安良岡町"],"3730013":[10,"太田市","市場町"],"3730036":[10,"太田市","由良町"],"3730014":[10,"太田市","植木野町"],"3730846":[10,"太田市","中根町"],"3730062":[10,"太田市","鳥山中町"],"3730028":[10,"太田市","スバル町"],"3730829":[10,"太田市","高林北町"],"3730056":[10,"太田市","八幡町"],"3730024":[10,"太田市","上小林町"],"3730031":[10,"太田市","脇屋町"],"3730032":[10,"太田市","新野町"],"3730033":[10,"太田市","西本町"],"3730051":[10,"太田市","天良町"],"3730842":[10,"太田市","細谷町"],"3730041":[10,"太田市","別所町"],"3730006":[10,"太田市","成塚町"],"3730802":[10,"太田市","矢場新町"],"3730026":[10,"太田市","東本町"],"3730025":[10,"太田市","熊野町"],"3730807":[10,"太田市","下小林町"],"3730053":[10,"太田市","鳥山町"],"3730029":[10,"太田市","韮川町"],"3730000":[10,"太田市",""],"3730819":[10,"太田市","新島町"],"3730801":[10,"太田市","台之郷町"],"3730055":[10,"太田市","大島町"],"3730034":[10,"太田市","藤阿久町"],"3730072":[10,"太田市","高瀬町"],"3730019":[10,"太田市","吉沢町"],"3730001":[10,"太田市","西長岡町"],"3730037":[10,"太田市","新道町"],"3730824":[10,"太田市","高林寿町"],"3730814":[10,"太田市","朝日町"],"3730825":[10,"太田市","高林東町"],"3730813":[10,"太田市","内ケ島町"],"3730832":[10,"太田市","富沢町"],"3730004":[10,"太田市","強戸町"],"3730038":[10,"太田市","城西町"],"3730803":[10,"太田市","矢場町"],"3730007":[10,"太田市","石橋町"],"3730063":[10,"太田市","鳥山下町"],"3730823":[10,"太田市","西矢島町"],"3730822":[10,"太田市","庄屋町"],"3730042":[10,"太田市","宝町"],"3730843":[10,"太田市","米沢町"],"3730008":[10,"太田市","鶴生田町"],"3730045":[10,"太田市","沖野町"],"3730833":[10,"太田市","牛沢町"],"3730841":[10,"太田市","岩瀬川町"],"3730809":[10,"太田市","茂木町"],"3730023":[10,"太田市","富若町"],"3730003":[10,"太田市","北金井町"],"3730021":[10,"太田市","東今泉町"],"3730011":[10,"太田市","只上町"],"3730057":[10,"太田市","本町"],"3730817":[10,"太田市","飯塚町"],"3730815":[10,"太田市","東別所町"],"3730852":[10,"太田市","新井町"],"3730847":[10,"太田市","西新町"],"3730012":[10,"太田市","清原町"],"3730827":[10,"太田市","高林南町"],"3730818":[10,"太田市","小舞木町"],"3730073":[10,"太田市","緑町"],"3730016":[10,"太田市","矢田堀町"],"3730074":[10,"太田市","上強戸町"],"3730861":[10,"太田市","南矢島町"],"3730808":[10,"太田市","石原町"],"3730821":[10,"太田市","下浜田町"],"3730862":[10,"太田市","末広町"],"3730022":[10,"太田市","東金井町"],"3730044":[10,"太田市","上田島町"],"3730826":[10,"太田市","古戸町"],"3730812":[10,"太田市","東長岡町"],"3730075":[10,"太田市","大鷲町"],"3730015":[10,"太田市","東新町"],"3730043":[10,"太田市","西野谷町"]}
