{"1200033":[13,"足立区","千住寿町"],"1200043":[13,"足立区","千住宮元町"],"1200012":[13,"足立区","青井"],"1200015":[13,"足立区","足立"],"1200044":[13,"足立区","千住緑町"],"1200002":[13,"足立区","中川"],"1200024":[13,"足立区","千住関屋町"],"1200021":[13,"足立区","日ノ出町"],"1200013":[13,"足立区","弘道"],"1200022":[13,"足立区","柳原"],"1200031":[13,"足立区","千住大川町"],"1200034":[13,"足立区","千住"],"1200032":[13,"足立区","千住柳町"],"1200046":[13,"足立区","小台"],"1200014":[13,"足立区","西綾瀬"],"1200011":[13,"足立区","中央本町"],"1200004":[13,"足立区","東綾瀬"],"1200006":[13,"足立区","谷中"],"1200026":[13,"足立区","千住旭町"],"1200003":[13,"足立区","東和"],"1200005":[13,"足立区","綾瀬"],"1200042":[13,"足立区","千住龍田町"],"1200035":[13,"足立区","千住中居町"],"1200038":[13,"足立区","千住橋戸町"],"1200037":[13,"足立区","千住河原町"],"1200047":[13,"足立区","宮城"],"1200041":[13,"足立区","千住元町"],"1200025":[13,"足立区","千住東"],"1200045":[13,"足立区","千住桜木"],"1200001":[13,"足立区","大谷田"],"1200000":[13,"足立区",""],"1200036":[13,"足立区","千住仲町"],"1200023":[13,"足立区","千住曙町"]}
