{"4550034":[23,"名古屋市港区","西倉町"],"4550044":[23,"名古屋市港区","築三町"],"4550833":[23,"名古屋市港区","宝神町"],"4550883":[23,"名古屋市港区","知多"],"4550036":[23,"名古屋市港区","浜"],"4550881":[23,"名古屋市港区","船頭場"],"4550845":[23,"名古屋市港区","野跡"],"4550885":[23,"名古屋市港区","八百島"],"4550854":[23,"名古屋市港区","藤高"],"4550811":[23,"名古屋市港区","善進町"],"4550023":[23,"名古屋市港区","東築地町"],"4550068":[23,"名古屋市港区","土古町"],"4550004":[23,"名古屋市港区","津金"],"4550017":[23,"名古屋市港区","金川町"],"4550855":[23,"名古屋市港区","藤前"],"4550005":[23,"名古屋市港区","新川町"],"4550856":[23,"名古屋市港区","川園"],"4550075":[23,"名古屋市港区","正徳町"],"4550873":[23,"名古屋市港区","春田野"],"4550834":[23,"名古屋市港区","神宮寺"],"4550071":[23,"名古屋市港区","新船町"],"4550848":[23,"名古屋市港区","金城ふ頭"],"4550027":[23,"名古屋市港区","船見町"],"4550007":[23,"名古屋市港区","南十番町"],"4550022":[23,"名古屋市港区","竜宮町"],"4550861":[23,"名古屋市港区","大西"],"4550832":[23,"名古屋市港区","宝神"],"4550841":[23,"名古屋市港区","一州町"],"4550844":[23,"名古屋市港区","潮凪町"],"4550863":[23,"名古屋市港区","新茶屋"],"4550035":[23,"名古屋市港区","熱田前新田"],"4550021":[23,"名古屋市港区","木場町"],"4550076":[23,"名古屋市港区","川間町"],"4550011":[23,"名古屋市港区","千年"],"4550842":[23,"名古屋市港区","稲永"],"4550874":[23,"名古屋市港区","西福田"],"4550847":[23,"名古屋市港区","空見町"],"4550804":[23,"名古屋市港区","当知"],"4550043":[23,"名古屋市港区","魁町"],"4550843":[23,"名古屋市港区","錦町"],"4550015":[23,"名古屋市港区","港栄"],"4550026":[23,"名古屋市港区","昭和町"],"4550008":[23,"名古屋市港区","九番町"],"4550042":[23,"名古屋市港区","佐野町"],"4550805":[23,"名古屋市港区","当知町"],"4550815":[23,"名古屋市港区","油屋町"],"4550024":[23,"名古屋市港区","大江町"],"4550835":[23,"名古屋市港区","十一屋町"],"4550801":[23,"名古屋市港区","小碓"],"4550047":[23,"名古屋市港区","中之島通"],"4550867":[23,"名古屋市港区","南陽町福田前新田"],"4550025":[23,"名古屋市港区","本星崎町"],"4550823":[23,"名古屋市港区","惟信町"],"4550012":[23,"名古屋市港区","作倉町"],"4550824":[23,"名古屋市港区","西川町"],"4550866":[23,"名古屋市港区","南陽町茶屋後新田"],"4550865":[23,"名古屋市港区","天目町"],"4550037":[23,"名古屋市港区","名港"],"4550806":[23,"名古屋市港区","明正"],"4550016":[23,"名古屋市港区","河口町"],"4550884":[23,"名古屋市港区","七反野"],"4550825":[23,"名古屋市港区","多加良浦町"],"4550052":[23,"名古屋市港区","いろは町"],"4550013":[23,"名古屋市港区","港陽"],"4550064":[23,"名古屋市港区","本宮町"],"4550053":[23,"名古屋市港区","名四町"],"4550077":[23,"名古屋市港区","小割通"],"4550876":[23,"名古屋市港区","福屋"],"4550032":[23,"名古屋市港区","入船"],"4550886":[23,"名古屋市港区","東蟹田"],"4550072":[23,"名古屋市港区","須成町"],"4550045":[23,"名古屋市港区","築地町"],"4550813":[23,"名古屋市港区","善進本町"],"4550003":[23,"名古屋市港区","辰巳町"],"4550821":[23,"名古屋市港区","高木町"],"4550078":[23,"名古屋市港区","丸池町"],"4550803":[23,"名古屋市港区","入場"],"4550041":[23,"名古屋市港区","幸町"],"4550864":[23,"名古屋市港区","小川"],"4550812":[23,"名古屋市港区","善北町"],"4550002":[23,"名古屋市港区","東海通"],"4550851":[23,"名古屋市港区","東茶屋"],"4550875":[23,"名古屋市港区","寺前町"],"4550858":[23,"名古屋市港区","西茶屋"],"4550822":[23,"名古屋市港区","甚兵衛通"],"4550862":[23,"名古屋市港区","南陽町茶屋新田"],"4550000":[23,"名古屋市港区",""],"4550887":[23,"名古屋市港区","福田"],"4550028":[23,"名古屋市港区","潮見町"],"4550857":[23,"名古屋市港区","秋葉"],"4550802":[23,"名古屋市港区","入場町"],"4550063":[23,"名古屋市港区","金船町"],"4550006":[23,"名古屋市港区","南十一番町"],"4550831":[23,"名古屋市港区","十一屋"],"4550872":[23,"名古屋市港区","西蟹田"],"4550051":[23,"名古屋市港区","中川本町"],"4550069":[23,"名古屋市港区","泰明町"],"4550001":[23,"名古屋市港区","七番町"],"4550066":[23,"名古屋市港区","寛政町"],"4550033":[23,"名古屋市港区","港町"],"4550846":[23,"名古屋市港区","汐止町"],"4550853":[23,"名古屋市港区","南陽町七島新田"],"4550056":[23,"名古屋市港区","砂美町"],"4550061":[23,"名古屋市港区","東土古町"],"4550074":[23,"名古屋市港区","正保町"],"4550055":[23,"名古屋市港区","品川町"],"4550062":[23,"名古屋市港区","小碓町"],"4550814":[23,"名古屋市港区","善南町"],"4550067":[23,"名古屋市港区","港北町"],"4550018":[23,"名古屋市港区","港明"],"4550871":[23,"名古屋市港区","南陽町福田"],"4550054":[23,"名古屋市港区","遠若町"],"4550868":[23,"名古屋市港区","南陽町西福田"],"4550882":[23,"名古屋市港区","小賀須"],"4550031":[23,"名古屋市港区","千鳥"],"4550852":[23,"名古屋市港区","七島"],"4550065":[23,"名古屋市港区","本宮新町"],"4550073":[23,"名古屋市港区","川西通"],"4550014":[23,"名古屋市港区","港楽"],"4550046":[23,"名古屋市港区","大手町"],"4550057":[23,"名古屋市港区","築盛町"]}
