{"1066011":[13,"港区","六本木泉ガーデンタワー"],"1066111":[13,"港区","六本木六本木ヒルズ森タワー"],"1066104":[13,"港区","六本木六本木ヒルズ森タワー"],"1066009":[13,"港区","六本木泉ガーデンタワー"],"1066008":[13,"港区","六本木泉ガーデンタワー"],"1066125":[13,"港区","六本木六本木ヒルズ森タワー"],"1060045":[13,"港区","麻布十番"],"1066017":[13,"港区","六本木泉ガーデンタワー"],"1066110":[13,"港区","六本木六本木ヒルズ森タワー"],"1066124":[13,"港区","六本木六本木ヒルズ森タワー"],"1066109":[13,"港区","六本木六本木ヒルズ森タワー"],"1066045":[13,"港区","六本木泉ガーデンタワー"],"1066012":[13,"港区","六本木泉ガーデンタワー"],"1066126":[13,"港区","六本木六本木ヒルズ森タワー"],"1066101":[13,"港区","六本木六本木ヒルズ森タワー"],"1066030":[13,"港区","六本木泉ガーデンタワー"],"1066123":[13,"港区","六本木六本木ヒルズ森タワー"],"1066006":[13,"港区","六本木泉ガーデンタワー"],"1066129":[13,"港区","六本木六本木ヒルズ森タワー"],"1066128":[13,"港区","六本木六本木ヒルズ森タワー"],"1066033":[13,"港区","六本木泉ガーデンタワー"],"1066150":[13,"港区","六本木六本木ヒルズ森タワー"],"1066135":[13,"港区","六本木六本木ヒルズ森タワー"],"1066121":[13,"港区","六本木六本木ヒルズ森タワー"],"1066116":[13,"港区","六本木六本木ヒルズ森タワー"],"1066153":[13,"港区","六本木六本木ヒルズ森タワー"],"1066134":[13,"港区","六本木六本木ヒルズ森タワー"],"1066122":[13,"港区","六本木六本木ヒルズ森タワー"],"1066106":[13,"港区","六本木六本木ヒルズ森タワー"],"1066118":[13,"港区","六本木六本木ヒルズ森タワー"],"1066139":[13,"港区","六本木六本木ヒルズ森タワー"],"1066034":[13,"港区","六本木泉ガーデンタワー"],"1066036":[13,"港区","六本木泉ガーデンタワー"],"1066040":[13,"港区","六本木泉ガーデンタワー"],"1066108":[13,"港区","六本木六本木ヒルズ森タワー"],"1066132":[13,"港区","六本木六本木ヒルズ森タワー"],"1066190":[13,"港区","六本木六本木ヒルズ森タワー"],"1066018":[13,"港区","六本木泉ガーデンタワー"],"1066131":[13,"港区","六本木六本木ヒルズ森タワー"],"1060043":[13,"港区","麻布永坂町"],"1066140":[13,"港区","六本木六本木ヒルズ森タワー"],"1066020":[13,"港区","六本木泉ガーデンタワー"],"1060046":[13,"港区","元麻布"],"1066014":[13,"港区","六本木泉ガーデンタワー"],"1066023":[13,"港区","六本木泉ガーデンタワー"],"1066037":[13,"港区","六本木泉ガーデンタワー"],"1066044":[13,"港区","六本木泉ガーデンタワー"],"1060042":[13,"港区","麻布狸穴町"],"1066038":[13,"港区","六本木泉ガーデンタワー"],"1066119":[13,"港区","六本木六本木ヒルズ森タワー"],"1066130":[13,"港区","六本木六本木ヒルズ森タワー"],"1066152":[13,"港区","六本木六本木ヒルズ森タワー"],"1066103":[13,"港区","六本木六本木ヒルズ森タワー"],"1066013":[13,"港区","六本木泉ガーデンタワー"],"1066143":[13,"港区","六本木六本木ヒルズ森タワー"],"1066041":[13,"港区","六本木泉ガーデンタワー"],"1066002":[13,"港区","六本木泉ガーデンタワー"],"1066035":[13,"港区","六本木泉ガーデンタワー"],"1066141":[13,"港区","六本木六本木ヒルズ森タワー"],"1060041":[13,"港区","麻布台"],"1060031":[13,"港区","西麻布"],"1066026":[13,"港区","六本木泉ガーデンタワー"],"1060047":[13,"港区","南麻布"],"1066024":[13,"港区","六本木泉ガーデンタワー"],"1066004":[13,"港区","六本木泉ガーデンタワー"],"1066149":[13,"港区","六本木六本木ヒルズ森タワー"],"1066114":[13,"港区","六本木六本木ヒルズ森タワー"],"1066021":[13,"港区","六本木泉ガーデンタワー"],"1066010":[13,"港区","六本木泉ガーデンタワー"],"1066027":[13,"港区","六本木泉ガーデンタワー"],"1066147":[13,"港区","六本木六本木ヒルズ森タワー"],"1066117":[13,"港区","六本木六本木ヒルズ森タワー"],"1066138":[13,"港区","六本木六本木ヒルズ森タワー"],"1066032":[13,"港区","六本木泉ガーデンタワー"],"1066133":[13,"港区","六本木六本木ヒルズ森タワー"],"1066142":[13,"港区","六本木六本木ヒルズ森タワー"],"1066148":[13,"港区","六本木六本木ヒルズ森タワー"],"1066115":[13,"港区","六本木六本木ヒルズ森タワー"],"1066145":[13,"港区","六本木六本木ヒルズ森タワー"],"1066025":[13,"港区","六本木泉ガーデンタワー"],"1066144":[13,"港区","六本木六本木ヒルズ森タワー"],"1066016":[13,"港区","六本木泉ガーデンタワー"],"1066127":[13,"港区","六本木六本木ヒルズ森タワー"],"1066029":[13,"港区","六本木泉ガーデンタワー"],"1066001":[13,"港区","六本木泉ガーデンタワー"],"1066137":[13,"港区","六本木六本木ヒルズ森タワー"],"1060044":[13,"港区","東麻布"],"1066146":[13,"港区","六本木六本木ヒルズ森タワー"],"1066007":[13,"港区","六本木泉ガーデンタワー"],"1060032":[13,"港区","六本木"],"1066031":[13,"港区","六本木泉ガーデンタワー"],"1066028":[13,"港区","六本木泉ガーデンタワー"],"1066003":[13,"港区","六本木泉ガーデンタワー"],"1066090":[13,"港区","六本木泉ガーデンタワー"],"1066022":[13,"港区","六本木泉ガーデンタワー"],"1066113":[13,"港区","六本木六本木ヒルズ森タワー"],"1066107":[13,"港区","六本木六本木ヒルズ森タワー"],"1066042":[13,"港区","六本木泉ガーデンタワー"],"1066005":[13,"港区","六本木泉ガーデンタワー"],"1066019":[13,"港区","六本木泉ガーデンタワー"],"1066151":[13,"港区","六本木六本木ヒルズ森タワー"],"1066039":[13,"港区","六本木泉ガーデンタワー"],"1066102":[13,"港区","六本木六本木ヒルズ森タワー"],"1066154":[13,"港区","六本木六本木ヒルズ森タワー"],"1066112":[13,"港区","六本木六本木ヒルズ森タワー"],"1066043":[13,"港区","六本木泉ガーデンタワー"],"1066120":[13,"港区","六本木六本木ヒルズ森タワー"],"1066105":[13,"港区","六本木六本木ヒルズ森タワー"],"1066015":[13,"港区","六本木泉ガーデンタワー"],"1066136":[13,"港区","六本木六本木ヒルズ森タワー"]}
