{"0070824":[1,"札幌市東区","東雁来四条"],"0070874":[1,"札幌市東区","伏古十四条"],"0070890":[1,"札幌市東区","中沼町"],"0070815":[1,"札幌市東区","東苗穂十五条"],"0070840":[1,"札幌市東区","北四十条東"],"0070030":[1,"札幌市東区","東雁来十条"],"0070865":[1,"札幌市東区","伏古五条"],"0070819":[1,"札幌市東区","東苗穂町"],"0070886":[1,"札幌市東区","北丘珠六条"],"0070836":[1,"札幌市東区","北三十六条東"],"0070031":[1,"札幌市東区","東雁来十一条"],"0070845":[1,"札幌市東区","北四十五条東"],"0070823":[1,"札幌市東区","東雁来三条"],"0070873":[1,"札幌市東区","伏古十三条"],"0070850":[1,"札幌市東区","北五十条東"],"0070868":[1,"札幌市東区","伏古八条"],"0070822":[1,"札幌市東区","東雁来二条"],"0070885":[1,"札幌市東区","北丘珠五条"],"0070851":[1,"札幌市東区","北五十一条東"],"0070872":[1,"札幌市東区","伏古十二条"],"0070003":[1,"札幌市東区","中沼三条"],"0070002":[1,"札幌市東区","中沼二条"],"0070803":[1,"札幌市東区","東苗穂三条"],"0070033":[1,"札幌市東区","東雁来十三条"],"0070843":[1,"札幌市東区","北四十三条東"],"0070814":[1,"札幌市東区","東苗穂十四条"],"0070812":[1,"札幌市東区","東苗穂十二条"],"0070802":[1,"札幌市東区","東苗穂二条"],"0070883":[1,"札幌市東区","北丘珠三条"],"0070880":[1,"札幌市東区","丘珠町"],"0070810":[1,"札幌市東区","東苗穂十条"],"0070847":[1,"札幌市東区","北四十七条東"],"0070032":[1,"札幌市東区","東雁来十二条"],"0070807":[1,"札幌市東区","東苗穂七条"],"0070811":[1,"札幌市東区","東苗穂十一条"],"0070820":[1,"札幌市東区","東雁来町"],"0070841":[1,"札幌市東区","北四十一条東"],"0070034":[1,"札幌市東区","東雁来十四条"],"0070837":[1,"札幌市東区","北三十七条東"],"0070004":[1,"札幌市東区","中沼四条"],"0070806":[1,"札幌市東区","東苗穂六条"],"0070895":[1,"札幌市東区","中沼西五条"],"0070825":[1,"札幌市東区","東雁来五条"],"0070846":[1,"札幌市東区","北四十六条東"],"0070893":[1,"札幌市東区","中沼西三条"],"0070882":[1,"札幌市東区","北丘珠二条"],"0070826":[1,"札幌市東区","東雁来六条"],"0070869":[1,"札幌市東区","伏古九条"],"0070801":[1,"札幌市東区","東苗穂一条"],"0070852":[1,"札幌市東区","栄町"],"0070894":[1,"札幌市東区","中沼西四条"],"0070864":[1,"札幌市東区","伏古四条"],"0070881":[1,"札幌市東区","北丘珠一条"],"0070849":[1,"札幌市東区","北四十九条東"],"0070006":[1,"札幌市東区","中沼六条"],"0070828":[1,"札幌市東区","東雁来八条"],"0070829":[1,"札幌市東区","東雁来九条"],"0070862":[1,"札幌市東区","伏古二条"],"0070884":[1,"札幌市東区","北丘珠四条"],"0070808":[1,"札幌市東区","東苗穂八条"],"0070861":[1,"札幌市東区","伏古一条"],"0070813":[1,"札幌市東区","東苗穂十三条"],"0070870":[1,"札幌市東区","伏古十条"],"0070005":[1,"札幌市東区","中沼五条"],"0070863":[1,"札幌市東区","伏古三条"],"0070834":[1,"札幌市東区","北三十四条東"],"0070892":[1,"札幌市東区","中沼西二条"],"0070844":[1,"札幌市東区","北四十四条東"],"0070839":[1,"札幌市東区","北三十九条東"],"0070842":[1,"札幌市東区","北四十二条東"],"0070871":[1,"札幌市東区","伏古十一条"],"0070821":[1,"札幌市東区","東雁来一条"],"0070838":[1,"札幌市東区","北三十八条東"],"0070866":[1,"札幌市東区","伏古六条"],"0070804":[1,"札幌市東区","東苗穂四条"],"0070891":[1,"札幌市東区","中沼西一条"],"0070001":[1,"札幌市東区","中沼一条"],"0070809":[1,"札幌市東区","東苗穂九条"],"0070805":[1,"札幌市東区","東苗穂五条"],"0070827":[1,"札幌市東区","東雁来七条"],"0070848":[1,"札幌市東区","北四十八条東"],"0070835":[1,"札幌市東区","北三十五条東"],"0070867":[1,"札幌市東区","伏古七条"],"0070011":[1,"札幌市東区","モエレ沼公園"]}
