{"0610603":[1,"樺戸郡浦臼町","鶴沼第３"],"0613255":[1,"石狩市","樽川五条"],"0610518":[1,"樺戸郡月形町","赤川"],"0610505":[1,"樺戸郡月形町","札比内"],"0611261":[1,"北広島市","希望ケ丘"],"0610221":[1,"石狩郡当別町","東町"],"0611426":[1,"恵庭市","幸町"],"0612273":[1,"札幌市南区","豊滝"],"0612301":[1,"札幌市南区","定山渓"],"0612283":[1,"札幌市南区","藤野三条"],"0613376":[1,"石狩市","横町"],"0610206":[1,"石狩郡当別町","川下"],"0611267":[1,"北広島市","仁別"],"0613773":[1,"石狩郡当別町","当別太"],"0611144":[1,"北広島市","白樺町"],"0610611":[1,"樺戸郡浦臼町","浦臼第１"],"0613108":[1,"石狩市","浜益区実田"],"0611441":[1,"恵庭市","住吉町"],"0610201":[1,"石狩郡当別町","青山"],"0611137":[1,"北広島市","緑陽町"],"0613248":[1,"石狩市","花川東"],"0610501":[1,"樺戸郡月形町","新生"],"0610252":[1,"石狩郡当別町","青山奥三番川"],"0611405":[1,"恵庭市","戸磯"],"0610525":[1,"樺戸郡月形町","新栄"],"0613481":[1,"石狩市","八幡町"],"0610500":[1,"樺戸郡月形町",""],"0613223":[1,"石狩市","緑苑台東三条"],"0611433":[1,"恵庭市","北柏木町"],"0610503":[1,"樺戸郡月形町","豊ケ丘"],"0613602":[1,"石狩市","厚田区押琴"],"0613372":[1,"石狩市","弁天町"],"0613606":[1,"石狩市","厚田区安瀬"],"0611421":[1,"恵庭市","牧場"],"0613483":[1,"石狩市","緑ケ原"],"0611153":[1,"北広島市","富ケ岡"],"0611134":[1,"北広島市","広葉町"],"0611111":[1,"北広島市","北の里"],"0613205":[1,"石狩市","花川南五条"],"0610223":[1,"石狩郡当別町","弥生"],"0610231":[1,"石狩郡当別町","六軒町"],"0613778":[1,"石狩郡当別町","太美南"],"0611279":[1,"北広島市","大曲並木"],"0611105":[1,"北広島市","西の里東"],"0613271":[1,"小樽市","銭函"],"0613209":[1,"石狩市","花川南九条"],"0611102":[1,"北広島市","西の里"],"0610205":[1,"石狩郡当別町","下川町"],"0610613":[1,"樺戸郡浦臼町","浦臼第３"],"0611445":[1,"恵庭市","新町"],"0611356":[1,"恵庭市","西島松"],"0613230":[1,"石狩市","緑苑台中央"],"0611121":[1,"北広島市","中央"],"0613113":[1,"石狩市","浜益区濃昼"],"0611148":[1,"北広島市","山手町"],"0613772":[1,"石狩郡当別町","獅子内"],"0613243":[1,"石狩市","新港東"],"0611123":[1,"北広島市","朝日町"],"0610616":[1,"樺戸郡浦臼町","浦臼第６"],"0613522":[1,"石狩市","厚田区嶺泊"],"0613104":[1,"石狩市","浜益区床丹"],"0613217":[1,"石狩市","花川北七条"],"0610232":[1,"石狩郡当別町","春日町"],"0613605":[1,"石狩市","厚田区別狩"],"0611127":[1,"北広島市","新富町西"],"0610502":[1,"樺戸郡月形町","北農場"],"0613367":[1,"石狩市","親船東三条"],"0610521":[1,"樺戸郡月形町","南耕地"],"0611268":[1,"北広島市","輪厚中央"],"0611365":[1,"恵庭市","穂栄"],"0611409":[1,"恵庭市","黄金南"],"0611414":[1,"恵庭市","漁町"],"0613202":[1,"石狩市","花川南二条"],"0611114":[1,"北広島市","東共栄"],"0610512":[1,"樺戸郡月形町","市南"],"0611374":[1,"恵庭市","恵み野北"],"0611270":[1,"北広島市","大曲"],"0611143":[1,"北広島市","南町"],"0613212":[1,"石狩市","花川北二条"],"0613218":[1,"石狩市","花畔"],"0611449":[1,"恵庭市","黄金中央"],"0613366":[1,"石狩市","親船東二条"],"0610504":[1,"樺戸郡月形町","新富"],"0613482":[1,"石狩市","八幡町"],"0613251":[1,"石狩市","樽川"],"0611353":[1,"恵庭市","島松本町"],"0613219":[1,"石狩市","花川"],"0611431":[1,"恵庭市","有明町"],"0610508":[1,"樺戸郡月形町","厚栄"],"0611135":[1,"北広島市","輝美町"],"0613373":[1,"石狩市","新町"],"0613601":[1,"石狩市","厚田区厚田"],"0610200":[1,"石狩郡当別町",""],"0612266":[1,"札幌市南区","簾舞六条"],"0611266":[1,"北広島市","三島"],"0612284":[1,"札幌市南区","藤野四条"],"0611362":[1,"恵庭市","中島松"],"0611442":[1,"恵庭市","緑町"],"0611103":[1,"北広島市","虹ケ丘"],"0613377":[1,"石狩市","親船町"],"0613102":[1,"石狩市","浜益区群別"],"0611400":[1,"恵庭市",""],"0611131":[1,"北広島市","美沢"],"0610225":[1,"石狩郡当別町","美里"],"0610600":[1,"樺戸郡浦臼町",""],"0613231":[1,"石狩市","緑苑台西一条"],"0610212":[1,"石狩郡当別町","金沢"],"0612264":[1,"札幌市南区","簾舞四条"],"0612302":[1,"札幌市南区","定山渓温泉東"],"0610233":[1,"石狩郡当別町","白樺町"],"0610226":[1,"石狩郡当別町","錦町"],"0613206":[1,"石狩市","花川南六条"],"0613259":[1,"石狩市","樽川九条"],"0611448":[1,"恵庭市","相生町"],"0611277":[1,"北広島市","大曲光"],"0611145":[1,"北広島市","泉町"],"0611413":[1,"恵庭市","本町"],"0611422":[1,"恵庭市","盤尻"],"0611406":[1,"恵庭市","和光町"],"0611271":[1,"北広島市","大曲中央"],"0611126":[1,"北広島市","新富町東"],"0610622":[1,"樺戸郡浦臼町","晩生内第２"],"0611401":[1,"恵庭市","漁太"],"0611434":[1,"恵庭市","柏陽町"],"0612265":[1,"札幌市南区","簾舞五条"],"0612263":[1,"札幌市南区","簾舞三条"],"0611272":[1,"北広島市","大曲末広"],"0613201":[1,"石狩市","花川南一条"],"0611354":[1,"恵庭市","島松旭町"],"0611276":[1,"北広島市","大曲緑ケ丘"],"0613484":[1,"石狩市","八幡"],"0610222":[1,"石狩郡当別町","元町"],"0610515":[1,"樺戸郡月形町","五耕地山"],"0610614":[1,"樺戸郡浦臼町","浦臼第４"],"0610253":[1,"石狩郡当別町","青山奥二番川"],"0611373":[1,"恵庭市","恵み野西"],"0610216":[1,"石狩郡当別町","栄町"],"0611361":[1,"恵庭市","林田"],"0611366":[1,"恵庭市","北島"],"0613105":[1,"石狩市","浜益区千代志別"],"0613361":[1,"石狩市","八幡"],"0613214":[1,"石狩市","花川北四条"],"0613779":[1,"石狩郡当別町","太美スターライト"],"0613281":[1,"石狩市","花畔一条"],"0613213":[1,"石狩市","花川北三条"],"0610208":[1,"石狩郡当別町","弁華別"],"0613774":[1,"石狩郡当別町","川下"],"0610528":[1,"樺戸郡月形町","月ケ岡"],"0613220":[1,"石狩市","志美"],"0612274":[1,"札幌市南区","小金湯"],"0611115":[1,"北広島市","美咲き野"],"0613101":[1,"石狩市","浜益区浜益"],"0613776":[1,"石狩郡当別町","太美町"],"0613203":[1,"石狩市","花川南三条"],"0610227":[1,"石狩郡当別町","園生"],"0610254":[1,"石狩郡当別町","青山中央"],"0611265":[1,"北広島市","島松"],"0612271":[1,"札幌市南区","藤野"],"0612276":[1,"札幌市南区","白川"],"0611146":[1,"北広島市","高台町"],"0613244":[1,"石狩市","新港南"],"0613362":[1,"石狩市","北生振"],"0610218":[1,"石狩郡当別町","樺戸町"],"0612303":[1,"札幌市南区","定山渓温泉西"],"0611278":[1,"北広島市","大曲幸町"],"0613207":[1,"石狩市","花川南七条"],"0613106":[1,"石狩市","浜益区川下"],"0610213":[1,"石狩郡当別町","東裏"],"0611274":[1,"北広島市","大曲工業団地"],"0611112":[1,"北広島市","共栄"],"0611104":[1,"北広島市","西の里北"],"0611136":[1,"北広島市","松葉町"],"0610527":[1,"樺戸郡月形町","共和"],"0610234":[1,"石狩郡当別町","西町"],"0610214":[1,"石狩郡当別町","蕨岱"],"0611427":[1,"恵庭市","美咲野"],"0613365":[1,"石狩市","親船東一条"],"0610523":[1,"樺戸郡月形町","昭栄"],"0611363":[1,"恵庭市","桜森"],"0611100":[1,"北広島市",""],"0610524":[1,"樺戸郡月形町","南新田"],"0610612":[1,"樺戸郡浦臼町","浦臼第２"],"0611443":[1,"恵庭市","栄恵町"],"0613262":[1,"石狩市","花川東二条"],"0610203":[1,"石狩郡当別町","みどり野"],"0610513":[1,"樺戸郡月形町","農事会"],"0612275":[1,"札幌市南区","砥山"],"0611125":[1,"北広島市","稲穂町東"],"0613441":[1,"石狩市","厚田区聚富"],"0612262":[1,"札幌市南区","簾舞二条"],"0613241":[1,"石狩市","新港西"],"0611402":[1,"恵庭市","春日"],"0613200":[1,"石狩市",""],"0613480":[1,"石狩市","八幡町"],"0613258":[1,"石狩市","樽川八条"],"0611435":[1,"恵庭市","中島町"],"0611447":[1,"恵庭市","福住町"],"0613253":[1,"石狩市","樽川三条"],"0613282":[1,"石狩市","花畔二条"],"0611416":[1,"恵庭市","桜町"],"0613151":[1,"石狩市","厚田区濃昼"],"0610516":[1,"樺戸郡月形町","知来乙"],"0613232":[1,"石狩市","緑苑台西二条"],"0613521":[1,"石狩市","厚田区古潭"],"0610623":[1,"樺戸郡浦臼町","晩生内第３"],"0613374":[1,"石狩市","仲町"],"0613111":[1,"石狩市","浜益区毘砂別"],"0610618":[1,"樺戸郡浦臼町","浦臼第８"],"0611151":[1,"北広島市","東の里"],"0610507":[1,"樺戸郡月形町","南札比内"],"0610615":[1,"樺戸郡浦臼町","浦臼第５"],"0611352":[1,"恵庭市","島松仲町"],"0613210":[1,"石狩市","花川南十条"],"0611403":[1,"恵庭市","中央"],"0611372":[1,"恵庭市","恵み野南"],"0611364":[1,"恵庭市","下島松"],"0613221":[1,"石狩市","緑苑台東一条"],"0613777":[1,"石狩郡当別町","スウェーデンヒルズ"],"0613331":[1,"石狩市","厚田区聚富"],"0613283":[1,"石狩市","花畔三条"],"0611407":[1,"恵庭市","黄金北"],"0612285":[1,"札幌市南区","藤野五条"],"0611273":[1,"北広島市","大曲柏葉"],"0610207":[1,"石狩郡当別町","上当別"],"0613215":[1,"石狩市","花川北五条"],"0611101":[1,"北広島市","中の沢"],"0611417":[1,"恵庭市","駒場町"],"0613109":[1,"石狩市","浜益区御料地"],"0610217":[1,"石狩郡当別町","幸町"],"0610522":[1,"樺戸郡月形町","月浜"],"0613375":[1,"石狩市","本町"],"0610211":[1,"石狩郡当別町","中小屋"],"0611425":[1,"恵庭市","文京町"],"0612272":[1,"札幌市南区","簾舞"],"0613368":[1,"石狩市","美登位"],"0611351":[1,"恵庭市","島松東町"],"0613245":[1,"石狩市","生振"],"0610517":[1,"樺戸郡月形町","北郷"],"0613363":[1,"石狩市","若生町"],"0613371":[1,"石狩市","浜町"],"0610526":[1,"樺戸郡月形町","新田"],"0610228":[1,"石狩郡当別町","緑町"],"0613256":[1,"石狩市","樽川六条"],"0613284":[1,"石狩市","花畔四条"],"0611264":[1,"北広島市","輪厚"],"0611106":[1,"北広島市","西の里南"],"0611412":[1,"恵庭市","白樺町"],"0610602":[1,"樺戸郡浦臼町","鶴沼第２"],"0613242":[1,"石狩市","新港中央"],"0613775":[1,"石狩郡当別町","ビトエ"],"0610235":[1,"石狩郡当別町","北栄町"],"0612282":[1,"札幌市南区","藤野二条"],"0612261":[1,"札幌市南区","簾舞一条"],"0610215":[1,"石狩郡当別町","対雁"],"0610202":[1,"石狩郡当別町","茂平沢"],"0611154":[1,"北広島市","南の里"],"0611415":[1,"恵庭市","泉町"],"0612286":[1,"札幌市南区","藤野六条"],"0613222":[1,"石狩市","緑苑台東二条"],"0611423":[1,"恵庭市","柏木町"],"0611444":[1,"恵庭市","京町"],"0613771":[1,"石狩郡当別町","高岡"],"0611355":[1,"恵庭市","島松寿町"],"0613208":[1,"石狩市","花川南八条"],"0613107":[1,"石狩市","浜益区柏木"],"0611133":[1,"北広島市","栄町"],"0610514":[1,"樺戸郡月形町","麻生"],"0613378":[1,"石狩市","船場町"],"0610621":[1,"樺戸郡浦臼町","晩生内第１"],"0611124":[1,"北広島市","稲穂町西"],"0613254":[1,"石狩市","樽川四条"],"0613103":[1,"石狩市","浜益区幌"],"0613204":[1,"石狩市","花川南四条"],"0611432":[1,"恵庭市","恵央町"],"0613112":[1,"石狩市","浜益区送毛"],"0611424":[1,"恵庭市","大町"],"0611141":[1,"北広島市","青葉町"],"0611446":[1,"恵庭市","末広町"],"0611371":[1,"恵庭市","恵み野東"],"0610506":[1,"樺戸郡月形町","新宮"],"0611132":[1,"北広島市","北進町"],"0613261":[1,"石狩市","花川東一条"],"0613332":[1,"石狩市","厚田区虹が原"],"0610601":[1,"樺戸郡浦臼町","鶴沼第１"],"0611142":[1,"北広島市","若葉町"],"0613523":[1,"石狩市","厚田区望来"],"0610224":[1,"石狩郡当別町","末広"],"0611411":[1,"恵庭市","恵南"],"0611113":[1,"北広島市","共栄町"],"0610511":[1,"樺戸郡月形町","市北"],"0611269":[1,"北広島市","輪厚元町"],"0613211":[1,"石狩市","花川北一条"],"0611147":[1,"北広島市","里見町"],"0613216":[1,"石狩市","花川北六条"],"0612281":[1,"札幌市南区","藤野一条"],"0613603":[1,"石狩市","厚田区小谷"],"0611404":[1,"恵庭市","上山口"],"0610617":[1,"樺戸郡浦臼町","浦臼第７"],"0610251":[1,"石狩郡当別町","青山奥四番川"],"0611152":[1,"北広島市","中の沢"],"0611375":[1,"恵庭市","南島松"],"0613257":[1,"石狩市","樽川七条"],"0611122":[1,"北広島市","広島"],"0611275":[1,"北広島市","大曲南ケ丘"],"0610204":[1,"石狩郡当別町","若葉"]}
