{"0810151":[1,"上川郡新得町","屈足旭町"],"0810039":[1,"上川郡新得町","新内"],"0810343":[1,"河東郡鹿追町","瓜幕南"],"0810217":[1,"河東郡鹿追町","鹿追基線"],"0810227":[1,"河東郡鹿追町","幌内西"],"0810005":[1,"上川郡新得町","本通北"],"0810342":[1,"河東郡鹿追町","瓜幕東"],"0810031":[1,"上川郡新得町","西一条南"],"0810034":[1,"上川郡新得町","西四条南"],"0810033":[1,"上川郡新得町","西三条南"],"0810014":[1,"上川郡新得町","四条南"],"0810225":[1,"河東郡鹿追町","柏ケ丘"],"0810153":[1,"上川郡新得町","屈足南町"],"0810163":[1,"上川郡新得町","屈足緑町"],"0810162":[1,"上川郡新得町","屈足柏町東"],"0810156":[1,"上川郡新得町","屈足幸町西"],"0810344":[1,"河東郡鹿追町","北瓜幕"],"0810228":[1,"河東郡鹿追町","美蔓西"],"0810001":[1,"上川郡新得町","一条北"],"0810216":[1,"河東郡鹿追町","鹿追北"],"0810035":[1,"上川郡新得町","上佐幌"],"0810013":[1,"上川郡新得町","三条南"],"0810215":[1,"河東郡鹿追町","鹿追南"],"0810015":[1,"上川郡新得町","五条南"],"0810224":[1,"河東郡鹿追町","元町"],"0810155":[1,"上川郡新得町","屈足幸町"],"0810003":[1,"上川郡新得町","三条北"],"0810008":[1,"上川郡新得町","本通南"],"0810012":[1,"上川郡新得町","二条南"],"0810205":[1,"河東郡鹿追町","西笹川"],"0810345":[1,"河東郡鹿追町","中瓜幕西"],"0810201":[1,"河東郡鹿追町","新町"],"0810341":[1,"河東郡鹿追町","瓜幕西"],"0810000":[1,"上川郡新得町",""],"0810211":[1,"河東郡鹿追町","仲町"],"0810164":[1,"上川郡新得町","屈足緑町西"],"0810204":[1,"河東郡鹿追町","笹川北"],"0810223":[1,"河東郡鹿追町","南町"],"0810036":[1,"上川郡新得町","下佐幌"],"0810226":[1,"河東郡鹿追町","上幌内"],"0810152":[1,"上川郡新得町","屈足旭町東"],"0810038":[1,"上川郡新得町","新得"],"0810212":[1,"河東郡鹿追町","泉町"],"0810011":[1,"上川郡新得町","一条南"],"0810006":[1,"上川郡新得町","栄町"],"0810032":[1,"上川郡新得町","西二条南"],"0810214":[1,"河東郡鹿追町","北鹿追北"],"0810346":[1,"河東郡鹿追町","東瓜幕西"],"0810203":[1,"河東郡鹿追町","緑町"],"0810002":[1,"上川郡新得町","二条北"],"0810222":[1,"河東郡鹿追町","東町"],"0810023":[1,"上川郡新得町","西三条北"],"0810200":[1,"河東郡鹿追町",""],"0810161":[1,"上川郡新得町","屈足柏町"],"0810022":[1,"上川郡新得町","西二条北"],"0810202":[1,"河東郡鹿追町","北町"],"0810021":[1,"上川郡新得町","西一条北"],"0810154":[1,"上川郡新得町","屈足"],"0810213":[1,"河東郡鹿追町","西町"],"0810007":[1,"上川郡新得町","元町"],"0810037":[1,"上川郡新得町","拓鉄"],"0810221":[1,"河東郡鹿追町","栄町"],"0810218":[1,"河東郡鹿追町","上然別西"]}
