{"0050002":[1,"札幌市南区","澄川二条"],"0050035":[1,"札幌市南区","南三十五条西"],"0050007":[1,"札幌市南区","澄川"],"0050803":[1,"札幌市南区","川沿三条"],"0050823":[1,"札幌市南区","南沢三条"],"0050815":[1,"札幌市南区","川沿十五条"],"0050850":[1,"札幌市南区","石山東"],"0050037":[1,"札幌市南区","南三十七条西"],"0050012":[1,"札幌市南区","真駒内上町"],"0050814":[1,"札幌市南区","川沿十四条"],"0050006":[1,"札幌市南区","澄川六条"],"0050015":[1,"札幌市南区","真駒内泉町"],"0050831":[1,"札幌市南区","中ノ沢"],"0050840":[1,"札幌市南区","藤野"],"0050041":[1,"札幌市南区","藻岩山"],"0050841":[1,"札幌市南区","石山一条"],"0050842":[1,"札幌市南区","石山二条"],"0050805":[1,"札幌市南区","川沿五条"],"0050808":[1,"札幌市南区","川沿八条"],"0050825":[1,"札幌市南区","南沢五条"],"0050809":[1,"札幌市南区","川沿九条"],"0050824":[1,"札幌市南区","南沢四条"],"0050830":[1,"札幌市南区","砥石山"],"0050003":[1,"札幌市南区","澄川三条"],"0050018":[1,"札幌市南区","真駒内曙町"],"0050040":[1,"札幌市南区","藻岩下"],"0050021":[1,"札幌市南区","真駒内本町"],"0050863":[1,"札幌市南区","常盤"],"0050016":[1,"札幌市南区","真駒内南町"],"0050812":[1,"札幌市南区","川沿十二条"],"0050030":[1,"札幌市南区","南三十条西"],"0050804":[1,"札幌市南区","川沿四条"],"0050801":[1,"札幌市南区","川沿一条"],"0050862":[1,"札幌市南区","滝野"],"0050818":[1,"札幌市南区","川沿十八条"],"0050001":[1,"札幌市南区","澄川一条"],"0050022":[1,"札幌市南区","真駒内柏丘"],"0050816":[1,"札幌市南区","川沿十六条"],"0050013":[1,"札幌市南区","真駒内緑町"],"0050811":[1,"札幌市南区","川沿十一条"],"0050827":[1,"札幌市南区","南沢"],"0050826":[1,"札幌市南区","南沢六条"],"0050000":[1,"札幌市南区",""],"0050008":[1,"札幌市南区","真駒内"],"0050821":[1,"札幌市南区","南沢一条"],"0050813":[1,"札幌市南区","川沿十三条"],"0050853":[1,"札幌市南区","常盤三条"],"0050017":[1,"札幌市南区","真駒内公園"],"0050807":[1,"札幌市南区","川沿七条"],"0050855":[1,"札幌市南区","常盤五条"],"0050806":[1,"札幌市南区","川沿六条"],"0050865":[1,"札幌市南区","常盤"],"0050851":[1,"札幌市南区","常盤一条"],"0050014":[1,"札幌市南区","真駒内幸町"],"0050033":[1,"札幌市南区","南三十三条西"],"0050032":[1,"札幌市南区","南三十二条西"],"0050011":[1,"札幌市南区","真駒内東町"],"0050031":[1,"札幌市南区","南三十一条西"],"0050802":[1,"札幌市南区","川沿二条"],"0050844":[1,"札幌市南区","石山四条"],"0050004":[1,"札幌市南区","澄川四条"],"0050817":[1,"札幌市南区","川沿十七条"],"0050005":[1,"札幌市南区","澄川五条"],"0050832":[1,"札幌市南区","北ノ沢"],"0050810":[1,"札幌市南区","川沿十条"],"0050038":[1,"札幌市南区","南三十八条西"],"0050861":[1,"札幌市南区","真駒内"],"0050034":[1,"札幌市南区","南三十四条西"],"0050864":[1,"札幌市南区","芸術の森"],"0050852":[1,"札幌市南区","常盤二条"],"0050039":[1,"札幌市南区","南三十九条西"],"0050843":[1,"札幌市南区","石山三条"],"0050822":[1,"札幌市南区","南沢二条"],"0050849":[1,"札幌市南区","石山"],"0050036":[1,"札幌市南区","南三十六条西"],"0050854":[1,"札幌市南区","常盤四条"],"0050856":[1,"札幌市南区","常盤六条"]}
