{"0770224":[1,"増毛郡増毛町","南畠中町"],"0770022":[1,"留萌市","堀川町"],"0770034":[1,"留萌市","平和台"],"0770216":[1,"増毛郡増毛町","暑寒沢"],"0770223":[1,"増毛郡増毛町","南永寿町"],"0770007":[1,"留萌市","栄町"],"0770222":[1,"増毛郡増毛町","見晴町"],"0770215":[1,"増毛郡増毛町","暑寒町"],"0770131":[1,"増毛郡増毛町","阿分"],"0770225":[1,"増毛郡増毛町","南暑寒町"],"0770208":[1,"増毛郡増毛町","湯の沢"],"0770035":[1,"留萌市","礼受町"],"0770038":[1,"留萌市","寿町"],"0770021":[1,"留萌市","高砂町"],"0770465":[1,"留萌郡小平町","寧楽"],"0770006":[1,"留萌市","末広町"],"0770463":[1,"留萌郡小平町","達布"],"0770024":[1,"留萌市","千鳥町"],"0770464":[1,"留萌郡小平町","住吉"],"0770002":[1,"留萌市","塩見町"],"0770205":[1,"増毛郡増毛町","弁天町"],"0770016":[1,"留萌市","元川町"],"0770042":[1,"留萌市","開運町"],"0770025":[1,"留萌市","野本町"],"0770005":[1,"留萌市","船場町"],"0770031":[1,"留萌市","幸町"],"0770132":[1,"増毛郡増毛町","舎熊"],"0770204":[1,"増毛郡増毛町","稲葉町"],"0770014":[1,"留萌市","南町"],"0770003":[1,"留萌市","春日町"],"0770026":[1,"留萌市","泉町"],"0770344":[1,"増毛郡増毛町","岩老"],"0770004":[1,"留萌市","元町"],"0770211":[1,"増毛郡増毛町","暑寒海岸町"],"0770212":[1,"増毛郡増毛町","七源町"],"0770462":[1,"留萌郡小平町","滝下"],"0770200":[1,"増毛郡増毛町",""],"0770048":[1,"留萌市","大町"],"0770013":[1,"留萌市","潮静"],"0770213":[1,"増毛郡増毛町","畠中北町"],"0770209":[1,"増毛郡増毛町","舎熊"],"0770015":[1,"留萌市","緑ケ丘町"],"0770032":[1,"留萌市","宮園町"],"0770133":[1,"増毛郡増毛町","信砂"],"0770044":[1,"留萌市","錦町"],"0770341":[1,"増毛郡増毛町","雄冬"],"0770214":[1,"増毛郡増毛町","畠中町"],"0770461":[1,"留萌郡小平町","川上"],"0770047":[1,"留萌市","瀬越町"],"0770028":[1,"留萌市","花園町"],"0770046":[1,"留萌市","港町"],"0770001":[1,"留萌市","三泊町"],"0770206":[1,"増毛郡増毛町","中歌"],"0770043":[1,"留萌市","旭町"],"0770203":[1,"増毛郡増毛町","稲葉海岸町"],"0770011":[1,"留萌市","東雲町"],"0770345":[1,"増毛郡増毛町","岩尾"],"0770221":[1,"増毛郡増毛町","港町"],"0770218":[1,"増毛郡増毛町","栄町"],"0770023":[1,"留萌市","五十嵐町"],"0770466":[1,"留萌郡小平町","平和"],"0770041":[1,"留萌市","明元町"],"0770033":[1,"留萌市","見晴町"],"0770207":[1,"増毛郡増毛町","箸別"],"0770202":[1,"増毛郡増毛町","野塚町"],"0770037":[1,"留萌市","沖見町"],"0770351":[1,"石狩市","浜益区雄冬"],"0770134":[1,"増毛郡増毛町","御料"],"0770012":[1,"留萌市","大和田"],"0770201":[1,"増毛郡増毛町","永寿町"],"0770045":[1,"留萌市","本町"],"0770000":[1,"留萌市",""],"0770036":[1,"留萌市","浜中町"],"0770217":[1,"増毛郡増毛町","別苅"],"0770027":[1,"留萌市","住之江町"]}
