{"1631039":[13,"新宿区","西新宿新宿パークタワー"],"1630520":[13,"新宿区","西新宿新宿野村ビル"],"1630245":[13,"新宿区","西新宿新宿住友ビル"],"1630630":[13,"新宿区","西新宿新宿センタービル"],"1630650":[13,"新宿区","西新宿新宿センタービル"],"1630421":[13,"新宿区","西新宿新宿三井ビル"],"1630406":[13,"新宿区","西新宿新宿三井ビル"],"1631002":[13,"新宿区","西新宿新宿パークタワー"],"1630633":[13,"新宿区","西新宿新宿センタービル"],"1631505":[13,"新宿区","西新宿新宿エルタワー"],"1636032":[13,"新宿区","西新宿住友不動産新宿オークタワー"],"1630826":[13,"新宿区","西新宿新宿ＮＳビル"],"1631031":[13,"新宿区","西新宿新宿パークタワー"],"1636012":[13,"新宿区","西新宿住友不動産新宿オークタワー"],"1631312":[13,"新宿区","西新宿新宿アイランドタワー"],"1631324":[13,"新宿区","西新宿新宿アイランドタワー"],"1630228":[13,"新宿区","西新宿新宿住友ビル"],"1630902":[13,"新宿区","西新宿新宿モノリス"],"1631305":[13,"新宿区","西新宿新宿アイランドタワー"],"1636027":[13,"新宿区","西新宿住友不動産新宿オークタワー"],"1630927":[13,"新宿区","西新宿新宿モノリス"],"1630543":[13,"新宿区","西新宿新宿野村ビル"],"1630808":[13,"新宿区","西新宿新宿ＮＳビル"],"1630603":[13,"新宿区","西新宿新宿センタービル"],"1630230":[13,"新宿区","西新宿新宿住友ビル"],"1631048":[13,"新宿区","西新宿新宿パークタワー"],"1630823":[13,"新宿区","西新宿新宿ＮＳビル"],"1631440":[13,"新宿区","西新宿東京オペラシティ"],"1631343":[13,"新宿区","西新宿新宿アイランドタワー"],"1631043":[13,"新宿区","西新宿新宿パークタワー"],"1630416":[13,"新宿区","西新宿新宿三井ビル"],"1631129":[13,"新宿区","西新宿新宿スクエアタワー"],"1630636":[13,"新宿区","西新宿新宿センタービル"],"1631403":[13,"新宿区","西新宿東京オペラシティ"],"1630243":[13,"新宿区","西新宿新宿住友ビル"],"1630611":[13,"新宿区","西新宿新宿センタービル"],"1630719":[13,"新宿区","西新宿小田急第一生命ビル"],"1631052":[13,"新宿区","西新宿新宿パークタワー"],"1630817":[13,"新宿区","西新宿新宿ＮＳビル"],"1630415":[13,"新宿区","西新宿新宿三井ビル"],"1630238":[13,"新宿区","西新宿新宿住友ビル"],"1631102":[13,"新宿区","西新宿新宿スクエアタワー"],"1630907":[13,"新宿区","西新宿新宿モノリス"],"1631013":[13,"新宿区","西新宿新宿パークタワー"],"1630428":[13,"新宿区","西新宿新宿三井ビル"],"1631429":[13,"新宿区","西新宿東京オペラシティ"],"1636015":[13,"新宿区","西新宿住友不動産新宿オークタワー"],"1631112":[13,"新宿区","西新宿新宿スクエアタワー"],"1631337":[13,"新宿区","西新宿新宿アイランドタワー"],"1631422":[13,"新宿区","西新宿東京オペラシティ"],"1630419":[13,"新宿区","西新宿新宿三井ビル"],"1636026":[13,"新宿区","西新宿住友不動産新宿オークタワー"],"1630217":[13,"新宿区","西新宿新宿住友ビル"],"1630711":[13,"新宿区","西新宿小田急第一生命ビル"],"1631016":[13,"新宿区","西新宿新宿パークタワー"],"1630450":[13,"新宿区","西新宿新宿三井ビル"],"1631520":[13,"新宿区","西新宿新宿エルタワー"],"1636036":[13,"新宿区","西新宿住友不動産新宿オークタワー"],"1630642":[13,"新宿区","西新宿新宿センタービル"],"1630514":[13,"新宿区","西新宿新宿野村ビル"],"1630505":[13,"新宿区","西新宿新宿野村ビル"],"1630717":[13,"新宿区","西新宿小田急第一生命ビル"],"1631019":[13,"新宿区","西新宿新宿パークタワー"],"1630542":[13,"新宿区","西新宿新宿野村ビル"],"1631417":[13,"新宿区","西新宿東京オペラシティ"],"1630620":[13,"新宿区","西新宿新宿センタービル"],"1631513":[13,"新宿区","西新宿新宿エルタワー"],"1631118":[13,"新宿区","西新宿新宿スクエアタワー"],"1630204":[13,"新宿区","西新宿新宿住友ビル"],"1630643":[13,"新宿区","西新宿新宿センタービル"],"1636028":[13,"新宿区","西新宿住友不動産新宿オークタワー"],"1631516":[13,"新宿区","西新宿新宿エルタワー"],"1630521":[13,"新宿区","西新宿新宿野村ビル"],"1631311":[13,"新宿区","西新宿新宿アイランドタワー"],"1631009":[13,"新宿区","西新宿新宿パークタワー"],"1630244":[13,"新宿区","西新宿新宿住友ビル"],"1631108":[13,"新宿区","西新宿新宿スクエアタワー"],"1630453":[13,"新宿区","西新宿新宿三井ビル"],"1630490":[13,"新宿区","西新宿新宿三井ビル"],"1630233":[13,"新宿区","西新宿新宿住友ビル"],"1631327":[13,"新宿区","西新宿新宿アイランドタワー"],"1630526":[13,"新宿区","西新宿新宿野村ビル"],"1631010":[13,"新宿区","西新宿新宿パークタワー"],"1636031":[13,"新宿区","西新宿住友不動産新宿オークタワー"],"1630434":[13,"新宿区","西新宿新宿三井ビル"],"1630513":[13,"新宿区","西新宿新宿野村ビル"],"1630401":[13,"新宿区","西新宿新宿三井ビル"],"1630539":[13,"新宿区","西新宿新宿野村ビル"],"1630652":[13,"新宿区","西新宿新宿センタービル"],"1630634":[13,"新宿区","西新宿新宿センタービル"],"1631044":[13,"新宿区","西新宿新宿パークタワー"],"1630544":[13,"新宿区","西新宿新宿野村ビル"],"1631332":[13,"新宿区","西新宿新宿アイランドタワー"],"1631304":[13,"新宿区","西新宿新宿アイランドタワー"],"1630824":[13,"新宿区","西新宿新宿ＮＳビル"],"1630641":[13,"新宿区","西新宿新宿センタービル"],"1631027":[13,"新宿区","西新宿新宿パークタワー"],"1630443":[13,"新宿区","西新宿新宿三井ビル"],"1630223":[13,"新宿区","西新宿新宿住友ビル"],"1631090":[13,"新宿区","西新宿新宿パークタワー"],"1630215":[13,"新宿区","西新宿新宿住友ビル"],"1631342":[13,"新宿区","西新宿新宿アイランドタワー"],"1630251":[13,"新宿区","西新宿新宿住友ビル"],"1631441":[13,"新宿区","西新宿東京オペラシティ"],"1630710":[13,"新宿区","西新宿小田急第一生命ビル"],"1636016":[13,"新宿区","西新宿住友不動産新宿オークタワー"],"1631101":[13,"新宿区","西新宿新宿スクエアタワー"],"1630414":[13,"新宿区","西新宿新宿三井ビル"],"1630610":[13,"新宿区","西新宿新宿センタービル"],"1630242":[13,"新宿区","西新宿新宿住友ビル"],"1636090":[13,"新宿区","西新宿住友不動産新宿オークタワー"],"1630928":[13,"新宿区","西新宿新宿モノリス"],"1630915":[13,"新宿区","西新宿新宿モノリス"],"1631439":[13,"新宿区","西新宿東京オペラシティ"],"1636010":[13,"新宿区","西新宿住友不動産新宿オークタワー"],"1630418":[13,"新宿区","西新宿新宿三井ビル"],"1631120":[13,"新宿区","西新宿新宿スクエアタワー"],"1630510":[13,"新宿区","西新宿新宿野村ビル"],"1631442":[13,"新宿区","西新宿東京オペラシティ"],"1631423":[13,"新宿区","西新宿東京オペラシティ"],"1630909":[13,"新宿区","西新宿新宿モノリス"],"1630427":[13,"新宿区","西新宿新宿三井ビル"],"1631334":[13,"新宿区","西新宿新宿アイランドタワー"],"1631454":[13,"新宿区","西新宿東京オペラシティ"],"1630806":[13,"新宿区","西新宿新宿ＮＳビル"],"1630440":[13,"新宿区","西新宿新宿三井ビル"],"1631444":[13,"新宿区","西新宿東京オペラシティ"],"1631416":[13,"新宿区","西新宿東京オペラシティ"],"1636030":[13,"新宿区","西新宿住友不動産新宿オークタワー"],"1630918":[13,"新宿区","西新宿新宿モノリス"],"1630216":[13,"新宿区","西新宿新宿住友ビル"],"1630448":[13,"新宿区","西新宿新宿三井ビル"],"1630207":[13,"新宿区","西新宿新宿住友ビル"],"1631045":[13,"新宿区","西新宿新宿パークタワー"],"1631117":[13,"新宿区","西新宿新宿スクエアタワー"],"1630890":[13,"新宿区","西新宿新宿ＮＳビル"],"1631111":[13,"新宿区","西新宿新宿スクエアタワー"],"1631012":[13,"新宿区","西新宿新宿パークタワー"],"1631504":[13,"新宿区","西新宿新宿エルタワー"],"1630506":[13,"新宿区","西新宿新宿野村ビル"],"1631026":[13,"新宿区","西新宿新宿パークタワー"],"1636009":[13,"新宿区","西新宿住友不動産新宿オークタワー"],"1630252":[13,"新宿区","西新宿新宿住友ビル"],"1630908":[13,"新宿区","西新宿新宿モノリス"],"1636035":[13,"新宿区","西新宿住友不動産新宿オークタワー"],"1630814":[13,"新宿区","西新宿新宿ＮＳビル"],"1630236":[13,"新宿区","西新宿新宿住友ビル"],"1630644":[13,"新宿区","西新宿新宿センタービル"],"1636021":[13,"新宿区","西新宿住友不動産新宿オークタワー"],"1631515":[13,"新宿区","西新宿新宿エルタワー"],"1636008":[13,"新宿区","西新宿住友不動産新宿オークタワー"],"1630608":[13,"新宿区","西新宿新宿センタービル"],"1631017":[13,"新宿区","西新宿新宿パークタワー"],"1631114":[13,"新宿区","西新宿新宿スクエアタワー"],"1631107":[13,"新宿区","西新宿新宿スクエアタワー"],"1631121":[13,"新宿区","西新宿新宿スクエアタワー"],"1631310":[13,"新宿区","西新宿新宿アイランドタワー"],"1631401":[13,"新宿区","西新宿東京オペラシティ"],"1631437":[13,"新宿区","西新宿東京オペラシティ"],"1631109":[13,"新宿区","西新宿新宿スクエアタワー"],"1630618":[13,"新宿区","西新宿新宿センタービル"],"1630404":[13,"新宿区","西新宿新宿三井ビル"],"1631011":[13,"新宿区","西新宿新宿パークタワー"],"1630516":[13,"新宿区","西新宿新宿野村ビル"],"1630452":[13,"新宿区","西新宿新宿三井ビル"],"1631003":[13,"新宿区","西新宿新宿パークタワー"],"1630226":[13,"新宿区","西新宿新宿住友ビル"],"1631411":[13,"新宿区","西新宿東京オペラシティ"],"1630549":[13,"新宿区","西新宿新宿野村ビル"],"1630531":[13,"新宿区","西新宿新宿野村ビル"],"1631307":[13,"新宿区","西新宿新宿アイランドタワー"],"1631029":[13,"新宿区","西新宿新宿パークタワー"],"1630653":[13,"新宿区","西新宿新宿センタービル"],"1630631":[13,"新宿区","西新宿新宿センタービル"],"1631333":[13,"新宿区","西新宿新宿アイランドタワー"],"1630523":[13,"新宿区","西新宿新宿野村ビル"],"1630821":[13,"新宿区","西新宿新宿ＮＳビル"],"1630546":[13,"新宿区","西新宿新宿野村ビル"],"1630924":[13,"新宿区","西新宿新宿モノリス"],"1630412":[13,"新宿区","西新宿新宿三井ビル"],"1630405":[13,"新宿区","西新宿新宿三井ビル"],"1630725":[13,"新宿区","西新宿小田急第一生命ビル"],"1630512":[13,"新宿区","西新宿新宿野村ビル"],"1630705":[13,"新宿区","西新宿小田急第一生命ビル"],"1631430":[13,"新宿区","西新宿東京オペラシティ"],"1631451":[13,"新宿区","西新宿東京オペラシティ"],"1631119":[13,"新宿区","西新宿新宿スクエアタワー"],"1631438":[13,"新宿区","西新宿東京オペラシティ"],"1631014":[13,"新宿区","西新宿新宿パークタワー"],"1630929":[13,"新宿区","西新宿新宿モノリス"],"1630507":[13,"新宿区","西新宿新宿野村ビル"],"1631323":[13,"新宿区","西新宿新宿アイランドタワー"],"1631443":[13,"新宿区","西新宿東京オペラシティ"],"1631503":[13,"新宿区","西新宿新宿エルタワー"],"1630227":[13,"新宿区","西新宿新宿住友ビル"],"1636029":[13,"新宿区","西新宿住友不動産新宿オークタワー"],"1630911":[13,"新宿区","西新宿新宿モノリス"],"1630210":[13,"新宿区","西新宿新宿住友ビル"],"1630437":[13,"新宿区","西新宿新宿三井ビル"],"1631046":[13,"新宿区","西新宿新宿パークタワー"],"1630713":[13,"新宿区","西新宿小田急第一生命ビル"],"1631522":[13,"新宿区","西新宿新宿エルタワー"],"1631408":[13,"新宿区","西新宿東京オペラシティ"],"1630502":[13,"新宿区","西新宿新宿野村ビル"],"1630221":[13,"新宿区","西新宿新宿住友ビル"],"1631445":[13,"新宿区","西新宿東京オペラシティ"],"1631335":[13,"新宿区","西新宿新宿アイランドタワー"],"1631420":[13,"新宿区","西新宿東京オペラシティ"],"1631529":[13,"新宿区","西新宿新宿エルタワー"],"1631510":[13,"新宿区","西新宿新宿エルタワー"],"1636024":[13,"新宿区","西新宿住友不動産新宿オークタワー"],"1630524":[13,"新宿区","西新宿新宿野村ビル"],"1630623":[13,"新宿区","西新宿新宿センタービル"],"1630527":[13,"新宿区","西新宿新宿野村ビル"],"1630910":[13,"新宿区","西新宿新宿モノリス"],"1631030":[13,"新宿区","西新宿新宿パークタワー"],"1630609":[13,"新宿区","西新宿新宿センタービル"],"1630515":[13,"新宿区","西新宿新宿野村ビル"],"1631521":[13,"新宿区","西新宿新宿エルタワー"],"1631524":[13,"新宿区","西新宿新宿エルタワー"],"1630590":[13,"新宿区","西新宿新宿野村ビル"],"1630726":[13,"新宿区","西新宿小田急第一生命ビル"],"1630229":[13,"新宿区","西新宿新宿住友ビル"],"1630602":[13,"新宿区","西新宿新宿センタービル"],"1631001":[13,"新宿区","西新宿新宿パークタワー"],"1630619":[13,"新宿区","西新宿新宿センタービル"],"1631409":[13,"新宿区","西新宿東京オペラシティ"],"1631301":[13,"新宿区","西新宿新宿アイランドタワー"],"1630249":[13,"新宿区","西新宿新宿住友ビル"],"1636011":[13,"新宿区","西新宿住友不動産新宿オークタワー"],"1631038":[13,"新宿区","西新宿新宿パークタワー"],"1631122":[13,"新宿区","西新宿新宿スクエアタワー"],"1630530":[13,"新宿区","西新宿新宿野村ビル"],"1631509":[13,"新宿区","西新宿新宿エルタワー"],"1630454":[13,"新宿区","西新宿新宿三井ビル"],"1636023":[13,"新宿区","西新宿住友不動産新宿オークタワー"],"1630923":[13,"新宿区","西新宿新宿モノリス"],"1630624":[13,"新宿区","西新宿新宿センタービル"],"1630822":[13,"新宿区","西新宿新宿ＮＳビル"],"1630420":[13,"新宿区","西新宿新宿三井ビル"],"1630533":[13,"新宿区","西新宿新宿野村ビル"],"1631502":[13,"新宿区","西新宿新宿エルタワー"],"1630417":[13,"新宿区","西新宿新宿三井ビル"],"1631024":[13,"新宿区","西新宿新宿パークタワー"],"1631004":[13,"新宿区","西新宿新宿パークタワー"],"1631306":[13,"新宿区","西新宿新宿アイランドタワー"],"1630449":[13,"新宿区","西新宿新宿三井ビル"],"1630639":[13,"新宿区","西新宿新宿センタービル"],"1631446":[13,"新宿区","西新宿東京オペラシティ"],"1631330":[13,"新宿区","西新宿新宿アイランドタワー"],"1631317":[13,"新宿区","西新宿新宿アイランドタワー"],"1630541":[13,"新宿区","西新宿新宿野村ビル"],"1630426":[13,"新宿区","西新宿新宿三井ビル"],"1630425":[13,"新宿区","西新宿新宿三井ビル"],"1631113":[13,"新宿区","西新宿新宿スクエアタワー"],"1630518":[13,"新宿区","西新宿新宿野村ビル"],"1630241":[13,"新宿区","西新宿新宿住友ビル"],"1630508":[13,"新宿区","西新宿新宿野村ビル"],"1630446":[13,"新宿区","西新宿新宿三井ビル"],"1630239":[13,"新宿区","西新宿新宿住友ビル"],"1630712":[13,"新宿区","西新宿小田急第一生命ビル"],"1631436":[13,"新宿区","西新宿東京オペラシティ"],"1631426":[13,"新宿区","西新宿東京オペラシティ"],"1631322":[13,"新宿区","西新宿新宿アイランドタワー"],"1630905":[13,"新宿区","西新宿新宿モノリス"],"1636006":[13,"新宿区","西新宿住友不動産新宿オークタワー"],"1630632":[13,"新宿区","西新宿新宿センタービル"],"1630231":[13,"新宿区","西新宿新宿住友ビル"],"1630629":[13,"新宿区","西新宿新宿センタービル"],"1630601":[13,"新宿区","西新宿新宿センタービル"],"1631518":[13,"新宿区","西新宿新宿エルタワー"],"1630220":[13,"新宿区","西新宿新宿住友ビル"],"1631321":[13,"新宿区","西新宿新宿アイランドタワー"],"1631047":[13,"新宿区","西新宿新宿パークタワー"],"1630804":[13,"新宿区","西新宿新宿ＮＳビル"],"1630435":[13,"新宿区","西新宿新宿三井ビル"],"1630525":[13,"新宿区","西新宿新宿野村ビル"],"1630436":[13,"新宿区","西新宿新宿三井ビル"],"1630205":[13,"新宿区","西新宿新宿住友ビル"],"1636007":[13,"新宿区","西新宿住友不動産新宿オークタワー"],"1630912":[13,"新宿区","西新宿新宿モノリス"],"1630917":[13,"新宿区","西新宿新宿モノリス"],"1631431":[13,"新宿区","西新宿東京オペラシティ"],"1631421":[13,"新宿区","西新宿東京オペラシティ"],"1630407":[13,"新宿区","西新宿新宿三井ビル"],"1630218":[13,"新宿区","西新宿新宿住友ビル"],"1631025":[13,"新宿区","西新宿新宿パークタワー"],"1631508":[13,"新宿区","西新宿新宿エルタワー"],"1631340":[13,"新宿区","西新宿新宿アイランドタワー"],"1631051":[13,"新宿区","西新宿新宿パークタワー"],"1631123":[13,"新宿区","西新宿新宿スクエアタワー"],"1631450":[13,"新宿区","西新宿東京オペラシティ"],"1631316":[13,"新宿区","西新宿新宿アイランドタワー"],"1630208":[13,"新宿区","西新宿新宿住友ビル"],"1630430":[13,"新宿区","西新宿新宿三井ビル"],"1630517":[13,"新宿区","西新宿新宿野村ビル"],"1631418":[13,"新宿区","西新宿東京オペラシティ"],"1630714":[13,"新宿区","西新宿小田急第一生命ビル"],"1631106":[13,"新宿区","西新宿新宿スクエアタワー"],"1630914":[13,"新宿区","西新宿新宿モノリス"],"1630703":[13,"新宿区","西新宿小田急第一生命ビル"],"1631344":[13,"新宿区","西新宿新宿アイランドタワー"],"1630234":[13,"新宿区","西新宿新宿住友ビル"],"1631015":[13,"新宿区","西新宿新宿パークタワー"],"1630534":[13,"新宿区","西新宿新宿野村ビル"],"1631447":[13,"新宿区","西新宿東京オペラシティ"],"1631125":[13,"新宿区","西新宿新宿スクエアタワー"],"1630621":[13,"新宿区","西新宿新宿センタービル"],"1631022":[13,"新宿区","西新宿新宿パークタワー"],"1630240":[13,"新宿区","西新宿新宿住友ビル"],"1630402":[13,"新宿区","西新宿新宿三井ビル"],"1631402":[13,"新宿区","西新宿東京オペラシティ"],"1630614":[13,"新宿区","西新宿新宿センタービル"],"1630647":[13,"新宿区","西新宿新宿センタービル"],"1630410":[13,"新宿区","西新宿新宿三井ビル"],"1630707":[13,"新宿区","西新宿小田急第一生命ビル"],"1631435":[13,"新宿区","西新宿東京オペラシティ"],"1630455":[13,"新宿区","西新宿新宿三井ビル"],"1631427":[13,"新宿区","西新宿東京オペラシティ"],"1631008":[13,"新宿区","西新宿新宿パークタワー"],"1630812":[13,"新宿区","西新宿新宿ＮＳビル"],"1630724":[13,"新宿区","西新宿小田急第一生命ビル"],"1630424":[13,"新宿区","西新宿新宿三井ビル"],"1631309":[13,"新宿区","西新宿新宿アイランドタワー"],"1630202":[13,"新宿区","西新宿新宿住友ビル"],"1631432":[13,"新宿区","西新宿東京オペラシティ"],"1630829":[13,"新宿区","西新宿新宿ＮＳビル"],"1631331":[13,"新宿区","西新宿新宿アイランドタワー"],"1636019":[13,"新宿区","西新宿住友不動産新宿オークタワー"],"1630212":[13,"新宿区","西新宿新宿住友ビル"],"1631512":[13,"新宿区","西新宿新宿エルタワー"],"1631005":[13,"新宿区","西新宿新宿パークタワー"],"1636013":[13,"新宿区","西新宿住友不動産新宿オークタワー"],"1631329":[13,"新宿区","西新宿新宿アイランドタワー"],"1630625":[13,"新宿区","西新宿新宿センタービル"],"1631410":[13,"新宿区","西新宿東京オペラシティ"],"1630439":[13,"新宿区","西新宿新宿三井ビル"],"1631036":[13,"新宿区","西新宿新宿パークタワー"],"1630906":[13,"新宿区","西新宿新宿モノリス"],"1631448":[13,"新宿区","西新宿東京オペラシティ"],"1631320":[13,"新宿区","西新宿新宿アイランドタワー"],"1631523":[13,"新宿区","西新宿新宿エルタワー"],"1630248":[13,"新宿区","西新宿新宿住友ビル"],"1630805":[13,"新宿区","西新宿新宿ＮＳビル"],"1630501":[13,"新宿区","西新宿新宿野村ビル"],"1631453":[13,"新宿区","西新宿東京オペラシティ"],"1631040":[13,"新宿区","西新宿新宿パークタワー"],"1630203":[13,"新宿区","西新宿新宿住友ビル"],"1630922":[13,"新宿区","西新宿新宿モノリス"],"1636005":[13,"新宿区","西新宿住友不動産新宿オークタワー"],"1631124":[13,"新宿区","西新宿新宿スクエアタワー"],"1631037":[13,"新宿区","西新宿新宿パークタワー"],"1630237":[13,"新宿区","西新宿新宿住友ビル"],"1630645":[13,"新宿区","西新宿新宿センタービル"],"1631526":[13,"新宿区","西新宿新宿エルタワー"],"1630921":[13,"新宿区","西新宿新宿モノリス"],"1630715":[13,"新宿区","西新宿小田急第一生命ビル"],"1630622":[13,"新宿区","西新宿新宿センタービル"],"1630224":[13,"新宿区","西新宿新宿住友ビル"],"1631449":[13,"新宿区","西新宿東京オペラシティ"],"1631105":[13,"新宿区","西新宿新宿スクエアタワー"],"1630815":[13,"新宿区","西新宿新宿ＮＳビル"],"1630990":[13,"新宿区","西新宿新宿モノリス"],"1631433":[13,"新宿区","西新宿東京オペラシティ"],"1630704":[13,"新宿区","西新宿小田急第一生命ビル"],"1630519":[13,"新宿区","西新宿新宿野村ビル"],"1630820":[13,"新宿区","西新宿新宿ＮＳビル"],"1630807":[13,"新宿区","西新宿新宿ＮＳビル"],"1631390":[13,"新宿区","西新宿新宿アイランドタワー"],"1631130":[13,"新宿区","西新宿新宿スクエアタワー"],"1630903":[13,"新宿区","西新宿新宿モノリス"],"1630626":[13,"新宿区","西新宿新宿センタービル"],"1631104":[13,"新宿区","西新宿新宿スクエアタワー"],"1631517":[13,"新宿区","西新宿新宿エルタワー"],"1631413":[13,"新宿区","西新宿東京オペラシティ"],"1630617":[13,"新宿区","西新宿新宿センタービル"],"1630247":[13,"新宿区","西新宿新宿住友ビル"],"1636022":[13,"新宿区","西新宿住友不動産新宿オークタワー"],"1631050":[13,"新宿区","西新宿新宿パークタワー"],"1630528":[13,"新宿区","西新宿新宿野村ビル"],"1630818":[13,"新宿区","西新宿新宿ＮＳビル"],"1631511":[13,"新宿区","西新宿新宿エルタワー"],"1631338":[13,"新宿区","西新宿新宿アイランドタワー"],"1630706":[13,"新宿区","西新宿小田急第一生命ビル"],"1630721":[13,"新宿区","西新宿小田急第一生命ビル"],"1630648":[13,"新宿区","西新宿新宿センタービル"],"1630607":[13,"新宿区","西新宿新宿センタービル"],"1631006":[13,"新宿区","西新宿新宿パークタワー"],"1631590":[13,"新宿区","西新宿新宿エルタワー"],"1636034":[13,"新宿区","西新宿住友不動産新宿オークタワー"],"1630447":[13,"新宿区","西新宿新宿三井ビル"],"1630646":[13,"新宿区","西新宿新宿センタービル"],"1630532":[13,"新宿区","西新宿新宿野村ビル"],"1631424":[13,"新宿区","西新宿東京オペラシティ"],"1636014":[13,"新宿区","西新宿住友不動産新宿オークタワー"],"1631126":[13,"新宿区","西新宿新宿スクエアタワー"],"1630423":[13,"新宿区","西新宿新宿三井ビル"],"1631501":[13,"新宿区","西新宿新宿エルタワー"],"1630511":[13,"新宿区","西新宿新宿野村ビル"],"1630444":[13,"新宿区","西新宿新宿三井ビル"],"1636004":[13,"新宿区","西新宿住友不動産新宿オークタワー"],"1631407":[13,"新宿区","西新宿東京オペラシティ"],"1630438":[13,"新宿区","西新宿新宿三井ビル"],"1630211":[13,"新宿区","西新宿新宿住友ビル"],"1630802":[13,"新宿区","西新宿新宿ＮＳビル"],"1631328":[13,"新宿区","西新宿新宿アイランドタワー"],"1631490":[13,"新宿区","西新宿東京オペラシティ"],"1630545":[13,"新宿区","西新宿新宿野村ビル"],"1630637":[13,"新宿区","西新宿新宿センタービル"],"1631315":[13,"新宿区","西新宿新宿アイランドタワー"],"1630535":[13,"新宿区","西新宿新宿野村ビル"],"1630290":[13,"新宿区","西新宿新宿住友ビル"],"1630413":[13,"新宿区","西新宿新宿三井ビル"],"1630904":[13,"新宿区","西新宿新宿モノリス"],"1631452":[13,"新宿区","西新宿東京オペラシティ"],"1636025":[13,"新宿区","西新宿住友不動産新宿オークタワー"],"1630522":[13,"新宿区","西新宿新宿野村ビル"],"1636038":[13,"新宿区","西新宿住友不動産新宿オークタワー"],"1630408":[13,"新宿区","西新宿新宿三井ビル"],"1631041":[13,"新宿区","西新宿新宿パークタワー"],"1630720":[13,"新宿区","西新宿小田急第一生命ビル"],"1636017":[13,"新宿区","西新宿住友不動産新宿オークタワー"],"1630649":[13,"新宿区","西新宿新宿センタービル"],"1630550":[13,"新宿区","西新宿新宿野村ビル"],"1630925":[13,"新宿区","西新宿新宿モノリス"],"1630442":[13,"新宿区","西新宿新宿三井ビル"],"1630916":[13,"新宿区","西新宿新宿モノリス"],"1630615":[13,"新宿区","西新宿新宿センタービル"],"1630612":[13,"新宿区","西新宿新宿センタービル"],"1631103":[13,"新宿区","西新宿新宿スクエアタワー"],"1636033":[13,"新宿区","西新宿住友不動産新宿オークタワー"],"1630433":[13,"新宿区","西新宿新宿三井ビル"],"1631127":[13,"新宿区","西新宿新宿スクエアタワー"],"1630701":[13,"新宿区","西新宿小田急第一生命ビル"],"1630640":[13,"新宿区","西新宿新宿センタービル"],"1631404":[13,"新宿区","西新宿東京オペラシティ"],"1631116":[13,"新宿区","西新宿新宿スクエアタワー"],"1630819":[13,"新宿区","西新宿新宿ＮＳビル"],"1630232":[13,"新宿区","西新宿新宿住友ビル"],"1631528":[13,"新宿区","西新宿新宿エルタワー"],"1630920":[13,"新宿区","西新宿新宿モノリス"],"1630722":[13,"新宿区","西新宿小田急第一生命ビル"],"1630604":[13,"新宿区","西新宿新宿センタービル"],"1631531":[13,"新宿区","西新宿新宿エルタワー"],"1631339":[13,"新宿区","西新宿新宿アイランドタワー"],"1630222":[13,"新宿区","西新宿新宿住友ビル"],"1631434":[13,"新宿区","西新宿東京オペラシティ"],"1631028":[13,"新宿区","西新宿新宿パークタワー"],"1631425":[13,"新宿区","西新宿東京オペラシティ"],"1631303":[13,"新宿区","西新宿新宿アイランドタワー"],"1630627":[13,"新宿区","西新宿新宿センタービル"],"1630441":[13,"新宿区","西新宿新宿三井ビル"],"1636020":[13,"新宿区","西新宿住友不動産新宿オークタワー"],"1631190":[13,"新宿区","西新宿新宿スクエアタワー"],"1631034":[13,"新宿区","西新宿新宿パークタワー"],"1631412":[13,"新宿区","西新宿東京オペラシティ"],"1630613":[13,"新宿区","西新宿新宿センタービル"],"1631525":[13,"新宿区","西新宿新宿エルタワー"],"1630503":[13,"新宿区","西新宿新宿野村ビル"],"1630540":[13,"新宿区","西新宿新宿野村ビル"],"1631415":[13,"新宿区","西新宿東京オペラシティ"],"1631313":[13,"新宿区","西新宿新宿アイランドタワー"],"1630901":[13,"新宿区","西新宿新宿モノリス"],"1631507":[13,"新宿区","西新宿新宿エルタワー"],"1630536":[13,"新宿区","西新宿新宿野村ビル"],"1631314":[13,"新宿区","西新宿新宿アイランドタワー"],"1631023":[13,"新宿区","西新宿新宿パークタワー"],"1630930":[13,"新宿区","西新宿新宿モノリス"],"1630919":[13,"新宿区","西新宿新宿モノリス"],"1630628":[13,"新宿区","西新宿新宿センタービル"],"1630811":[13,"新宿区","西新宿新宿ＮＳビル"],"1631308":[13,"新宿区","西新宿新宿アイランドタワー"],"1630654":[13,"新宿区","西新宿新宿センタービル"],"1630638":[13,"新宿区","西新宿新宿センタービル"],"1630537":[13,"新宿区","西新宿新宿野村ビル"],"1631032":[13,"新宿区","西新宿新宿パークタワー"],"1630422":[13,"新宿区","西新宿新宿三井ビル"],"1630690":[13,"新宿区","西新宿新宿センタービル"],"1630548":[13,"新宿区","西新宿新宿野村ビル"],"1636037":[13,"新宿区","西新宿住友不動産新宿オークタワー"],"1630827":[13,"新宿区","西新宿新宿ＮＳビル"],"1630445":[13,"新宿区","西新宿新宿三井ビル"],"1630509":[13,"新宿区","西新宿新宿野村ビル"],"1630801":[13,"新宿区","西新宿新宿ＮＳビル"],"1631419":[13,"新宿区","西新宿東京オペラシティ"],"1631341":[13,"新宿区","西新宿新宿アイランドタワー"],"1631042":[13,"新宿区","西新宿新宿パークタワー"],"1630403":[13,"新宿区","西新宿新宿三井ビル"],"1630803":[13,"新宿区","西新宿新宿ＮＳビル"],"1630616":[13,"新宿区","西新宿新宿センタービル"],"1631530":[13,"新宿区","西新宿新宿エルタワー"],"1630830":[13,"新宿区","西新宿新宿ＮＳビル"],"1631318":[13,"新宿区","西新宿新宿アイランドタワー"],"1630219":[13,"新宿区","西新宿新宿住友ビル"],"1631021":[13,"新宿区","西新宿新宿パークタワー"],"1636001":[13,"新宿区","西新宿住友不動産新宿オークタワー"],"1630225":[13,"新宿区","西新宿新宿住友ビル"],"1630651":[13,"新宿区","西新宿新宿センタービル"],"1631414":[13,"新宿区","西新宿東京オペラシティ"],"1630702":[13,"新宿区","西新宿小田急第一生命ビル"],"1631527":[13,"新宿区","西新宿新宿エルタワー"],"1636018":[13,"新宿区","西新宿住友不動産新宿オークタワー"],"1636003":[13,"新宿区","西新宿住友不動産新宿オークタワー"],"1630246":[13,"新宿区","西新宿新宿住友ビル"],"1631506":[13,"新宿区","西新宿新宿エルタワー"],"1630411":[13,"新宿区","西新宿新宿三井ビル"],"1630913":[13,"新宿区","西新宿新宿モノリス"],"1631115":[13,"新宿区","西新宿新宿スクエアタワー"],"1630206":[13,"新宿区","西新宿新宿住友ビル"],"1631128":[13,"新宿区","西新宿新宿スクエアタワー"],"1631325":[13,"新宿区","西新宿新宿アイランドタワー"],"1631519":[13,"新宿区","西新宿新宿エルタワー"],"1631336":[13,"新宿区","西新宿新宿アイランドタワー"],"1630809":[13,"新宿区","西新宿新宿ＮＳビル"],"1630708":[13,"新宿区","西新宿小田急第一生命ビル"],"1630235":[13,"新宿区","西新宿新宿住友ビル"],"1630926":[13,"新宿区","西新宿新宿モノリス"],"1630201":[13,"新宿区","西新宿新宿住友ビル"],"1630431":[13,"新宿区","西新宿新宿三井ビル"],"1630432":[13,"新宿区","西新宿新宿三井ビル"],"1630606":[13,"新宿区","西新宿新宿センタービル"],"1630209":[13,"新宿区","西新宿新宿住友ビル"],"1631406":[13,"新宿区","西新宿東京オペラシティ"],"1631514":[13,"新宿区","西新宿新宿エルタワー"],"1636002":[13,"新宿区","西新宿住友不動産新宿オークタワー"],"1631018":[13,"新宿区","西新宿新宿パークタワー"],"1631302":[13,"新宿区","西新宿新宿アイランドタワー"],"1631428":[13,"新宿区","西新宿東京オペラシティ"],"1630213":[13,"新宿区","西新宿新宿住友ビル"],"1630409":[13,"新宿区","西新宿新宿三井ビル"],"1630250":[13,"新宿区","西新宿新宿住友ビル"],"1630214":[13,"新宿区","西新宿新宿住友ビル"],"1630813":[13,"新宿区","西新宿新宿ＮＳビル"],"1630605":[13,"新宿区","西新宿新宿センタービル"],"1630504":[13,"新宿区","西新宿新宿野村ビル"],"1631110":[13,"新宿区","西新宿新宿スクエアタワー"],"1631033":[13,"新宿区","西新宿新宿パークタワー"],"1631007":[13,"新宿区","西新宿新宿パークタワー"],"1630529":[13,"新宿区","西新宿新宿野村ビル"],"1630429":[13,"新宿区","西新宿新宿三井ビル"],"1630718":[13,"新宿区","西新宿小田急第一生命ビル"],"1630709":[13,"新宿区","西新宿小田急第一生命ビル"],"1631319":[13,"新宿区","西新宿新宿アイランドタワー"],"1630635":[13,"新宿区","西新宿新宿センタービル"],"1631405":[13,"新宿区","西新宿東京オペラシティ"],"1630825":[13,"新宿区","西新宿新宿ＮＳビル"],"1630723":[13,"新宿区","西新宿小田急第一生命ビル"],"1631020":[13,"新宿区","西新宿新宿パークタワー"],"1630790":[13,"新宿区","西新宿小田急第一生命ビル"],"1630451":[13,"新宿区","西新宿新宿三井ビル"],"1630828":[13,"新宿区","西新宿新宿ＮＳビル"],"1631326":[13,"新宿区","西新宿新宿アイランドタワー"],"1630716":[13,"新宿区","西新宿小田急第一生命ビル"],"1631049":[13,"新宿区","西新宿新宿パークタワー"],"1630547":[13,"新宿区","西新宿新宿野村ビル"],"1630816":[13,"新宿区","西新宿新宿ＮＳビル"],"1630810":[13,"新宿区","西新宿新宿ＮＳビル"],"1631035":[13,"新宿区","西新宿新宿パークタワー"],"1630538":[13,"新宿区","西新宿新宿野村ビル"]}
