{"4450824":[23,"西尾市","和泉町"],"4450822":[23,"西尾市","伊文町"],"4450071":[23,"西尾市","熊味町"],"4450081":[23,"西尾市","志籠谷町"],"4450051":[23,"西尾市","天竹町"],"4450012":[23,"西尾市","下羽角町"],"4450876":[23,"西尾市","住崎町"],"4450853":[23,"西尾市","桜木町"],"4450056":[23,"西尾市","斉藤町"],"4450894":[23,"西尾市","上町"],"4450835":[23,"西尾市","肴町"],"4450851":[23,"西尾市","住吉町"],"4450011":[23,"西尾市","上羽角町"],"4450014":[23,"西尾市","つくしが丘"],"4450865":[23,"西尾市","本町"],"4450887":[23,"西尾市","長縄町"],"4450054":[23,"西尾市","平口町"],"4450813":[23,"西尾市","若松町"],"4450074":[23,"西尾市","戸ケ崎町"],"4450082":[23,"西尾市","八ツ面町"],"4450864":[23,"西尾市","錦城町"],"4450883":[23,"西尾市","下道目記町"],"4450072":[23,"西尾市","徳次町"],"4450877":[23,"西尾市","山下町"],"4450045":[23,"西尾市","十郎島町"],"4450886":[23,"西尾市","針曽根町"],"4450062":[23,"西尾市","丁田町"],"4450875":[23,"西尾市","深池町"],"4450034":[23,"西尾市","善明町"],"4450052":[23,"西尾市","横手町"],"4450823":[23,"西尾市","神下町"],"4450833":[23,"西尾市","天王町"],"4450805":[23,"西尾市","鶴城町"],"4450035":[23,"西尾市","花蔵寺町"],"4450084":[23,"西尾市","志貴野町"],"4450003":[23,"西尾市","東浅井町"],"4450874":[23,"西尾市","菱池町"],"4450879":[23,"西尾市","住崎"],"4450843":[23,"西尾市","天神町"],"4450885":[23,"西尾市","行用町"],"4450857":[23,"西尾市","北旭町"],"4450024":[23,"西尾市","大和田町"],"4450846":[23,"西尾市","千歳町"],"4450871":[23,"西尾市","永吉町"],"4450046":[23,"西尾市","須脇町"],"4450814":[23,"西尾市","新屋敷町"],"4450804":[23,"西尾市","緑町"],"4450854":[23,"西尾市","永楽町"],"4450026":[23,"西尾市","江原町"],"4450061":[23,"西尾市","寄近町"],"4450055":[23,"西尾市","市子町"],"4450803":[23,"西尾市","桜町"],"4450077":[23,"西尾市","新渡場町"],"4450852":[23,"西尾市","花ノ木町"],"4450063":[23,"西尾市","今川町"],"4450083":[23,"西尾市","中原町"],"4450021":[23,"西尾市","駒場町"],"4450855":[23,"西尾市","南旭町"],"4450842":[23,"西尾市","弥生町"],"4450832":[23,"西尾市","瓦町"],"4450027":[23,"西尾市","尾花町"],"4450057":[23,"西尾市","野々宮町"],"4450812":[23,"西尾市","道光寺"],"4450075":[23,"西尾市","戸ケ崎"],"4450892":[23,"西尾市","法光寺町"],"4450837":[23,"西尾市","鶴ケ崎町"],"4450866":[23,"西尾市","塩町"],"4450032":[23,"西尾市","平原町"],"4450863":[23,"西尾市","葵町"],"4450891":[23,"西尾市","下町"],"4450893":[23,"西尾市","小間町"],"4450862":[23,"西尾市","須田町"],"4450856":[23,"西尾市","高砂町"],"4450064":[23,"西尾市","高畠町"],"4450881":[23,"西尾市","熱池町"],"4450878":[23,"西尾市","新在家"],"4450043":[23,"西尾市","鵜ケ池町"],"4450004":[23,"西尾市","西浅井町"],"4450001":[23,"西尾市","高落町"],"4450845":[23,"西尾市","鶴舞町"],"4450872":[23,"西尾市","矢曽根町"],"4450005":[23,"西尾市","米野町"],"4450006":[23,"西尾市","小島町"],"4450836":[23,"西尾市","中町"],"4450847":[23,"西尾市","亀沢町"],"4450841":[23,"西尾市","馬場町"],"4450821":[23,"西尾市","矢場町"],"4450802":[23,"西尾市","米津町"],"4450033":[23,"西尾市","室町"],"4450844":[23,"西尾市","末広町"],"4450811":[23,"西尾市","道光寺町"],"4450870":[23,"西尾市","永吉"],"4450065":[23,"西尾市","城崎町"],"4450807":[23,"西尾市","伊藤"],"4450815":[23,"西尾市","菅原町"],"4450002":[23,"西尾市","新村町"],"4450076":[23,"西尾市","新渡場"],"4450801":[23,"西尾市","南中根町"],"4450022":[23,"西尾市","岡島町"],"4450025":[23,"西尾市","和気町"],"4450042":[23,"西尾市","宅野島町"],"4450000":[23,"西尾市",""],"4450017":[23,"西尾市","上永良町"],"4450806":[23,"西尾市","伊藤町"],"4450831":[23,"西尾市","大給町"],"4450023":[23,"西尾市","高河原町"],"4450053":[23,"西尾市","笹曽根町"],"4450047":[23,"西尾市","細池町"],"4450073":[23,"西尾市","寄住町"],"4450041":[23,"西尾市","小焼野町"],"4450884":[23,"西尾市","八ケ尻町"],"4450825":[23,"西尾市","会生町"],"4450827":[23,"西尾市","幸町"],"4450834":[23,"西尾市","順海町"],"4450015":[23,"西尾市","竹山町"],"4450861":[23,"西尾市","吾妻町"],"4450016":[23,"西尾市","下永良町"],"4450826":[23,"西尾市","満全町"],"4450013":[23,"西尾市","貝吹町"],"4450816":[23,"西尾市","宮町"],"4450882":[23,"西尾市","上道目記町"],"4450031":[23,"西尾市","家武町"],"4450044":[23,"西尾市","鎌谷町"],"4450873":[23,"西尾市","川口町"]}
