{"5050130":[21,"可児市","兼山"],"5050077":[21,"加茂郡坂祝町","深萱"],"5050012":[21,"美濃加茂市","下米田町山本"],"5050031":[21,"美濃加茂市","新池町"],"5050101":[21,"可児郡御嵩町","大久後"],"5050108":[21,"可児郡御嵩町","小和沢"],"5050046":[21,"美濃加茂市","西町"],"5050072":[21,"加茂郡坂祝町","大針"],"5050056":[21,"美濃加茂市","加茂野町市橋"],"5050116":[21,"可児郡御嵩町","御嵩"],"5050102":[21,"可児郡御嵩町","前沢"],"5050423":[21,"加茂郡八百津町","上吉田"],"5050021":[21,"美濃加茂市","森山町"],"5050036":[21,"美濃加茂市","山手町"],"5050115":[21,"可児郡御嵩町","井尻"],"5050123":[21,"可児郡御嵩町","古屋敷"],"5050303":[21,"加茂郡八百津町","伊岐津志"],"5050076":[21,"加茂郡坂祝町","勝山"],"5050531":[21,"加茂郡八百津町","潮見"],"5050107":[21,"可児郡御嵩町","上之郷"],"5050005":[21,"美濃加茂市","蜂屋町中蜂屋"],"5050073":[21,"加茂郡坂祝町","加茂山"],"5050422":[21,"加茂郡八百津町","久田見"],"5050016":[21,"美濃加茂市","牧野"],"5050114":[21,"可児郡御嵩町","中切"],"5050003":[21,"美濃加茂市","山之上町"],"5050122":[21,"可児郡御嵩町","顔戸"],"5050025":[21,"美濃加茂市","島町"],"5050032":[21,"美濃加茂市","田島町"],"5050039":[21,"美濃加茂市","蜂屋台"],"5050022":[21,"美濃加茂市","川合町"],"5050011":[21,"美濃加茂市","下米田町東栃井"],"5050126":[21,"可児郡御嵩町","上恵土"],"5050002":[21,"美濃加茂市","三和町川浦"],"5050045":[21,"美濃加茂市","草笛町"],"5050112":[21,"可児郡御嵩町","美佐野"],"5050103":[21,"可児郡御嵩町","津橋"],"5050304":[21,"加茂郡八百津町","上牧野"],"5050015":[21,"美濃加茂市","下米田町今"],"5050075":[21,"加茂郡坂祝町","取組"],"5050033":[21,"美濃加茂市","中富町"],"5050014":[21,"美濃加茂市","下米田町則光"],"5050007":[21,"美濃加茂市","蜂屋町下蜂屋"],"5050532":[21,"加茂郡八百津町","南戸"],"5050006":[21,"美濃加茂市","蜂屋町伊瀬"],"5050300":[21,"加茂郡八百津町",""],"5050041":[21,"美濃加茂市","太田町"],"5050071":[21,"加茂郡坂祝町","黒岩"],"5050037":[21,"美濃加茂市","前平町"],"5050104":[21,"可児郡御嵩町","謡坂"],"5050017":[21,"美濃加茂市","下米田町小山"],"5050051":[21,"美濃加茂市","加茂野町鷹之巣"],"5050001":[21,"美濃加茂市","三和町廿屋"],"5050000":[21,"美濃加茂市",""],"5050026":[21,"美濃加茂市","清水町"],"5050009":[21,"美濃加茂市","蜂屋町矢田"],"5050013":[21,"美濃加茂市","下米田町信友"],"5050024":[21,"美濃加茂市","御門町"],"5050307":[21,"加茂郡八百津町","野上"],"5050113":[21,"可児郡御嵩町","宿"],"5050042":[21,"美濃加茂市","太田本町"],"5050421":[21,"加茂郡八百津町","福地"],"5050044":[21,"美濃加茂市","加茂川町"],"5050105":[21,"可児郡御嵩町","西洞"],"5050302":[21,"加茂郡八百津町","錦織"],"5050053":[21,"美濃加茂市","加茂野町木野"],"5050008":[21,"美濃加茂市","伊深町"],"5050054":[21,"美濃加茂市","加茂野町加茂野"],"5050124":[21,"可児郡御嵩町","比衣"],"5050018":[21,"美濃加茂市","下米田町西脇"],"5050106":[21,"可児郡御嵩町","小原"],"5050035":[21,"美濃加茂市","大手町"],"5050125":[21,"可児郡御嵩町","伏見"],"5050034":[21,"美濃加茂市","古井町下古井"],"5050074":[21,"加茂郡坂祝町","酒倉"],"5050027":[21,"美濃加茂市","本郷町"],"5050305":[21,"加茂郡八百津町","和知"],"5050100":[21,"可児郡御嵩町",""],"5050111":[21,"可児郡御嵩町","次月"],"5050306":[21,"加茂郡八百津町","上飯田"],"5050043":[21,"美濃加茂市","深田町"],"5050023":[21,"美濃加茂市","野笹町"],"5050004":[21,"美濃加茂市","蜂屋町上蜂屋"],"5050038":[21,"美濃加茂市","中部台"],"5050019":[21,"美濃加茂市","下米田町為岡"],"5050055":[21,"美濃加茂市","加茂野町稲辺"],"5050052":[21,"美濃加茂市","加茂野町今泉"],"5050301":[21,"加茂郡八百津町","八百津"],"5050121":[21,"可児郡御嵩町","中"]}
