{"2440805":[14,"横浜市戸塚区","川上町"],"2440004":[14,"横浜市戸塚区","小雀町"],"2440806":[14,"横浜市戸塚区","上品濃"],"2440815":[14,"横浜市戸塚区","下倉田町"],"2440811":[14,"横浜市戸塚区","上柏尾町"],"2440003":[14,"横浜市戸塚区","戸塚町"],"2440841":[14,"横浜市栄区","長沼町"],"2440000":[14,"横浜市戸塚区",""],"2440813":[14,"横浜市戸塚区","舞岡町"],"2440814":[14,"横浜市戸塚区","南舞岡"],"2440845":[14,"横浜市栄区","金井町"],"2440803":[14,"横浜市戸塚区","平戸町"],"2440844":[14,"横浜市栄区","田谷町"],"2440812":[14,"横浜市戸塚区","柏尾町"],"2440804":[14,"横浜市戸塚区","前田町"],"2440817":[14,"横浜市戸塚区","吉田町"],"2440816":[14,"横浜市戸塚区","上倉田町"],"2440843":[14,"横浜市栄区","長尾台町"],"2440002":[14,"横浜市戸塚区","矢部町"],"2440802":[14,"横浜市戸塚区","平戸"],"2440842":[14,"横浜市栄区","飯島町"],"2440001":[14,"横浜市戸塚区","鳥が丘"],"2440801":[14,"横浜市戸塚区","品濃町"]}
