{"1920375":[13,"八王子市","鑓水"],"1920361":[13,"八王子市","越野"],"1920372":[13,"八王子市","下柚木"],"1920155":[13,"八王子市","小津町"],"1920073":[13,"八王子市","寺町"],"1920024":[13,"八王子市","宇津木町"],"1920074":[13,"八王子市","天神町"],"1920021":[13,"八王子市","丸山町"],"1920906":[13,"八王子市","北野町"],"1920373":[13,"八王子市","上柚木"],"1920015":[13,"八王子市","中野町"],"1920085":[13,"八王子市","中町"],"1920023":[13,"八王子市","久保山町"],"1920151":[13,"八王子市","上川町"],"1920005":[13,"八王子市","宮下町"],"1920083":[13,"八王子市","旭町"],"1920034":[13,"八王子市","大谷町"],"1920081":[13,"八王子市","横山町"],"1920904":[13,"八王子市","子安町"],"1920917":[13,"八王子市","西片倉"],"1920374":[13,"八王子市","中山"],"1920352":[13,"八王子市","大塚"],"1920084":[13,"八王子市","三崎町"],"1920051":[13,"八王子市","元本郷町"],"1920916":[13,"八王子市","みなみ野"],"1920353":[13,"八王子市","鹿島"],"1920914":[13,"八王子市","片倉町"],"1920052":[13,"八王子市","本郷町"],"1920911":[13,"八王子市","打越町"],"1920362":[13,"八王子市","松木"],"1920004":[13,"八王子市","加住町"],"1920082":[13,"八王子市","東町"],"1920042":[13,"八王子市","中野山王"],"1920903":[13,"八王子市","万町"],"1920032":[13,"八王子市","石川町"],"1920371":[13,"八王子市","南陽台"],"1920053":[13,"八王子市","八幡町"],"1920064":[13,"八王子市","田町"],"1920055":[13,"八王子市","八木町"],"1920025":[13,"八王子市","尾崎町"],"1920915":[13,"八王子市","宇津貫町"],"1920033":[13,"八王子市","高倉町"],"1920071":[13,"八王子市","八日町"],"1920003":[13,"八王子市","丹木町"],"1920363":[13,"八王子市","別所"],"1920044":[13,"八王子市","富士見町"],"1920061":[13,"八王子市","平岡町"],"1920014":[13,"八王子市","みつい台"],"1920045":[13,"八王子市","大和田町"],"1920153":[13,"八王子市","西寺方町"],"1920012":[13,"八王子市","左入町"],"1920919":[13,"八王子市","七国"],"1920066":[13,"八王子市","本町"],"1920072":[13,"八王子市","南町"],"1920041":[13,"八王子市","中野上町"],"1920054":[13,"八王子市","小門町"],"1920022":[13,"八王子市","平町"],"1920046":[13,"八王子市","明神町"],"1920056":[13,"八王子市","追分町"],"1920907":[13,"八王子市","長沼町"],"1920351":[13,"八王子市","東中野"],"1920013":[13,"八王子市","梅坪町"],"1920918":[13,"八王子市","兵衛"],"1920001":[13,"八王子市","戸吹町"],"1920062":[13,"八王子市","大横町"],"1920016":[13,"八王子市","谷野町"],"1920364":[13,"八王子市","南大沢"],"1920152":[13,"八王子市","美山町"],"1920031":[13,"八王子市","小宮町"],"1920065":[13,"八王子市","新町"],"1920000":[13,"八王子市",""],"1920075":[13,"八王子市","南新町"],"1920355":[13,"八王子市","堀之内"],"1920002":[13,"八王子市","高月町"],"1920156":[13,"八王子市","上恩方町"],"1920063":[13,"八王子市","元横山町"],"1920043":[13,"八王子市","暁町"],"1920354":[13,"八王子市","松が谷"],"1920011":[13,"八王子市","滝山町"],"1920902":[13,"八王子市","上野町"],"1920912":[13,"八王子市","絹ケ丘"],"1920913":[13,"八王子市","北野台"],"1920154":[13,"八王子市","下恩方町"]}
