{"3400022":[11,"草加市","瀬崎"],"3400161":[11,"幸手市","千塚"],"3400112":[11,"幸手市","権現堂"],"3400156":[11,"幸手市","南"],"3400111":[11,"幸手市","北"],"3400816":[11,"八潮市","中央"],"3400215":[11,"久喜市","栄"],"3400101":[11,"幸手市","外国府間"],"3400001":[11,"草加市","柿木町"],"3400017":[11,"草加市","吉町"],"3400003":[11,"草加市","稲荷"],"3400212":[11,"久喜市","久本寺"],"3400025":[11,"草加市","谷塚仲町"],"3400028":[11,"草加市","谷塚"],"3400000":[11,"草加市",""],"3400048":[11,"草加市","原町"],"3400205":[11,"久喜市","外野"],"3400812":[11,"八潮市","中馬場"],"3400808":[11,"八潮市","緑町"],"3400801":[11,"八潮市","八條"],"3400002":[11,"草加市","青柳"],"3400046":[11,"草加市","北谷"],"3400206":[11,"久喜市","西大輪"],"3400104":[11,"幸手市","円藤内"],"3400135":[11,"幸手市","槇野地"],"3400116":[11,"幸手市","西"],"3400005":[11,"草加市","中根"],"3400162":[11,"幸手市","下川崎"],"3400015":[11,"草加市","高砂"],"3400021":[11,"草加市","手代町"],"3400202":[11,"久喜市","東大輪"],"3400026":[11,"草加市","両新田東町"],"3400805":[11,"八潮市","松之木"],"3400105":[11,"幸手市","松石"],"3400006":[11,"草加市","八幡町"],"3400803":[11,"八潮市","上馬場"],"3400155":[11,"幸手市","上高野"],"3400114":[11,"幸手市","東"],"3400013":[11,"草加市","松江"],"3400217":[11,"久喜市","鷲宮"],"3400834":[11,"八潮市","大曽根"],"3400201":[11,"久喜市","八甫"],"3400103":[11,"幸手市","内国府間"],"3400004":[11,"草加市","弁天"],"3400821":[11,"八潮市","伊勢野"],"3400102":[11,"幸手市","高須賀"],"3400134":[11,"幸手市","花島"],"3400121":[11,"幸手市","上吉羽"],"3400023":[11,"草加市","谷塚町"],"3400216":[11,"久喜市","鷲宮中央"],"3400802":[11,"八潮市","鶴ケ曽根"],"3400151":[11,"幸手市","緑台"],"3400152":[11,"幸手市","天神島"],"3400054":[11,"草加市","新善町"],"3400145":[11,"幸手市","平須賀"],"3400823":[11,"八潮市","古新田"],"3400123":[11,"幸手市","木立"],"3400213":[11,"久喜市","中妻"],"3400133":[11,"幸手市","惣新田"],"3400034":[11,"草加市","氷川町"],"3400136":[11,"幸手市","細野"],"3400835":[11,"八潮市","浮塚"],"3400146":[11,"幸手市","神扇"],"3400154":[11,"幸手市","栄"],"3400204":[11,"久喜市","上川崎"],"3400164":[11,"幸手市","香日向"],"3400806":[11,"八潮市","伊草"],"3400033":[11,"草加市","柳島町"],"3400113":[11,"幸手市","幸手"],"3400056":[11,"草加市","新栄町"],"3400144":[11,"幸手市","戸島"],"3400815":[11,"八潮市","八潮"],"3400027":[11,"草加市","両新田西町"],"3400814":[11,"八潮市","南川崎"],"3400832":[11,"八潮市","柳之宮"],"3400824":[11,"八潮市","垳"],"3400807":[11,"八潮市","新町"],"3400831":[11,"八潮市","南後谷"],"3400125":[11,"幸手市","下宇和田"],"3400131":[11,"幸手市","西関宿"],"3400012":[11,"草加市","神明"],"3400132":[11,"幸手市","中島"],"3400126":[11,"幸手市","下吉羽"],"3400163":[11,"幸手市","中川崎"],"3400016":[11,"草加市","中央"],"3400043":[11,"草加市","草加"],"3400045":[11,"草加市","小山"],"3400014":[11,"草加市","住吉"],"3400115":[11,"幸手市","中"],"3400047":[11,"草加市","北谷町"],"3400007":[11,"草加市","青柳町"],"3400153":[11,"幸手市","吉野"],"3400811":[11,"八潮市","二丁目"],"3400053":[11,"草加市","旭町"],"3400044":[11,"草加市","花栗"],"3400214":[11,"久喜市","葛梅"],"3400035":[11,"草加市","西町"],"3400036":[11,"草加市","苗塚町"],"3400218":[11,"久喜市","砂原"],"3400825":[11,"八潮市","大原"],"3400833":[11,"八潮市","西袋"],"3400031":[11,"草加市","新里町"],"3400804":[11,"八潮市","小作田"],"3400051":[11,"草加市","長栄町"],"3400024":[11,"草加市","谷塚上町"],"3400032":[11,"草加市","遊馬町"],"3400800":[11,"八潮市",""],"3400142":[11,"幸手市","中野"],"3400211":[11,"久喜市","上内"],"3400041":[11,"草加市","松原"],"3400100":[11,"幸手市",""],"3400011":[11,"草加市","栄町"],"3400055":[11,"草加市","清門町"],"3400203":[11,"久喜市","桜田"],"3400052":[11,"草加市","金明町"],"3400122":[11,"幸手市","神明内"],"3400143":[11,"幸手市","長間"],"3400822":[11,"八潮市","大瀬"],"3400813":[11,"八潮市","木曽根"],"3400124":[11,"幸手市","上宇和田"],"3400141":[11,"幸手市","平野"],"3400042":[11,"草加市","学園町"]}
