{"1300011":[13,"墨田区","石原"],"1300000":[13,"墨田区",""],"1300001":[13,"墨田区","吾妻橋"],"1300022":[13,"墨田区","江東橋"],"1300021":[13,"墨田区","緑"],"1300013":[13,"墨田区","錦糸"],"1300024":[13,"墨田区","菊川"],"1300014":[13,"墨田区","亀沢"],"1300004":[13,"墨田区","本所"],"1300005":[13,"墨田区","東駒形"],"1300025":[13,"墨田区","千歳"],"1300015":[13,"墨田区","横網"],"1300012":[13,"墨田区","太平"],"1300026":[13,"墨田区","両国"],"1300023":[13,"墨田区","立川"],"1300002":[13,"墨田区","業平"],"1300003":[13,"墨田区","横川"]}
