{"2070000":[13,"東大和市",""],"2070002":[13,"東大和市","湖畔"],"2070001":[13,"東大和市","多摩湖"],"2070013":[13,"東大和市","向原"],"2070011":[13,"東大和市","清原"],"2070014":[13,"東大和市","南街"],"2070003":[13,"東大和市","狭山"],"2070023":[13,"東大和市","上北台"],"2070033":[13,"東大和市","芋窪"],"2070005":[13,"東大和市","高木"],"2070016":[13,"東大和市","仲原"],"2070012":[13,"東大和市","新堀"],"2070032":[13,"東大和市","蔵敷"],"2070021":[13,"東大和市","立野"],"2070015":[13,"東大和市","中央"],"2070004":[13,"東大和市","清水"],"2070022":[13,"東大和市","桜が丘"],"2070031":[13,"東大和市","奈良橋"]}
