{"0282104":[3,"宮古市","刈屋"],"0287616":[3,"八幡平市","二タ子"],"0288313":[3,"下閉伊郡普代村","土取場"],"0283162":[3,"花巻市","石鳥谷町西中島"],"0288400":[3,"下閉伊郡田野畑村",""],"0287306":[3,"八幡平市","安比高原"],"0288333":[3,"下閉伊郡普代村","羅賀"],"0282233":[3,"下閉伊郡岩泉町","釜津田"],"0286979":[3,"二戸市","浄法寺町駒ケ嶺野田"],"0287543":[3,"八幡平市","小屋畑"],"0287917":[3,"九戸郡洋野町","種市"],"0285314":[3,"二戸郡一戸町","楢山"],"0287555":[3,"八幡平市","黒沢"],"0280063":[3,"久慈市","荒町"],"0284135":[3,"盛岡市","玉山区川崎"],"0281352":[3,"下閉伊郡山田町","飯岡"],"0287628":[3,"八幡平市","小岩井"],"0283312":[3,"紫波郡紫波町","犬吠森"],"0286953":[3,"二戸市","浄法寺町木沢畑向"],"0280015":[3,"久慈市","源道"],"0286985":[3,"二戸市","浄法寺町漆畑"],"0287905":[3,"九戸郡洋野町","有家"],"0283324":[3,"紫波郡紫波町","東長岡"],"0283184":[3,"花巻市","石鳥谷町富沢"],"0286935":[3,"二戸市","浄法寺町御山下前田"],"0280662":[3,"遠野市","附馬牛町安居台"],"0280091":[3,"久慈市","大川目町"],"0285633":[3,"下閉伊郡岩泉町","釜津田"],"0281116":[3,"上閉伊郡大槌町","本町"],"0283317":[3,"紫波郡紫波町","南日詰"],"0286833":[3,"二戸市","浄法寺町漆沢"],"0285302":[3,"二戸郡一戸町","女鹿"],"0280136":[3,"花巻市","東和町小原"],"0286843":[3,"二戸市","浄法寺町堤口"],"0283533":[3,"紫波郡紫波町","赤沢"],"0283615":[3,"紫波郡矢巾町","南矢幅"],"0287561":[3,"八幡平市","下町"],"0287406":[3,"八幡平市","荒木田"],"0284302":[3,"岩手郡岩手町","大坊"],"0281371":[3,"下閉伊郡山田町","船越"],"0284122":[3,"盛岡市","玉山区寺林"],"0281301":[3,"下閉伊郡山田町","石峠"],"0287522":[3,"八幡平市","山口"],"0286412":[3,"九戸郡軽米町","蛇口"],"0280056":[3,"久慈市","中町"],"0285641":[3,"下閉伊郡岩泉町","門"],"0286723":[3,"二戸市","安比"],"0283622":[3,"紫波郡矢巾町","上矢次"],"0288202":[3,"九戸郡野田村","玉川"],"0280032":[3,"久慈市","寺里"],"0286865":[3,"二戸市","浄法寺町野田"],"0284136":[3,"盛岡市","玉山区松内"],"0286879":[3,"二戸市","浄法寺町梅ノ木"],"0286821":[3,"二戸市","浄法寺町小平"],"0287557":[3,"八幡平市","細野"],"0283303":[3,"紫波郡紫波町","高水寺"],"0286904":[3,"二戸市","浄法寺町里代"],"0285102":[3,"岩手郡葛巻町","葛巻"],"0283627":[3,"紫波郡矢巾町","和味"],"0286956":[3,"二戸市","浄法寺町大坊"],"0280033":[3,"久慈市","畑田"],"0287601":[3,"八幡平市","田沢"],"0286873":[3,"二戸市","浄法寺町大志田"],"0286884":[3,"二戸市","浄法寺町新山"],"0286941":[3,"二戸市","浄法寺町御山中前田"],"0280081":[3,"久慈市","西の沢"],"0286914":[3,"二戸市","浄法寺町和泉田"],"0281331":[3,"下閉伊郡山田町","北浜町"],"0280116":[3,"花巻市","東和町北成島"],"0286861":[3,"二戸市","浄法寺町上野"],"0280526":[3,"遠野市","下組町"],"0282513":[3,"宮古市","川内"],"0287603":[3,"八幡平市","矢神"],"0287671":[3,"八幡平市","馬場下"],"0286822":[3,"二戸市","浄法寺町漆沢舘"],"0286815":[3,"二戸市","浄法寺町八方口"],"0280542":[3,"遠野市","早瀬町"],"0281302":[3,"下閉伊郡山田町","豊間根"],"0280553":[3,"遠野市","土淵町柏崎"],"0283305":[3,"紫波郡紫波町","日詰"],"0280141":[3,"花巻市","東和町下浮田"],"0286838":[3,"二戸市","浄法寺町向田"],"0283605":[3,"紫波郡矢巾町","間野々"],"0287566":[3,"八幡平市","滝沢"],"0286926":[3,"二戸市","浄法寺町門崎"],"0287636":[3,"八幡平市","和屋敷道ノ下"],"0280515":[3,"遠野市","東舘町"],"0280131":[3,"花巻市","東和町町井"],"0286222":[3,"九戸郡軽米町","山内"],"0286916":[3,"二戸市","浄法寺町大清水下モ平"],"0283311":[3,"紫波郡紫波町","犬渕"],"0286936":[3,"二戸市","浄法寺町長渡路"],"0288332":[3,"下閉伊郡普代村","銅屋"],"0283161":[3,"花巻市","石鳥谷町黒沼"],"0286503":[3,"九戸郡九戸村","小倉"],"0280522":[3,"遠野市","新穀町"],"0286978":[3,"二戸市","浄法寺町駒ケ嶺前田"],"0287652":[3,"八幡平市","根石"],"0281117":[3,"上閉伊郡大槌町","末広町"],"0286300":[3,"九戸郡軽米町",""],"0286964":[3,"二戸市","浄法寺町沼久保"],"0281300":[3,"下閉伊郡山田町",""],"0287902":[3,"九戸郡洋野町","種市"],"0282301":[3,"宮古市","古田"],"0287552":[3,"八幡平市","安代寄木"],"0286927":[3,"二戸市","浄法寺町湯沢"],"0286952":[3,"二戸市","浄法寺町御山大久保"],"0286832":[3,"二戸市","浄法寺町漆沢上平"],"0288111":[3,"久慈市","宇部町"],"0286949":[3,"二戸市","浄法寺町御山前田"],"0282631":[3,"宮古市","区界"],"0282232":[3,"下閉伊郡岩泉町","大川"],"0286500":[3,"九戸郡九戸村",""],"0288200":[3,"九戸郡野田村",""],"0287511":[3,"八幡平市","下の田"],"0280121":[3,"花巻市","東和町小友"],"0287617":[3,"八幡平市","折壁"],"0288401":[3,"下閉伊郡田野畑村","一の渡"],"0288363":[3,"下閉伊郡普代村","茂市"],"0281115":[3,"上閉伊郡大槌町","上町"],"0281104":[3,"上閉伊郡大槌町","新港町"],"0286901":[3,"二戸市","浄法寺町深堀"],"0287914":[3,"九戸郡洋野町","種市"],"0281122":[3,"上閉伊郡大槌町","桜木町"],"0287537":[3,"八幡平市","曲田"],"0286837":[3,"二戸市","浄法寺町荒屋敷"],"0284303":[3,"岩手郡岩手町","江刈内"],"0285221":[3,"二戸郡一戸町","小鳥谷"],"0280661":[3,"遠野市","附馬牛町上附馬牛"],"0286100":[3,"二戸市",""],"0287608":[3,"八幡平市","谷地中"],"0280114":[3,"花巻市","東和町土沢"],"0287614":[3,"八幡平市","石名坂下タ"],"0288343":[3,"下閉伊郡普代村","上の山"],"0280031":[3,"久慈市","天神堂"],"0287525":[3,"八幡平市","日影"],"0286878":[3,"二戸市","浄法寺町漆原"],"0280554":[3,"遠野市","土淵町飯豊"],"0287653":[3,"八幡平市","平又"],"0283314":[3,"紫波郡紫波町","大巻"],"0286862":[3,"二戸市","浄法寺町寺ノ上"],"0284123":[3,"盛岡市","玉山区巻堀"],"0287505":[3,"八幡平市","岩屋"],"0287645":[3,"八幡平市","下タ川原"],"0286853":[3,"二戸市","浄法寺町サイカツ田"],"0280543":[3,"遠野市","松崎町光興寺"],"0287644":[3,"八幡平市","雀長根"],"0280034":[3,"久慈市","枝成沢"],"0286812":[3,"二戸市","浄法寺町下沢"],"0286944":[3,"二戸市","浄法寺町飛鳥"],"0288407":[3,"下閉伊郡田野畑村","川平"],"0280527":[3,"遠野市","大工町"],"0283621":[3,"紫波郡矢巾町","広宮沢"],"0280142":[3,"花巻市","東和町駒籠"],"0280523":[3,"遠野市","中央通り"],"0288713":[3,"久慈市","山形町霜畑"],"0287623":[3,"八幡平市","舘市"],"0283606":[3,"紫波郡矢巾町","土橋"],"0286912":[3,"二戸市","浄法寺町中前田"],"0287638":[3,"八幡平市","小原道ノ下"],"0283133":[3,"花巻市","石鳥谷町関口"],"0286955":[3,"二戸市","浄法寺町桂平"],"0283443":[3,"紫波郡紫波町","上松本"],"0283302":[3,"紫波郡紫波町","陣ケ岡"],"0281332":[3,"下閉伊郡山田町","中央町"],"0286108":[3,"二戸市","上斗米"],"0286874":[3,"二戸市","浄法寺町一反田"],"0286924":[3,"二戸市","浄法寺町家ノ上"],"0286972":[3,"二戸市","浄法寺町桜田"],"0288334":[3,"下閉伊郡普代村","中村"],"0288802":[3,"九戸郡洋野町","大野"],"0286933":[3,"二戸市","浄法寺町御山上野"],"0286977":[3,"二戸市","浄法寺町駒ケ嶺"],"0285133":[3,"二戸郡一戸町","中山"],"0283101":[3,"花巻市","石鳥谷町好地"],"0287567":[3,"八幡平市","戸沢"],"0283532":[3,"紫波郡紫波町","船久保"],"0280513":[3,"遠野市","東穀町"],"0280022":[3,"久慈市","田屋町"],"0286885":[3,"二戸市","浄法寺町森越"],"0283612":[3,"紫波郡矢巾町","下矢次"],"0286863":[3,"二戸市","浄法寺町八幡舘"],"0286223":[3,"九戸郡軽米町","狄塚"],"0280115":[3,"花巻市","東和町安俵"],"0280532":[3,"遠野市","綾織町下綾織"],"0287618":[3,"八幡平市","蛇石"],"0288521":[3,"久慈市","山根町"],"0281121":[3,"上閉伊郡大槌町","小鎚"],"0287676":[3,"八幡平市","沢口"],"0284421":[3,"岩手郡岩手町","一方井"],"0288351":[3,"下閉伊郡普代村","下村"],"0280083":[3,"久慈市","大沢"],"0280065":[3,"久慈市","十八日町"],"0283448":[3,"紫波郡紫波町","吉水"],"0286871":[3,"二戸市","浄法寺町安戸"],"0288406":[3,"下閉伊郡田野畑村","猿山"],"0285316":[3,"二戸郡一戸町","岩舘"],"0287903":[3,"九戸郡洋野町","種市"],"0286846":[3,"二戸市","浄法寺町下タ前田"],"0288302":[3,"下閉伊郡普代村","堀内"],"0286105":[3,"二戸市","堀野"],"0280054":[3,"久慈市","柏崎"],"0280013":[3,"久慈市","京の森"],"0287664":[3,"八幡平市","大沢田"],"0287602":[3,"八幡平市","丑山"],"0286872":[3,"二戸市","浄法寺町里川目"],"0287503":[3,"八幡平市","中田"],"0280144":[3,"花巻市","東和町宮田"],"0288402":[3,"下閉伊郡田野畑村","明戸"],"0286852":[3,"二戸市","浄法寺町樋田"],"0287915":[3,"九戸郡洋野町","種市"],"0280305":[3,"遠野市","宮守町達曽部"],"0286966":[3,"二戸市","浄法寺町海上"],"0283307":[3,"紫波郡紫波町","桜町"],"0286963":[3,"二戸市","浄法寺町小又"],"0287533":[3,"八幡平市","叺田"],"0287655":[3,"八幡平市","馬揚沢"],"0286911":[3,"二戸市","浄法寺町上前田"],"0286413":[3,"九戸郡軽米町","円子"],"0286943":[3,"二戸市","浄法寺町後久保"],"0287626":[3,"八幡平市","戸鎖"],"0280503":[3,"遠野市","青笹町青笹"],"0286877":[3,"二戸市","浄法寺町伊崎沢"],"0283315":[3,"紫波郡紫波町","彦部"],"0282302":[3,"宮古市","川井"],"0285301":[3,"二戸郡一戸町","西法寺"],"0287404":[3,"八幡平市","堀切"],"0286834":[3,"二戸市","浄法寺町細田"],"0286721":[3,"二戸市","似鳥"],"0285303":[3,"二戸郡一戸町","小友"],"0280107":[3,"花巻市","東和町北小山田"],"0286844":[3,"二戸市","浄法寺町岡本前田"],"0286824":[3,"二戸市","浄法寺町西ノ沢"],"0288345":[3,"下閉伊郡普代村","太田名部"],"0287633":[3,"八幡平市","日泥道ノ上"],"0286505":[3,"九戸郡九戸村","江刺家"],"0287627":[3,"八幡平市","佐比内"],"0286934":[3,"二戸市","浄法寺町沢田"],"0287302":[3,"八幡平市","八幡平温泉郷"],"0287624":[3,"八幡平市","大又沢口"],"0287656":[3,"八幡平市","左妻"],"0285233":[3,"二戸郡一戸町","中山"],"0286976":[3,"二戸市","浄法寺町樋口"],"0286102":[3,"二戸市","下斗米"],"0286302":[3,"九戸郡軽米町","軽米"],"0283322":[3,"紫波郡紫波町","栃内"],"0283624":[3,"紫波郡矢巾町","北伝法寺"],"0284301":[3,"岩手郡岩手町","沼宮内"],"0285643":[3,"下閉伊郡岩泉町","袰綿"],"0286817":[3,"二戸市","浄法寺町漆沢大久保"],"0280524":[3,"遠野市","新町"],"0285132":[3,"二戸郡一戸町","小繋"],"0287654":[3,"八幡平市","小峠"],"0284211":[3,"岩手郡岩手町","川口"],"0287545":[3,"八幡平市","松木田"],"0283617":[3,"紫波郡矢巾町","太田"],"0286831":[3,"二戸市","浄法寺町漆沢下平"],"0280064":[3,"久慈市","八日町"],"0286957":[3,"二戸市","浄法寺町海上田"],"0280512":[3,"遠野市","東上組町"],"0287564":[3,"八幡平市","谷地田"],"0283611":[3,"紫波郡矢巾町","赤林"],"0286902":[3,"二戸市","浄法寺町明神沢"],"0280143":[3,"花巻市","東和町上浮田"],"0288801":[3,"九戸郡洋野町","上館"],"0286103":[3,"二戸市","石切所"],"0280533":[3,"遠野市","綾織町上綾織"],"0283171":[3,"花巻市","石鳥谷町中寺林"],"0287113":[3,"八幡平市","平笠"],"0286954":[3,"二戸市","浄法寺町早坂"],"0287532":[3,"八幡平市","小柳田"],"0288303":[3,"下閉伊郡普代村","沢向"],"0282105":[3,"宮古市","和井内"],"0283623":[3,"紫波郡矢巾町","煙山"],"0287512":[3,"八幡平市","山岸"],"0286982":[3,"二戸市","浄法寺町焼切"],"0283625":[3,"紫波郡矢巾町","室岡"],"0281103":[3,"上閉伊郡大槌町","港町"],"0284134":[3,"盛岡市","玉山区下田"],"0287619":[3,"八幡平市","相沢"],"0280014":[3,"久慈市","旭町"],"0286851":[3,"二戸市","浄法寺町小池"],"0281333":[3,"下閉伊郡山田町","後楽町"],"0286847":[3,"二戸市","浄法寺町岩渕"],"0280101":[3,"花巻市","東和町北前田"],"0283313":[3,"紫波郡紫波町","星山"],"0288323":[3,"下閉伊郡普代村","鳥居"],"0288405":[3,"下閉伊郡田野畑村","大芦"],"0286845":[3,"二戸市","浄法寺町漆沢上前田"],"0280521":[3,"遠野市","材木町"],"0287502":[3,"八幡平市","上岩木"],"0287554":[3,"八幡平市","赤坂田"],"0283304":[3,"紫波郡紫波町","二日町"],"0280664":[3,"遠野市","附馬牛町東禅寺"],"0285402":[3,"岩手郡葛巻町","葛巻"],"0286919":[3,"二戸市","浄法寺町大清水荒屋"],"0287523":[3,"八幡平市","繋沢"],"0285313":[3,"二戸郡一戸町","鳥越"],"0280663":[3,"遠野市","附馬牛町下附馬牛"],"0282303":[3,"宮古市","片巣"],"0286855":[3,"二戸市","浄法寺町浄法寺"],"0280113":[3,"花巻市","東和町東晴山"],"0286965":[3,"二戸市","浄法寺町谷地屋敷"],"0284424":[3,"岩手郡岩手町","黒石"],"0283601":[3,"紫波郡矢巾町","高田"],"0287632":[3,"八幡平市","小原道ノ上"],"0281114":[3,"上閉伊郡大槌町","栄町"],"0285222":[3,"二戸郡一戸町","姉帯"],"0286981":[3,"二戸市","浄法寺町五庵"],"0287900":[3,"九戸郡洋野町",""],"0282402":[3,"宮古市","川井"],"0286876":[3,"二戸市","浄法寺町田子内沢"],"0283310":[3,"紫波郡紫波町","日詰駅前"],"0287625":[3,"八幡平市","沖ノ平"],"0283607":[3,"紫波郡矢巾町","高水寺"],"0287513":[3,"八幡平市","土沢"],"0283325":[3,"紫波郡紫波町","草刈"],"0286823":[3,"二戸市","浄法寺町宮沢"],"0286975":[3,"二戸市","浄法寺町田余内"],"0288362":[3,"下閉伊郡普代村","卯子酉"],"0286931":[3,"二戸市","浄法寺町尻平"],"0286907":[3,"二戸市","浄法寺町季ケ平"],"0284422":[3,"岩手郡岩手町","坊"],"0283122":[3,"花巻市","石鳥谷町滝田"],"0287403":[3,"八幡平市","上関"],"0287672":[3,"八幡平市","田中下タ"],"0288201":[3,"九戸郡野田村","野田"],"0286301":[3,"九戸郡軽米町","上舘"],"0287556":[3,"八幡平市","星沢"],"0288368":[3,"下閉伊郡普代村","柏木平"],"0287301":[3,"八幡平市","野駄"],"0283141":[3,"花巻市","石鳥谷町五大堂"],"0280774":[3,"遠野市","上郷町来内"],"0288352":[3,"下閉伊郡普代村","上村"],"0286939":[3,"二戸市","浄法寺町長流部"],"0283181":[3,"花巻市","石鳥谷町大興寺"],"0280055":[3,"久慈市","巽町"],"0280012":[3,"久慈市","新井田"],"0283600":[3,"紫波郡矢巾町",""],"0280151":[3,"花巻市","東和町落合"],"0287544":[3,"八幡平市","保戸坂"],"0285642":[3,"下閉伊郡岩泉町","穴沢"],"0286502":[3,"九戸郡九戸村","伊保内"],"0287642":[3,"八幡平市","勝善川原"],"0286814":[3,"二戸市","浄法寺町北村"],"0280541":[3,"遠野市","松崎町白岩"],"0286925":[3,"二戸市","浄法寺町梅田"],"0280111":[3,"花巻市","東和町百ノ沢"],"0287501":[3,"八幡平市","岩木向"],"0282504":[3,"宮古市","箱石"],"0280501":[3,"遠野市","青笹町糠前"],"0288805":[3,"九戸郡洋野町","水沢"],"0283626":[3,"紫波郡矢巾町","岩清水"],"0287912":[3,"九戸郡洋野町","種市"],"0287657":[3,"八幡平市","栗木田"],"0282101":[3,"宮古市","茂市"],"0287607":[3,"八幡平市","大面平"],"0287304":[3,"八幡平市","緑ガ丘"],"0280481":[3,"遠野市","小友町"],"0286507":[3,"九戸郡九戸村","雪屋"],"0287565":[3,"八幡平市","目名市"],"0286932":[3,"二戸市","浄法寺町松畑"],"0286854":[3,"二戸市","浄法寺町下前田"],"0286945":[3,"二戸市","浄法寺町飛鳥谷地"],"0286819":[3,"二戸市","浄法寺町馬洗場"],"0286826":[3,"二戸市","浄法寺町川又"],"0288403":[3,"下閉伊郡田野畑村","羅賀"],"0280112":[3,"花巻市","東和町新地"],"0288603":[3,"久慈市","山形町荷軽部"],"0283102":[3,"花巻市","石鳥谷町上口"],"0286107":[3,"二戸市","白鳥"],"0286724":[3,"二戸市","足沢"],"0287635":[3,"八幡平市","愛の山"],"0286835":[3,"二戸市","浄法寺町漆沢下モ前田"],"0288712":[3,"久慈市","山形町小国"],"0283152":[3,"花巻市","石鳥谷町南寺林"],"0280102":[3,"花巻市","東和町北川目"],"0287641":[3,"八幡平市","比路平"],"0285403":[3,"岩手郡葛巻町","江刈"],"0284305":[3,"岩手郡岩手町","久保"],"0286848":[3,"二戸市","浄法寺町ウト坂"],"0287604":[3,"八幡平市","丑山口"],"0286811":[3,"二戸市","浄法寺町手倉森"],"0282102":[3,"宮古市","蟇目"],"0287906":[3,"九戸郡洋野町","中野"],"0288312":[3,"下閉伊郡普代村","小谷地"],"0286868":[3,"二戸市","浄法寺町長者花"],"0280500":[3,"遠野市",""],"0287663":[3,"八幡平市","石森"],"0283608":[3,"紫波郡矢巾町","北郡山"],"0281113":[3,"上閉伊郡大槌町","須賀町"],"0284425":[3,"岩手郡岩手町","葉木田"],"0286304":[3,"九戸郡軽米町","長倉"],"0281343":[3,"下閉伊郡山田町","境田町"],"0280066":[3,"久慈市","中の橋"],"0288404":[3,"下閉伊郡田野畑村","島越"],"0282304":[3,"宮古市","箱石"],"0287562":[3,"八幡平市","五日市"],"0285305":[3,"二戸郡一戸町","月舘"],"0280511":[3,"遠野市","鶯崎町"],"0286961":[3,"二戸市","浄法寺町滝見橋"],"0285400":[3,"岩手郡葛巻町",""],"0286908":[3,"二戸市","浄法寺町野黒沢"],"0287678":[3,"八幡平市","小森"],"0284423":[3,"岩手郡岩手町","土川"],"0281100":[3,"上閉伊郡大槌町",""],"0280544":[3,"遠野市","松崎町松崎"],"0283614":[3,"紫波郡矢巾町","又兵エ新田"],"0288605":[3,"久慈市","山形町来内"],"0287527":[3,"八幡平市","川原"],"0285401":[3,"岩手郡葛巻町","田部"],"0287643":[3,"八幡平市","切通"],"0286411":[3,"九戸郡軽米町","小軽米"],"0280052":[3,"久慈市","本町"],"0280011":[3,"久慈市","湊町"],"0286973":[3,"二戸市","浄法寺町駒ケ嶺舘"],"0280304":[3,"遠野市","宮守町下宮守"],"0280152":[3,"花巻市","東和町毒沢"],"0288361":[3,"下閉伊郡普代村","北ノ股"],"0284132":[3,"盛岡市","玉山区渋民"],"0280555":[3,"遠野市","土淵町土淵"],"0280775":[3,"遠野市","上郷町平倉"],"0283441":[3,"紫波郡紫波町","上平沢"],"0283151":[3,"花巻市","石鳥谷町江曽"],"0283447":[3,"紫波郡紫波町","宮手"],"0287402":[3,"八幡平市","帷子"],"0286905":[3,"二戸市","浄法寺町空久保"],"0283182":[3,"花巻市","石鳥谷町松林寺"],"0286504":[3,"九戸郡九戸村","長興寺"],"0287634":[3,"八幡平市","和屋敷道ノ上"],"0285315":[3,"二戸郡一戸町","根反"],"0287111":[3,"八幡平市","大更"],"0283301":[3,"紫波郡紫波町","中島"],"0288602":[3,"久慈市","山形町川井"],"0280502":[3,"遠野市","青笹町中沢"],"0283318":[3,"紫波郡紫波町","紫波中央駅前"],"0280035":[3,"久慈市","沢里"],"0280053":[3,"久慈市","田高"],"0287303":[3,"八幡平市","柏台"],"0287801":[3,"久慈市","侍浜町"],"0284125":[3,"盛岡市","玉山区好摩"],"0288366":[3,"下閉伊郡普代村","芦生"],"0280153":[3,"花巻市","東和町中内"],"0287675":[3,"八幡平市","下モ川原"],"0286917":[3,"二戸市","浄法寺町大清水前田"],"0287531":[3,"八幡平市","上の山"],"0287541":[3,"八幡平市","寺志田"],"0280001":[3,"久慈市","夏井町"],"0284306":[3,"岩手郡岩手町","御堂"],"0281132":[3,"上閉伊郡大槌町","大ケ口"],"0287605":[3,"八幡平市","鵜谷地"],"0280023":[3,"久慈市","新中の橋"],"0281101":[3,"上閉伊郡大槌町","吉里吉里"],"0282103":[3,"宮古市","腹帯"],"0287515":[3,"八幡平市","古屋敷"],"0283183":[3,"花巻市","石鳥谷町長谷堂"],"0283536":[3,"紫波郡紫波町","北田"],"0283131":[3,"花巻市","石鳥谷町猪鼻"],"0287901":[3,"九戸郡洋野町","種市"],"0287534":[3,"八幡平市","荒屋新町"],"0282632":[3,"宮古市","門馬"],"0280773":[3,"遠野市","上郷町平野原"],"0281311":[3,"下閉伊郡山田町","大沢"],"0283153":[3,"花巻市","石鳥谷町小森林"],"0282711":[3,"盛岡市","玉山区薮川"],"0286946":[3,"二戸市","浄法寺町安比内"],"0288367":[3,"下閉伊郡普代村","萩牛"],"0286104":[3,"二戸市","米沢"],"0283602":[3,"紫波郡矢巾町","藤沢"],"0284124":[3,"盛岡市","玉山区馬場"],"0287551":[3,"八幡平市","新田"],"0281133":[3,"上閉伊郡大槌町","金沢"],"0287100":[3,"八幡平市",""],"0285304":[3,"二戸郡一戸町","出ル町"],"0286816":[3,"二戸市","浄法寺町上谷地"],"0280531":[3,"遠野市","綾織町新里"],"0286303":[3,"九戸郡軽米町","高家"],"0283323":[3,"紫波郡紫波町","北沢"],"0286921":[3,"二戸市","浄法寺町小泉"],"0286922":[3,"二戸市","浄法寺町下谷地"],"0285131":[3,"二戸郡一戸町","宇別"],"0280525":[3,"遠野市","六日町"],"0283306":[3,"紫波郡紫波町","日詰西"],"0284304":[3,"岩手郡岩手町","子抱"],"0287613":[3,"八幡平市","亦戸川原"],"0280303":[3,"遠野市","宮守町下鱒沢"],"0281342":[3,"下閉伊郡山田町","川向町"],"0284300":[3,"岩手郡岩手町",""],"0286962":[3,"二戸市","浄法寺町馬場向"],"0287918":[3,"九戸郡洋野町","種市"],"0287611":[3,"八幡平市","沖田表"],"0283142":[3,"花巻市","石鳥谷町八重畑"],"0287526":[3,"八幡平市","赤子平"],"0285300":[3,"二戸郡一戸町",""],"0280106":[3,"花巻市","東和町外谷地"],"0288322":[3,"下閉伊郡普代村","天拝坂"],"0287913":[3,"九戸郡洋野町","種市"],"0280051":[3,"久慈市","川崎町"],"0280545":[3,"遠野市","松崎町駒木"],"0288301":[3,"下閉伊郡普代村","馬場野"],"0283613":[3,"紫波郡矢巾町","北矢幅"],"0287521":[3,"八幡平市","石神"],"0283300":[3,"紫波郡紫波町",""],"0284133":[3,"盛岡市","玉山区門前寺"],"0285711":[3,"二戸市","金田一"],"0287563":[3,"八幡平市","田の沢"],"0286958":[3,"二戸市","浄法寺町大手"],"0286825":[3,"二戸市","浄法寺町長坂"],"0287112":[3,"八幡平市","田頭"],"0286984":[3,"二戸市","浄法寺町柿ノ木平"],"0281303":[3,"下閉伊郡山田町","荒川"],"0280551":[3,"遠野市","土淵町栃内"],"0281361":[3,"下閉伊郡山田町","織笠"],"0286101":[3,"二戸市","福岡"],"0280517":[3,"遠野市","上組町"],"0286928":[3,"二戸市","浄法寺町山内"],"0288341":[3,"下閉伊郡普代村","明神"],"0280134":[3,"花巻市","東和町砂子"],"0281341":[3,"下閉伊郡山田町","八幡町"],"0288344":[3,"下閉伊郡普代村","中山"],"0286841":[3,"二戸市","浄法寺町松岡"],"0283535":[3,"紫波郡紫波町","遠山"],"0288300":[3,"下閉伊郡普代村",""],"0283603":[3,"紫波郡矢巾町","西徳田"],"0283326":[3,"紫波郡紫波町","西長岡"],"0281102":[3,"上閉伊郡大槌町","赤浜"],"0288331":[3,"下閉伊郡普代村","宇留部"],"0286612":[3,"九戸郡九戸村","戸田"],"0287401":[3,"八幡平市","西根寺田"],"0280104":[3,"花巻市","東和町南川目"],"0284131":[3,"盛岡市","玉山区芋田"],"0282511":[3,"宮古市","夏屋"],"0283309":[3,"紫波郡紫波町","北日詰"],"0287679":[3,"八幡平市","足深"],"0287524":[3,"八幡平市","湯の沢"],"0280133":[3,"花巻市","東和町鷹巣堂"],"0287615":[3,"八幡平市","石名坂"],"0280776":[3,"遠野市","上郷町板沢"],"0286722":[3,"二戸市","福田"],"0286836":[3,"二戸市","浄法寺町関田"],"0287405":[3,"八幡平市","平舘"],"0283321":[3,"紫波郡紫波町","江柄"],"0287651":[3,"八幡平市","長者前"],"0288311":[3,"下閉伊郡普代村","白井"],"0282422":[3,"宮古市","小国"],"0286501":[3,"九戸郡九戸村","荒谷"],"0284426":[3,"岩手郡岩手町","黒内"],"0286983":[3,"二戸市","浄法寺町下藤"],"0288335":[3,"下閉伊郡普代村","普代"],"0280122":[3,"花巻市","東和町谷内"],"0285224":[3,"二戸郡一戸町","平糠"],"0283451":[3,"紫波郡紫波町","稲藤"],"0283202":[3,"花巻市","大迫町外川目"],"0283111":[3,"花巻市","石鳥谷町新堀"],"0286875":[3,"二戸市","浄法寺町舘"],"0286938":[3,"二戸市","浄法寺町御山上平"],"0283446":[3,"紫波郡紫波町","下松本"],"0286967":[3,"二戸市","浄法寺町惣川原田"],"0281131":[3,"上閉伊郡大槌町","大槌"],"0280021":[3,"久慈市","門前"],"0286881":[3,"二戸市","浄法寺町渡ノ羽"],"0281112":[3,"上閉伊郡大槌町","大町"],"0282231":[3,"下閉伊郡岩泉町","浅内"],"0286866":[3,"二戸市","浄法寺町飯近"],"0287911":[3,"九戸郡洋野町","種市"],"0287662":[3,"八幡平市","杉沢"],"0286918":[3,"二戸市","浄法寺町サイカツ平"],"0287504":[3,"八幡平市","前田"],"0288803":[3,"九戸郡洋野町","阿子木"],"0280154":[3,"花巻市","東和町石持"],"0283132":[3,"花巻市","石鳥谷町東中島"],"0285713":[3,"二戸市","釜沢"],"0288365":[3,"下閉伊郡普代村","芦渡"],"0286971":[3,"二戸市","浄法寺町向川原"],"0281105":[3,"上閉伊郡大槌町","安渡"],"0281321":[3,"下閉伊郡山田町","山田"],"0280302":[3,"遠野市","宮守町上鱒沢"],"0280071":[3,"久慈市","小久慈町"],"0283172":[3,"花巻市","石鳥谷町北寺林"],"0287629":[3,"八幡平市","白沢口"],"0287514":[3,"八幡平市","中佐井"],"0280156":[3,"花巻市","東和町小通"],"0286947":[3,"二戸市","浄法寺町安比内沢"],"0285712":[3,"二戸市","野々上"],"0285311":[3,"二戸郡一戸町","高善寺"],"0286906":[3,"二戸市","浄法寺町上杉沢"],"0286951":[3,"二戸市","浄法寺町清水尻"],"0286857":[3,"二戸市","浄法寺町合名沢"],"0287516":[3,"八幡平市","関沢口"],"0280301":[3,"遠野市","宮守町上宮守"],"0286882":[3,"二戸市","浄法寺町羽余内"],"0286849":[3,"二戸市","浄法寺町岡本"],"0286106":[3,"二戸市","仁左平"],"0288321":[3,"下閉伊郡普代村","野胡桃"],"0287631":[3,"八幡平市","瀬ノ沢"],"0283444":[3,"紫波郡紫波町","小屋敷"],"0287622":[3,"八幡平市","兄畑中川原"],"0284121":[3,"盛岡市","玉山区永井"],"0283204":[3,"花巻市","大迫町亀ケ森"],"0283185":[3,"花巻市","石鳥谷町大瀬川"],"0286929":[3,"二戸市","浄法寺町大清水空久保"],"0286818":[3,"二戸市","浄法寺町鏡田"],"0281351":[3,"下閉伊郡山田町","長崎"],"0280514":[3,"遠野市","遠野町"],"0283604":[3,"紫波郡矢巾町","東徳田"],"0285702":[3,"二戸市","下斗米"],"0286611":[3,"九戸郡九戸村","山根"],"0287612":[3,"八幡平市","欠田"],"0287677":[3,"八幡平市","田山"],"0288601":[3,"久慈市","山形町戸呂町"],"0280772":[3,"遠野市","上郷町細越"],"0283534":[3,"紫波郡紫波町","紫野"],"0286867":[3,"二戸市","浄法寺町焼場"],"0286969":[3,"二戸市","浄法寺町端保口"],"0287674":[3,"八幡平市","家ノ裏"],"0286968":[3,"二戸市","浄法寺町海上前田"],"0285134":[3,"二戸郡一戸町","奥中山"],"0283163":[3,"花巻市","石鳥谷町八幡"],"0287535":[3,"八幡平市","清水"],"0286923":[3,"二戸市","浄法寺町下村"],"0280061":[3,"久慈市","中央"],"0280135":[3,"花巻市","東和町倉沢"],"0287506":[3,"八幡平市","安代寺田"],"0280062":[3,"久慈市","二十八日町"],"0286842":[3,"二戸市","浄法寺町漆沢中前田"],"0286937":[3,"二戸市","浄法寺町大畑"],"0286813":[3,"二戸市","浄法寺町大平"],"0288804":[3,"九戸郡洋野町","帯島"],"0288342":[3,"下閉伊郡普代村","和野山"],"0280105":[3,"花巻市","東和町前田"],"0286506":[3,"九戸郡九戸村","山屋"],"0280000":[3,"久慈市",""],"0280155":[3,"花巻市","東和町南成島"],"0287661":[3,"八幡平市","大沢"],"0280516":[3,"遠野市","穀町"],"0287621":[3,"八幡平市","兄川"],"0280123":[3,"花巻市","東和町田瀬"],"0288711":[3,"久慈市","山形町繋"],"0287904":[3,"九戸郡洋野町","小子内"],"0287305":[3,"八幡平市","松尾"],"0287606":[3,"八幡平市","姥子石"],"0283316":[3,"紫波郡紫波町","佐比内"],"0283616":[3,"紫波郡矢巾町","白沢"],"0280082":[3,"久慈市","川貫"],"0286883":[3,"二戸市","浄法寺町荒谷"],"0280132":[3,"花巻市","東和町舘迫"],"0283452":[3,"紫波郡紫波町","片寄"],"0280024":[3,"久慈市","栄町"],"0287916":[3,"九戸郡洋野町","種市"],"0286948":[3,"二戸市","浄法寺町御山舘"],"0288353":[3,"下閉伊郡普代村","黒崎"],"0287673":[3,"八幡平市","殿坂下タ"],"0286864":[3,"二戸市","浄法寺町門前向"],"0283201":[3,"花巻市","大迫町内川目"],"0286903":[3,"二戸市","浄法寺町坂本"],"0285223":[3,"二戸郡一戸町","面岸"],"0288604":[3,"久慈市","山形町日野沢"],"0288336":[3,"下閉伊郡普代村","堤"],"0287553":[3,"八幡平市","扇畑"],"0283203":[3,"花巻市","大迫町大迫"],"0281111":[3,"上閉伊郡大槌町","新町"],"0283442":[3,"紫波郡紫波町","升沢"],"0287536":[3,"八幡平市","打田内"],"0282512":[3,"宮古市","鈴久名"],"0286915":[3,"二戸市","浄法寺町霜屋敷"],"0286913":[3,"二戸市","浄法寺町下ノ沢"],"0286942":[3,"二戸市","浄法寺町御山久保"],"0280041":[3,"久慈市","長内町"],"0283308":[3,"紫波郡紫波町","平沢"],"0283453":[3,"紫波郡紫波町","土舘"],"0287542":[3,"八幡平市","高畑"],"0283121":[3,"花巻市","石鳥谷町戸塚"],"0286974":[3,"二戸市","浄法寺町中畑"],"0282633":[3,"宮古市","平津戸"],"0283445":[3,"紫波郡紫波町","南伝法寺"],"0280552":[3,"遠野市","土淵町山口"],"0285312":[3,"二戸郡一戸町","一戸"],"0287637":[3,"八幡平市","日泥道ノ下"],"0282421":[3,"宮古市","江繋"],"0284307":[3,"岩手郡岩手町","五日市"],"0280771":[3,"遠野市","上郷町佐比内"],"0288364":[3,"下閉伊郡普代村","南股"],"0286221":[3,"九戸郡軽米町","晴山"],"0280534":[3,"遠野市","綾織町みさ崎"],"0285306":[3,"二戸郡一戸町","中里"],"0280103":[3,"花巻市","東和町石鳩岡"],"0286856":[3,"二戸市","浄法寺町上外野"],"0283531":[3,"紫波郡紫波町","山屋"]}
