{"1620842":[13,"新宿区","市谷砂土原町"],"1620834":[13,"新宿区","北町"],"1620066":[13,"新宿区","市谷台町"],"1620043":[13,"新宿区","早稲田南町"],"1620802":[13,"新宿区","改代町"],"1620846":[13,"新宿区","市谷左内町"],"1620848":[13,"新宿区","市谷鷹匠町"],"1620062":[13,"新宿区","市谷加賀町"],"1620044":[13,"新宿区","喜久井町"],"1620054":[13,"新宿区","河田町"],"1620825":[13,"新宿区","神楽坂"],"1620841":[13,"新宿区","払方町"],"1620824":[13,"新宿区","揚場町"],"1620853":[13,"新宿区","北山伏町"],"1620826":[13,"新宿区","市谷船河原町"],"1620801":[13,"新宿区","山吹町"],"1620847":[13,"新宿区","市谷長延寺町"],"1620803":[13,"新宿区","赤城下町"],"1620856":[13,"新宿区","市谷甲良町"],"1620837":[13,"新宿区","納戸町"],"1620055":[13,"新宿区","余丁町"],"1620814":[13,"新宿区","新小川町"],"1620844":[13,"新宿区","市谷八幡町"],"1620056":[13,"新宿区","若松町"],"1620063":[13,"新宿区","市谷薬王寺町"],"1620822":[13,"新宿区","下宮比町"],"1620816":[13,"新宿区","白銀町"],"1620811":[13,"新宿区","水道町"],"1620831":[13,"新宿区","横寺町"],"1620851":[13,"新宿区","弁天町"],"1620843":[13,"新宿区","市谷田町"],"1620838":[13,"新宿区","細工町"],"1620821":[13,"新宿区","津久戸町"],"1620065":[13,"新宿区","住吉町"],"1620815":[13,"新宿区","筑土八幡町"],"1620808":[13,"新宿区","天神町"],"1620835":[13,"新宿区","中町"],"1620813":[13,"新宿区","東五軒町"],"1620827":[13,"新宿区","若宮町"],"1620852":[13,"新宿区","南榎町"],"1620823":[13,"新宿区","神楽河岸"],"1620832":[13,"新宿区","岩戸町"],"1620817":[13,"新宿区","赤城元町"],"1620854":[13,"新宿区","南山伏町"],"1620857":[13,"新宿区","市谷山伏町"],"1620045":[13,"新宿区","馬場下町"],"1620052":[13,"新宿区","戸山"],"1620067":[13,"新宿区","富久町"],"1620041":[13,"新宿区","早稲田鶴巻町"],"1620806":[13,"新宿区","榎町"],"1620804":[13,"新宿区","中里町"],"1620042":[13,"新宿区","早稲田町"],"1620833":[13,"新宿区","箪笥町"],"1620807":[13,"新宿区","東榎町"],"1620836":[13,"新宿区","南町"],"1620855":[13,"新宿区","二十騎町"],"1620053":[13,"新宿区","原町"],"1620818":[13,"新宿区","築地町"],"1620805":[13,"新宿区","矢来町"],"1620051":[13,"新宿区","西早稲田"],"1620828":[13,"新宿区","袋町"],"1620061":[13,"新宿区","市谷柳町"],"1620064":[13,"新宿区","市谷仲之町"],"1620845":[13,"新宿区","市谷本村町"],"1620812":[13,"新宿区","西五軒町"]}
