{"2230064":[14,"横浜市港北区","下田町"],"2230058":[14,"横浜市港北区","新吉田東"],"2230066":[14,"横浜市港北区","高田西"],"2230063":[14,"横浜市港北区","高田町"],"2230059":[14,"横浜市港北区","北新横浜"],"2230051":[14,"横浜市港北区","箕輪町"],"2230055":[14,"横浜市港北区","綱島上町"],"2230062":[14,"横浜市港北区","日吉本町"],"2230054":[14,"横浜市港北区","綱島台"],"2230056":[14,"横浜市港北区","新吉田町"],"2230057":[14,"横浜市港北区","新羽町"],"2230061":[14,"横浜市港北区","日吉"],"2230052":[14,"横浜市港北区","綱島東"],"2230065":[14,"横浜市港北区","高田東"],"2230053":[14,"横浜市港北区","綱島西"]}
