{"5128053":[24,"四日市市","大鐘町"],"5128066":[24,"四日市市","伊坂台"],"5121211":[24,"四日市市","桜町"],"5121101":[24,"四日市市","内山町"],"5128062":[24,"四日市市","黄金町"],"5120921":[24,"四日市市","尾平町"],"5120908":[24,"四日市市","坂部台"],"5120902":[24,"四日市市","小杉町"],"5121116":[24,"四日市市","六名町"],"5121304":[24,"四日市市","中野町"],"5128052":[24,"四日市市","西大鐘町"],"5128042":[24,"四日市市","平津町"],"5121303":[24,"四日市市","小牧町"],"5121215":[24,"四日市市","桜新町"],"5121301":[24,"四日市市","高見台"],"5121306":[24,"四日市市","まきの木台"],"5120924":[24,"四日市市","寺方町"],"5128041":[24,"四日市市","山分町"],"5121203":[24,"四日市市","下海老町"],"5128043":[24,"四日市市","平津新町"],"5120936":[24,"四日市市","別山"],"5121305":[24,"四日市市","西村町"],"5128051":[24,"四日市市","北山町"],"5128048":[24,"四日市市","山城町"],"5121102":[24,"四日市市","小山町"],"5121103":[24,"四日市市","西山町"],"5121204":[24,"四日市市","赤水町"],"5121216":[24,"四日市市","桜花台"],"5121115":[24,"四日市市","堂ケ山町"],"5120925":[24,"四日市市","菅原町"],"5120901":[24,"四日市市","大谷台"],"5121214":[24,"四日市市","桜台"],"5120904":[24,"四日市市","東坂部町"],"5121111":[24,"四日市市","山田町"],"5121208":[24,"四日市市","北野町"],"5128063":[24,"四日市市","山村町"],"5120931":[24,"四日市市","浮橋"],"5120922":[24,"四日市市","曽井町"],"5120913":[24,"四日市市","西坂部町"],"5128045":[24,"四日市市","萱生町"],"5121207":[24,"四日市市","黒田町"],"5121104":[24,"四日市市","美里町"],"5120912":[24,"四日市市","三重"],"5121105":[24,"四日市市","水沢町"],"5120934":[24,"四日市市","川島町"],"5128044":[24,"四日市市","中村町"],"5121202":[24,"四日市市","あがたが丘"],"5121213":[24,"四日市市","桜台本町"],"5128065":[24,"四日市市","千代田町"],"5128056":[24,"四日市市","札場町"],"5121201":[24,"四日市市","上海老町"],"5121114":[24,"四日市市","和無田町"],"5120906":[24,"四日市市","山之一色町"],"5120932":[24,"四日市市","小生町"],"5121302":[24,"四日市市","市場町"],"5121205":[24,"四日市市","平尾町"],"5121206":[24,"四日市市","江村町"],"5121212":[24,"四日市市","智積町"],"5120911":[24,"四日市市","生桑町"],"5128054":[24,"四日市市","朝明町"],"5121113":[24,"四日市市","鹿間町"],"5120923":[24,"四日市市","高角町"],"5120903":[24,"四日市市","小杉新町"],"5128061":[24,"四日市市","広永町"],"5120907":[24,"四日市市","東ケ谷"],"5120933":[24,"四日市市","三滝台"],"5120914":[24,"四日市市","南坂部町"],"5120301":[24,"四日市市","水沢野田町"],"5128046":[24,"四日市市","あかつき台"],"5128055":[24,"四日市市","あさけが丘"],"5120935":[24,"四日市市","川島新町"],"5128064":[24,"四日市市","伊坂町"],"5120905":[24,"四日市市","坂部が丘"],"5128047":[24,"四日市市","八千代台"]}
