{"4901413":[23,"弥富市","子宝"],"4901214":[23,"あま市","北苅"],"4901115":[23,"あま市","坂牧"],"4901212":[23,"あま市","小橋方"],"4901444":[23,"海部郡飛島村","木場"],"4901415":[23,"弥富市","鮫ケ地"],"4901304":[23,"稲沢市","平和町法立"],"4901302":[23,"稲沢市","平和町観音堂"],"4901224":[23,"あま市","丹波"],"4901116":[23,"あま市","本郷"],"4901100":[23,"海部郡大治町",""],"4901142":[23,"海部郡大治町","三本木"],"4901226":[23,"あま市","中橋"],"4901137":[23,"海部郡大治町","堀之内"],"4901132":[23,"海部郡大治町","北間島"],"4901423":[23,"弥富市","海屋"],"4901203":[23,"あま市","木折"],"4901405":[23,"弥富市","神戸"],"4901414":[23,"弥富市","坂中地"],"4901426":[23,"弥富市","四郎兵衛"],"4901145":[23,"海部郡大治町","中島"],"4901113":[23,"あま市","中萱津"],"4901225":[23,"あま市","蜂須賀"],"4901322":[23,"稲沢市","平和町"],"4901135":[23,"海部郡大治町","鎌須賀"],"4901428":[23,"弥富市","竹田"],"4901204":[23,"あま市","花長"],"4901200":[23,"あま市",""],"4901402":[23,"弥富市","五斗山"],"4901434":[23,"海部郡飛島村","松之郷"],"4901403":[23,"弥富市","鳥ケ地"],"4901443":[23,"海部郡飛島村","新政成"],"4901445":[23,"海部郡飛島村","金岡"],"4901211":[23,"あま市","篠田"],"4901201":[23,"あま市","古道"],"4901436":[23,"海部郡飛島村","竹之郷"],"4901401":[23,"弥富市","六條町"],"4901435":[23,"海部郡飛島村","梅之郷"],"4901205":[23,"あま市","花正"],"4901407":[23,"弥富市","三百島"],"4901412":[23,"弥富市","馬ケ地"],"4901133":[23,"海部郡大治町","八ツ屋"],"4901315":[23,"稲沢市","平和町平池"],"4901301":[23,"稲沢市","平和町須ケ谷"],"4901143":[23,"海部郡大治町","砂子"],"4901323":[23,"稲沢市","平和町"],"4901446":[23,"海部郡飛島村","東浜"],"4901314":[23,"稲沢市","平和町西光坊"],"4901207":[23,"あま市","二ツ寺"],"4901136":[23,"海部郡大治町","花常"],"4901105":[23,"あま市","新居屋"],"4901437":[23,"海部郡飛島村","飛島新田"],"4901311":[23,"稲沢市","平和町中三宅"],"4901131":[23,"海部郡大治町","長牧"],"4901442":[23,"海部郡飛島村","古政成"],"4901134":[23,"海部郡大治町","東條"],"4901433":[23,"海部郡飛島村","渚"],"4901206":[23,"あま市","東溝口"],"4901411":[23,"弥富市","善太町"],"4901111":[23,"あま市","甚目寺"],"4901144":[23,"海部郡大治町","西條"],"4901406":[23,"弥富市","鍋平"],"4901441":[23,"海部郡飛島村","政成新田"],"4901104":[23,"あま市","西今宿"],"4901431":[23,"海部郡飛島村","服岡"],"4901112":[23,"あま市","上萱津"],"4901421":[23,"弥富市","上押萩"],"4901223":[23,"あま市","森山"],"4901432":[23,"海部郡飛島村","三福"],"4901438":[23,"海部郡飛島村","大宝"],"4901213":[23,"あま市","乙之子"],"4901422":[23,"弥富市","下押萩"],"4901141":[23,"海部郡大治町","馬島"],"4901102":[23,"あま市","石作"],"4901202":[23,"あま市","富塚"],"4901114":[23,"あま市","下萱津"],"4901107":[23,"あま市","森"],"4901101":[23,"あま市","方領"],"4901404":[23,"弥富市","桴場"],"4901312":[23,"稲沢市","平和町下三宅"],"4901425":[23,"弥富市","東蜆"],"4901447":[23,"海部郡飛島村","西浜"],"4901321":[23,"稲沢市","平和町東城"],"4901427":[23,"弥富市","西蜆"],"4901305":[23,"稲沢市","平和町"],"4901424":[23,"弥富市","亀ケ地"],"4901313":[23,"稲沢市","平和町横池"],"4901103":[23,"あま市","栄"],"4901400":[23,"海部郡飛島村",""],"4901222":[23,"あま市","木田"],"4901303":[23,"稲沢市","平和町上三宅"],"4901106":[23,"あま市","小路"],"4901221":[23,"あま市","金岩"]}
