{"2970042":[12,"茂原市","三ケ谷"],"2970102":[12,"長生郡長南町","本台"],"2970009":[12,"茂原市","北塚"],"2970038":[12,"茂原市","長清水"],"2970077":[12,"茂原市","真名"],"2970013":[12,"茂原市","中之郷飛地"],"2970112":[12,"長生郡長南町","米満"],"2970014":[12,"茂原市","川島飛地"],"2970078":[12,"茂原市","高師台"],"2970072":[12,"茂原市","大登"],"2970143":[12,"長生郡長南町","美原台"],"2970054":[12,"茂原市","八幡原"],"2970005":[12,"茂原市","本小轡"],"2970028":[12,"茂原市","道表"],"2970018":[12,"茂原市","萩原町"],"2970135":[12,"長生郡長南町","地引"],"2970125":[12,"長生郡長南町","笠森"],"2970017":[12,"茂原市","東郷"],"2970223":[12,"長生郡長柄町","大津倉"],"2970138":[12,"長生郡長南町","下小野田"],"2970004":[12,"茂原市","小轡"],"2970215":[12,"長生郡長柄町","鴇谷"],"2970151":[12,"長生郡長南町","茗荷沢"],"2970234":[12,"長生郡長柄町","長柄山"],"2970201":[12,"長生郡長柄町","上野"],"2970105":[12,"長生郡長南町","棚毛"],"2970141":[12,"長生郡長南町","報恩寺"],"2970155":[12,"長生郡長南町","竹林"],"2970212":[12,"長生郡長柄町","小榎本"],"2970065":[12,"茂原市","緑ケ丘"],"2970231":[12,"長生郡長柄町","山之郷"],"2970136":[12,"長生郡長南町","小生田"],"2970051":[12,"茂原市","鷲巣"],"2970232":[12,"長生郡長柄町","中野台"],"2970076":[12,"茂原市","庄吉"],"2970067":[12,"茂原市","国府関"],"2970221":[12,"長生郡長柄町","高山"],"2970058":[12,"茂原市","石神"],"2970145":[12,"長生郡長南町","佐坪"],"2970154":[12,"長生郡長南町","岩撫"],"2970071":[12,"茂原市","黒戸"],"2970124":[12,"長生郡長南町","深沢"],"2970053":[12,"茂原市","墨田"],"2970022":[12,"茂原市","町保"],"2970200":[12,"長生郡長柄町",""],"2970001":[12,"茂原市","七渡"],"2970032":[12,"茂原市","東茂原"],"2970033":[12,"茂原市","大芝"],"2970044":[12,"茂原市","台田"],"2970063":[12,"茂原市","長谷"],"2970218":[12,"長生郡長柄町","桜谷"],"2970114":[12,"長生郡長南町","千手堂"],"2970031":[12,"茂原市","早野新田"],"2970144":[12,"長生郡長南町","市野々"],"2970024":[12,"茂原市","八千代"],"2970034":[12,"茂原市","中の島町"],"2970103":[12,"長生郡長南町","今泉"],"2970023":[12,"茂原市","千代田町"],"2970074":[12,"茂原市","小林"],"2970123":[12,"長生郡長南町","蔵持"],"2970222":[12,"長生郡長柄町","大庭"],"2970115":[12,"長生郡長南町","千田"],"2970000":[12,"茂原市",""],"2970122":[12,"長生郡長南町","坂本"],"2970206":[12,"長生郡長柄町","山根"],"2970015":[12,"茂原市","東部台"],"2970207":[12,"長生郡長柄町","船木"],"2970216":[12,"長生郡長柄町","立鳥"],"2970025":[12,"茂原市","緑町"],"2970064":[12,"茂原市","箕輪"],"2970101":[12,"長生郡長南町","岩川"],"2970152":[12,"長生郡長南町","水沼"],"2970019":[12,"茂原市","上林"],"2970055":[12,"茂原市","綱島"],"2970111":[12,"長生郡長南町","須田"],"2970153":[12,"長生郡長南町","山内"],"2970039":[12,"茂原市","茂原西"],"2970131":[12,"長生郡長南町","中原"],"2970205":[12,"長生郡長柄町","千代丸"],"2970132":[12,"長生郡長南町","給田"],"2970035":[12,"茂原市","下永吉"],"2970204":[12,"長生郡長柄町","力丸"],"2970062":[12,"茂原市","内長谷"],"2970006":[12,"茂原市","新小轡"],"2970016":[12,"茂原市","木崎"],"2970056":[12,"茂原市","六田台"],"2970021":[12,"茂原市","高師町"],"2970036":[12,"茂原市","上永吉"],"2970226":[12,"長生郡長柄町","金谷"],"2970073":[12,"茂原市","長尾"],"2970043":[12,"茂原市","立木"],"2970007":[12,"茂原市","腰当"],"2970041":[12,"茂原市","猿袋"],"2970203":[12,"長生郡長柄町","国府里"],"2970012":[12,"茂原市","六ツ野"],"2970224":[12,"長生郡長柄町","田代"],"2970134":[12,"長生郡長南町","芝原"],"2970214":[12,"長生郡長柄町","長富"],"2970133":[12,"長生郡長南町","豊原"],"2970225":[12,"長生郡長柄町","刑部"],"2970057":[12,"茂原市","中善寺"],"2970235":[12,"長生郡長柄町","皿木"],"2970202":[12,"長生郡長柄町","味庄"],"2970061":[12,"茂原市","山崎"],"2970037":[12,"茂原市","早野"],"2970113":[12,"長生郡長南町","関原"],"2970008":[12,"茂原市","渋谷"],"2970011":[12,"茂原市","谷本"],"2970100":[12,"長生郡長南町",""],"2970217":[12,"長生郡長柄町","針ケ谷"],"2970052":[12,"茂原市","上茂原"],"2970075":[12,"茂原市","押日"],"2970142":[12,"長生郡長南町","小沢"],"2970029":[12,"茂原市","高師"],"2970137":[12,"長生郡長南町","上小野田"],"2970211":[12,"長生郡長柄町","榎本"],"2970003":[12,"茂原市","北高根飛地"],"2970066":[12,"茂原市","芦網"],"2970026":[12,"茂原市","茂原"],"2970213":[12,"長生郡長柄町","徳増"],"2970002":[12,"茂原市","千町"],"2970027":[12,"茂原市","中部"],"2970045":[12,"茂原市","野牛"],"2970121":[12,"長生郡長南町","長南"],"2970104":[12,"長生郡長南町","又富"],"2970233":[12,"長生郡長柄町","六地蔵"]}
