{"0520002":[1,"伊達市","乾町"],"0520026":[1,"伊達市","錦町"],"0520024":[1,"伊達市","鹿島町"],"0520012":[1,"伊達市","松ケ枝町"],"0520105":[1,"有珠郡壮瞥町","仲洞爺"],"0520036":[1,"伊達市","上長和町"],"0520104":[1,"有珠郡壮瞥町","東湖畔"],"0520035":[1,"伊達市","長和町"],"0520107":[1,"有珠郡壮瞥町","洞爺湖温泉"],"0520102":[1,"有珠郡壮瞥町","昭和新山"],"0520314":[1,"伊達市","大滝区円山町"],"0520000":[1,"伊達市",""],"0520111":[1,"有珠郡壮瞥町","上久保内"],"0520311":[1,"伊達市","大滝区本郷町"],"0520112":[1,"有珠郡壮瞥町","久保内"],"0520005":[1,"伊達市","清住町"],"0520033":[1,"伊達市","西浜町"],"0520312":[1,"伊達市","大滝区上野町"],"0520301":[1,"伊達市","大滝区本町"],"0520013":[1,"伊達市","弄月町"],"0520027":[1,"伊達市","大町"],"0520313":[1,"伊達市","大滝区大成町"],"0520015":[1,"伊達市","旭町"],"0520011":[1,"伊達市","竹原町"],"0520006":[1,"伊達市","東関内町"],"0520116":[1,"有珠郡壮瞥町","南久保内"],"0520034":[1,"伊達市","館山下町"],"0520317":[1,"伊達市","大滝区優徳町"],"0520001":[1,"伊達市","喜門別町"],"0520316":[1,"伊達市","大滝区北湯沢温泉町"],"0520032":[1,"伊達市","山下町"],"0520016":[1,"伊達市","東浜町"],"0520003":[1,"伊達市","幌美内町"],"0520303":[1,"伊達市","大滝区三階滝町"],"0520008":[1,"伊達市","上館山町"],"0520101":[1,"有珠郡壮瞥町","滝之町"],"0520114":[1,"有珠郡壮瞥町","幸内"],"0520025":[1,"伊達市","網代町"],"0520302":[1,"伊達市","大滝区清陵町"],"0520031":[1,"伊達市","館山町"],"0520023":[1,"伊達市","元町"],"0520315":[1,"伊達市","大滝区昭園町"],"0520103":[1,"有珠郡壮瞥町","壮瞥温泉"],"0520021":[1,"伊達市","末永町"],"0520022":[1,"伊達市","梅本町"],"0520007":[1,"伊達市","西関内町"],"0520106":[1,"有珠郡壮瞥町","立香"],"0520113":[1,"有珠郡壮瞥町","蟠渓"],"0520004":[1,"伊達市","萩原町"],"0520115":[1,"有珠郡壮瞥町","弁景"],"0520014":[1,"伊達市","舟岡町"],"0520100":[1,"有珠郡壮瞥町",""]}
