{"4150027":[22,"下田市","旧岡方村"],"4150037":[22,"下田市","敷根"],"4150322":[22,"賀茂郡南伊豆町","岩殿"],"4150153":[22,"賀茂郡南伊豆町","手石"],"4150036":[22,"下田市","西本郷"],"4150156":[22,"賀茂郡南伊豆町","石廊崎"],"4150151":[22,"賀茂郡南伊豆町","青市"],"4150024":[22,"下田市","四丁目"],"4150011":[22,"下田市","河内"],"4150017":[22,"下田市","東中"],"4150325":[22,"賀茂郡南伊豆町","市之瀬"],"4150154":[22,"賀茂郡南伊豆町","下流"],"4150029":[22,"下田市","田牛"],"4150035":[22,"下田市","東本郷"],"4150324":[22,"賀茂郡南伊豆町","上小野"],"4150038":[22,"下田市","大賀茂"],"4150155":[22,"賀茂郡南伊豆町","大瀬"],"4150301":[22,"賀茂郡南伊豆町","一條"],"4150313":[22,"賀茂郡南伊豆町","一色"],"4150300":[22,"賀茂郡南伊豆町",""],"4150014":[22,"下田市","須崎"],"4150022":[22,"下田市","二丁目"],"4150321":[22,"賀茂郡南伊豆町","毛倉野"],"4150021":[22,"下田市","一丁目"],"4150326":[22,"賀茂郡南伊豆町","蛇石"],"4150314":[22,"賀茂郡南伊豆町","蝶ケ野"],"4150000":[22,"下田市",""],"4150032":[22,"下田市","立野"],"4150016":[22,"下田市","中"],"4150532":[22,"賀茂郡南伊豆町","子浦"],"4150323":[22,"賀茂郡南伊豆町","川合野"],"4150303":[22,"賀茂郡南伊豆町","下賀茂"],"4150028":[22,"下田市","吉佐美"],"4150026":[22,"下田市","六丁目"],"4150327":[22,"賀茂郡南伊豆町","青野"],"4150023":[22,"下田市","三丁目"],"4150533":[22,"賀茂郡南伊豆町","立岩"],"4150312":[22,"賀茂郡南伊豆町","入間"],"4150033":[22,"下田市","本郷"],"4150012":[22,"下田市","白浜"],"4150031":[22,"下田市","蓮台寺"],"4150304":[22,"賀茂郡南伊豆町","加納"],"4150305":[22,"賀茂郡南伊豆町","二條"],"4150018":[22,"下田市","西中"],"4150001":[22,"下田市",""],"4150311":[22,"賀茂郡南伊豆町","中木"],"4150152":[22,"賀茂郡南伊豆町","湊"],"4150306":[22,"賀茂郡南伊豆町","石井"],"4150039":[22,"下田市","大沢"],"4150302":[22,"賀茂郡南伊豆町","上賀茂"],"4150531":[22,"賀茂郡南伊豆町","一町田"],"4150015":[22,"下田市","武ガ浜"],"4150025":[22,"下田市","五丁目"],"4150013":[22,"下田市","柿崎"],"4150034":[22,"下田市","高馬"]}
