{"4510065":[23,"名古屋市西区","天神山町"],"4510052":[23,"名古屋市西区","栄生"],"4510082":[23,"名古屋市西区","大金町"],"4510046":[23,"名古屋市西区","牛島町"],"4510032":[23,"名古屋市西区","数寄屋町"],"4510045":[23,"名古屋市西区","名駅"],"4516034":[23,"名古屋市西区","牛島町名古屋ルーセントタワー"],"4516013":[23,"名古屋市西区","牛島町名古屋ルーセントタワー"],"4510033":[23,"名古屋市西区","堀端町"],"4510043":[23,"名古屋市西区","新道"],"4510022":[23,"名古屋市西区","貝田町"],"4510053":[23,"名古屋市西区","枇杷島"],"4510062":[23,"名古屋市西区","花の木"],"4516020":[23,"名古屋市西区","牛島町名古屋ルーセントタワー"],"4510077":[23,"名古屋市西区","笹塚町"],"4510084":[23,"名古屋市西区","上堀越町"],"4516026":[23,"名古屋市西区","牛島町名古屋ルーセントタワー"],"4516023":[23,"名古屋市西区","牛島町名古屋ルーセントタワー"],"4510063":[23,"名古屋市西区","押切"],"4510073":[23,"名古屋市西区","浄心本通"],"4516007":[23,"名古屋市西区","牛島町名古屋ルーセントタワー"],"4516025":[23,"名古屋市西区","牛島町名古屋ルーセントタワー"],"4510026":[23,"名古屋市西区","田幡町"],"4510044":[23,"名古屋市西区","菊井"],"4510066":[23,"名古屋市西区","児玉"],"4510072":[23,"名古屋市西区","笠取町"],"4516011":[23,"名古屋市西区","牛島町名古屋ルーセントタワー"],"4516040":[23,"名古屋市西区","牛島町名古屋ルーセントタワー"],"4516001":[23,"名古屋市西区","牛島町名古屋ルーセントタワー"],"4516005":[23,"名古屋市西区","牛島町名古屋ルーセントタワー"],"4510071":[23,"名古屋市西区","鳥見町"],"4516008":[23,"名古屋市西区","牛島町名古屋ルーセントタワー"],"4510054":[23,"名古屋市西区","南堀越"],"4516090":[23,"名古屋市西区","牛島町名古屋ルーセントタワー"],"4510041":[23,"名古屋市西区","幅下"],"4510012":[23,"名古屋市西区","稲生町"],"4516033":[23,"名古屋市西区","牛島町名古屋ルーセントタワー"],"4510024":[23,"名古屋市西区","秩父通"],"4516016":[23,"名古屋市西区","牛島町名古屋ルーセントタワー"],"4510042":[23,"名古屋市西区","那古野"],"4510013":[23,"名古屋市西区","江向町"],"4516030":[23,"名古屋市西区","牛島町名古屋ルーセントタワー"],"4510021":[23,"名古屋市西区","天塚町"],"4516012":[23,"名古屋市西区","牛島町名古屋ルーセントタワー"],"4510076":[23,"名古屋市西区","東岸町"],"4510011":[23,"名古屋市西区","桝形町"],"4510075":[23,"名古屋市西区","康生通"],"4510035":[23,"名古屋市西区","浅間"],"4516032":[23,"名古屋市西区","牛島町名古屋ルーセントタワー"],"4510016":[23,"名古屋市西区","庄内通"],"4510027":[23,"名古屋市西区","西志賀町"],"4516038":[23,"名古屋市西区","牛島町名古屋ルーセントタワー"],"4510014":[23,"名古屋市西区","又穂町"],"4510034":[23,"名古屋市西区","樋の口町"],"4510025":[23,"名古屋市西区","上名古屋"],"4510023":[23,"名古屋市西区","城北町"],"4516015":[23,"名古屋市西区","牛島町名古屋ルーセントタワー"],"4510074":[23,"名古屋市西区","万代町"],"4510051":[23,"名古屋市西区","則武新町"],"4516031":[23,"名古屋市西区","牛島町名古屋ルーセントタワー"],"4516037":[23,"名古屋市西区","牛島町名古屋ルーセントタワー"],"4510061":[23,"名古屋市西区","浄心"],"4510015":[23,"名古屋市西区","香呑町"],"4516024":[23,"名古屋市西区","牛島町名古屋ルーセントタワー"],"4510081":[23,"名古屋市西区","名塚町"],"4516009":[23,"名古屋市西区","牛島町名古屋ルーセントタワー"],"4516019":[23,"名古屋市西区","牛島町名古屋ルーセントタワー"],"4516039":[23,"名古屋市西区","牛島町名古屋ルーセントタワー"],"4516017":[23,"名古屋市西区","牛島町名古屋ルーセントタワー"],"4516028":[23,"名古屋市西区","牛島町名古屋ルーセントタワー"],"4516035":[23,"名古屋市西区","牛島町名古屋ルーセントタワー"],"4516002":[23,"名古屋市西区","牛島町名古屋ルーセントタワー"],"4516027":[23,"名古屋市西区","牛島町名古屋ルーセントタワー"],"4516010":[23,"名古屋市西区","牛島町名古屋ルーセントタワー"],"4510031":[23,"名古屋市西区","城西"],"4516004":[23,"名古屋市西区","牛島町名古屋ルーセントタワー"],"4516021":[23,"名古屋市西区","牛島町名古屋ルーセントタワー"],"4516014":[23,"名古屋市西区","牛島町名古屋ルーセントタワー"],"4510000":[23,"名古屋市西区",""],"4516003":[23,"名古屋市西区","牛島町名古屋ルーセントタワー"],"4510055":[23,"名古屋市西区","堀越"],"4516006":[23,"名古屋市西区","牛島町名古屋ルーセントタワー"],"4510083":[23,"名古屋市西区","新福寺町"],"4510064":[23,"名古屋市西区","名西"],"4516029":[23,"名古屋市西区","牛島町名古屋ルーセントタワー"],"4516022":[23,"名古屋市西区","牛島町名古屋ルーセントタワー"],"4516018":[23,"名古屋市西区","牛島町名古屋ルーセントタワー"],"4516036":[23,"名古屋市西区","牛島町名古屋ルーセントタワー"]}
