{"4350051":[22,"浜松市東区","市野町"],"4350024":[22,"浜松市南区","大塚町"],"4350014":[22,"浜松市東区","大蒲町"],"4350045":[22,"浜松市中区","細島町"],"4350052":[22,"浜松市東区","天王町"],"4350026":[22,"浜松市南区","金折町"],"4350008":[22,"浜松市東区","松小池町"],"4350012":[22,"浜松市東区","安間町"],"4350053":[22,"浜松市東区","上新屋町"],"4350011":[22,"浜松市東区","国吉町"],"4350002":[22,"浜松市東区","白鳥町"],"4350043":[22,"浜松市東区","宮竹町"],"4350037":[22,"浜松市南区","青屋町"],"4350018":[22,"浜松市東区","薬新町"],"4350007":[22,"浜松市東区","流通元町"],"4350038":[22,"浜松市南区","三和町"],"4350041":[22,"浜松市東区","北島町"],"4350047":[22,"浜松市東区","原島町"],"4350001":[22,"浜松市東区","上石田町"],"4350031":[22,"浜松市東区","長鶴町"],"4350044":[22,"浜松市東区","西塚町"],"4350021":[22,"浜松市東区","材木町"],"4350036":[22,"浜松市南区","渡瀬町"],"4350005":[22,"浜松市東区","安新町"],"4350003":[22,"浜松市東区","中里町"],"4350027":[22,"浜松市南区","下飯田町"],"4350056":[22,"浜松市東区","小池町"],"4350034":[22,"浜松市南区","安松町"],"4350057":[22,"浜松市東区","中田町"],"4350033":[22,"浜松市南区","石原町"],"4350015":[22,"浜松市東区","子安町"],"4350025":[22,"浜松市南区","老間町"],"4350054":[22,"浜松市中区","早出町"],"4350029":[22,"浜松市東区","龍光町"],"4350023":[22,"浜松市南区","新貝町"],"4350055":[22,"浜松市中区","十軒町"],"4350032":[22,"浜松市南区","古川町"],"4350046":[22,"浜松市東区","丸塚町"],"4350017":[22,"浜松市東区","薬師町"],"4350048":[22,"浜松市東区","上西町"],"4350035":[22,"浜松市南区","西伝寺町"],"4350042":[22,"浜松市東区","篠ケ瀬町"],"4350004":[22,"浜松市東区","中野町"],"4350013":[22,"浜松市東区","天龍川町"],"4350006":[22,"浜松市東区","下石田町"],"4350022":[22,"浜松市南区","鶴見町"],"4350016":[22,"浜松市東区","和田町"],"4350028":[22,"浜松市南区","飯田町"]}
