{"0360531":[2,"黒石市","飛内"],"0360243":[2,"平川市","原大野"],"0368234":[2,"弘前市","館野"],"0360377":[2,"黒石市","中町"],"0361343":[2,"弘前市","百沢"],"0360331":[2,"黒石市","八甲"],"0360412":[2,"黒石市","袋"],"0360537":[2,"黒石市","赤坂"],"0360382":[2,"黒石市","作場町"],"0368163":[2,"弘前市","清原"],"0368382":[2,"弘前市","富栄"],"0368342":[2,"弘前市","笹森町"],"0368356":[2,"弘前市","下白銀町"],"0361432":[2,"弘前市","館後"],"0361304":[2,"弘前市","新岡"],"0368115":[2,"弘前市","広野"],"0360338":[2,"黒石市","春日町"],"0368063":[2,"弘前市","宮園"],"0368367":[2,"弘前市","平岡町"],"0368185":[2,"弘前市","御幸町"],"0360154":[2,"平川市","四ツ屋亀田"],"0361203":[2,"弘前市","大森"],"0368103":[2,"弘前市","川先"],"0361503":[2,"弘前市","五所"],"0368333":[2,"弘前市","若党町"],"0360411":[2,"黒石市","温湯"],"0360132":[2,"平川市","唐竹芦毛沢"],"0368122":[2,"弘前市","乳井"],"0368071":[2,"弘前市","大久保"],"0368045":[2,"弘前市","野田"],"0368278":[2,"弘前市","樋の口"],"0368152":[2,"弘前市","学園町"],"0368174":[2,"弘前市","富野町"],"0360223":[2,"平川市","西野曽江川崎"],"0368254":[2,"弘前市","清水"],"0368131":[2,"弘前市","千年"],"0360405":[2,"黒石市","南中野"],"0360375":[2,"黒石市","若葉町"],"0368251":[2,"弘前市","清富町"],"0368277":[2,"弘前市","河原町"],"0360513":[2,"黒石市","小屋敷西"],"0360164":[2,"平川市","松崎亀井"],"0368054":[2,"弘前市","田町"],"0368226":[2,"弘前市","寒沢町"],"0368055":[2,"弘前市","田茂木町"],"0360203":[2,"平川市","南田中北林元"],"0361202":[2,"弘前市","十面沢"],"0368104":[2,"弘前市","扇町"],"0368031":[2,"弘前市","北柳町"],"0360101":[2,"平川市","大光寺一滝本"],"0368193":[2,"弘前市","新鍛冶町"],"0360115":[2,"平川市","新館後野"],"0360144":[2,"平川市","原田稲元"],"0368085":[2,"弘前市","末広"],"0360321":[2,"黒石市","あけぼの町"],"0360145":[2,"平川市","岩館長田"],"0360366":[2,"黒石市","浦町"],"0368215":[2,"弘前市","新寺町新割町"],"0368262":[2,"弘前市","清水富田"],"0361325":[2,"弘前市","一町田"],"0360367":[2,"黒石市","前町"],"0360524":[2,"黒石市","緑ケ丘"],"0368153":[2,"弘前市","三岳町"],"0368224":[2,"弘前市","文京町"],"0360337":[2,"黒石市","角田"],"0368023":[2,"弘前市","植田町"],"0360534":[2,"黒石市","竹鼻"],"0368201":[2,"弘前市","一番町"],"0368042":[2,"弘前市","松ケ枝"],"0368321":[2,"弘前市","萢中"],"0368133":[2,"弘前市","大和沢"],"0368183":[2,"弘前市","品川町"],"0368364":[2,"弘前市","新町"],"0360155":[2,"平川市","館田稲村"],"0360501":[2,"黒石市","東馬場尻"],"0368213":[2,"弘前市","北新寺町"],"0368188":[2,"弘前市","吉野町"],"0360355":[2,"黒石市","袋井"],"0360303":[2,"黒石市","株梗木横丁"],"0361414":[2,"中津軽郡西目屋村","白沢"],"0360521":[2,"黒石市","末広"],"0360354":[2,"黒石市","後大工町"],"0361334":[2,"弘前市","如来瀬"],"0361442":[2,"弘前市","平山"],"0368181":[2,"弘前市","山道町"],"0368368":[2,"弘前市","和田町"],"0360541":[2,"黒石市","北美町"],"0360385":[2,"黒石市","大板町"],"0368197":[2,"弘前市","桶屋町"],"0368034":[2,"弘前市","徒町"],"0361435":[2,"弘前市","吉川"],"0368319":[2,"弘前市","藤内町"],"0368096":[2,"弘前市","表町"],"0361514":[2,"弘前市","沢田"],"0360517":[2,"黒石市","松原"],"0360122":[2,"平川市","尾崎浅井"],"0368207":[2,"弘前市","上白銀町"],"0368072":[2,"弘前市","清野袋"],"0360171":[2,"平川市","小国浅瀬石山"],"0360103":[2,"平川市","本町北柳田"],"0368074":[2,"弘前市","津賀野"],"0368026":[2,"弘前市","南横町"],"0360502":[2,"黒石市","馬場尻北"],"0360365":[2,"黒石市","長崎"],"0368343":[2,"弘前市","東長町"],"0368036":[2,"弘前市","鉄砲町"],"0360341":[2,"黒石市","豊岡"],"0368173":[2,"弘前市","富田町"],"0360383":[2,"黒石市","緑町"],"0368155":[2,"弘前市","中野"],"0368194":[2,"弘前市","北川端町"],"0368211":[2,"弘前市","相良町"],"0360231":[2,"平川市","新山岡部"],"0368187":[2,"弘前市","住吉町"],"0361443":[2,"弘前市","米ケ袋"],"0361433":[2,"弘前市","国吉"],"0360538":[2,"黒石市","上目内澤"],"0368184":[2,"弘前市","松森町"],"0368081":[2,"弘前市","福田"],"0361452":[2,"弘前市","中畑"],"0361204":[2,"弘前市","貝沢"],"0368066":[2,"弘前市","向外瀬"],"0368141":[2,"弘前市","松原東"],"0361400":[2,"中津軽郡西目屋村",""],"0360102":[2,"平川市","光城"],"0360334":[2,"黒石市","東新町"],"0360153":[2,"平川市","小杉稲村"],"0360339":[2,"黒石市","美原町"],"0368346":[2,"弘前市","大浦町"],"0368264":[2,"弘前市","悪戸"],"0361415":[2,"中津軽郡西目屋村","村市"],"0360113":[2,"平川市","平田森稲村"],"0361502":[2,"弘前市","黒滝"],"0360374":[2,"黒石市","泉町"],"0368162":[2,"弘前市","安原"],"0360388":[2,"黒石市","西ケ丘"],"0360233":[2,"平川市","日沼一本柳"],"0360523":[2,"黒石市","北田中"],"0360142":[2,"平川市","高畑熊沢"],"0368225":[2,"弘前市","西ケ丘町"],"0360114":[2,"平川市","町居稲村"],"0368312":[2,"弘前市","三世寺"],"0360404":[2,"黒石市","板留"],"0361313":[2,"弘前市","賀田"],"0360532":[2,"黒石市","飛内北"],"0368064":[2,"弘前市","東城北"],"0360378":[2,"黒石市","浜町"],"0360304":[2,"黒石市","甲徳兵衛町"],"0368223":[2,"弘前市","富士見町"],"0360514":[2,"黒石市","富田"],"0368324":[2,"弘前市","浜の町西"],"0361341":[2,"弘前市","宮地"],"0360413":[2,"黒石市","花巻"],"0368334":[2,"弘前市","馬喰町"],"0368198":[2,"弘前市","元長町"],"0361332":[2,"弘前市","兼平"],"0368374":[2,"弘前市","土堂"],"0360121":[2,"平川市","新屋稲村"],"0368114":[2,"弘前市","川合"],"0368315":[2,"弘前市","船水"],"0360505":[2,"黒石市","馬場尻南"],"0368245":[2,"弘前市","金属町"],"0368111":[2,"弘前市","門外"],"0360165":[2,"平川市","松館浅井"],"0368363":[2,"弘前市","袋町"],"0360308":[2,"黒石市","寺小路"],"0361422":[2,"中津軽郡西目屋村","居森平"],"0368004":[2,"弘前市","大町"],"0368357":[2,"弘前市","馬屋町"],"0360535":[2,"黒石市","高舘"],"0368021":[2,"弘前市","和徳町"],"0368301":[2,"弘前市","糠坪"],"0360314":[2,"黒石市","道北町"],"0368125":[2,"弘前市","大沢"],"0368086":[2,"弘前市","田園"],"0368263":[2,"弘前市","常盤坂"],"0368274":[2,"弘前市","南城西"],"0368314":[2,"弘前市","町田"],"0361361":[2,"弘前市","弥生"],"0360222":[2,"平川市","長田沼田"],"0360318":[2,"黒石市","岩木町"],"0360143":[2,"平川市","吹上高田"],"0368227":[2,"弘前市","桔梗野"],"0368318":[2,"弘前市","八代町"],"0368161":[2,"弘前市","大清水"],"0360146":[2,"平川市","大坊竹内"],"0368202":[2,"弘前市","元大工町"],"0368095":[2,"弘前市","城東"],"0361511":[2,"弘前市","坂市"],"0368273":[2,"弘前市","西茂森"],"0361506":[2,"弘前市","昴"],"0368014":[2,"弘前市","南瓦ケ町"],"0368233":[2,"弘前市","山崎"],"0368354":[2,"弘前市","上鞘師町"],"0368053":[2,"弘前市","和泉"],"0368371":[2,"弘前市","蒔苗"],"0368033":[2,"弘前市","徒町川端町"],"0368126":[2,"弘前市","松木平"],"0360300":[2,"黒石市",""],"0360131":[2,"平川市","広船広沢"],"0368121":[2,"弘前市","薬師堂"],"0368018":[2,"弘前市","田代町"],"0360403":[2,"黒石市","二庄内"],"0368132":[2,"弘前市","狼森"],"0368352":[2,"弘前市","元寺町小路"],"0361324":[2,"弘前市","龍ノ口"],"0361312":[2,"弘前市","高屋"],"0360516":[2,"黒石市","相野"],"0368041":[2,"弘前市","俵元"],"0361411":[2,"中津軽郡西目屋村","田代"],"0360522":[2,"黒石市","田中"],"0368241":[2,"弘前市","桜ケ丘"],"0368073":[2,"弘前市","岩賀"],"0360335":[2,"黒石市","幸町"],"0360361":[2,"黒石市","弥生町"],"0360511":[2,"黒石市","小屋敷"],"0368365":[2,"弘前市","西大工町"],"0368212":[2,"弘前市","南塘町"],"0361451":[2,"弘前市","中野"],"0368362":[2,"弘前市","五十石町"],"0368102":[2,"弘前市","小比内"],"0368046":[2,"弘前市","北横町"],"0360211":[2,"平川市","高木岡崎"],"0368383":[2,"弘前市","折笠"],"0368253":[2,"弘前市","緑ケ丘"],"0360323":[2,"黒石市","上十川"],"0368093":[2,"弘前市","城東中央"],"0360384":[2,"黒石市","大町"],"0368204":[2,"弘前市","覚仙町"],"0368271":[2,"弘前市","鷹匠町"],"0361345":[2,"弘前市","常盤野"],"0368195":[2,"弘前市","南川端町"],"0368384":[2,"弘前市","宮舘"],"0361434":[2,"弘前市","黒土"],"0368172":[2,"弘前市","南富田町"],"0368265":[2,"弘前市","下湯口"],"0361513":[2,"弘前市","大助"],"0360506":[2,"黒石市","馬場尻西"],"0360322":[2,"黒石市","竹田町"],"0368017":[2,"弘前市","西川岸町"],"0360305":[2,"黒石市","乙徳兵衛町"],"0368002":[2,"弘前市","駅前"],"0360336":[2,"黒石市","桜木町"],"0360362":[2,"黒石市","京町"],"0368375":[2,"弘前市","細越"],"0361323":[2,"弘前市","真土"],"0360141":[2,"平川市","沖館長田"],"0360351":[2,"黒石市","黒石"],"0368013":[2,"弘前市","上瓦ケ町"],"0361505":[2,"弘前市","水木在家"],"0368076":[2,"弘前市","境関"],"0360317":[2,"黒石市","住吉町"],"0368325":[2,"弘前市","浜の町北"],"0360201":[2,"平川市","李平上安原"],"0368144":[2,"弘前市","原ケ平"],"0368344":[2,"弘前市","長坂町"],"0360311":[2,"黒石市","吉乃町"],"0368217":[2,"弘前市","茂森町"],"0368244":[2,"弘前市","坂元"],"0361342":[2,"弘前市","新法師"],"0360301":[2,"黒石市","一番町"],"0360212":[2,"平川市","尾上栄松"],"0368331":[2,"弘前市","小人町"],"0368222":[2,"弘前市","桜林町"],"0368065":[2,"弘前市","西城北"],"0368052":[2,"弘前市","堅田"],"0368082":[2,"弘前市","福村"],"0360539":[2,"黒石市","下目内澤"],"0368057":[2,"弘前市","八幡町"],"0368275":[2,"弘前市","城西"],"0368171":[2,"弘前市","取上"],"0360389":[2,"黒石市","境松"],"0368186":[2,"弘前市","富田"],"0368191":[2,"弘前市","親方町"],"0368311":[2,"弘前市","大川"],"0360326":[2,"黒石市","野添町"],"0368001":[2,"弘前市","代官町"],"0361322":[2,"弘前市","駒越"],"0360173":[2,"平川市","切明浅瀬石山"],"0368203":[2,"弘前市","本町"],"0368243":[2,"弘前市","小沢"],"0368044":[2,"弘前市","茶畑町"],"0360342":[2,"黒石市","石名坂"],"0360533":[2,"黒石市","二双子"],"0368113":[2,"弘前市","清水森"],"0368087":[2,"弘前市","早稲田"],"0368302":[2,"弘前市","高杉"],"0361301":[2,"弘前市","鼻和"],"0360333":[2,"黒石市","柵ノ木"],"0361423":[2,"中津軽郡西目屋村","砂子瀬"],"0360325":[2,"黒石市","青山"],"0360357":[2,"黒石市","追子野木"],"0368094":[2,"弘前市","外崎"],"0368228":[2,"弘前市","樹木"],"0368143":[2,"弘前市","富士見台"],"0368323":[2,"弘前市","浜の町東"],"0368353":[2,"弘前市","下鞘師町"],"0360306":[2,"黒石市","内町"],"0368032":[2,"弘前市","徳田町"],"0368252":[2,"弘前市","旭ケ丘"],"0368061":[2,"弘前市","神田"],"0360100":[2,"平川市",""],"0361516":[2,"弘前市","藍内"],"0361412":[2,"中津軽郡西目屋村","杉ケ沢"],"0360221":[2,"平川市","中佐渡石田"],"0360162":[2,"平川市","館山板橋"],"0360112":[2,"平川市","荒田上駒田"],"0360402":[2,"黒石市","沖浦"],"0360414":[2,"黒石市","下山形"],"0368164":[2,"弘前市","泉野"],"0360152":[2,"平川市","石畑岡元"],"0368035":[2,"弘前市","百石町"],"0360401":[2,"黒石市","大川原"],"0361501":[2,"弘前市","湯口"],"0360387":[2,"黒石市","元町"],"0368127":[2,"弘前市","小栗山"],"0360344":[2,"黒石市","高賀野"],"0361311":[2,"弘前市","横町"],"0361205":[2,"弘前市","鬼沢"],"0368024":[2,"弘前市","緑町"],"0368205":[2,"弘前市","森町"],"0368092":[2,"弘前市","城東北"],"0360313":[2,"黒石市","松葉町"],"0368361":[2,"弘前市","紺屋町"],"0360503":[2,"黒石市","馬場尻下"],"0360352":[2,"黒石市","甲大工町"],"0360242":[2,"平川市","猿賀浅井"],"0360373":[2,"黒石市","東町"],"0368355":[2,"弘前市","元寺町"],"0368317":[2,"弘前市","外瀬"],"0368005":[2,"弘前市","楮町"],"0368247":[2,"弘前市","大開"],"0368385":[2,"弘前市","中別所"],"0368326":[2,"弘前市","藤野"],"0361413":[2,"中津軽郡西目屋村","大秋"],"0368246":[2,"弘前市","青樹町"],"0360332":[2,"黒石市","牡丹平"],"0361512":[2,"弘前市","藤沢"],"0368261":[2,"弘前市","茂森新町"],"0360315":[2,"黒石市","寿町"],"0360371":[2,"黒石市","花園町"],"0368332":[2,"弘前市","亀甲町"],"0368366":[2,"弘前市","駒越町"],"0360381":[2,"黒石市","株梗木"],"0361303":[2,"弘前市","葛原"],"0361441":[2,"弘前市","桜庭"],"0360345":[2,"黒石市","中川"],"0361504":[2,"弘前市","紙漉沢"],"0368015":[2,"弘前市","中瓦ケ町"],"0368091":[2,"弘前市","高崎"],"0368123":[2,"弘前市","小金崎"],"0368232":[2,"弘前市","城南"],"0368381":[2,"弘前市","独狐"],"0368056":[2,"弘前市","禰宜町"],"0360515":[2,"黒石市","富士見"],"0368016":[2,"弘前市","坂本町"],"0368336":[2,"弘前市","栄町"],"0368134":[2,"弘前市","一野渡"],"0368372":[2,"弘前市","元薬師堂"],"0368112":[2,"弘前市","堀越"],"0368373":[2,"弘前市","藤代"],"0360512":[2,"黒石市","小屋敷南"],"0360507":[2,"黒石市","西馬場尻"],"0360213":[2,"平川市","新屋町上沢田"],"0361421":[2,"中津軽郡西目屋村","藤川"],"0368316":[2,"弘前市","石渡"],"0360368":[2,"黒石市","横町"],"0360316":[2,"黒石市","ぐみの木"],"0360542":[2,"黒石市","野際"],"0361333":[2,"弘前市","鳥井野"],"0368279":[2,"弘前市","茜町"],"0360343":[2,"黒石市","浅瀬石"],"0361453":[2,"弘前市","番館"],"0361344":[2,"弘前市","高岡"],"0368221":[2,"弘前市","紙漉町"],"0368084":[2,"弘前市","高田"],"0368003":[2,"弘前市","駅前町"],"0368083":[2,"弘前市","新里"],"0360536":[2,"黒石市","三島"],"0360376":[2,"黒石市","旭町"],"0368341":[2,"弘前市","山王町"],"0361321":[2,"弘前市","熊嶋"],"0360163":[2,"平川市","苗生松一本柳"],"0361201":[2,"弘前市","十腰内"],"0360202":[2,"平川市","金屋上松元"],"0368124":[2,"弘前市","石川"],"0360363":[2,"黒石市","鍛治町"],"0368313":[2,"弘前市","中崎"],"0368075":[2,"弘前市","撫牛子"],"0368206":[2,"弘前市","塩分町"],"0360356":[2,"黒石市","ちとせ"],"0368043":[2,"弘前市","東和徳町"],"0361431":[2,"弘前市","高野"],"0368216":[2,"弘前市","在府町"],"0360353":[2,"黒石市","乙大工町"],"0360172":[2,"平川市","葛川浅瀬石山"],"0368231":[2,"弘前市","稔町"],"0368101":[2,"弘前市","豊田"],"0368097":[2,"弘前市","稲田"],"0360307":[2,"黒石市","市ノ町"],"0368175":[2,"弘前市","大富町"],"0368062":[2,"弘前市","青山"],"0368011":[2,"弘前市","山下町"],"0361302":[2,"弘前市","愛宕"],"0360151":[2,"平川市","石郷沖中"],"0360000":[2,"弘前市",""],"0360324":[2,"黒石市","東野添"],"0368192":[2,"弘前市","鍛冶町"],"0368051":[2,"弘前市","宮川"],"0368182":[2,"弘前市","土手町"],"0368266":[2,"弘前市","自由ケ丘"],"0368006":[2,"弘前市","南大町"],"0360504":[2,"黒石市","馬場尻東"],"0360415":[2,"黒石市","上山形"],"0361331":[2,"弘前市","五代"],"0368303":[2,"弘前市","前坂"],"0361424":[2,"中津軽郡西目屋村","川原平"],"0360111":[2,"平川市","小和森上田川"],"0360161":[2,"平川市","杉館滝元"],"0368276":[2,"弘前市","樋の口町"],"0368154":[2,"弘前市","豊原"],"0360372":[2,"黒石市","錦町"],"0368242":[2,"弘前市","大原"],"0368351":[2,"弘前市","百石町小路"],"0368022":[2,"弘前市","萱町"],"0360386":[2,"黒石市","上町"],"0361515":[2,"弘前市","相馬"],"0360364":[2,"黒石市","山形町"],"0361314":[2,"弘前市","八幡"],"0368335":[2,"弘前市","春日町"],"0360241":[2,"平川市","八幡崎高野"],"0368012":[2,"弘前市","北瓦ケ町"],"0368025":[2,"弘前市","南柳町"],"0368214":[2,"弘前市","新寺町"],"0368345":[2,"弘前市","蔵主町"],"0360104":[2,"平川市","柏木町東田"],"0368255":[2,"弘前市","若葉"],"0368272":[2,"弘前市","南袋町"],"0360302":[2,"黒石市","油横丁"],"0368142":[2,"弘前市","松原西"],"0368196":[2,"弘前市","銅屋町"],"0361206":[2,"弘前市","楢木"],"0368151":[2,"弘前市","北園"],"0360312":[2,"黒石市","昭和町"],"0360232":[2,"平川市","蒲田一本松"]}
