{"1006521":[13,"千代田区","丸の内新丸の内ビルディング"],"1006420":[13,"千代田区","丸の内東京ビルディング"],"1006207":[13,"千代田区","丸の内パシフィックセンチュリープレイス丸の内"],"1006990":[13,"千代田区","丸の内丸の内パークビルディング"],"1006812":[13,"千代田区","大手町ＪＡビル"],"1006144":[13,"千代田区","永田町山王パークタワー"],"1007036":[13,"千代田区","丸の内ＪＰタワー"],"1006304":[13,"千代田区","丸の内丸の内ビルディング"],"1006111":[13,"千代田区","永田町山王パークタワー"],"1006327":[13,"千代田区","丸の内丸の内ビルディング"],"1006612":[13,"千代田区","丸の内グラントウキョウサウスタワー"],"1006519":[13,"千代田区","丸の内新丸の内ビルディング"],"1006012":[13,"千代田区","霞が関霞が関ビル"],"1007010":[13,"千代田区","丸の内ＪＰタワー"],"1006890":[13,"千代田区","大手町ＪＡビル"],"1006711":[13,"千代田区","丸の内グラントウキョウノースタワー"],"1006725":[13,"千代田区","丸の内グラントウキョウノースタワー"],"1006927":[13,"千代田区","丸の内丸の内パークビルディング"],"1006639":[13,"千代田区","丸の内グラントウキョウサウスタワー"],"1006230":[13,"千代田区","丸の内パシフィックセンチュリープレイス丸の内"],"1006832":[13,"千代田区","大手町ＪＡビル"],"1006922":[13,"千代田区","丸の内丸の内パークビルディング"],"1006010":[13,"千代田区","霞が関霞が関ビル"],"1006029":[13,"千代田区","霞が関霞が関ビル"],"1006320":[13,"千代田区","丸の内丸の内ビルディング"],"1000001":[13,"千代田区","千代田"],"1006907":[13,"千代田区","丸の内丸の内パークビルディング"],"1006390":[13,"千代田区","丸の内丸の内ビルディング"],"1006527":[13,"千代田区","丸の内新丸の内ビルディング"],"1006309":[13,"千代田区","丸の内丸の内ビルディング"],"1006216":[13,"千代田区","丸の内パシフィックセンチュリープレイス丸の内"],"1006808":[13,"千代田区","大手町ＪＡビル"],"1006632":[13,"千代田区","丸の内グラントウキョウサウスタワー"],"1006918":[13,"千代田区","丸の内丸の内パークビルディング"],"1006324":[13,"千代田区","丸の内丸の内ビルディング"],"1006820":[13,"千代田区","大手町ＪＡビル"],"1006824":[13,"千代田区","大手町ＪＡビル"],"1006103":[13,"千代田区","永田町山王パークタワー"],"1006505":[13,"千代田区","丸の内新丸の内ビルディング"],"1006730":[13,"千代田区","丸の内グラントウキョウノースタワー"],"1006537":[13,"千代田区","丸の内新丸の内ビルディング"],"1006004":[13,"千代田区","霞が関霞が関ビル"],"1000104":[13,"大島町","野増"],"1006714":[13,"千代田区","丸の内グラントウキョウノースタワー"],"1006119":[13,"千代田区","永田町山王パークタワー"],"1006404":[13,"千代田区","丸の内東京ビルディング"],"1006313":[13,"千代田区","丸の内丸の内ビルディング"],"1006523":[13,"千代田区","丸の内新丸の内ビルディング"],"1006318":[13,"千代田区","丸の内丸の内ビルディング"],"1006805":[13,"千代田区","大手町ＪＡビル"],"1001701":[13,"青ヶ島村",""],"1002101":[13,"小笠原村","父島"],"1006333":[13,"千代田区","丸の内丸の内ビルディング"],"1006615":[13,"千代田区","丸の内グラントウキョウサウスタワー"],"1006508":[13,"千代田区","丸の内新丸の内ビルディング"],"1006137":[13,"千代田区","永田町山王パークタワー"],"1007015":[13,"千代田区","丸の内ＪＰタワー"],"1006032":[13,"千代田区","霞が関霞が関ビル"],"1006603":[13,"千代田区","丸の内グラントウキョウサウスタワー"],"1006923":[13,"千代田区","丸の内丸の内パークビルディング"],"1006290":[13,"千代田区","丸の内パシフィックセンチュリープレイス丸の内"],"1006827":[13,"千代田区","大手町ＪＡビル"],"1006526":[13,"千代田区","丸の内新丸の内ビルディング"],"1006716":[13,"千代田区","丸の内グラントウキョウノースタワー"],"1007021":[13,"千代田区","丸の内ＪＰタワー"],"1000400":[13,"新島村",""],"1006211":[13,"千代田区","丸の内パシフィックセンチュリープレイス丸の内"],"1006930":[13,"千代田区","丸の内丸の内パークビルディング"],"1006015":[13,"千代田区","霞が関霞が関ビル"],"1000014":[13,"千代田区","永田町"],"1006624":[13,"千代田区","丸の内グラントウキョウサウスタワー"],"1006536":[13,"千代田区","丸の内新丸の内ビルディング"],"1006204":[13,"千代田区","丸の内パシフィックセンチュリープレイス丸の内"],"1006141":[13,"千代田区","永田町山王パークタワー"],"1006828":[13,"千代田区","大手町ＪＡビル"],"1006220":[13,"千代田区","丸の内パシフィックセンチュリープレイス丸の内"],"1006816":[13,"千代田区","大手町ＪＡビル"],"1006728":[13,"千代田区","丸の内グラントウキョウノースタワー"],"1006931":[13,"千代田区","丸の内丸の内パークビルディング"],"1006009":[13,"千代田区","霞が関霞が関ビル"],"1006809":[13,"千代田区","大手町ＪＡビル"],"1007007":[13,"千代田区","丸の内ＪＰタワー"],"1006301":[13,"千代田区","丸の内丸の内ビルディング"],"1006432":[13,"千代田区","丸の内東京ビルディング"],"1006321":[13,"千代田区","丸の内丸の内ビルディング"],"1001100":[13,"三宅島三宅村",""],"1006308":[13,"千代田区","丸の内丸の内ビルディング"],"1006415":[13,"千代田区","丸の内東京ビルディング"],"1006926":[13,"千代田区","丸の内丸の内パークビルディング"],"1006129":[13,"千代田区","永田町山王パークタワー"],"1006490":[13,"千代田区","丸の内東京ビルディング"],"1007027":[13,"千代田区","丸の内ＪＰタワー"],"1006708":[13,"千代田区","丸の内グラントウキョウノースタワー"],"1001103":[13,"三宅島三宅村","伊ケ谷"],"1000003":[13,"千代田区","一ツ橋"],"1006317":[13,"千代田区","丸の内丸の内ビルディング"],"1006506":[13,"千代田区","丸の内新丸の内ビルディング"],"1006625":[13,"千代田区","丸の内グラントウキョウサウスタワー"],"1006710":[13,"千代田区","丸の内グラントウキョウノースタワー"],"1002100":[13,"小笠原村",""],"1006619":[13,"千代田区","丸の内グラントウキョウサウスタワー"],"1006139":[13,"千代田区","永田町山王パークタワー"],"1006906":[13,"千代田区","丸の内丸の内パークビルディング"],"1002211":[13,"小笠原村","母島"],"1000301":[13,"利島村",""],"1006631":[13,"千代田区","丸の内グラントウキョウサウスタワー"],"1006502":[13,"千代田区","丸の内新丸の内ビルディング"],"1006227":[13,"千代田区","丸の内パシフィックセンチュリープレイス丸の内"],"1006741":[13,"千代田区","丸の内グラントウキョウノースタワー"],"1007004":[13,"千代田区","丸の内ＪＰタワー"],"1006704":[13,"千代田区","丸の内グラントウキョウノースタワー"],"1001622":[13,"八丈島八丈町","末吉"],"1006635":[13,"千代田区","丸の内グラントウキョウサウスタワー"],"1006406":[13,"千代田区","丸の内東京ビルディング"],"1007014":[13,"千代田区","丸の内ＪＰタワー"],"1006729":[13,"千代田区","丸の内グラントウキョウノースタワー"],"1006120":[13,"千代田区","永田町山王パークタワー"],"1006336":[13,"千代田区","丸の内丸の内ビルディング"],"1006802":[13,"千代田区","大手町ＪＡビル"],"1006640":[13,"千代田区","丸の内グラントウキョウサウスタワー"],"1006403":[13,"千代田区","丸の内東京ビルディング"],"1006411":[13,"千代田区","丸の内東京ビルディング"],"1006735":[13,"千代田区","丸の内グラントウキョウノースタワー"],"1006902":[13,"千代田区","丸の内丸の内パークビルディング"],"1007009":[13,"千代田区","丸の内ＪＰタワー"],"1006002":[13,"千代田区","霞が関霞が関ビル"],"1006623":[13,"千代田区","丸の内グラントウキョウサウスタワー"],"1006607":[13,"千代田区","丸の内グラントウキョウサウスタワー"],"1006016":[13,"千代田区","霞が関霞が関ビル"],"1006822":[13,"千代田区","大手町ＪＡビル"],"1006133":[13,"千代田区","永田町山王パークタワー"],"1006743":[13,"千代田区","丸の内グラントウキョウノースタワー"],"1006731":[13,"千代田区","丸の内グラントウキョウノースタワー"],"1006419":[13,"千代田区","丸の内東京ビルディング"],"1006702":[13,"千代田区","丸の内グラントウキョウノースタワー"],"1006206":[13,"千代田区","丸の内パシフィックセンチュリープレイス丸の内"],"1006712":[13,"千代田区","丸の内グラントウキョウノースタワー"],"1007022":[13,"千代田区","丸の内ＪＰタワー"],"1007002":[13,"千代田区","丸の内ＪＰタワー"],"1006328":[13,"千代田区","丸の内丸の内ビルディング"],"1006136":[13,"千代田区","永田町山王パークタワー"],"1006007":[13,"千代田区","霞が関霞が関ビル"],"1006801":[13,"千代田区","大手町ＪＡビル"],"1006201":[13,"千代田区","丸の内パシフィックセンチュリープレイス丸の内"],"1006126":[13,"千代田区","永田町山王パークタワー"],"1006834":[13,"千代田区","大手町ＪＡビル"],"1006636":[13,"千代田区","丸の内グラントウキョウサウスタワー"],"1006118":[13,"千代田区","永田町山王パークタワー"],"1006707":[13,"千代田区","丸の内グラントウキョウノースタワー"],"1006231":[13,"千代田区","丸の内パシフィックセンチュリープレイス丸の内"],"1006022":[13,"千代田区","霞が関霞が関ビル"],"1006815":[13,"千代田区","大手町ＪＡビル"],"1006590":[13,"千代田区","丸の内新丸の内ビルディング"],"1006533":[13,"千代田区","丸の内新丸の内ビルディング"],"1006122":[13,"千代田区","永田町山王パークタワー"],"1006426":[13,"千代田区","丸の内東京ビルディング"],"1006626":[13,"千代田区","丸の内グラントウキョウサウスタワー"],"1000103":[13,"大島町","泉津"],"1001102":[13,"三宅島三宅村","伊豆"],"1006823":[13,"千代田区","大手町ＪＡビル"],"1006517":[13,"千代田区","丸の内新丸の内ビルディング"],"1006228":[13,"千代田区","丸の内パシフィックセンチュリープレイス丸の内"],"1006715":[13,"千代田区","丸の内グラントウキョウノースタワー"],"1006833":[13,"千代田区","大手町ＪＡビル"],"1006021":[13,"千代田区","霞が関霞が関ビル"],"1006001":[13,"千代田区","霞が関霞が関ビル"],"1006312":[13,"千代田区","丸の内丸の内ビルディング"],"1006115":[13,"千代田区","永田町山王パークタワー"],"1007026":[13,"千代田区","丸の内ＪＰタワー"],"1006330":[13,"千代田区","丸の内丸の内ビルディング"],"1006928":[13,"千代田区","丸の内丸の内パークビルディング"],"1006933":[13,"千代田区","丸の内丸の内パークビルディング"],"1006408":[13,"千代田区","丸の内東京ビルディング"],"1006924":[13,"千代田区","丸の内丸の内パークビルディング"],"1007037":[13,"千代田区","丸の内ＪＰタワー"],"1007019":[13,"千代田区","丸の内ＪＰタワー"],"1006616":[13,"千代田区","丸の内グラントウキョウサウスタワー"],"1006036":[13,"千代田区","霞が関霞が関ビル"],"1006530":[13,"千代田区","丸の内新丸の内ビルディング"],"1006325":[13,"千代田区","丸の内丸の内ビルディング"],"1007006":[13,"千代田区","丸の内ＪＰタワー"],"1006628":[13,"千代田区","丸の内グラントウキョウサウスタワー"],"1007013":[13,"千代田区","丸の内ＪＰタワー"],"1006130":[13,"千代田区","永田町山王パークタワー"],"1006520":[13,"千代田区","丸の内新丸の内ビルディング"],"1006031":[13,"千代田区","霞が関霞が関ビル"],"1006221":[13,"千代田区","丸の内パシフィックセンチュリープレイス丸の内"],"1006332":[13,"千代田区","丸の内丸の内ビルディング"],"1006025":[13,"千代田区","霞が関霞が関ビル"],"1006910":[13,"千代田区","丸の内丸の内パークビルディング"],"1006401":[13,"千代田区","丸の内東京ビルディング"],"1006422":[13,"千代田区","丸の内東京ビルディング"],"1006033":[13,"千代田区","霞が関霞が関ビル"],"1007030":[13,"千代田区","丸の内ＪＰタワー"],"1006407":[13,"千代田区","丸の内東京ビルディング"],"1006102":[13,"千代田区","永田町山王パークタワー"],"1006020":[13,"千代田区","霞が関霞が関ビル"],"1006703":[13,"千代田区","丸の内グラントウキョウノースタワー"],"1006112":[13,"千代田区","永田町山王パークタワー"],"1006501":[13,"千代田区","丸の内新丸の内ビルディング"],"1006511":[13,"千代田区","丸の内新丸の内ビルディング"],"1006516":[13,"千代田区","丸の内新丸の内ビルディング"],"1000511":[13,"新島村","式根島"],"1006019":[13,"千代田区","霞が関霞が関ビル"],"1006742":[13,"千代田区","丸の内グラントウキョウノースタワー"],"1001211":[13,"三宅島三宅村","坪田"],"1006513":[13,"千代田区","丸の内新丸の内ビルディング"],"1006613":[13,"千代田区","丸の内グラントウキョウサウスタワー"],"1006914":[13,"千代田区","丸の内丸の内パークビルディング"],"1000002":[13,"千代田区","皇居外苑"],"1006316":[13,"千代田区","丸の内丸の内ビルディング"],"1006811":[13,"千代田区","大手町ＪＡビル"],"1007033":[13,"千代田区","丸の内ＪＰタワー"],"1006934":[13,"千代田区","丸の内丸の内パークビルディング"],"1006003":[13,"千代田区","霞が関霞が関ビル"],"1006429":[13,"千代田区","丸の内東京ビルディング"],"1006430":[13,"千代田区","丸の内東京ビルディング"],"1006739":[13,"千代田区","丸の内グラントウキョウノースタワー"],"1000012":[13,"千代田区","日比谷公園"],"1007018":[13,"千代田区","丸の内ＪＰタワー"],"1006116":[13,"千代田区","永田町山王パークタワー"],"1006929":[13,"千代田区","丸の内丸の内パークビルディング"],"1001212":[13,"三宅島三宅村","阿古"],"1006402":[13,"千代田区","丸の内東京ビルディング"],"1006722":[13,"千代田区","丸の内グラントウキョウノースタワー"],"1007003":[13,"千代田区","丸の内ＪＰタワー"],"1006305":[13,"千代田区","丸の内丸の内ビルディング"],"1006125":[13,"千代田区","永田町山王パークタワー"],"1006008":[13,"千代田区","霞が関霞が関ビル"],"1006425":[13,"千代田区","丸の内東京ビルディング"],"1000006":[13,"千代田区","有楽町"],"1006028":[13,"千代田区","霞が関霞が関ビル"],"1000013":[13,"千代田区","霞が関"],"1006905":[13,"千代田区","丸の内丸の内パークビルディング"],"1006416":[13,"千代田区","丸の内東京ビルディング"],"1006138":[13,"千代田区","永田町山王パークタワー"],"1006108":[13,"千代田区","永田町山王パークタワー"],"1006101":[13,"千代田区","永田町山王パークタワー"],"1006226":[13,"千代田区","丸の内パシフィックセンチュリープレイス丸の内"],"1001511":[13,"八丈島八丈町","三根"],"1006027":[13,"千代田区","霞が関霞が関ビル"],"1007023":[13,"千代田区","丸の内ＪＰタワー"],"1006427":[13,"千代田区","丸の内東京ビルディング"],"1006690":[13,"千代田区","丸の内グラントウキョウサウスタワー"],"1006901":[13,"千代田区","丸の内丸の内パークビルディング"],"1006532":[13,"千代田区","丸の内新丸の内ビルディング"],"1006522":[13,"千代田区","丸の内新丸の内ビルディング"],"1006518":[13,"千代田区","丸の内新丸の内ビルディング"],"1006617":[13,"千代田区","丸の内グラントウキョウサウスタワー"],"1006409":[13,"千代田区","丸の内東京ビルディング"],"1006209":[13,"千代田区","丸の内パシフィックセンチュリープレイス丸の内"],"1006142":[13,"千代田区","永田町山王パークタワー"],"1006610":[13,"千代田区","丸の内グラントウキョウサウスタワー"],"1006736":[13,"千代田区","丸の内グラントウキョウノースタワー"],"1006507":[13,"千代田区","丸の内新丸の内ビルディング"],"1006034":[13,"千代田区","霞が関霞が関ビル"],"1006534":[13,"千代田区","丸の内新丸の内ビルディング"],"1006433":[13,"千代田区","丸の内東京ビルディング"],"1006629":[13,"千代田区","丸の内グラントウキョウサウスタワー"],"1006835":[13,"千代田区","大手町ＪＡビル"],"1000004":[13,"千代田区","大手町"],"1006637":[13,"千代田区","丸の内グラントウキョウサウスタワー"],"1006606":[13,"千代田区","丸の内グラントウキョウサウスタワー"],"1006203":[13,"千代田区","丸の内パシフィックセンチュリープレイス丸の内"],"1006017":[13,"千代田区","霞が関霞が関ビル"],"1001400":[13,"八丈島八丈町",""],"1007029":[13,"千代田区","丸の内ＪＰタワー"],"1006806":[13,"千代田区","大手町ＪＡビル"],"1006620":[13,"千代田区","丸の内グラントウキョウサウスタワー"],"1000102":[13,"大島町","岡田"],"1006909":[13,"千代田区","丸の内丸の内パークビルディング"],"1006837":[13,"千代田区","大手町ＪＡビル"],"1006315":[13,"千代田区","丸の内丸の内ビルディング"],"1001101":[13,"三宅島三宅村","神着"],"1007031":[13,"千代田区","丸の内ＪＰタワー"],"1007012":[13,"千代田区","丸の内ＪＰタワー"],"1006535":[13,"千代田区","丸の内新丸の内ビルディング"],"1006331":[13,"千代田区","丸の内丸の内ビルディング"],"1000011":[13,"千代田区","内幸町"],"1006932":[13,"千代田区","丸の内丸の内パークビルディング"],"1006322":[13,"千代田区","丸の内丸の内ビルディング"],"1006609":[13,"千代田区","丸の内グラントウキョウサウスタワー"],"1006225":[13,"千代田区","丸の内パシフィックセンチュリープレイス丸の内"],"1006134":[13,"千代田区","永田町山王パークタワー"],"1006829":[13,"千代田区","大手町ＪＡビル"],"1006790":[13,"千代田区","丸の内グラントウキョウノースタワー"],"1000402":[13,"新島村","本村"],"1006113":[13,"千代田区","永田町山王パークタワー"],"1006819":[13,"千代田区","大手町ＪＡビル"],"1006213":[13,"千代田区","丸の内パシフィックセンチュリープレイス丸の内"],"1000100":[13,"大島町",""],"1007090":[13,"千代田区","丸の内ＪＰタワー"],"1006205":[13,"千代田区","丸の内パシフィックセンチュリープレイス丸の内"],"1006514":[13,"千代田区","丸の内新丸の内ビルディング"],"1006622":[13,"千代田区","丸の内グラントウキョウサウスタワー"],"1006515":[13,"千代田区","丸の内新丸の内ビルディング"],"1006405":[13,"千代田区","丸の内東京ビルディング"],"1006904":[13,"千代田区","丸の内丸の内パークビルディング"],"1006916":[13,"千代田区","丸の内丸の内パークビルディング"],"1006006":[13,"千代田区","霞が関霞が関ビル"],"1006423":[13,"千代田区","丸の内東京ビルディング"],"1006329":[13,"千代田区","丸の内丸の内ビルディング"],"1006732":[13,"千代田区","丸の内グラントウキョウノースタワー"],"1000601":[13,"神津島村",""],"1006718":[13,"千代田区","丸の内グラントウキョウノースタワー"],"1006804":[13,"千代田区","大手町ＪＡビル"],"1006642":[13,"千代田区","丸の内グラントウキョウサウスタワー"],"1007020":[13,"千代田区","丸の内ＪＰタワー"],"1006917":[13,"千代田区","丸の内丸の内パークビルディング"],"1006826":[13,"千代田区","大手町ＪＡビル"],"1006030":[13,"千代田区","霞が関霞が関ビル"],"1006830":[13,"千代田区","大手町ＪＡビル"],"1006726":[13,"千代田区","丸の内グラントウキョウノースタワー"],"1006701":[13,"千代田区","丸の内グラントウキョウノースタワー"],"1006105":[13,"千代田区","永田町山王パークタワー"],"1006335":[13,"千代田区","丸の内丸の内ビルディング"],"1006311":[13,"千代田区","丸の内丸の内ビルディング"],"1006614":[13,"千代田区","丸の内グラントウキョウサウスタワー"],"1006706":[13,"千代田区","丸の内グラントウキョウノースタワー"],"1006424":[13,"千代田区","丸の内東京ビルディング"],"1006737":[13,"千代田区","丸の内グラントウキョウノースタワー"],"1006222":[13,"千代田区","丸の内パシフィックセンチュリープレイス丸の内"],"1001621":[13,"八丈島八丈町","樫立"],"1006721":[13,"千代田区","丸の内グラントウキョウノースタワー"],"1006306":[13,"千代田区","丸の内丸の内ビルディング"],"1006110":[13,"千代田区","永田町山王パークタワー"],"1006627":[13,"千代田区","丸の内グラントウキョウサウスタワー"],"1006814":[13,"千代田区","大手町ＪＡビル"],"1006217":[13,"千代田区","丸の内パシフィックセンチュリープレイス丸の内"],"1006720":[13,"千代田区","丸の内グラントウキョウノースタワー"],"1006810":[13,"千代田区","大手町ＪＡビル"],"1006920":[13,"千代田区","丸の内丸の内パークビルディング"],"1006740":[13,"千代田区","丸の内グラントウキョウノースタワー"],"1006024":[13,"千代田区","霞が関霞が関ビル"],"1006913":[13,"千代田区","丸の内丸の内パークビルディング"],"1006621":[13,"千代田区","丸の内グラントウキョウサウスタワー"],"1006733":[13,"千代田区","丸の内グラントウキョウノースタワー"],"1006908":[13,"千代田区","丸の内丸の内パークビルディング"],"1000211":[13,"大島町","差木地"],"1007005":[13,"千代田区","丸の内ＪＰタワー"],"1006512":[13,"千代田区","丸の内新丸の内ビルディング"],"1006412":[13,"千代田区","丸の内東京ビルディング"],"1006210":[13,"千代田区","丸の内パシフィックセンチュリープレイス丸の内"],"1006719":[13,"千代田区","丸の内グラントウキョウノースタワー"],"1006504":[13,"千代田区","丸の内新丸の内ビルディング"],"1007034":[13,"千代田区","丸の内ＪＰタワー"],"1006601":[13,"千代田区","丸の内グラントウキョウサウスタワー"],"1006143":[13,"千代田区","永田町山王パークタワー"],"1007017":[13,"千代田区","丸の内ＪＰタワー"],"1006117":[13,"千代田区","永田町山王パークタワー"],"1006326":[13,"千代田区","丸の内丸の内ビルディング"],"1006421":[13,"千代田区","丸の内東京ビルディング"],"1006705":[13,"千代田区","丸の内グラントウキョウノースタワー"],"1006638":[13,"千代田区","丸の内グラントウキョウサウスタワー"],"1006323":[13,"千代田区","丸の内丸の内ビルディング"],"1001401":[13,"八丈島八丈町","大賀郷"],"1006303":[13,"千代田区","丸の内丸の内ビルディング"],"1001213":[13,"三宅島三宅村","雄山"],"1006190":[13,"千代田区","永田町山王パークタワー"],"1006813":[13,"千代田区","大手町ＪＡビル"],"1006903":[13,"千代田区","丸の内丸の内パークビルディング"],"1006825":[13,"千代田区","大手町ＪＡビル"],"1006013":[13,"千代田区","霞が関霞が関ビル"],"1000005":[13,"千代田区","丸の内"],"1006509":[13,"千代田区","丸の内新丸の内ビルディング"],"1006818":[13,"千代田区","大手町ＪＡビル"],"1006218":[13,"千代田区","丸の内パシフィックセンチュリープレイス丸の内"],"1006202":[13,"千代田区","丸の内パシフィックセンチュリープレイス丸の内"],"1007028":[13,"千代田区","丸の内ＪＰタワー"],"1000000":[13,"千代田区",""],"1006124":[13,"千代田区","永田町山王パークタワー"],"1006428":[13,"千代田区","丸の内東京ビルディング"],"1006127":[13,"千代田区","永田町山王パークタワー"],"1006431":[13,"千代田区","丸の内東京ビルディング"],"1007032":[13,"千代田区","丸の内ＪＰタワー"],"1006602":[13,"千代田区","丸の内グラントウキョウサウスタワー"],"1006107":[13,"千代田区","永田町山王パークタワー"],"1006135":[13,"千代田区","永田町山王パークタワー"],"1006140":[13,"千代田区","永田町山王パークタワー"],"1006723":[13,"千代田区","丸の内グラントウキョウノースタワー"],"1006215":[13,"千代田区","丸の内パシフィックセンチュリープレイス丸の内"],"1006319":[13,"千代田区","丸の内丸の内ビルディング"],"1006011":[13,"千代田区","霞が関霞が関ビル"],"1006921":[13,"千代田区","丸の内丸の内パークビルディング"],"1007011":[13,"千代田区","丸の内ＪＰタワー"],"1006611":[13,"千代田区","丸の内グラントウキョウサウスタワー"],"1006417":[13,"千代田区","丸の内東京ビルディング"],"1006608":[13,"千代田区","丸の内グラントウキョウサウスタワー"],"1006510":[13,"千代田区","丸の内新丸の内ビルディング"],"1006633":[13,"千代田区","丸の内グラントウキョウサウスタワー"],"1006131":[13,"千代田区","永田町山王パークタワー"],"1006223":[13,"千代田区","丸の内パシフィックセンチュリープレイス丸の内"],"1006641":[13,"千代田区","丸の内グラントウキョウサウスタワー"],"1006713":[13,"千代田区","丸の内グラントウキョウノースタワー"],"1006018":[13,"千代田区","霞が関霞が関ビル"],"1006219":[13,"千代田区","丸の内パシフィックセンチュリープレイス丸の内"],"1006836":[13,"千代田区","大手町ＪＡビル"],"1006104":[13,"千代田区","永田町山王パークタワー"],"1006528":[13,"千代田区","丸の内新丸の内ビルディング"],"1007016":[13,"千代田区","丸の内ＪＰタワー"],"1006605":[13,"千代田区","丸の内グラントウキョウサウスタワー"],"1006709":[13,"千代田区","丸の内グラントウキョウノースタワー"],"1006531":[13,"千代田区","丸の内新丸の内ビルディング"],"1006208":[13,"千代田区","丸の内パシフィックセンチュリープレイス丸の内"],"1006912":[13,"千代田区","丸の内丸の内パークビルディング"],"1006919":[13,"千代田区","丸の内丸の内パークビルディング"],"1006212":[13,"千代田区","丸の内パシフィックセンチュリープレイス丸の内"],"1006224":[13,"千代田区","丸の内パシフィックセンチュリープレイス丸の内"],"1007008":[13,"千代田区","丸の内ＪＰタワー"],"1006925":[13,"千代田区","丸の内丸の内パークビルディング"],"1000401":[13,"新島村","若郷"],"1006106":[13,"千代田区","永田町山王パークタワー"],"1006214":[13,"千代田区","丸の内パシフィックセンチュリープレイス丸の内"],"1006727":[13,"千代田区","丸の内グラントウキョウノースタワー"],"1006337":[13,"千代田区","丸の内丸の内ビルディング"],"1006005":[13,"千代田区","霞が関霞が関ビル"],"1006410":[13,"千代田区","丸の内東京ビルディング"],"1006538":[13,"千代田区","丸の内新丸の内ビルディング"],"1006121":[13,"千代田区","永田町山王パークタワー"],"1006717":[13,"千代田区","丸の内グラントウキョウノースタワー"],"1007038":[13,"千代田区","丸の内ＪＰタワー"],"1006817":[13,"千代田区","大手町ＪＡビル"],"1006023":[13,"千代田区","霞が関霞が関ビル"],"1006128":[13,"千代田区","永田町山王パークタワー"],"1006307":[13,"千代田区","丸の内丸の内ビルディング"],"1006334":[13,"千代田区","丸の内丸の内ビルディング"],"1006302":[13,"千代田区","丸の内丸の内ビルディング"],"1006604":[13,"千代田区","丸の内グラントウキョウサウスタワー"],"1006803":[13,"千代田区","大手町ＪＡビル"],"1006026":[13,"千代田区","霞が関霞が関ビル"],"1006114":[13,"千代田区","永田町山王パークタワー"],"1006524":[13,"千代田区","丸の内新丸の内ビルディング"],"1006413":[13,"千代田区","丸の内東京ビルディング"],"1006734":[13,"千代田区","丸の内グラントウキョウノースタワー"],"1006738":[13,"千代田区","丸の内グラントウキョウノースタワー"],"1006229":[13,"千代田区","丸の内パシフィックセンチュリープレイス丸の内"],"1007025":[13,"千代田区","丸の内ＪＰタワー"],"1006821":[13,"千代田区","大手町ＪＡビル"],"1006314":[13,"千代田区","丸の内丸の内ビルディング"],"1006310":[13,"千代田区","丸の内丸の内ビルディング"],"1007001":[13,"千代田区","丸の内ＪＰタワー"],"1006503":[13,"千代田区","丸の内新丸の内ビルディング"],"1006414":[13,"千代田区","丸の内東京ビルディング"],"1006911":[13,"千代田区","丸の内丸の内パークビルディング"],"1006525":[13,"千代田区","丸の内新丸の内ビルディング"],"1007035":[13,"千代田区","丸の内ＪＰタワー"],"1006132":[13,"千代田区","永田町山王パークタワー"],"1001623":[13,"八丈島八丈町","中之郷"],"1007024":[13,"千代田区","丸の内ＪＰタワー"],"1006109":[13,"千代田区","永田町山王パークタワー"],"1001301":[13,"御蔵島村",""],"1006618":[13,"千代田区","丸の内グラントウキョウサウスタワー"],"1006090":[13,"千代田区","霞が関霞が関ビル"],"1000101":[13,"大島町","元町"],"1006915":[13,"千代田区","丸の内丸の内パークビルディング"],"1006634":[13,"千代田区","丸の内グラントウキョウサウスタワー"],"1006418":[13,"千代田区","丸の内東京ビルディング"],"1006630":[13,"千代田区","丸の内グラントウキョウサウスタワー"],"1006807":[13,"千代田区","大手町ＪＡビル"],"1006529":[13,"千代田区","丸の内新丸の内ビルディング"],"1006035":[13,"千代田区","霞が関霞が関ビル"],"1006123":[13,"千代田区","永田町山王パークタワー"],"1006014":[13,"千代田区","霞が関霞が関ビル"],"1000212":[13,"大島町","波浮港"],"1006724":[13,"千代田区","丸の内グラントウキョウノースタワー"],"1006831":[13,"千代田区","大手町ＪＡビル"]}
