{"1100016":[13,"台東区","台東"],"1100005":[13,"台東区","上野"],"1100012":[13,"台東区","竜泉"],"1100006":[13,"台東区","秋葉原"],"1100007":[13,"台東区","上野公園"],"1100002":[13,"台東区","上野桜木"],"1100014":[13,"台東区","北上野"],"1100011":[13,"台東区","三ノ輪"],"1100001":[13,"台東区","谷中"],"1100008":[13,"台東区","池之端"],"1100013":[13,"台東区","入谷"],"1100000":[13,"台東区",""],"1100004":[13,"台東区","下谷"],"1100015":[13,"台東区","東上野"],"1100003":[13,"台東区","根岸"]}
