{"2120014":[14,"川崎市幸区","大宮町"],"2120057":[14,"川崎市幸区","北加瀬"],"2120025":[14,"川崎市幸区","古川町"],"2120013":[14,"川崎市幸区","堀川町"],"2120007":[14,"川崎市幸区","河原町"],"2120004":[14,"川崎市幸区","小向西町"],"2120033":[14,"川崎市幸区","東小倉"],"2120027":[14,"川崎市幸区","新塚越"],"2120005":[14,"川崎市幸区","戸手"],"2120022":[14,"川崎市幸区","神明町"],"2120011":[14,"川崎市幸区","幸町"],"2120024":[14,"川崎市幸区","塚越"],"2120058":[14,"川崎市幸区","鹿島田"],"2120051":[14,"川崎市幸区","東古市場"],"2120015":[14,"川崎市幸区","柳町"],"2120002":[14,"川崎市幸区","小向仲野町"],"2120012":[14,"川崎市幸区","中幸町"],"2120032":[14,"川崎市幸区","新川崎"],"2120023":[14,"川崎市幸区","戸手本町"],"2120026":[14,"川崎市幸区","紺屋町"],"2120031":[14,"川崎市幸区","新小倉"],"2120056":[14,"川崎市幸区","矢上"],"2120001":[14,"川崎市幸区","小向東芝町"],"2120000":[14,"川崎市幸区",""],"2120006":[14,"川崎市幸区","遠藤町"],"2120055":[14,"川崎市幸区","南加瀬"],"2120016":[14,"川崎市幸区","南幸町"],"2120052":[14,"川崎市幸区","古市場"],"2120021":[14,"川崎市幸区","都町"],"2120054":[14,"川崎市幸区","小倉"],"2120003":[14,"川崎市幸区","小向町"],"2120053":[14,"川崎市幸区","下平間"]}
