{"3290314":[9,"栃木市","藤岡町新波"],"3291215":[9,"塩谷郡高根沢町","給部"],"3292143":[9,"矢板市","境林"],"3294212":[9,"足利市","稲岡町"],"3290507":[9,"下野市","文教"],"3290418":[9,"下野市","紫"],"3291311":[9,"さくら市","氏家"],"3291102":[9,"宇都宮市","白沢町"],"3291416":[9,"さくら市","桜ケ丘"],"3294411":[9,"栃木市","大平町横堀"],"3292134":[9,"矢板市","成田"],"3293447":[9,"那須郡那須町","稲沢"],"3290215":[9,"小山市","網戸"],"3292753":[9,"那須塩原市","五軒町"],"3294422":[9,"栃木市","大平町榎本"],"3291331":[9,"さくら市","松島"],"3291234":[9,"塩谷郡高根沢町","中阿久津"],"3291405":[9,"さくら市","金枝"],"3293434":[9,"那須郡那須町","梁瀬"],"3291106":[9,"宇都宮市","上大塚町"],"3290411":[9,"下野市","烏ケ森"],"3292336":[9,"塩谷郡塩谷町","風見"],"3292747":[9,"那須塩原市","千本松"],"3292804":[9,"那須塩原市","折戸"],"3291326":[9,"さくら市","向河原"],"3292141":[9,"矢板市","早川町"],"3294313":[9,"下都賀郡岩舟町","上岡"],"3291300":[9,"さくら市",""],"3290113":[9,"下都賀郡野木町","中谷"],"3291411":[9,"さくら市","鷲宿"],"3290212":[9,"小山市","平和"],"3292813":[9,"那須塩原市","高阿津"],"3292502":[9,"矢板市","下伊佐野"],"3292702":[9,"那須塩原市","東関根"],"3293145":[9,"那須塩原市","木曾畑中"],"3292704":[9,"那須塩原市","新南"],"3290422":[9,"下野市","町田"],"3293222":[9,"那須郡那須町","寺子丙"],"3290515":[9,"下野市","中大領"],"3292807":[9,"那須塩原市","接骨木"],"3292506":[9,"矢板市","平野"],"3293132":[9,"那須塩原市","北弥六"],"3291115":[9,"宇都宮市","下田原町"],"3291315":[9,"さくら市","氏家新田"],"3291224":[9,"塩谷郡高根沢町","上高根沢"],"3290224":[9,"小山市","白鳥"],"3292161":[9,"矢板市","扇町"],"3292743":[9,"那須塩原市","南赤田"],"3294421":[9,"栃木市","大平町西野田"],"3290433":[9,"下野市","緑"],"3290504":[9,"下野市","上台"],"3292701":[9,"那須塩原市","関根"],"3290316":[9,"栃木市","藤岡町石川"],"3294300":[9,"下都賀郡岩舟町",""],"3292151":[9,"矢板市","幸岡"],"3290511":[9,"下野市","石橋"],"3292728":[9,"那須塩原市","西栄町"],"3291202":[9,"塩谷郡高根沢町","狭間田"],"3292763":[9,"那須塩原市","井口"],"3292162":[9,"矢板市","末広町"],"3293124":[9,"那須塩原市","波立"],"3292722":[9,"那須塩原市","西朝日町"],"3291323":[9,"さくら市","卯の里"],"3293225":[9,"那須郡那須町","豊原丙"],"3291402":[9,"さくら市","下河戸"],"3292216":[9,"塩谷郡塩谷町","上寺島"],"3293211":[9,"那須郡那須町","豊原甲"],"3292511":[9,"矢板市","山田"],"3293443":[9,"那須郡那須町","芦野"],"3291214":[9,"塩谷郡高根沢町","中柏崎"],"3292211":[9,"塩谷郡塩谷町","鳥羽新田"],"3290527":[9,"河内郡上三川町","上神主"],"3291316":[9,"さくら市","上阿久津"],"3293154":[9,"那須塩原市","上中野"],"3292921":[9,"那須塩原市","塩原"],"3293435":[9,"那須郡那須町","睦家"],"3294415":[9,"栃木市","大平町真弓"],"3292165":[9,"矢板市","矢板"],"3293131":[9,"那須塩原市","唐杉"],"3293147":[9,"那須塩原市","東小屋"],"3290604":[9,"河内郡上三川町","上郷"],"3293221":[9,"那須郡那須町","漆塚"],"3292752":[9,"那須塩原市","三島"],"3290101":[9,"下都賀郡野木町","友沼"],"3294412":[9,"栃木市","大平町北武井"],"3290517":[9,"下野市","上大領"],"3290228":[9,"小山市","押切"],"3291574":[9,"矢板市","乙畑"],"3291571":[9,"矢板市","片岡"],"3291211":[9,"塩谷郡高根沢町","亀梨"],"3292144":[9,"矢板市","川崎反町"],"3294307":[9,"下都賀郡岩舟町","静"],"3292224":[9,"塩谷郡塩谷町","金枝"],"3294302":[9,"下都賀郡岩舟町","五十畑"],"3292734":[9,"那須塩原市","北二つ室"],"3292503":[9,"矢板市","田野原"],"3292442":[9,"塩谷郡塩谷町","佐貫"],"3291222":[9,"塩谷郡高根沢町","寺渡戸"],"3292727":[9,"那須塩原市","永田町"],"3291225":[9,"塩谷郡高根沢町","石末"],"3292746":[9,"那須塩原市","四区町"],"3290205":[9,"小山市","間々田"],"3290216":[9,"小山市","楢木"],"3291200":[9,"塩谷郡高根沢町",""],"3292223":[9,"塩谷郡塩谷町","原荻野目"],"3291415":[9,"さくら市","小入"],"3290315":[9,"栃木市","藤岡町部屋"],"3290313":[9,"栃木市","藤岡町緑川"],"3290615":[9,"河内郡上三川町","三村"],"3291113":[9,"宇都宮市","相野沢町"],"3294414":[9,"栃木市","大平町下高島"],"3291321":[9,"さくら市","馬場"],"3291314":[9,"さくら市","柿木沢"],"3291235":[9,"塩谷郡高根沢町","上阿久津"],"3290425":[9,"下野市","田中"],"3292335":[9,"塩谷郡塩谷町","上平"],"3292725":[9,"那須塩原市","あたご町"],"3293135":[9,"那須塩原市","前弥六"],"3292123":[9,"矢板市","上町"],"3290518":[9,"下野市","花の木"],"3293444":[9,"那須郡那須町","寺子"],"3294423":[9,"栃木市","大平町西水代"],"3290414":[9,"下野市","小金井"],"3291101":[9,"宇都宮市","下ケ橋町"],"3290211":[9,"小山市","暁"],"3290432":[9,"下野市","仁良川"],"3291332":[9,"さくら市","蒲須坂"],"3290223":[9,"小山市","下生井"],"3292733":[9,"那須塩原市","二区町"],"3293433":[9,"那須郡那須町","大和須"],"3290528":[9,"河内郡上三川町","ゆうきが丘"],"3293432":[9,"那須郡那須町","梓"],"3290112":[9,"下都賀郡野木町","南赤塚"],"3290603":[9,"河内郡上三川町","東蓼沼"],"3291577":[9,"矢板市","玉田"],"3294214":[9,"足利市","多田木町"],"3292705":[9,"那須塩原市","南郷屋"],"3294303":[9,"下都賀郡岩舟町","和泉"],"3291105":[9,"宇都宮市","中岡本町"],"3292814":[9,"那須塩原市","上大貫"],"3291334":[9,"さくら市","押上"],"3290319":[9,"栃木市","藤岡町中根"],"3292756":[9,"那須塩原市","西三島"],"3292221":[9,"塩谷郡塩谷町","玉生"],"3291223":[9,"塩谷郡高根沢町","栗ケ島"],"3292762":[9,"那須塩原市","西富山"],"3292764":[9,"那須塩原市","西遅沢"],"3291404":[9,"さくら市","鹿子畑"],"3290612":[9,"河内郡上三川町","三本木"],"3291205":[9,"塩谷郡高根沢町","飯室"],"3294314":[9,"下都賀郡岩舟町","小野寺"],"3294403":[9,"栃木市","大平町蔵井"],"3292152":[9,"矢板市","館ノ川"],"3294304":[9,"下都賀郡岩舟町","静和"],"3292226":[9,"塩谷郡塩谷町","芦場新田"],"3292501":[9,"矢板市","上伊佐野"],"3290115":[9,"下都賀郡野木町","野渡"],"3291201":[9,"塩谷郡高根沢町","柿木沢"],"3292124":[9,"矢板市","下太田"],"3292200":[9,"塩谷郡塩谷町",""],"3292441":[9,"塩谷郡塩谷町","船生"],"3292703":[9,"那須塩原市","槻沢"],"3293121":[9,"那須塩原市","鹿野崎"],"3292745":[9,"那須塩原市","三区町"],"3290525":[9,"河内郡上三川町","大山"],"3294308":[9,"下都賀郡岩舟町","下津原"],"3290503":[9,"下野市","下長田"],"3293155":[9,"那須塩原市","笹沼"],"3290613":[9,"河内郡上三川町","坂上"],"3294215":[9,"足利市","奥戸町"],"3292339":[9,"塩谷郡塩谷町","上沢"],"3292723":[9,"那須塩原市","南町"],"3292212":[9,"塩谷郡塩谷町","喜佐見"],"3293136":[9,"那須塩原市","前弥六南町"],"3290516":[9,"下野市","大光寺"],"3292154":[9,"矢板市","倉掛"],"3292514":[9,"矢板市","長井"],"3292742":[9,"那須塩原市","東赤田"],"3292133":[9,"矢板市","豊田"],"3290502":[9,"下野市","下古山"],"3290102":[9,"下都賀郡野木町","潤島"],"3292504":[9,"矢板市","泉"],"3291108":[9,"宇都宮市","古田町"],"3290608":[9,"河内郡上三川町","西木代"],"3292801":[9,"那須塩原市","関谷"],"3290505":[9,"下野市","細谷"],"3290417":[9,"下野市","国分寺"],"3292136":[9,"矢板市","東町"],"3290312":[9,"栃木市","藤岡町蛭沼"],"3292512":[9,"矢板市","東泉"],"3292100":[9,"矢板市",""],"3290512":[9,"下野市","下石橋"],"3290203":[9,"小山市","西黒田"],"3290521":[9,"河内郡上三川町","石田"],"3293212":[9,"那須郡那須町","富岡"],"3293141":[9,"那須塩原市","山中新田"],"3290421":[9,"下野市","成田"],"3292331":[9,"塩谷郡塩谷町","田所"],"3292924":[9,"那須塩原市","中塩原"],"3292713":[9,"那須塩原市","緑"],"3291324":[9,"さくら市","草川"],"3294407":[9,"栃木市","大平町川連"],"3291325":[9,"さくら市","大中"],"3291217":[9,"塩谷郡高根沢町","太田"],"3291116":[9,"宇都宮市","立伏町"],"3293437":[9,"那須郡那須町","蓑沢"],"3290513":[9,"下野市","下大領"],"3293146":[9,"那須塩原市","下中野"],"3292751":[9,"那須塩原市","東三島"],"3290529":[9,"河内郡上三川町","下神主"],"3290519":[9,"下野市","大松山"],"3292334":[9,"塩谷郡塩谷町","大久保"],"3292122":[9,"矢板市","針生"],"3292726":[9,"那須塩原市","扇町"],"3290523":[9,"河内郡上三川町","梁"],"3290217":[9,"小山市","南乙女"],"3291313":[9,"さくら市","柿木沢新田"],"3292156":[9,"矢板市","塩田"],"3290424":[9,"下野市","下文狹"],"3290105":[9,"下都賀郡野木町","川田"],"3293142":[9,"那須塩原市","佐野"],"3290602":[9,"河内郡上三川町","東汗"],"3290606":[9,"河内郡上三川町","磯岡"],"3291117":[9,"宇都宮市","叶谷町"],"3293156":[9,"那須塩原市","方京"],"3291226":[9,"塩谷郡高根沢町","大谷"],"3290400":[9,"下野市",""],"3290226":[9,"小山市","寒川"],"3292132":[9,"矢板市","沢"],"3291207":[9,"塩谷郡高根沢町","花岡"],"3292706":[9,"那須塩原市","睦"],"3293125":[9,"那須塩原市","無栗屋"],"3291333":[9,"さくら市","長久保"],"3293214":[9,"那須郡那須町","横岡"],"3292513":[9,"矢板市","上太田"],"3294315":[9,"下都賀郡岩舟町","三谷"],"3293431":[9,"那須郡那須町","大畑"],"3291403":[9,"さくら市","穂積"],"3291579":[9,"矢板市","こぶし台"],"3290413":[9,"下野市","駅東"],"3290616":[9,"河内郡上三川町","下蒲生"],"3292755":[9,"那須塩原市","西原町"],"3293122":[9,"那須塩原市","塩野崎"],"3291112":[9,"宇都宮市","上田原町"],"3293152":[9,"那須塩原市","島方"],"3291206":[9,"塩谷郡高根沢町","平田"],"3291413":[9,"さくら市","葛城"],"3290111":[9,"下都賀郡野木町","丸林"],"3294404":[9,"栃木市","大平町富田"],"3294401":[9,"栃木市","大平町牛久"],"3291412":[9,"さくら市","喜連川"],"3292748":[9,"那須塩原市","上赤田"],"3293445":[9,"那須郡那須町","東岩崎"],"3290526":[9,"河内郡上三川町","鞘堂"],"3290225":[9,"小山市","迫間田"],"3290402":[9,"下野市","笹原"],"3294312":[9,"下都賀郡岩舟町","下岡"],"3290221":[9,"小山市","生良"],"3294405":[9,"栃木市","大平町西山田"],"3292741":[9,"那須塩原市","北赤田"],"3291576":[9,"矢板市","石関"],"3292805":[9,"那須塩原市","上横林"],"3293223":[9,"那須郡那須町","大島"],"3291232":[9,"塩谷郡高根沢町","光陽台"],"3292811":[9,"那須塩原市","下田野"],"3292332":[9,"塩谷郡塩谷町","大宮"],"3292338":[9,"塩谷郡塩谷町","風見山田"],"3291203":[9,"塩谷郡高根沢町","伏久"],"3292222":[9,"塩谷郡塩谷町","道下"],"3291301":[9,"さくら市","箱森新田"],"3292121":[9,"矢板市","荒井"],"3290506":[9,"下野市","橋本"],"3293133":[9,"那須塩原市","沓掛"],"3292731":[9,"那須塩原市","二つ室"],"3290601":[9,"河内郡上三川町","上文挾"],"3293200":[9,"那須郡那須町",""],"3292225":[9,"塩谷郡塩谷町","飯岡"],"3293215":[9,"那須郡那須町","寺子乙"],"3292923":[9,"那須塩原市","上塩原"],"3292732":[9,"那須塩原市","一区町"],"3292153":[9,"矢板市","高塩"],"3292711":[9,"那須塩原市","石林"],"3293126":[9,"那須塩原市","中内"],"3292815":[9,"那須塩原市","下大貫"],"3293441":[9,"那須郡那須町","寄居"],"3290522":[9,"河内郡上三川町","川中子"],"3290103":[9,"下都賀郡野木町","若林"],"3294424":[9,"栃木市","大平町伯仲"],"3290530":[9,"河内郡上三川町","天神町"],"3291573":[9,"矢板市","越畑"],"3290202":[9,"小山市","千駄塚"],"3294305":[9,"下都賀郡岩舟町","静戸"],"3292142":[9,"矢板市","木幡"],"3290318":[9,"栃木市","藤岡町西前原"],"3292213":[9,"塩谷郡塩谷町","熊ノ木"],"3291305":[9,"さくら市","狹間田"],"3291401":[9,"さくら市","上河戸"],"3293143":[9,"那須塩原市","三本木"],"3290207":[9,"小山市","美しが丘"],"3290213":[9,"小山市","南飯田"],"3294301":[9,"下都賀郡岩舟町","鷲巣"],"3292505":[9,"矢板市","立足"],"3290201":[9,"小山市","粟宮"],"3292164":[9,"矢板市","本町"],"3290618":[9,"河内郡上三川町","しらさぎ"],"3291312":[9,"さくら市","櫻野"],"3293151":[9,"那須塩原市","北和田"],"3291575":[9,"矢板市","大槻"],"3293153":[9,"那須塩原市","大原間"],"3291303":[9,"さくら市","松山"],"3293213":[9,"那須郡那須町","豊原"],"3292802":[9,"那須塩原市","蟇沼"],"3291114":[9,"宇都宮市","宝井町"],"3292333":[9,"塩谷郡塩谷町","肘内"],"3290514":[9,"下野市","東前原"],"3292337":[9,"塩谷郡塩谷町","泉"],"3291107":[9,"宇都宮市","長峰町"],"3290401":[9,"下野市","箕輪"],"3291233":[9,"塩谷郡高根沢町","宝積寺"],"3291578":[9,"矢板市","山苗代"],"3290501":[9,"下野市","上古山"],"3292922":[9,"那須塩原市","湯本塩原"],"3292754":[9,"那須塩原市","西大和"],"3294402":[9,"栃木市","大平町土与"],"3292155":[9,"矢板市","片俣"],"3290114":[9,"下都賀郡野木町","野木"],"3291417":[9,"さくら市","フィオーレ喜連川"],"3290214":[9,"小山市","乙女"],"3293157":[9,"那須塩原市","大原間西"],"3293144":[9,"那須塩原市","沼野田和"],"3290311":[9,"栃木市","藤岡町富吉"],"3292761":[9,"那須塩原市","東遅沢"],"3292707":[9,"那須塩原市","高柳"],"3290222":[9,"小山市","上生井"],"3290617":[9,"河内郡上三川町","上蒲生"],"3292735":[9,"那須塩原市","太夫塚"],"3294211":[9,"足利市","西場町"],"3290524":[9,"河内郡上三川町","多功"],"3292744":[9,"那須塩原市","西赤田"],"3292712":[9,"那須塩原市","下永田"],"3294309":[9,"下都賀郡岩舟町","畳岡"],"3294306":[9,"下都賀郡岩舟町","曲ケ島"],"3291216":[9,"塩谷郡高根沢町","桑窪"],"3290412":[9,"下野市","柴"],"3294406":[9,"栃木市","大平町下皆川"],"3290423":[9,"下野市","谷地賀"],"3294425":[9,"栃木市","大平町新"],"3293436":[9,"那須郡那須町","伊王野"],"3291111":[9,"宇都宮市","逆面町"],"3292215":[9,"塩谷郡塩谷町","下寺島"],"3291212":[9,"塩谷郡高根沢町","上柏崎"],"3291304":[9,"さくら市","鍛冶ケ沢"],"3290403":[9,"下野市","医大前"],"3292812":[9,"那須塩原市","金沢"],"3294311":[9,"下都賀郡岩舟町","古江"],"3291231":[9,"塩谷郡高根沢町","宝石台"],"3291414":[9,"さくら市","早乙女"],"3292131":[9,"矢板市","土屋"],"3290227":[9,"小山市","中里"],"3290415":[9,"下野市","川中子"],"3290100":[9,"下都賀郡野木町",""],"3294413":[9,"栃木市","大平町上高島"],"3294217":[9,"足利市","駒場町"],"3290614":[9,"河内郡上三川町","五分一"],"3293446":[9,"那須郡那須町","沼野井"],"3293224":[9,"那須郡那須町","豊原乙"],"3291322":[9,"さくら市","北草川"],"3293127":[9,"那須塩原市","上郷屋"],"3292135":[9,"矢板市","中"],"3294216":[9,"足利市","迫間町"],"3292816":[9,"那須塩原市","宇都野"],"3290229":[9,"小山市","鏡"],"3290204":[9,"小山市","東黒田"],"3290611":[9,"河内郡上三川町","上三川"],"3291306":[9,"さくら市","上野"],"3294316":[9,"下都賀郡岩舟町","新里"],"3293442":[9,"那須郡那須町","横岡"],"3293123":[9,"那須塩原市","塩野崎新田"],"3293134":[9,"那須塩原市","上大塚新田"],"3292145":[9,"矢板市","富田"],"3290600":[9,"河内郡上三川町",""],"3292721":[9,"那須塩原市","東町"],"3291103":[9,"宇都宮市","東岡本町"],"3291204":[9,"塩谷郡高根沢町","文挾"],"3291327":[9,"さくら市","富野岡"],"3291213":[9,"塩谷郡高根沢町","下柏崎"],"3290605":[9,"河内郡上三川町","西蓼沼"],"3291302":[9,"さくら市","松山新田"],"3290317":[9,"栃木市","藤岡町帯刀"],"3292163":[9,"矢板市","鹿島町"],"3290434":[9,"下野市","祇園"],"3290607":[9,"河内郡上三川町","西汗"],"3294213":[9,"足利市","寺岡町"],"3291572":[9,"矢板市","安沢"],"3292806":[9,"那須塩原市","横林"],"3292214":[9,"塩谷郡塩谷町","東房"],"3291406":[9,"さくら市","南和田"],"3290431":[9,"下野市","薬師寺"],"3292724":[9,"那須塩原市","西幸町"],"3292803":[9,"那須塩原市","遅野沢"],"3290104":[9,"下都賀郡野木町","佐川野"],"3291221":[9,"塩谷郡高根沢町","西高谷"],"3291104":[9,"宇都宮市","下岡本町"],"3290206":[9,"小山市","東間々田"]}
