{"1440054":[13,"大田区","新蒲田"],"1440041":[13,"大田区","羽田空港"],"1440053":[13,"大田区","蒲田本町"],"1440043":[13,"大田区","羽田"],"1440031":[13,"大田区","東蒲田"],"1440044":[13,"大田区","本羽田"],"1440055":[13,"大田区","仲六郷"],"1440045":[13,"大田区","南六郷"],"1440032":[13,"大田区","北糀谷"],"1440056":[13,"大田区","西六郷"],"1440042":[13,"大田区","羽田旭町"],"1440035":[13,"大田区","南蒲田"],"1440051":[13,"大田区","西蒲田"],"1440034":[13,"大田区","西糀谷"],"1440047":[13,"大田区","萩中"],"1440033":[13,"大田区","東糀谷"],"1440046":[13,"大田区","東六郷"],"1440000":[13,"大田区",""],"1440052":[13,"大田区","蒲田"]}
