{"1086214":[13,"港区","港南品川インターシティＣ棟"],"1086314":[13,"港区","三田住友不動産三田ツインビル西館"],"1086008":[13,"港区","港南品川インターシティＡ棟"],"1086210":[13,"港区","港南品川インターシティＣ棟"],"1086014":[13,"港区","港南品川インターシティＡ棟"],"1086005":[13,"港区","港南品川インターシティＡ棟"],"1086108":[13,"港区","港南品川インターシティＢ棟"],"1086105":[13,"港区","港南品川インターシティＢ棟"],"1086203":[13,"港区","港南品川インターシティＣ棟"],"1086323":[13,"港区","三田住友不動産三田ツインビル西館"],"1086001":[13,"港区","港南品川インターシティＡ棟"],"1086103":[13,"港区","港南品川インターシティＢ棟"],"1086311":[13,"港区","三田住友不動産三田ツインビル西館"],"1086290":[13,"港区","港南品川インターシティＣ棟"],"1080022":[13,"港区","海岸"],"1086207":[13,"港区","港南品川インターシティＣ棟"],"1086115":[13,"港区","港南品川インターシティＢ棟"],"1086221":[13,"港区","港南品川インターシティＣ棟"],"1086123":[13,"港区","港南品川インターシティＢ棟"],"1080023":[13,"港区","芝浦"],"1086007":[13,"港区","港南品川インターシティＡ棟"],"1086327":[13,"港区","三田住友不動産三田ツインビル西館"],"1086230":[13,"港区","港南品川インターシティＣ棟"],"1086124":[13,"港区","港南品川インターシティＢ棟"],"1086219":[13,"港区","港南品川インターシティＣ棟"],"1086308":[13,"港区","三田住友不動産三田ツインビル西館"],"1086130":[13,"港区","港南品川インターシティＢ棟"],"1086021":[13,"港区","港南品川インターシティＡ棟"],"1086313":[13,"港区","三田住友不動産三田ツインビル西館"],"1086017":[13,"港区","港南品川インターシティＡ棟"],"1086317":[13,"港区","三田住友不動産三田ツインビル西館"],"1086212":[13,"港区","港南品川インターシティＣ棟"],"1086129":[13,"港区","港南品川インターシティＢ棟"],"1086028":[13,"港区","港南品川インターシティＡ棟"],"1086309":[13,"港区","三田住友不動産三田ツインビル西館"],"1086101":[13,"港区","港南品川インターシティＢ棟"],"1086111":[13,"港区","港南品川インターシティＢ棟"],"1086026":[13,"港区","港南品川インターシティＡ棟"],"1086305":[13,"港区","三田住友不動産三田ツインビル西館"],"1086390":[13,"港区","三田住友不動産三田ツインビル西館"],"1086301":[13,"港区","三田住友不動産三田ツインビル西館"],"1086118":[13,"港区","港南品川インターシティＢ棟"],"1086223":[13,"港区","港南品川インターシティＣ棟"],"1086217":[13,"港区","港南品川インターシティＣ棟"],"1086206":[13,"港区","港南品川インターシティＣ棟"],"1086306":[13,"港区","三田住友不動産三田ツインビル西館"],"1086225":[13,"港区","港南品川インターシティＣ棟"],"1086222":[13,"港区","港南品川インターシティＣ棟"],"1086213":[13,"港区","港南品川インターシティＣ棟"],"1086201":[13,"港区","港南品川インターシティＣ棟"],"1086328":[13,"港区","三田住友不動産三田ツインビル西館"],"1086106":[13,"港区","港南品川インターシティＢ棟"],"1086228":[13,"港区","港南品川インターシティＣ棟"],"1086126":[13,"港区","港南品川インターシティＢ棟"],"1086216":[13,"港区","港南品川インターシティＣ棟"],"1086003":[13,"港区","港南品川インターシティＡ棟"],"1086302":[13,"港区","三田住友不動産三田ツインビル西館"],"1086120":[13,"港区","港南品川インターシティＢ棟"],"1086310":[13,"港区","三田住友不動産三田ツインビル西館"],"1086020":[13,"港区","港南品川インターシティＡ棟"],"1086318":[13,"港区","三田住友不動産三田ツインビル西館"],"1080072":[13,"港区","白金"],"1086012":[13,"港区","港南品川インターシティＡ棟"],"1086321":[13,"港区","三田住友不動産三田ツインビル西館"],"1086104":[13,"港区","港南品川インターシティＢ棟"],"1086190":[13,"港区","港南品川インターシティＢ棟"],"1086231":[13,"港区","港南品川インターシティＣ棟"],"1080075":[13,"港区","港南"],"1086303":[13,"港区","三田住友不動産三田ツインビル西館"],"1086113":[13,"港区","港南品川インターシティＢ棟"],"1086110":[13,"港区","港南品川インターシティＢ棟"],"1086114":[13,"港区","港南品川インターシティＢ棟"],"1086326":[13,"港区","三田住友不動産三田ツインビル西館"],"1086204":[13,"港区","港南品川インターシティＣ棟"],"1086315":[13,"港区","三田住友不動産三田ツインビル西館"],"1086018":[13,"港区","港南品川インターシティＡ棟"],"1080071":[13,"港区","白金台"],"1086030":[13,"港区","港南品川インターシティＡ棟"],"1086322":[13,"港区","三田住友不動産三田ツインビル西館"],"1086107":[13,"港区","港南品川インターシティＢ棟"],"1086312":[13,"港区","三田住友不動産三田ツインビル西館"],"1086109":[13,"港区","港南品川インターシティＢ棟"],"1086011":[13,"港区","港南品川インターシティＡ棟"],"1086229":[13,"港区","港南品川インターシティＣ棟"],"1086325":[13,"港区","三田住友不動産三田ツインビル西館"],"1086090":[13,"港区","港南品川インターシティＡ棟"],"1086227":[13,"港区","港南品川インターシティＣ棟"],"1086324":[13,"港区","三田住友不動産三田ツインビル西館"],"1086010":[13,"港区","港南品川インターシティＡ棟"],"1086122":[13,"港区","港南品川インターシティＢ棟"],"1086002":[13,"港区","港南品川インターシティＡ棟"],"1086131":[13,"港区","港南品川インターシティＢ棟"],"1086009":[13,"港区","港南品川インターシティＡ棟"],"1086208":[13,"港区","港南品川インターシティＣ棟"],"1086024":[13,"港区","港南品川インターシティＡ棟"],"1086125":[13,"港区","港南品川インターシティＢ棟"],"1086218":[13,"港区","港南品川インターシティＣ棟"],"1086016":[13,"港区","港南品川インターシティＡ棟"],"1086116":[13,"港区","港南品川インターシティＢ棟"],"1086220":[13,"港区","港南品川インターシティＣ棟"],"1086119":[13,"港区","港南品川インターシティＢ棟"],"1086215":[13,"港区","港南品川インターシティＣ棟"],"1086031":[13,"港区","港南品川インターシティＡ棟"],"1086027":[13,"港区","港南品川インターシティＡ棟"],"1080074":[13,"港区","高輪"],"1086032":[13,"港区","港南品川インターシティＡ棟"],"1086202":[13,"港区","港南品川インターシティＣ棟"],"1086205":[13,"港区","港南品川インターシティＣ棟"],"1086330":[13,"港区","三田住友不動産三田ツインビル西館"],"1086019":[13,"港区","港南品川インターシティＡ棟"],"1086112":[13,"港区","港南品川インターシティＢ棟"],"1086316":[13,"港区","三田住友不動産三田ツインビル西館"],"1086307":[13,"港区","三田住友不動産三田ツインビル西館"],"1086224":[13,"港区","港南品川インターシティＣ棟"],"1086025":[13,"港区","港南品川インターシティＡ棟"],"1086015":[13,"港区","港南品川インターシティＡ棟"],"1086023":[13,"港区","港南品川インターシティＡ棟"],"1086329":[13,"港区","三田住友不動産三田ツインビル西館"],"1086127":[13,"港区","港南品川インターシティＢ棟"],"1086121":[13,"港区","港南品川インターシティＢ棟"],"1086022":[13,"港区","港南品川インターシティＡ棟"],"1086004":[13,"港区","港南品川インターシティＡ棟"],"1086029":[13,"港区","港南品川インターシティＡ棟"],"1086102":[13,"港区","港南品川インターシティＢ棟"],"1086209":[13,"港区","港南品川インターシティＣ棟"],"1080073":[13,"港区","三田"],"1086013":[13,"港区","港南品川インターシティＡ棟"],"1086304":[13,"港区","三田住友不動産三田ツインビル西館"],"1086211":[13,"港区","港南品川インターシティＣ棟"],"1086128":[13,"港区","港南品川インターシティＢ棟"],"1086117":[13,"港区","港南品川インターシティＢ棟"],"1086226":[13,"港区","港南品川インターシティＣ棟"],"1080014":[13,"港区","芝"],"1086006":[13,"港区","港南品川インターシティＡ棟"],"1086319":[13,"港区","三田住友不動産三田ツインビル西館"],"1086320":[13,"港区","三田住友不動産三田ツインビル西館"]}
