{"4228037":[22,"静岡市駿河区","下島"],"4228027":[22,"静岡市駿河区","豊田"],"4228058":[22,"静岡市駿河区","中原"],"4228053":[22,"静岡市駿河区","西中原"],"4228076":[22,"静岡市駿河区","八幡"],"4228026":[22,"静岡市駿河区","富士見台"],"4228021":[22,"静岡市駿河区","小鹿"],"4228018":[22,"静岡市駿河区","西大谷"],"4228046":[22,"静岡市駿河区","中島"],"4228056":[22,"静岡市駿河区","津島町"],"4228047":[22,"静岡市駿河区","中村町"],"4228071":[22,"静岡市駿河区","豊原町"],"4228016":[22,"静岡市駿河区","西平松"],"4228031":[22,"静岡市駿河区","有明町"],"4228023":[22,"静岡市駿河区","片山"],"4228009":[22,"静岡市駿河区","弥生町"],"4228057":[22,"静岡市駿河区","見瀬"],"4228011":[22,"静岡市駿河区","根古屋"],"4228001":[22,"静岡市駿河区","中吉田"],"4228025":[22,"静岡市駿河区","水上"],"4228065":[22,"静岡市駿河区","宮本町"],"4228006":[22,"静岡市駿河区","曲金"],"4228007":[22,"静岡市駿河区","聖一色"],"4228035":[22,"静岡市駿河区","宮竹"],"4228008":[22,"静岡市駿河区","栗原"],"4228002":[22,"静岡市駿河区","谷田"],"4220000":[22,"静岡市葵区",""],"4228032":[22,"静岡市駿河区","有東"],"4228015":[22,"静岡市駿河区","中平松"],"4228054":[22,"静岡市駿河区","南安倍"],"4228012":[22,"静岡市駿河区","安居"],"4228004":[22,"静岡市駿河区","国吉田"],"4228042":[22,"静岡市駿河区","石田"],"4228055":[22,"静岡市駿河区","寿町"],"4228003":[22,"静岡市駿河区","平沢"],"4228051":[22,"静岡市駿河区","中野新田"],"4228022":[22,"静岡市駿河区","恩田原"],"4228017":[22,"静岡市駿河区","大谷"],"4228036":[22,"静岡市駿河区","敷地"],"4228044":[22,"静岡市駿河区","西脇"],"4228073":[22,"静岡市駿河区","八幡山"],"4228067":[22,"静岡市駿河区","南町"],"4228041":[22,"静岡市駿河区","中田"],"4228033":[22,"静岡市駿河区","登呂"],"4228045":[22,"静岡市駿河区","西島"],"4228078":[22,"静岡市駿河区","さつき町"],"4228072":[22,"静岡市駿河区","小黒"],"4228013":[22,"静岡市駿河区","古宿"],"4228063":[22,"静岡市駿河区","馬渕"],"4228074":[22,"静岡市駿河区","南八幡町"],"4228024":[22,"静岡市駿河区","宮川"],"4228062":[22,"静岡市駿河区","稲川"],"4228043":[22,"静岡市駿河区","中田本町"],"4228014":[22,"静岡市駿河区","青沢"],"4228075":[22,"静岡市駿河区","大坪町"],"4228052":[22,"静岡市駿河区","緑が丘町"],"4228034":[22,"静岡市駿河区","高松"],"4228066":[22,"静岡市駿河区","泉町"],"4228061":[22,"静岡市駿河区","森下町"],"4228064":[22,"静岡市駿河区","新川"],"4228077":[22,"静岡市駿河区","大和"],"4228005":[22,"静岡市駿河区","池田"]}
