{"4940002":[23,"一宮市","篭屋"],"4940012":[23,"一宮市","明地"],"4940019":[23,"一宮市","蓮池"],"4940013":[23,"一宮市","玉野"],"4940007":[23,"一宮市","小信中島"],"4940011":[23,"一宮市","西萩原"],"4940017":[23,"一宮市","祐久"],"4940014":[23,"一宮市","上祖父江"],"4940004":[23,"一宮市","北今"],"4940018":[23,"一宮市","冨田"],"4940001":[23,"一宮市","開明"],"4940008":[23,"一宮市","東五城"],"4940005":[23,"一宮市","西五城"],"4940015":[23,"一宮市","西中野"],"4940003":[23,"一宮市","三条"],"4940006":[23,"一宮市","起"],"4940016":[23,"一宮市","東加賀野井"]}
