{"5080037":[21,"中津川市","えびす町"],"5080023":[21,"中津川市","小川町"],"5080038":[21,"中津川市","新町"],"5080042":[21,"中津川市","西宮町"],"5080005":[21,"中津川市","日の出町"],"5080033":[21,"中津川市","太田町"],"5080501":[21,"中津川市","山口"],"5080045":[21,"中津川市","かやの木町"],"5080043":[21,"中津川市","八幡町"],"5080031":[21,"中津川市","宮前町"],"5080036":[21,"中津川市","東宮町"],"5080012":[21,"中津川市","津島町"],"5080202":[21,"中津川市","下野"],"5080004":[21,"中津川市","花戸町"],"5080001":[21,"中津川市","中津川"],"5080111":[21,"中津川市","瀬戸"],"5080014":[21,"中津川市","駒場町"],"5080201":[21,"中津川市","田瀬"],"5080013":[21,"中津川市","柳町"],"5080000":[21,"中津川市",""],"5080022":[21,"中津川市","北野町"],"5080006":[21,"中津川市","落合"],"5080024":[21,"中津川市","桃山町"],"5080021":[21,"中津川市","中川町"],"5080044":[21,"中津川市","昭和町"],"5080351":[21,"中津川市","付知町"],"5080421":[21,"中津川市","加子母"],"5080204":[21,"中津川市","高山"],"5080015":[21,"中津川市","手賀野"],"5080101":[21,"中津川市","苗木"],"5080034":[21,"中津川市","淀川町"],"5080502":[21,"中津川市","馬籠"],"5080203":[21,"中津川市","福岡"],"5080002":[21,"中津川市","阿木"],"5080041":[21,"中津川市","本町"],"5080011":[21,"中津川市","駒場"],"5080035":[21,"中津川市","東町"],"5080032":[21,"中津川市","栄町"],"5080003":[21,"中津川市","中一色町"],"5080007":[21,"中津川市","神坂"]}
