{"4190103":[22,"田方郡函南町","軽井沢"],"4190201":[22,"富士市","厚原"],"4190104":[22,"田方郡函南町","畑"],"4190203":[22,"富士市","鷹岡本町"],"4190113":[22,"田方郡函南町","大土肥"],"4190101":[22,"田方郡函南町","桑原"],"4190112":[22,"田方郡函南町","柏谷"],"4190122":[22,"田方郡函南町","上沢"],"4190102":[22,"田方郡函南町","田代"],"4190312":[22,"富士宮市","下稲子"],"4190121":[22,"田方郡函南町","大竹"],"4190317":[22,"富士宮市","内房"],"4190301":[22,"富士宮市","上柚野"],"4190313":[22,"富士宮市","西山"],"4190106":[22,"田方郡函南町","南箱根ダイヤランド"],"4190202":[22,"富士市","久沢"],"4190315":[22,"富士宮市","長貫"],"4190116":[22,"田方郡函南町","日守"],"4190105":[22,"田方郡函南町","丹那"],"4190124":[22,"田方郡函南町","塚本"],"4190305":[22,"富士宮市","下柚野"],"4190311":[22,"富士宮市","上稲子"],"4190115":[22,"田方郡函南町","新田"],"4190314":[22,"富士宮市","大久保"],"4190304":[22,"富士宮市","鳥並"],"4190125":[22,"田方郡函南町","肥田"],"4190107":[22,"田方郡函南町","平井"],"4190302":[22,"富士宮市","猫沢"],"4190205":[22,"富士市","天間"],"4190114":[22,"田方郡函南町","仁田"],"4190204":[22,"富士市","入山瀬"],"4190316":[22,"富士宮市","羽鮒"],"4190123":[22,"田方郡函南町","間宮"],"4190100":[22,"田方郡函南町",""],"4190111":[22,"田方郡函南町","畑毛"],"4190303":[22,"富士宮市","大鹿窪"]}
