{"1020092":[13,"千代田区","隼町"],"1020081":[13,"千代田区","四番町"],"1020082":[13,"千代田区","一番町"],"1020076":[13,"千代田区","五番町"],"1020093":[13,"千代田区","平河町"],"1020071":[13,"千代田区","富士見"],"1020072":[13,"千代田区","飯田橋"],"1020075":[13,"千代田区","三番町"],"1020085":[13,"千代田区","六番町"],"1020073":[13,"千代田区","九段北"],"1020084":[13,"千代田区","二番町"],"1020091":[13,"千代田区","北の丸公園"],"1020083":[13,"千代田区","麹町"],"1020094":[13,"千代田区","紀尾井町"],"1020074":[13,"千代田区","九段南"]}
