{"1910021":[13,"日野市","石田"],"1910023":[13,"日野市","下田"],"1910042":[13,"日野市","程久保"],"1910013":[13,"日野市","宮"],"1910055":[13,"日野市","西平山"],"1910012":[13,"日野市","日野"],"1910015":[13,"日野市","川辺堀之内"],"1910052":[13,"日野市","東豊田"],"1910031":[13,"日野市","高幡"],"1910000":[13,"日野市",""],"1910065":[13,"日野市","旭が丘"],"1910003":[13,"日野市","日野台"],"1910011":[13,"日野市","日野本町"],"1910032":[13,"日野市","三沢"],"1910043":[13,"日野市","平山"],"1910061":[13,"日野市","大坂上"],"1910051":[13,"日野市","豊田"],"1910016":[13,"日野市","神明"],"1910063":[13,"日野市","さくら町"],"1910034":[13,"日野市","落川"],"1910054":[13,"日野市","東平山"],"1910064":[13,"日野市","富士町"],"1910002":[13,"日野市","新町"],"1910053":[13,"日野市","豊田"],"1910062":[13,"日野市","多摩平"],"1910001":[13,"日野市","栄町"],"1910022":[13,"日野市","新井"],"1910024":[13,"日野市","万願寺"],"1910041":[13,"日野市","南平"],"1910033":[13,"日野市","百草"],"1910014":[13,"日野市","上田"]}
