{"1850034":[13,"国分寺市","光町"],"1850012":[13,"国分寺市","本町"],"1850023":[13,"国分寺市","西元町"],"1850031":[13,"国分寺市","富士本"],"1850003":[13,"国分寺市","戸倉"],"1850002":[13,"国分寺市","東戸倉"],"1850014":[13,"国分寺市","東恋ケ窪"],"1850000":[13,"国分寺市",""],"1850036":[13,"国分寺市","高木町"],"1850004":[13,"国分寺市","新町"],"1850035":[13,"国分寺市","西町"],"1850021":[13,"国分寺市","南町"],"1850013":[13,"国分寺市","西恋ケ窪"],"1850033":[13,"国分寺市","内藤"],"1850032":[13,"国分寺市","日吉町"],"1850024":[13,"国分寺市","泉町"],"1850001":[13,"国分寺市","北町"],"1850005":[13,"国分寺市","並木町"],"1850022":[13,"国分寺市","東元町"],"1850011":[13,"国分寺市","本多"]}
