{"3760033":[10,"桐生市","泉町"],"3760044":[10,"桐生市","永楽町"],"3760045":[10,"桐生市","末広町"],"3760137":[10,"桐生市","新里町赤城山"],"3760051":[10,"桐生市","平井町"],"3760022":[10,"桐生市","稲荷町"],"3760302":[10,"みどり市","東町草木"],"3760023":[10,"桐生市","錦町"],"3760113":[10,"みどり市","大間々町高津戸"],"3760052":[10,"桐生市","天神町"],"3760301":[10,"みどり市","東町沢入"],"3760014":[10,"桐生市","広沢町間ノ島"],"3760124":[10,"桐生市","新里町小林"],"3760144":[10,"桐生市","黒保根町下田沢"],"3760031":[10,"桐生市","本町"],"3760046":[10,"桐生市","宮前町"],"3760034":[10,"桐生市","東"],"3760142":[10,"桐生市","黒保根町八木原"],"3760012":[10,"桐生市","桜木町"],"3760038":[10,"桐生市","高砂町"],"3760308":[10,"みどり市","東町小中"],"3760025":[10,"桐生市","美原町"],"3760043":[10,"桐生市","小曾根町"],"3760122":[10,"桐生市","新里町野"],"3760035":[10,"桐生市","仲町"],"3760134":[10,"桐生市","新里町関"],"3760007":[10,"桐生市","浜松町"],"3760026":[10,"桐生市","清瀬町"],"3760041":[10,"桐生市","川内町"],"3760021":[10,"桐生市","巴町"],"3760013":[10,"桐生市","広沢町"],"3760304":[10,"みどり市","東町神戸"],"3760115":[10,"みどり市","大間々町塩原"],"3760143":[10,"桐生市","黒保根町宿廻"],"3760055":[10,"桐生市","横山町"],"3760111":[10,"みどり市","大間々町小平"],"3760011":[10,"桐生市","相生町"],"3760003":[10,"桐生市","琴平町"],"3760027":[10,"桐生市","元宿町"],"3760307":[10,"みどり市","東町花輪"],"3760005":[10,"桐生市","三吉町"],"3760601":[10,"桐生市","梅田町"],"3760002":[10,"桐生市","境野町"],"3760132":[10,"桐生市","新里町鶴ケ谷"],"3760125":[10,"桐生市","新里町山上"],"3760114":[10,"みどり市","大間々町浅原"],"3760306":[10,"みどり市","東町荻原"],"3760135":[10,"桐生市","新里町高泉"],"3760054":[10,"桐生市","西久方町"],"3760121":[10,"桐生市","新里町新川"],"3760133":[10,"桐生市","新里町大久保"],"3760123":[10,"桐生市","新里町武井"],"3760000":[10,"桐生市",""],"3760042":[10,"桐生市","堤町"],"3760131":[10,"桐生市","新里町奥沢"],"3760024":[10,"桐生市","織姫町"],"3760032":[10,"桐生市","東町"],"3760145":[10,"桐生市","黒保根町上田沢"],"3760101":[10,"みどり市","大間々町大間々"],"3760116":[10,"みどり市","大間々町塩沢"],"3760053":[10,"桐生市","東久方町"],"3760006":[10,"桐生市","新宿"],"3760136":[10,"桐生市","新里町板橋"],"3760001":[10,"桐生市","菱町"],"3760305":[10,"みどり市","東町小夜戸"],"3760303":[10,"みどり市","東町座間"],"3760036":[10,"桐生市","川岸町"],"3760141":[10,"桐生市","黒保根町水沼"],"3760104":[10,"みどり市","大間々町上神梅"],"3760100":[10,"みどり市",""],"3760037":[10,"桐生市","旭町"],"3760112":[10,"みどり市","大間々町長尾根"],"3760103":[10,"みどり市","大間々町下神梅"],"3760056":[10,"桐生市","宮本町"],"3760102":[10,"みどり市","大間々町桐原"],"3760004":[10,"桐生市","小梅町"]}
