{"0650014":[1,"札幌市東区","北十四条東"],"0650000":[1,"札幌市東区",""],"0650009":[1,"札幌市東区","北九条東"],"0650023":[1,"札幌市東区","北二十三条東"],"0650019":[1,"札幌市東区","北十九条東"],"0650033":[1,"札幌市東区","北三十三条東"],"0650016":[1,"札幌市東区","北十六条東"],"0650017":[1,"札幌市東区","北十七条東"],"0650007":[1,"札幌市東区","北七条東"],"0650008":[1,"札幌市東区","北八条東"],"0650012":[1,"札幌市東区","北十二条東"],"0650030":[1,"札幌市東区","北三十条東"],"0650013":[1,"札幌市東区","北十三条東"],"0650026":[1,"札幌市東区","北二十六条東"],"0650021":[1,"札幌市東区","北二十一条東"],"0650020":[1,"札幌市東区","北二十条東"],"0650024":[1,"札幌市東区","北二十四条東"],"0650032":[1,"札幌市東区","北三十二条東"],"0650042":[1,"札幌市東区","本町二条"],"0650011":[1,"札幌市東区","北十一条東"],"0650018":[1,"札幌市東区","北十八条東"],"0650006":[1,"札幌市東区","北六条東"],"0650027":[1,"札幌市東区","北二十七条東"],"0650010":[1,"札幌市東区","北十条東"],"0650031":[1,"札幌市東区","北三十一条東"],"0650015":[1,"札幌市東区","北十五条東"],"0650022":[1,"札幌市東区","北二十二条東"],"0650025":[1,"札幌市東区","北二十五条東"],"0650004":[1,"札幌市東区","北四条東"],"0650005":[1,"札幌市東区","北五条東"],"0650028":[1,"札幌市東区","北二十八条東"],"0650043":[1,"札幌市東区","苗穂町"],"0650041":[1,"札幌市東区","本町一条"]}
