{"4520947":[23,"清須市","花水木"],"4520911":[23,"清須市","西須ケ口"],"4520043":[23,"清須市","西枇杷島町東六軒"],"4520806":[23,"名古屋市西区","五才美町"],"4520836":[23,"名古屋市西区","新木町"],"4520041":[23,"清須市","西枇杷島町小野田"],"4520815":[23,"名古屋市西区","八筋町"],"4520803":[23,"名古屋市西区","大野木"],"4520941":[23,"清須市","西市場"],"4520816":[23,"名古屋市西区","貴生町"],"4520054":[23,"清須市","西枇杷島町南二ツ杁"],"4520932":[23,"清須市","朝日"],"4520904":[23,"清須市","東須ケ口"],"4520042":[23,"清須市","西枇杷島町川口"],"4520919":[23,"清須市","萩野"],"4520916":[23,"清須市","下河原"],"4520801":[23,"名古屋市西区","清里町"],"4520903":[23,"清須市","助七"],"4520933":[23,"清須市","西田中"],"4520003":[23,"清須市","西枇杷島町末広"],"4520844":[23,"名古屋市西区","上橋町"],"4520832":[23,"名古屋市西区","平出町"],"4520914":[23,"清須市","土器野"],"4520013":[23,"清須市","西枇杷島町南大和"],"4520946":[23,"清須市","廻間"],"4520032":[23,"清須市","西枇杷島町養和"],"4520026":[23,"清須市","西枇杷島町橋詰"],"4520918":[23,"清須市","桃栄"],"4520067":[23,"清須市","西枇杷島町替地"],"4520004":[23,"清須市","西枇杷島町大黒"],"4520009":[23,"清須市","西枇杷島町西八丁"],"4520812":[23,"名古屋市西区","玉池町"],"4520065":[23,"清須市","西枇杷島町芳野"],"4520022":[23,"清須市","西枇杷島町上新"],"4520017":[23,"清須市","西枇杷島町下砂入"],"4520006":[23,"清須市","西枇杷島町弁天"],"4520024":[23,"清須市","西枇杷島町片町"],"4520818":[23,"名古屋市西区","山田町"],"4520843":[23,"名古屋市西区","平中町"],"4520943":[23,"清須市","新清洲"],"4520945":[23,"清須市","土田"],"4520025":[23,"清須市","西枇杷島町十軒裏"],"4520018":[23,"清須市","西枇杷島町住吉"],"4520805":[23,"名古屋市西区","市場木町"],"4520817":[23,"名古屋市西区","二方町"],"4520005":[23,"清須市","西枇杷島町恵比須"],"4520845":[23,"名古屋市西区","中沼町"],"4520804":[23,"名古屋市西区","坂井戸町"],"4520905":[23,"清須市","須ケ口"],"4520000":[23,"清須市",""],"4520807":[23,"名古屋市西区","歌里町"],"4520915":[23,"清須市","中河原"],"4520064":[23,"清須市","西枇杷島町旭"],"4520917":[23,"清須市","西堀江"],"4520811":[23,"名古屋市西区","砂原町"],"4520842":[23,"名古屋市西区","城町"],"4520023":[23,"清須市","西枇杷島町下新"],"4520833":[23,"名古屋市西区","山木"],"4520931":[23,"清須市","一場"],"4520055":[23,"清須市","西枇杷島町北二ツ杁"],"4520838":[23,"名古屋市西区","長先町"],"4520831":[23,"名古屋市西区","円明町"],"4520036":[23,"清須市","西枇杷島町南問屋"],"4520052":[23,"清須市","西枇杷島町辰新田"],"4520068":[23,"清須市","西枇杷島町子新田"],"4520848":[23,"名古屋市西区","西原町"],"4520010":[23,"清須市","西枇杷島町稲株"],"4520907":[23,"清須市","鍋片"],"4520046":[23,"清須市","西枇杷島町西笹子原"],"4520906":[23,"清須市","東外町"],"4520908":[23,"清須市","寺野"],"4520963":[23,"清須市","下津町"],"4520822":[23,"名古屋市西区","中小田井"],"4520021":[23,"清須市","西枇杷島町小田井"],"4520051":[23,"清須市","西枇杷島町大野"],"4520061":[23,"清須市","西枇杷島町小場塚"],"4520962":[23,"清須市","春日県"],"4520901":[23,"清須市","阿原"],"4520062":[23,"清須市","西枇杷島町五畝割"],"4520031":[23,"清須市","西枇杷島町宮前"],"4520902":[23,"清須市","助七"],"4520066":[23,"清須市","西枇杷島町芝野新田"],"4520044":[23,"清須市","西枇杷島町南六軒"],"4520835":[23,"名古屋市西区","丸野"],"4520961":[23,"清須市","春日明河原"],"4520037":[23,"清須市","枇杷島駅前東"],"4520912":[23,"清須市","須ケ口駅前"],"4520824":[23,"名古屋市西区","こも原町"],"4520016":[23,"清須市","西枇杷島町砂入"],"4520841":[23,"名古屋市西区","城西町"],"4520837":[23,"名古屋市西区","十方町"],"4520935":[23,"清須市","北市場本町"],"4520813":[23,"名古屋市西区","赤城町"],"4520846":[23,"名古屋市西区","浮野町"],"4520821":[23,"名古屋市西区","上小田井"],"4520007":[23,"清須市","西枇杷島町一反五畝割"],"4520033":[23,"清須市","西枇杷島町二見"],"4520008":[23,"清須市","西枇杷島町地領"],"4520053":[23,"清須市","西枇杷島町南松原"],"4520047":[23,"清須市","西枇杷島町東笹子原"],"4520913":[23,"清須市","上河原"],"4520015":[23,"清須市","西枇杷島町泉"],"4520839":[23,"名古屋市西区","見寄町"],"4520942":[23,"清須市","清洲"],"4520035":[23,"清須市","西枇杷島町問屋"],"4520034":[23,"清須市","西枇杷島町日之出"],"4520934":[23,"清須市","大嶋"],"4520823":[23,"名古屋市西区","あし原町"],"4520944":[23,"清須市","上条"],"4520834":[23,"名古屋市西区","木前町"],"4520014":[23,"清須市","西枇杷島町押花"],"4520001":[23,"清須市","西枇杷島町古城"],"4520802":[23,"名古屋市西区","比良"],"4520814":[23,"名古屋市西区","南川町"],"4520002":[23,"清須市","西枇杷島町花咲"],"4520011":[23,"清須市","西枇杷島町城並"],"4520808":[23,"名古屋市西区","宝地町"],"4520063":[23,"清須市","西枇杷島町七畝割"],"4520045":[23,"清須市","西枇杷島町西六軒"],"4520012":[23,"清須市","西枇杷島町北大和"],"4520847":[23,"名古屋市西区","野南町"],"4520809":[23,"名古屋市西区","花原町"]}
