{"4160905":[22,"富士市","五味島"],"4160913":[22,"富士市","平垣本町"],"4160948":[22,"富士市","森島"],"4160923":[22,"富士市","横割本町"],"4160942":[22,"富士市","上横割"],"4160945":[22,"富士市","宮島"],"4160949":[22,"富士市","森下"],"4160922":[22,"富士市","水戸島元町"],"4160939":[22,"富士市","川成島"],"4160916":[22,"富士市","平垣"],"4160906":[22,"富士市","本市場"],"4160954":[22,"富士市","本市場町"],"4160952":[22,"富士市","青葉町"],"4160912":[22,"富士市","加島町"],"4160924":[22,"富士市","水戸島本町"],"4160914":[22,"富士市","本町"],"4160938":[22,"富士市","浜田町"],"4160941":[22,"富士市","十兵衛"],"4160917":[22,"富士市","元町"],"4160936":[22,"富士市","中河原"],"4160943":[22,"富士市","下横割"],"4160901":[22,"富士市","岩本"],"4160919":[22,"富士市","松富町"],"4160902":[22,"富士市","長通"],"4160911":[22,"富士市","八幡町"],"4160918":[22,"富士市","平垣町"],"4160931":[22,"富士市","蓼原"],"4160955":[22,"富士市","川成新町"],"4160903":[22,"富士市","松本"],"4160937":[22,"富士市","前田"],"4160932":[22,"富士市","柳島"],"4160908":[22,"富士市","柚木"],"4160946":[22,"富士市","五貫島"],"4160947":[22,"富士市","宮下"],"4160909":[22,"富士市","松岡"],"4160935":[22,"富士市","田子"],"4160915":[22,"富士市","富士町"],"4160944":[22,"富士市","横割"],"4160934":[22,"富士市","鮫島"],"4160904":[22,"富士市","本市場新田"],"4160921":[22,"富士市","水戸島"],"4160953":[22,"富士市","蓼原町"],"4160951":[22,"富士市","米之宮町"],"4160933":[22,"富士市","中丸"],"4160907":[22,"富士市","中島"]}
