{"4960861":[23,"津島市","観音町"],"4960833":[23,"津島市","常盤町"],"4960043":[23,"津島市","古川"],"4968003":[23,"愛西市","千引町"],"4960007":[23,"津島市","光正寺町"],"4960019":[23,"津島市","百島町"],"4960072":[23,"津島市","南新開町"],"4960024":[23,"津島市","半頭町"],"4960922":[23,"愛西市","大野町"],"4960017":[23,"津島市","百町"],"4960816":[23,"津島市","米町"],"4960003":[23,"津島市","寺野町"],"4968042":[23,"愛西市","給父町"],"4960935":[23,"愛西市","下一色町"],"4960011":[23,"津島市","莪原町"],"4960808":[23,"津島市","宝町"],"4968012":[23,"愛西市","根高町"],"4960045":[23,"津島市","東柳原町"],"4960846":[23,"津島市","東中地町"],"4960027":[23,"津島市","新開"],"4960801":[23,"津島市","藤浪町"],"4968037":[23,"愛西市","二子町新田"],"4960933":[23,"愛西市","戸倉町"],"4968017":[23,"愛西市","大野山町"],"4960844":[23,"津島市","薬師町"],"4960033":[23,"津島市","杁前町"],"4960031":[23,"津島市","埋田町"],"4960862":[23,"津島市","城山町"],"4960876":[23,"津島市","大縄町"],"4968015":[23,"愛西市","草平町"],"4960021":[23,"津島市","椿市町"],"4960842":[23,"津島市","筏場町"],"4968033":[23,"愛西市","鵜多須町"],"4960025":[23,"津島市","中一色町"],"4968031":[23,"愛西市","上東川町"],"4960041":[23,"津島市","高畑町"],"4960805":[23,"津島市","本町"],"4968040":[23,"愛西市","二子町松原"],"4960848":[23,"津島市","大慶寺町"],"4960035":[23,"津島市","東愛宕町"],"4960907":[23,"愛西市","稲葉町"],"4960901":[23,"愛西市","佐屋町"],"4960016":[23,"津島市","白浜町"],"4960868":[23,"津島市","申塚町"],"4960831":[23,"津島市","瑞穂町"],"4960046":[23,"津島市","柳原町"],"4968006":[23,"愛西市","持中町"],"4960821":[23,"津島市","城之越町"],"4968001":[23,"愛西市","勝幡町"],"4960866":[23,"津島市","大和町"],"4960903":[23,"愛西市","内佐屋町"],"4968002":[23,"愛西市","佐折町"],"4968038":[23,"愛西市","二子町定納"],"4960827":[23,"津島市","浦方町"],"4960938":[23,"愛西市","石田町"],"4968046":[23,"愛西市","赤目町"],"4960945":[23,"愛西市","三和町"],"4960847":[23,"津島市","中地町"],"4960877":[23,"津島市","河田町"],"4960913":[23,"愛西市","西條町"],"4968013":[23,"愛西市","見越町"],"4960854":[23,"津島市","老松町"],"4960943":[23,"愛西市","森川町"],"4960014":[23,"津島市","金柳町"],"4968010":[23,"愛西市","六輪町"],"4960869":[23,"津島市","河原町"],"4960909":[23,"愛西市","落合町"],"4968016":[23,"愛西市","鷹場町"],"4968030":[23,"愛西市","二子町柳原"],"4968036":[23,"愛西市","二子町丸島"],"4960813":[23,"津島市","片岡町"],"4960804":[23,"津島市","弥生町"],"4968019":[23,"愛西市","西川端町"],"4960802":[23,"津島市","錦町"],"4960856":[23,"津島市","瑠璃小路町"],"4960835":[23,"津島市","皆戸町"],"4960811":[23,"津島市","喜楽町"],"4960037":[23,"津島市","西愛宕町"],"4960838":[23,"津島市","明天町"],"4968009":[23,"愛西市","小津町"],"4960942":[23,"愛西市","山路町"],"4960864":[23,"津島市","中之町"],"4960923":[23,"愛西市","鰯江町"],"4960001":[23,"津島市","青塚町"],"4960048":[23,"津島市","藤里町"],"4968004":[23,"愛西市","古瀬町"],"4968011":[23,"愛西市","諏訪町"],"4968007":[23,"愛西市","南河田町"],"4968034":[23,"愛西市","二子町小判山"],"4960874":[23,"津島市","江西町"],"4960911":[23,"愛西市","西保町"],"4960852":[23,"津島市","祢宜町"],"4960009":[23,"津島市","葉苅町"],"4960936":[23,"愛西市","四会町"],"4960915":[23,"愛西市","本部田町"],"4968043":[23,"愛西市","高畑町"],"4960845":[23,"津島市","永楽町"],"4960826":[23,"津島市","片町"],"4960912":[23,"愛西市","東保町"],"4968032":[23,"愛西市","下東川町"],"4960012":[23,"津島市","大坪町"],"4960002":[23,"津島市","牧野町"],"4960047":[23,"津島市","西柳原町"],"4960853":[23,"津島市","宮川町"],"4960905":[23,"愛西市","北一色町"],"4960032":[23,"津島市","深坪町"],"4960015":[23,"津島市","高台寺町"],"4960855":[23,"津島市","江東町"],"4960843":[23,"津島市","舟戸町"],"4960008":[23,"津島市","宇治町"],"4960028":[23,"津島市","日光"],"4960071":[23,"津島市","新開町"],"4960018":[23,"津島市","牛田町"],"4960022":[23,"津島市","越津町"],"4968018":[23,"愛西市","渕高町"],"4968020":[23,"愛西市","平和町"],"4960849":[23,"津島市","西御堂町"],"4968045":[23,"愛西市","元赤目町"],"4960809":[23,"津島市","昭和町"],"4960803":[23,"津島市","今市場町"],"4960924":[23,"愛西市","善太新田町"],"4960865":[23,"津島市","馬場町"],"4960834":[23,"津島市","南本町"],"4960829":[23,"津島市","寿町"],"4960824":[23,"津島市","金町"],"4960841":[23,"津島市","横町"],"4960863":[23,"津島市","上之町"],"4960818":[23,"津島市","松原町"],"4960806":[23,"津島市","池麩町"],"4968048":[23,"愛西市","下大牧町"],"4960939":[23,"愛西市","後江町"],"4960013":[23,"津島市","神尾町"],"4960931":[23,"愛西市","早尾町"],"4960044":[23,"津島市","立込町"],"4968041":[23,"愛西市","藤ケ瀬町"],"4960872":[23,"津島市","松ケ下町"],"4960029":[23,"津島市","下切町"],"4960026":[23,"津島市","唐臼町"],"4960839":[23,"津島市","藤川町"],"4960004":[23,"津島市","蛭間町"],"4960836":[23,"津島市","中野町"],"4968008":[23,"愛西市","北河田町"],"4960947":[23,"愛西市","福原新田町"],"4960921":[23,"愛西市","大井町"],"4960034":[23,"津島市","元寺町"],"4960851":[23,"津島市","神明町"],"4968044":[23,"愛西市","江西町"],"4960914":[23,"愛西市","東條町"],"4960817":[23,"津島市","北町"],"4960819":[23,"津島市","又吉町"],"4960867":[23,"津島市","江川町"],"4960036":[23,"津島市","愛宕町"],"4960832":[23,"津島市","東洋町"],"4960823":[23,"津島市","上河原町"],"4968014":[23,"愛西市","町方町"],"4960944":[23,"愛西市","小茂井町"],"4968049":[23,"愛西市","塩田町"],"4968005":[23,"愛西市","諸桑町"],"4960908":[23,"愛西市","金棒町"],"4960873":[23,"津島市","一本木町"],"4960815":[23,"津島市","米之座町"],"4960932":[23,"愛西市","葛木町"],"4960946":[23,"愛西市","立田町"],"4960871":[23,"津島市","上新田町"],"4960934":[23,"愛西市","新右エ門新田町"],"4960902":[23,"愛西市","須依町"],"4968035":[23,"愛西市","二子町上丸島"],"4960023":[23,"津島市","鹿伏兎町"],"4960875":[23,"津島市","下新田町"],"4960822":[23,"津島市","高屋敷町"],"4968047":[23,"愛西市","立石町"],"4960807":[23,"津島市","天王通"],"4960941":[23,"愛西市","雀ケ森町"],"4960906":[23,"愛西市","日置町"],"4960005":[23,"津島市","神守町"],"4960837":[23,"津島市","大政町"],"4960937":[23,"愛西市","宮地町"],"4960904":[23,"愛西市","柚木町"],"4968039":[23,"愛西市","川北町"],"4960814":[23,"津島市","良王町"],"4960000":[23,"津島市",""],"4960812":[23,"津島市","兼平町"],"4960825":[23,"津島市","橋詰町"],"4960042":[23,"津島市","寺前町"],"4960006":[23,"津島市","大木町"],"4960038":[23,"津島市","橘町"],"4960828":[23,"津島市","池須町"],"4960857":[23,"津島市","南門前町"]}
