{"4620059":[23,"名古屋市北区","駒止町"],"4620823":[23,"名古屋市北区","東大曽根町上"],"4620854":[23,"名古屋市北区","若葉通"],"4620054":[23,"名古屋市北区","野方通"],"4620013":[23,"名古屋市北区","東味鋺"],"4620036":[23,"名古屋市北区","長喜町"],"4620866":[23,"名古屋市北区","瑠璃光町"],"4620814":[23,"名古屋市北区","山田西町"],"4620809":[23,"名古屋市北区","上飯田西町"],"4620057":[23,"名古屋市北区","平手町"],"4620015":[23,"名古屋市北区","中味鋺"],"4620825":[23,"名古屋市北区","大曽根"],"4620845":[23,"名古屋市北区","柳原"],"4620859":[23,"名古屋市北区","神明町"],"4620045":[23,"名古屋市北区","敷島町"],"4620014":[23,"名古屋市北区","楠味鋺"],"4620017":[23,"名古屋市北区","落合町"],"4620861":[23,"名古屋市北区","辻本通"],"4620044":[23,"名古屋市北区","元志賀町"],"4620026":[23,"名古屋市北区","萩野通"],"4620053":[23,"名古屋市北区","光音寺町"],"4620008":[23,"名古屋市北区","如来町"],"4620032":[23,"名古屋市北区","辻町"],"4620033":[23,"名古屋市北区","金田町"],"4620805":[23,"名古屋市北区","八龍町"],"4620058":[23,"名古屋市北区","西志賀町"],"4620863":[23,"名古屋市北区","尾上町"],"4620034":[23,"名古屋市北区","天道町"],"4620816":[23,"名古屋市北区","平安通"],"4620841":[23,"名古屋市北区","黒川本通"],"4620011":[23,"名古屋市北区","五反田町"],"4620021":[23,"名古屋市北区","成願寺"],"4620843":[23,"名古屋市北区","田幡"],"4620832":[23,"名古屋市北区","生駒町"],"4620063":[23,"名古屋市北区","丸新町"],"4620018":[23,"名古屋市北区","玄馬町"],"4620851":[23,"名古屋市北区","木津根町"],"4620846":[23,"名古屋市北区","名城"],"4620852":[23,"名古屋市北区","猿投町"],"4620009":[23,"名古屋市北区","苗田町"],"4620853":[23,"名古屋市北区","志賀本通"],"4620041":[23,"名古屋市北区","浪打町"],"4620007":[23,"名古屋市北区","如意"],"4620838":[23,"名古屋市北区","中杉町"],"4620827":[23,"名古屋市北区","東長田町"],"4620837":[23,"名古屋市北区","大杉"],"4620803":[23,"名古屋市北区","上飯田東町"],"4620061":[23,"名古屋市北区","会所町"],"4620862":[23,"名古屋市北区","真畔町"],"4620804":[23,"名古屋市北区","上飯田南町"],"4620065":[23,"名古屋市北区","喜惣治"],"4620836":[23,"名古屋市北区","大杉町"],"4620022":[23,"名古屋市北区","川中町"],"4620844":[23,"名古屋市北区","清水"],"4620003":[23,"名古屋市北区","桐畑町"],"4620833":[23,"名古屋市北区","水切町"],"4620006":[23,"名古屋市北区","若鶴町"],"4620808":[23,"名古屋市北区","上飯田通"],"4620024":[23,"名古屋市北区","鳩岡"],"4620868":[23,"名古屋市北区","憧旛町"],"4620802":[23,"名古屋市北区","上飯田北町"],"4620834":[23,"名古屋市北区","長田町"],"4620824":[23,"名古屋市北区","芳野"],"4620066":[23,"名古屋市北区","楠町喜惣治新田"],"4620835":[23,"名古屋市北区","杉村"],"4620821":[23,"名古屋市北区","東大曽根町中"],"4620810":[23,"名古屋市北区","山田"],"4620842":[23,"名古屋市北区","志賀南通"],"4620005":[23,"名古屋市北区","池花町"],"4620864":[23,"名古屋市北区","織部町"],"4620038":[23,"名古屋市北区","稚児宮通"],"4620004":[23,"名古屋市北区","三軒町"],"4620819":[23,"名古屋市北区","平安"],"4620818":[23,"名古屋市北区","彩紅橋通"],"4620012":[23,"名古屋市北区","楠"],"4620043":[23,"名古屋市北区","八代町"],"4620811":[23,"名古屋市北区","山田北町"],"4620056":[23,"名古屋市北区","中丸町"],"4620000":[23,"名古屋市北区",""],"4620042":[23,"名古屋市北区","水草町"],"4620052":[23,"名古屋市北区","福徳町"],"4620062":[23,"名古屋市北区","新沼町"],"4620025":[23,"名古屋市北区","鳩岡町"],"4620813":[23,"名古屋市北区","山田町"],"4620064":[23,"名古屋市北区","大我麻町"],"4620865":[23,"名古屋市北区","下飯田町"],"4620847":[23,"名古屋市北区","金城"],"4620023":[23,"名古屋市北区","安井"],"4620826":[23,"名古屋市北区","東大杉町"],"4620869":[23,"名古屋市北区","龍ノ口町"],"4620035":[23,"名古屋市北区","大野町"],"4620858":[23,"名古屋市北区","大蔵町"],"4620867":[23,"名古屋市北区","垣戸町"],"4620051":[23,"名古屋市北区","中切町"],"4620857":[23,"名古屋市北区","紅雲町"],"4620016":[23,"名古屋市北区","西味鋺"],"4620822":[23,"名古屋市北区","東大曽根町本通"],"4620831":[23,"名古屋市北区","城東町"],"4620807":[23,"名古屋市北区","御成通"],"4620046":[23,"名古屋市北区","城見通"],"4620002":[23,"名古屋市北区","六が池町"],"4620812":[23,"名古屋市北区","矢田町"],"4620856":[23,"名古屋市北区","芦辺町"],"4620055":[23,"名古屋市北区","桝形町"],"4620037":[23,"名古屋市北区","志賀町"],"4620855":[23,"名古屋市北区","石園町"],"4620801":[23,"名古屋市北区","新堀町"],"4620828":[23,"名古屋市北区","東水切町"],"4620031":[23,"名古屋市北区","米が瀬町"],"4620001":[23,"名古屋市北区","北久手町"],"4620829":[23,"名古屋市北区","杉栄町"],"4620047":[23,"名古屋市北区","金城町"]}
