{"2617131":[12,"千葉市美浜区","中瀬ワールドビジネスガーデン"],"2617105":[12,"千葉市美浜区","中瀬ワールドビジネスガーデン"],"2617117":[12,"千葉市美浜区","中瀬ワールドビジネスガーデン"],"2610012":[12,"千葉市美浜区","磯辺"],"2610021":[12,"千葉市美浜区","ひび野"],"2610022":[12,"千葉市美浜区","美浜"],"2617133":[12,"千葉市美浜区","中瀬ワールドビジネスガーデン"],"2617123":[12,"千葉市美浜区","中瀬ワールドビジネスガーデン"],"2617121":[12,"千葉市美浜区","中瀬ワールドビジネスガーデン"],"2610014":[12,"千葉市美浜区","若葉"],"2617116":[12,"千葉市美浜区","中瀬ワールドビジネスガーデン"],"2617135":[12,"千葉市美浜区","中瀬ワールドビジネスガーデン"],"2610002":[12,"千葉市美浜区","新港"],"2617110":[12,"千葉市美浜区","中瀬ワールドビジネスガーデン"],"2610026":[12,"千葉市美浜区","幕張西"],"2617109":[12,"千葉市美浜区","中瀬ワールドビジネスガーデン"],"2617113":[12,"千葉市美浜区","中瀬ワールドビジネスガーデン"],"2610005":[12,"千葉市美浜区","稲毛海岸"],"2617122":[12,"千葉市美浜区","中瀬ワールドビジネスガーデン"],"2617127":[12,"千葉市美浜区","中瀬ワールドビジネスガーデン"],"2617129":[12,"千葉市美浜区","中瀬ワールドビジネスガーデン"],"2617132":[12,"千葉市美浜区","中瀬ワールドビジネスガーデン"],"2617120":[12,"千葉市美浜区","中瀬ワールドビジネスガーデン"],"2617124":[12,"千葉市美浜区","中瀬ワールドビジネスガーデン"],"2617102":[12,"千葉市美浜区","中瀬ワールドビジネスガーデン"],"2617111":[12,"千葉市美浜区","中瀬ワールドビジネスガーデン"],"2610013":[12,"千葉市美浜区","打瀬"],"2617108":[12,"千葉市美浜区","中瀬ワールドビジネスガーデン"],"2617114":[12,"千葉市美浜区","中瀬ワールドビジネスガーデン"],"2617107":[12,"千葉市美浜区","中瀬ワールドビジネスガーデン"],"2610025":[12,"千葉市美浜区","浜田"],"2617118":[12,"千葉市美浜区","中瀬ワールドビジネスガーデン"],"2617130":[12,"千葉市美浜区","中瀬ワールドビジネスガーデン"],"2617128":[12,"千葉市美浜区","中瀬ワールドビジネスガーデン"],"2610024":[12,"千葉市美浜区","豊砂"],"2610001":[12,"千葉市美浜区","幸町"],"2610004":[12,"千葉市美浜区","高洲"],"2610023":[12,"千葉市美浜区","中瀬"],"2610003":[12,"千葉市美浜区","高浜"],"2617104":[12,"千葉市美浜区","中瀬ワールドビジネスガーデン"],"2617134":[12,"千葉市美浜区","中瀬ワールドビジネスガーデン"],"2617126":[12,"千葉市美浜区","中瀬ワールドビジネスガーデン"],"2617103":[12,"千葉市美浜区","中瀬ワールドビジネスガーデン"],"2617101":[12,"千葉市美浜区","中瀬ワールドビジネスガーデン"],"2610011":[12,"千葉市美浜区","真砂"],"2610000":[12,"千葉市美浜区",""],"2617125":[12,"千葉市美浜区","中瀬ワールドビジネスガーデン"],"2617190":[12,"千葉市美浜区","中瀬ワールドビジネスガーデン"],"2617119":[12,"千葉市美浜区","中瀬ワールドビジネスガーデン"],"2617115":[12,"千葉市美浜区","中瀬ワールドビジネスガーデン"],"2617106":[12,"千葉市美浜区","中瀬ワールドビジネスガーデン"],"2617112":[12,"千葉市美浜区","中瀬ワールドビジネスガーデン"]}
