{"1500002":[13,"渋谷区","渋谷"],"1506028":[13,"渋谷区","恵比寿恵比寿ガーデンプレイス"],"1506004":[13,"渋谷区","恵比寿恵比寿ガーデンプレイス"],"1506010":[13,"渋谷区","恵比寿恵比寿ガーデンプレイス"],"1500041":[13,"渋谷区","神南"],"1500042":[13,"渋谷区","宇田川町"],"1500011":[13,"渋谷区","東"],"1506030":[13,"渋谷区","恵比寿恵比寿ガーデンプレイス"],"1500043":[13,"渋谷区","道玄坂"],"1500021":[13,"渋谷区","恵比寿西"],"1506017":[13,"渋谷区","恵比寿恵比寿ガーデンプレイス"],"1500031":[13,"渋谷区","桜丘町"],"1506014":[13,"渋谷区","恵比寿恵比寿ガーデンプレイス"],"1500047":[13,"渋谷区","神山町"],"1500044":[13,"渋谷区","円山町"],"1500013":[13,"渋谷区","恵比寿"],"1506007":[13,"渋谷区","恵比寿恵比寿ガーデンプレイス"],"1500033":[13,"渋谷区","猿楽町"],"1506024":[13,"渋谷区","恵比寿恵比寿ガーデンプレイス"],"1506013":[13,"渋谷区","恵比寿恵比寿ガーデンプレイス"],"1506027":[13,"渋谷区","恵比寿恵比寿ガーデンプレイス"],"1506034":[13,"渋谷区","恵比寿恵比寿ガーデンプレイス"],"1500012":[13,"渋谷区","広尾"],"1506020":[13,"渋谷区","恵比寿恵比寿ガーデンプレイス"],"1500032":[13,"渋谷区","鶯谷町"],"1506001":[13,"渋谷区","恵比寿恵比寿ガーデンプレイス"],"1506006":[13,"渋谷区","恵比寿恵比寿ガーデンプレイス"],"1506036":[13,"渋谷区","恵比寿恵比寿ガーデンプレイス"],"1506009":[13,"渋谷区","恵比寿恵比寿ガーデンプレイス"],"1506026":[13,"渋谷区","恵比寿恵比寿ガーデンプレイス"],"1506037":[13,"渋谷区","恵比寿恵比寿ガーデンプレイス"],"1506003":[13,"渋谷区","恵比寿恵比寿ガーデンプレイス"],"1506015":[13,"渋谷区","恵比寿恵比寿ガーデンプレイス"],"1506011":[13,"渋谷区","恵比寿恵比寿ガーデンプレイス"],"1500034":[13,"渋谷区","代官山町"],"1506033":[13,"渋谷区","恵比寿恵比寿ガーデンプレイス"],"1506005":[13,"渋谷区","恵比寿恵比寿ガーデンプレイス"],"1506002":[13,"渋谷区","恵比寿恵比寿ガーデンプレイス"],"1500045":[13,"渋谷区","神泉町"],"1500035":[13,"渋谷区","鉢山町"],"1506021":[13,"渋谷区","恵比寿恵比寿ガーデンプレイス"],"1506090":[13,"渋谷区","恵比寿恵比寿ガーデンプレイス"],"1506039":[13,"渋谷区","恵比寿恵比寿ガーデンプレイス"],"1500022":[13,"渋谷区","恵比寿南"],"1500001":[13,"渋谷区","神宮前"],"1500036":[13,"渋谷区","南平台町"],"1506023":[13,"渋谷区","恵比寿恵比寿ガーデンプレイス"],"1506012":[13,"渋谷区","恵比寿恵比寿ガーデンプレイス"],"1506029":[13,"渋谷区","恵比寿恵比寿ガーデンプレイス"],"1506031":[13,"渋谷区","恵比寿恵比寿ガーデンプレイス"],"1506022":[13,"渋谷区","恵比寿恵比寿ガーデンプレイス"],"1506038":[13,"渋谷区","恵比寿恵比寿ガーデンプレイス"],"1506008":[13,"渋谷区","恵比寿恵比寿ガーデンプレイス"],"1506035":[13,"渋谷区","恵比寿恵比寿ガーデンプレイス"],"1506016":[13,"渋谷区","恵比寿恵比寿ガーデンプレイス"],"1500000":[13,"渋谷区",""],"1506025":[13,"渋谷区","恵比寿恵比寿ガーデンプレイス"],"1506019":[13,"渋谷区","恵比寿恵比寿ガーデンプレイス"],"1506018":[13,"渋谷区","恵比寿恵比寿ガーデンプレイス"],"1506032":[13,"渋谷区","恵比寿恵比寿ガーデンプレイス"],"1500046":[13,"渋谷区","松濤"]}
