{"0183114":[5,"能代市","二ツ井町桜台"],"0181304":[5,"由利本荘市","岩城道川"],"0183142":[5,"能代市","二ツ井町上野"],"0180131":[5,"にかほ市","象潟町大谷地"],"0181625":[5,"南秋田郡八郎潟町","久保見"],"0181511":[5,"南秋田郡井川町","今戸"],"0185332":[5,"鹿角市","十和田上向"],"0183121":[5,"能代市","二ツ井町飛根"],"0180302":[5,"にかほ市","黒川"],"0182812":[5,"能代市","大曲"],"0180184":[5,"にかほ市","象潟町上小坂"],"0182661":[5,"山本郡八峰町","八森浜田"],"0180844":[5,"由利本荘市","高尾"],"0181211":[5,"由利本荘市","岩城滝俣"],"0182404":[5,"山本郡三種町","富岡新田"],"0180143":[5,"にかほ市","象潟町小砂川"],"0185511":[5,"鹿角郡小坂町","十和田湖"],"0180166":[5,"にかほ市","象潟町高田"],"0181217":[5,"由利本荘市","岩城亀田亀田町"],"0180722":[5,"由利本荘市","中館"],"0182627":[5,"山本郡八峰町","八森山内"],"0181503":[5,"潟上市","飯田川和田妹川"],"0183452":[5,"北秋田市","七日市"],"0181612":[5,"南秋田郡八郎潟町","昼根下"],"0185721":[5,"大館市","比内町独鈷"],"0180173":[5,"にかほ市","象潟町四隅池"],"0181700":[5,"南秋田郡五城目町",""],"0181722":[5,"南秋田郡五城目町","鵜ノ木"],"0182633":[5,"山本郡八峰町","八森五輪台上段"],"0184241":[5,"北秋田市","道城"],"0181624":[5,"南秋田郡八郎潟町","中久保"],"0184221":[5,"北秋田市","下杉"],"0182601":[5,"山本郡八峰町","八森乙の水"],"0181634":[5,"南秋田郡八郎潟町","軒嶋"],"0182504":[5,"山本郡八峰町","峰浜石川"],"0182616":[5,"山本郡八峰町","八森三沢"],"0182647":[5,"山本郡八峰町","八森鹿の浦"],"0180432":[5,"にかほ市","水沢"],"0182804":[5,"能代市","槐"],"0181746":[5,"南秋田郡五城目町","小池"],"0184282":[5,"北秋田市","李岱"],"0183300":[5,"北秋田市",""],"0180151":[5,"にかほ市","象潟町横岡"],"0185201":[5,"鹿角市","花輪"],"0184512":[5,"北秋田市","根森田"],"0182677":[5,"山本郡八峰町","八森八森後"],"0183506":[5,"大館市","山瀬"],"0181412":[5,"潟上市","昭和豊川岡井戸"],"0184733":[5,"北秋田市","阿仁戸鳥内"],"0180176":[5,"にかほ市","象潟町横山"],"0180854":[5,"由利本荘市","及位"],"0182303":[5,"山本郡三種町","森岳"],"0183104":[5,"能代市","二ツ井町沢口"],"0183155":[5,"能代市","二ツ井町比井野"],"0185501":[2,"十和田市","奥瀬"],"0181706":[5,"南秋田郡五城目町","下タ町"],"0182674":[5,"山本郡八峰町","八森上家後"],"0183311":[5,"北秋田市","材木町"],"0181741":[5,"南秋田郡五城目町","浦大町"],"0181606":[5,"南秋田郡八郎潟町","夜叉袋"],"0185605":[5,"大館市","猿間"],"0184400":[5,"北秋田郡上小阿仁村",""],"0183503":[5,"大館市","外川原"],"0181400":[5,"潟上市",""],"0184602":[5,"北秋田市","阿仁小渕"],"0180134":[5,"にかほ市","象潟町西中野沢"],"0185606":[5,"大館市","葛原"],"0181226":[5,"由利本荘市","岩城下黒川"],"0183321":[5,"北秋田市","松葉町"],"0181731":[5,"南秋田郡五城目町","大川石崎"],"0184746":[5,"北秋田市","阿仁伏影"],"0181401":[5,"潟上市","昭和大久保"],"0180723":[5,"由利本荘市","牛寺"],"0180167":[5,"にかほ市","象潟町田の神"],"0183141":[5,"能代市","二ツ井町五千苅"],"0183451":[5,"北秋田市","小森"],"0182641":[5,"山本郡八峰町","八森中浜"],"0182664":[5,"山本郡八峰町","八森古屋敷"],"0180183":[5,"にかほ市","象潟町小坂"],"0180165":[5,"にかほ市","象潟町狸森"],"0182615":[5,"山本郡八峰町","八森伊勢鉢台"],"0185421":[5,"鹿角市","十和田大湯"],"0183343":[5,"北秋田市","今泉"],"0185745":[5,"大館市","比内町片貝"],"0183333":[5,"北秋田市","坊沢"],"0181302":[5,"由利本荘市","岩城勝手"],"0184741":[5,"北秋田市","阿仁幸屋"],"0182628":[5,"山本郡八峰町","八森立石"],"0183200":[5,"山本郡藤里町",""],"0181512":[5,"南秋田郡井川町","北川尻"],"0182634":[5,"山本郡八峰町","八森滝の上"],"0180901":[5,"由利本荘市","中田代"],"0183115":[5,"能代市","二ツ井町海道上"],"0180855":[5,"由利本荘市","松本"],"0180142":[5,"にかほ市","象潟町大須郷"],"0183324":[5,"北秋田市","大町"],"0182815":[5,"能代市","東面"],"0185722":[5,"大館市","比内町中野"],"0183201":[5,"山本郡藤里町","藤琴"],"0180431":[5,"にかほ市","伊勢居地"],"0181212":[5,"由利本荘市","岩城福俣"],"0184621":[5,"北秋田市","阿仁荒瀬"],"0182301":[5,"山本郡三種町","志戸橋"],"0181701":[5,"南秋田郡五城目町","兎品沢"],"0185851":[5,"大館市","比内町大葛"],"0184281":[5,"北秋田市","羽根山"],"0184203":[5,"北秋田市","木戸石"],"0182403":[5,"山本郡三種町","久米岡新田"],"0183111":[5,"能代市","二ツ井町田代"],"0180711":[5,"由利本荘市","岩谷町"],"0180107":[5,"にかほ市","象潟町荒屋下"],"0185200":[5,"鹿角市",""],"0182651":[5,"山本郡八峰町","八森下館下"],"0180175":[5,"にかほ市","象潟町坂の下"],"0185732":[5,"大館市","比内町谷地中"],"0181524":[5,"南秋田郡井川町","大麦"],"0184601":[5,"北秋田市","阿仁吉田"],"0181504":[5,"潟上市","飯田川飯塚"],"0184411":[5,"北秋田郡上小阿仁村","福舘"],"0184734":[5,"北秋田市","阿仁長畑"],"0180122":[5,"にかほ市","象潟町象潟島"],"0182673":[5,"山本郡八峰町","八森中家後"],"0183131":[5,"能代市","二ツ井町梅内"],"0183129":[5,"能代市","二ツ井町稗柄"],"0181629":[5,"南秋田郡八郎潟町","中嶋"],"0182663":[5,"山本郡八峰町","八森樋長"],"0183156":[5,"能代市","二ツ井町下野川端"],"0180115":[5,"にかほ市","象潟町後田"],"0185422":[5,"鹿角市","十和田草木"],"0181857":[5,"南秋田郡五城目町","内川小倉"],"0184202":[5,"北秋田市","八幡岱新田"],"0181851":[5,"南秋田郡五城目町","内川浅見内"],"0183113":[5,"能代市","二ツ井町仁鮒"],"0181627":[5,"南秋田郡八郎潟町","押切"],"0181615":[5,"南秋田郡八郎潟町","蒲沼"],"0182642":[5,"山本郡八峰町","八森椿"],"0182609":[5,"山本郡八峰町","八森門の沢"],"0181703":[5,"南秋田郡五城目町","羽黒前"],"0182671":[5,"山本郡八峰町","八森湯の尻"],"0183106":[5,"能代市","二ツ井町濁川"],"0183302":[5,"北秋田市","栄"],"0180121":[5,"にかほ市","象潟町大塩越"],"0182802":[5,"能代市","天内"],"0183116":[5,"能代市","二ツ井町家後"],"0184603":[5,"北秋田市","阿仁小様"],"0183504":[5,"大館市","長坂"],"0180845":[5,"由利本荘市","中俣"],"0182502":[5,"山本郡八峰町","峰浜目名潟"],"0180124":[5,"にかほ市","象潟町入道島"],"0180127":[5,"にかほ市","象潟町中橋町"],"0185604":[5,"大館市","軽井沢"],"0185751":[5,"大館市","二井田"],"0180724":[5,"由利本荘市","深沢"],"0182613":[5,"山本郡八峰町","八森鉱山"],"0180133":[5,"にかほ市","象潟町関"],"0184412":[5,"北秋田郡上小阿仁村","五反沢"],"0180174":[5,"にかほ市","象潟町林の下"],"0180145":[5,"にかほ市","象潟町源蔵潟"],"0183501":[5,"大館市","岩瀬"],"0184301":[5,"北秋田市","米内沢"],"0181525":[5,"南秋田郡井川町","赤沢"],"0181222":[5,"由利本荘市","岩城上蛇田"],"0180907":[5,"由利本荘市","坂部"],"0180733":[5,"由利本荘市","大倉沢"],"0185334":[5,"鹿角市","十和田毛馬内"],"0180902":[5,"由利本荘市","新田"],"0180113":[5,"にかほ市","象潟町浜の田"],"0183301":[5,"北秋田市","綴子"],"0184515":[5,"北秋田市","阿仁前田"],"0183112":[5,"能代市","二ツ井町小掛"],"0180119":[5,"にかほ市","象潟町３丁目塩越"],"0182653":[5,"山本郡八峰町","八森倉の沢"],"0183124":[5,"能代市","二ツ井町切石"],"0182636":[5,"山本郡八峰町","八森上嘉治助台"],"0183323":[5,"北秋田市","米代町"],"0182603":[5,"山本郡八峰町","八森物見"],"0181633":[5,"南秋田郡八郎潟町","中谷地"],"0181501":[5,"潟上市","飯田川金山"],"0183119":[5,"能代市","二ツ井町薄井"],"0184273":[5,"北秋田市","根田"],"0181213":[5,"由利本荘市","岩城泉田"],"0184271":[5,"北秋田市","福田"],"0183157":[5,"能代市","二ツ井町下野"],"0181712":[5,"南秋田郡五城目町","久保"],"0183148":[5,"能代市","二ツ井町槻ノ木"],"0185331":[5,"鹿角市","十和田山根"],"0184201":[5,"北秋田市","増沢"],"0181403":[5,"潟上市","昭和八丁目"],"0181305":[5,"由利本荘市","岩城二古"],"0180171":[5,"にかほ市","象潟町続島"],"0181856":[5,"南秋田郡五城目町","富津内下山内"],"0180106":[5,"にかほ市","象潟町５丁目塩越"],"0182625":[5,"山本郡八峰町","八森山内台"],"0184735":[5,"北秋田市","阿仁比立内"],"0180164":[5,"にかほ市","象潟町丸山"],"0182811":[5,"能代市","産物"],"0183144":[5,"能代市","二ツ井町中坪"],"0181733":[5,"南秋田郡五城目町","大川谷地中"],"0181527":[5,"南秋田郡井川町","井内"],"0181402":[5,"潟上市","昭和乱橋"],"0185743":[5,"大館市","比内町小坪沢"],"0182665":[5,"山本郡八峰町","八森寺の後川向"],"0182305":[5,"山本郡三種町","外岡"],"0181303":[5,"由利本荘市","岩城君ケ野"],"0182672":[5,"山本郡八峰町","八森下家後"],"0182813":[5,"能代市","上悪土"],"0184743":[5,"北秋田市","阿仁笑内"],"0183128":[5,"能代市","二ツ井町下稗柄"],"0181614":[5,"南秋田郡八郎潟町","中田"],"0182614":[5,"山本郡八峰町","八森小入川家の上"],"0184413":[5,"北秋田郡上小阿仁村","杉花"],"0180435":[5,"にかほ市","中三地"],"0185141":[5,"鹿角市","八幡平"],"0180105":[5,"にかほ市","象潟町荒屋妻"],"0180163":[5,"にかほ市","象潟町長岡"],"0183143":[5,"能代市","二ツ井町太田面"],"0181221":[5,"由利本荘市","岩城亀田最上町"],"0180158":[5,"にかほ市","象潟町琴和喜"],"0180842":[5,"由利本荘市","新沢"],"0185333":[5,"鹿角市","十和田岡田"],"0180108":[5,"にかほ市","象潟町入湖の澗"],"0181502":[5,"潟上市","飯田川下虻川"],"0185752":[5,"大館市","本宮"],"0180128":[5,"にかほ市","象潟町太郎島"],"0182643":[5,"山本郡八峰町","八森家の上"],"0181613":[5,"南秋田郡八郎潟町","上昼根"],"0180402":[5,"にかほ市","平沢"],"0181635":[5,"南秋田郡八郎潟町","洲先"],"0184514":[5,"北秋田市","五味堀"],"0180903":[5,"由利本荘市","小栗山"],"0180144":[5,"にかほ市","象潟町中谷地"],"0180851":[5,"由利本荘市","平岫"],"0183107":[5,"能代市","二ツ井町苅又石"],"0180721":[5,"由利本荘市","大谷"],"0182402":[5,"山本郡三種町","川尻"],"0180185":[5,"にかほ市","象潟町屋敷田"],"0181713":[5,"南秋田郡五城目町","馬場目"],"0182652":[5,"山本郡八峰町","八森本館中台"],"0181721":[5,"南秋田郡五城目町","七倉"],"0180734":[5,"由利本荘市","北福田"],"0182805":[5,"能代市","轟"],"0184272":[5,"北秋田市","新田目"],"0181214":[5,"由利本荘市","岩城富田"],"0180434":[5,"にかほ市","寺田"],"0181744":[5,"南秋田郡五城目町","神明前"],"0182400":[5,"山本郡三種町",""],"0183117":[5,"能代市","二ツ井町塚台"],"0183314":[5,"北秋田市","伊勢町"],"0182635":[5,"山本郡八峰町","八森下嘉治助台"],"0183454":[5,"北秋田市","脇神"],"0182626":[5,"山本郡八峰町","八森横間"],"0184613":[5,"北秋田市","阿仁銀山"],"0181632":[5,"南秋田郡八郎潟町","長沼"],"0183325":[5,"北秋田市","元町"],"0180321":[5,"にかほ市","前川"],"0184421":[5,"北秋田郡上小阿仁村","小沢田"],"0181732":[5,"南秋田郡五城目町","大川西野"],"0182503":[5,"山本郡八峰町","峰浜塙"],"0182508":[5,"山本郡八峰町","峰浜坂形"],"0181416":[5,"潟上市","昭和豊川山田"],"0183105":[5,"能代市","二ツ井町上山崎"],"0181711":[5,"南秋田郡五城目町","高崎"],"0183331":[5,"北秋田市","鷹巣"],"0180114":[5,"にかほ市","象潟町沖の田"],"0181526":[5,"南秋田郡井川町","寺沢"],"0182604":[5,"山本郡八峰町","八森和田表"],"0182602":[5,"山本郡八峰町","八森チゴキ"],"0181605":[5,"南秋田郡八郎潟町","川崎"],"0181747":[5,"南秋田郡五城目町","野田"],"0181702":[5,"南秋田郡五城目町","杉ケ崎"],"0180123":[5,"にかほ市","象潟町妙見下"],"0180147":[5,"にかほ市","象潟町立石"],"0180188":[5,"にかほ市","象潟町烏島"],"0180904":[5,"由利本荘市","岩野目沢"],"0180403":[5,"にかほ市","三森"],"0181631":[5,"南秋田郡八郎潟町","八幡沼"],"0181742":[5,"南秋田郡五城目町","浦横町"],"0183118":[5,"能代市","二ツ井町上台"],"0182407":[5,"山本郡三種町","浜田"],"0183204":[5,"山本郡藤里町","矢坂"],"0180436":[5,"にかほ市","樋目野"],"0183205":[5,"山本郡藤里町","粕毛"],"0183151":[5,"能代市","二ツ井町三千苅"],"0182676":[5,"山本郡八峰町","八森磯村"],"0182507":[5,"山本郡八峰町","峰浜田中"],"0180411":[5,"にかほ市","院内"],"0184611":[5,"北秋田市","阿仁水無"],"0185602":[5,"大館市","道目木"],"0181616":[5,"南秋田郡八郎潟町","大道"],"0182605":[5,"山本郡八峰町","八森岩館塚の台"],"0180301":[5,"にかほ市","飛"],"0182500":[5,"山本郡八峰町",""],"0185701":[5,"大館市","比内町扇田"],"0180111":[5,"にかほ市","象潟町武道島"],"0182666":[5,"山本郡八峰町","八森寺の後"],"0182509":[5,"山本郡八峰町","峰浜沼田"],"0185337":[5,"鹿角市","十和田末広"],"0180732":[5,"由利本荘市","徳沢"],"0181705":[5,"南秋田郡五城目町","上町"],"0182302":[5,"山本郡三種町","下岩川"],"0184231":[5,"北秋田市","上杉"],"0183341":[5,"北秋田市","黒沢"],"0181223":[5,"由利本荘市","岩城下蛇田"],"0180731":[5,"由利本荘市","大内三川"],"0180135":[5,"にかほ市","象潟町洗釜"],"0183125":[5,"能代市","二ツ井町茶屋下"],"0185741":[5,"大館市","比内町達子"],"0182623":[5,"山本郡八峰町","八森滝ノ間"],"0183453":[5,"北秋田市","中屋敷"],"0182638":[5,"山本郡八峰町","八森茂浦"],"0181854":[5,"南秋田郡五城目町","内川黒土"],"0184303":[5,"北秋田市","本城"],"0181734":[5,"南秋田郡五城目町","大川大川"],"0183315":[5,"北秋田市","宮前町"],"0180433":[5,"にかほ市","畑"],"0182611":[5,"山本郡八峰町","八森岩館"],"0185335":[5,"鹿角市","十和田瀬田石"],"0180104":[5,"にかほ市","象潟町狐森"],"0180129":[5,"にかほ市","象潟町才の神"],"0180725":[5,"由利本荘市","米坂"],"0183332":[5,"北秋田市","鷹巣"],"0180117":[5,"にかほ市","象潟町浜畑"],"0181723":[5,"南秋田郡五城目町","上樋口"],"0181602":[5,"南秋田郡八郎潟町","浦大町"],"0181515":[5,"南秋田郡井川町","小竹花"],"0180162":[5,"にかほ市","象潟町大森"],"0180154":[5,"にかほ市","象潟町二階谷地"],"0181215":[5,"由利本荘市","岩城赤平"],"0184742":[5,"北秋田市","阿仁幸屋渡"],"0180102":[5,"にかほ市","象潟町木戸口"],"0181743":[5,"南秋田郡五城目町","稲荷前"],"0180602":[5,"由利本荘市","西目町出戸"],"0181415":[5,"潟上市","昭和豊川竜毛"],"0180146":[5,"にかほ市","象潟町蒲谷池"],"0182101":[5,"山本郡三種町","上岩川"],"0185753":[5,"大館市","比内前田"],"0184263":[5,"北秋田市","三木田"],"0183146":[5,"能代市","二ツ井町中坪道下"],"0183103":[5,"能代市","二ツ井町荷上場"],"0180841":[5,"由利本荘市","加賀沢"],"0180136":[5,"にかほ市","象潟町大砂川"],"0185603":[5,"大館市","曲田"],"0180187":[5,"にかほ市","象潟町小烏島"],"0181745":[5,"南秋田郡五城目町","川崎"],"0181604":[5,"南秋田郡八郎潟町","野田"],"0182803":[5,"能代市","外割田"],"0183505":[5,"大館市","早口"],"0182501":[5,"山本郡八峰町","峰浜水沢"],"0183145":[5,"能代市","二ツ井町道上中坪"],"0185756":[5,"大館市","下川原"],"0180172":[5,"にかほ市","象潟町小才の神"],"0184612":[5,"北秋田市","阿仁真木沢鉱山"],"0180412":[5,"にかほ市","小国"],"0181413":[5,"潟上市","昭和豊川船橋"],"0180422":[5,"にかほ市","冬師"],"0182655":[5,"山本郡八峰町","八森本館"],"0182619":[5,"山本郡八峰町","八森長坂"],"0181626":[5,"南秋田郡八郎潟町","細川"],"0181224":[5,"由利本荘市","岩城六呂田"],"0185754":[5,"大館市","大子内"],"0180311":[5,"にかほ市","金浦"],"0181714":[5,"南秋田郡五城目町","舘越"],"0180322":[5,"にかほ市","大竹"],"0182606":[5,"山本郡八峰町","八森釜の上"],"0180126":[5,"にかほ市","象潟町１丁目塩越"],"0184422":[5,"北秋田郡上小阿仁村","堂川"],"0182637":[5,"山本郡八峰町","八森家の後"],"0182667":[5,"山本郡八峰町","八森八森家後"],"0182401":[5,"山本郡三種町","鵜川"],"0182406":[5,"山本郡三種町","大口"],"0182104":[5,"山本郡三種町","鹿渡"],"0185336":[5,"鹿角市","十和田錦木"],"0180112":[5,"にかほ市","象潟町家の後"],"0181521":[5,"南秋田郡井川町","八田大倉"],"0183152":[5,"能代市","二ツ井町下野家後"],"0181603":[5,"南秋田郡八郎潟町","小池"],"0180186":[5,"にかほ市","象潟町能因島"],"0181735":[5,"南秋田郡五城目町","大川下樋口"],"0181621":[5,"南秋田郡八郎潟町","家の後"],"0181855":[5,"南秋田郡五城目町","富津内富田"],"0184262":[5,"北秋田市","三里"],"0180118":[5,"にかほ市","象潟町２丁目塩越"],"0180401":[5,"にかほ市","両前寺"],"0181704":[5,"南秋田郡五城目町","石田六ケ村堰添"],"0184745":[5,"北秋田市","阿仁萱草"],"0184423":[5,"北秋田郡上小阿仁村","仏社"],"0182624":[5,"山本郡八峰町","八森横間台"],"0182654":[5,"山本郡八峰町","八森諸沢口"],"0180603":[5,"由利本荘市","西目町西目"],"0184251":[5,"北秋田市","鎌沢"],"0185712":[5,"大館市","比内町新館"],"0185755":[5,"大館市","杉沢"],"0181516":[5,"南秋田郡井川町","浜井川"],"0180852":[5,"由利本荘市","葛岡"],"0183153":[5,"能代市","二ツ井町滑良子川端"],"0184604":[5,"北秋田市","阿仁三枚鉱山"],"0184511":[5,"北秋田市","森吉"],"0180101":[5,"にかほ市","象潟町浜山"],"0180404":[5,"にかほ市","芹田"],"0180157":[5,"にかほ市","象潟町鷹放"],"0183134":[5,"能代市","二ツ井町高関"],"0180103":[5,"にかほ市","象潟町上狐森"],"0182644":[5,"山本郡八峰町","八森椿台"],"0180905":[5,"由利本荘市","滝"],"0185744":[5,"大館市","比内町八木橋"],"0180153":[5,"にかほ市","象潟町小滝"],"0184516":[5,"北秋田市","桂瀬"],"0180161":[5,"にかほ市","象潟町大飯郷"],"0181852":[5,"南秋田郡五城目町","内川湯ノ又"],"0181225":[5,"由利本荘市","岩城上黒川"],"0181618":[5,"南秋田郡八郎潟町","川口"],"0181528":[5,"南秋田郡井川町","葹田"],"0182656":[5,"山本郡八峰町","八森諸沢下脇"],"0180141":[5,"にかほ市","象潟町川袋"],"0183316":[5,"北秋田市","東横町"],"0181216":[5,"由利本荘市","岩城亀田愛宕町"],"0183202":[5,"山本郡藤里町","太良"],"0184211":[5,"北秋田市","川井"],"0182304":[5,"山本郡三種町","豊岡金田"],"0180155":[5,"にかほ市","象潟町弁天島"],"0182512":[5,"山本郡八峰町","峰浜畑谷"],"0182612":[5,"山本郡八峰町","八森ノケソリ"],"0184624":[5,"北秋田市","阿仁鍵ノ滝"],"0182645":[5,"山本郡八峰町","八森中嶋"],"0180125":[5,"にかほ市","象潟町二の丸"],"0183313":[5,"北秋田市","旭町"],"0181622":[5,"南秋田郡八郎潟町","一日市"],"0180413":[5,"にかほ市","馬場"],"0184731":[5,"北秋田市","阿仁打当"],"0184622":[5,"北秋田市","阿仁小沢鉱山"],"0182662":[5,"山本郡八峰町","八森新浜田"],"0184744":[5,"北秋田市","阿仁根子"],"0183135":[5,"能代市","二ツ井町山根"],"0185202":[5,"鹿角市","尾去沢"],"0182505":[5,"山本郡八峰町","峰浜内荒巻"],"0181611":[5,"南秋田郡八郎潟町","上沖谷地"],"0183132":[5,"能代市","二ツ井町種"],"0181301":[5,"由利本荘市","岩城内道川"],"0181600":[5,"南秋田郡八郎潟町",""],"0182618":[5,"山本郡八峰町","八森木戸の沢"],"0185731":[5,"大館市","比内町笹館"],"0183126":[5,"能代市","二ツ井町狐台"],"0180152":[5,"にかほ市","象潟町本郷"],"0180421":[5,"にかほ市","釜ケ台"],"0182675":[5,"山本郡八峰町","八森篭田"],"0180906":[5,"由利本荘市","羽広"],"0182103":[5,"山本郡三種町","鯉川"],"0180604":[5,"由利本荘市","西目町沼田"],"0182607":[5,"山本郡八峰町","八森林の沢"],"0181500":[5,"南秋田郡井川町",""],"0180182":[5,"にかほ市","象潟町不動沢"],"0184431":[5,"北秋田郡上小阿仁村","大林"],"0180726":[5,"由利本荘市","岩谷麓"],"0184432":[5,"北秋田郡上小阿仁村","南沢"],"0180156":[5,"にかほ市","象潟町大門先"],"0184261":[5,"北秋田市","芹沢"],"0181523":[5,"南秋田郡井川町","坂本"],"0182632":[5,"山本郡八峰町","八森三十釜"],"0182801":[5,"能代市","常盤"],"0180132":[5,"にかほ市","象潟町鳥の海"],"0182806":[5,"能代市","久喜沢"],"0183123":[5,"能代市","二ツ井町駒形"],"0181414":[5,"潟上市","昭和豊川槻木"],"0181725":[5,"南秋田郡五城目町","西磯ノ目"],"0182621":[5,"山本郡八峰町","八森茶の沢"],"0181724":[5,"南秋田郡五城目町","東磯ノ目"],"0181628":[5,"南秋田郡八郎潟町","島ノ内"],"0184732":[5,"北秋田市","阿仁中村"],"0183322":[5,"北秋田市","住吉町"],"0182405":[5,"山本郡三種町","芦崎"],"0185711":[5,"大館市","比内町味噌内"],"0181218":[5,"由利本荘市","岩城亀田大町"],"0181513":[5,"南秋田郡井川町","黒坪"],"0180148":[5,"にかほ市","象潟町下浜山"],"0183342":[5,"北秋田市","前山"],"0185601":[5,"大館市","十二所"],"0182648":[5,"山本郡八峰町","八森泊台"],"0180601":[5,"由利本荘市","西目町海士剥"],"0181617":[5,"南秋田郡八郎潟町","イカリ"],"0180853":[5,"由利本荘市","長坂"],"0180843":[5,"由利本荘市","中帳"],"0183312":[5,"北秋田市","花園町"],"0180400":[5,"にかほ市",""],"0180109":[5,"にかほ市","象潟町冠石下"],"0183154":[5,"能代市","二ツ井町町尻"],"0184513":[5,"北秋田市","小又"],"0182617":[5,"山本郡八峰町","八森御所の台"],"0183127":[5,"能代市","二ツ井町稗川原"],"0180414":[5,"にかほ市","田抓"],"0182646":[5,"山本郡八峰町","八森塚の台"],"0182506":[5,"山本郡八峰町","峰浜小手萩"],"0181623":[5,"南秋田郡八郎潟町","下川原"],"0183502":[5,"大館市","山田"],"0182678":[5,"山本郡八峰町","八森八森"],"0182814":[5,"能代市","狐森"],"0184401":[5,"北秋田郡上小阿仁村","沖田面"],"0185742":[5,"大館市","比内町白沢水沢"],"0180181":[5,"にかほ市","象潟町白山堂"],"0180116":[5,"にかほ市","象潟町４丁目塩越"],"0181411":[5,"潟上市","昭和豊川上虻川"],"0183102":[5,"能代市","二ツ井町小繋"],"0182608":[5,"山本郡八峰町","八森岩館向台"],"0181601":[5,"南秋田郡八郎潟町","真坂"],"0181514":[5,"南秋田郡井川町","宇治木"],"0184623":[5,"北秋田市","阿仁荒瀬川櫃畑"],"0183122":[5,"能代市","二ツ井町飛根"],"0183147":[5,"能代市","二ツ井町小槻木"],"0182631":[5,"山本郡八峰町","八森五輪台下段"],"0183101":[5,"能代市","二ツ井町麻生"],"0181522":[5,"南秋田郡井川町","保野子"],"0182102":[5,"山本郡三種町","天瀬川"],"0181853":[5,"南秋田郡五城目町","富津内中津又"],"0184302":[5,"北秋田市","浦田"],"0182622":[5,"山本郡八峰町","八森家の向"],"0182511":[5,"山本郡八峰町","峰浜高野々"],"0183203":[5,"山本郡藤里町","大沢"],"0183133":[5,"能代市","二ツ井町種"]}
