{"3740021":[10,"館林市","瀬戸谷町"],"3740113":[10,"邑楽郡板倉町","泉野"],"3740011":[10,"館林市","羽附町"],"3740122":[10,"邑楽郡板倉町","大高嶋"],"3740033":[10,"館林市","堀工町"],"3740009":[10,"館林市","千塚町"],"3740102":[10,"邑楽郡板倉町","離"],"3740017":[10,"館林市","つつじ町"],"3740022":[10,"館林市","加法師町"],"3740016":[10,"館林市","松原"],"3740103":[10,"邑楽郡板倉町","細谷"],"3740023":[10,"館林市","大手町"],"3740034":[10,"館林市","分福町"],"3740005":[10,"館林市","花山町"],"3740013":[10,"館林市","赤生田町"],"3740053":[10,"館林市","赤土町"],"3740012":[10,"館林市","羽附旭町"],"3740100":[10,"邑楽郡板倉町",""],"3740078":[10,"館林市","傍示塚町"],"3740025":[10,"館林市","緑町"],"3740014":[10,"館林市","赤生田本町"],"3740121":[10,"邑楽郡板倉町","下五箇"],"3740051":[10,"館林市","新栄町"],"3740065":[10,"館林市","西本町"],"3740015":[10,"館林市","上赤生田町"],"3740001":[10,"館林市","大島町"],"3740038":[10,"館林市","西美園町"],"3740067":[10,"館林市","岡野町"],"3740035":[10,"館林市","青柳町"],"3740003":[10,"館林市","四ツ谷町"],"3740000":[10,"館林市",""],"3740045":[10,"館林市","入ケ谷町"],"3740132":[10,"邑楽郡板倉町","板倉"],"3740104":[10,"邑楽郡板倉町","大荷場"],"3740044":[10,"館林市","下三林町"],"3740135":[10,"邑楽郡板倉町","内蔵新田"],"3740054":[10,"館林市","大谷町"],"3740133":[10,"邑楽郡板倉町","岩田"],"3740002":[10,"館林市","田谷町"],"3740061":[10,"館林市","東広内町"],"3740075":[10,"館林市","西高根町"],"3740073":[10,"館林市","足次町"],"3740134":[10,"邑楽郡板倉町","籾谷"],"3740072":[10,"館林市","大新田町"],"3740008":[10,"館林市","細内町"],"3740131":[10,"邑楽郡板倉町","大蔵"],"3740055":[10,"館林市","成島町"],"3740047":[10,"館林市","野辺町"],"3740019":[10,"館林市","尾曳町"],"3740046":[10,"館林市","上三林町"],"3740052":[10,"館林市","栄町"],"3740041":[10,"館林市","富士原町"],"3740071":[10,"館林市","下早川田町"],"3740057":[10,"館林市","北成島町"],"3740074":[10,"館林市","高根町"],"3740101":[10,"邑楽郡板倉町","除川"],"3740042":[10,"館林市","近藤町"],"3740123":[10,"邑楽郡板倉町","飯野"],"3740007":[10,"館林市","若宮町"],"3740069":[10,"館林市","坂下町"],"3740077":[10,"館林市","木戸町"],"3740043":[10,"館林市","苗木町"],"3740076":[10,"館林市","日向町"],"3740018":[10,"館林市","城町"],"3740063":[10,"館林市","朝日町"],"3740024":[10,"館林市","本町"],"3740006":[10,"館林市","当郷町"],"3740028":[10,"館林市","千代田町"],"3740036":[10,"館林市","諏訪町"],"3740068":[10,"館林市","台宿町"],"3740105":[10,"邑楽郡板倉町","大曲"],"3740111":[10,"邑楽郡板倉町","海老瀬"],"3740079":[10,"館林市","上早川田町"],"3740029":[10,"館林市","仲町"],"3740037":[10,"館林市","小桑原町"],"3740032":[10,"館林市","南美園町"],"3740112":[10,"邑楽郡板倉町","朝日野"],"3740062":[10,"館林市","広内町"],"3740031":[10,"館林市","東美園町"],"3740066":[10,"館林市","大街道"],"3740107":[10,"邑楽郡板倉町","西岡"],"3740027":[10,"館林市","富士見町"],"3740064":[10,"館林市","代官町"],"3740056":[10,"館林市","松沼町"],"3740004":[10,"館林市","楠町"],"3740106":[10,"邑楽郡板倉町","西岡新田"],"3740026":[10,"館林市","新宿"],"3740039":[10,"館林市","美園町"]}
