{"2300023":[14,"横浜市鶴見区","市場西中町"],"2300017":[14,"横浜市鶴見区","東寺尾中台"],"2300034":[14,"横浜市鶴見区","寛政町"],"2300054":[14,"横浜市鶴見区","大黒ふ頭"],"2300036":[14,"横浜市鶴見区","浜町"],"2300075":[14,"横浜市鶴見区","上の宮"],"2300003":[14,"横浜市鶴見区","尻手"],"2300024":[14,"横浜市鶴見区","市場下町"],"2300000":[14,"横浜市鶴見区",""],"2300026":[14,"横浜市鶴見区","市場富士見町"],"2300032":[14,"横浜市鶴見区","大東町"],"2300013":[14,"横浜市鶴見区","三ツ池公園"],"2300021":[14,"横浜市鶴見区","市場上町"],"2300051":[14,"横浜市鶴見区","鶴見中央"],"2300076":[14,"横浜市鶴見区","馬場"],"2300072":[14,"横浜市鶴見区","梶山"],"2300071":[14,"横浜市鶴見区","駒岡"],"2300002":[14,"横浜市鶴見区","江ケ崎町"],"2300042":[14,"横浜市鶴見区","仲通"],"2300045":[14,"横浜市鶴見区","末広町"],"2300015":[14,"横浜市鶴見区","寺谷"],"2300027":[14,"横浜市鶴見区","菅沢町"],"2300001":[14,"横浜市鶴見区","矢向"],"2300055":[14,"横浜市鶴見区","扇島"],"2300038":[14,"横浜市鶴見区","栄町通"],"2300004":[14,"横浜市鶴見区","元宮"],"2300074":[14,"横浜市鶴見区","北寺尾"],"2300011":[14,"横浜市鶴見区","上末吉"],"2300022":[14,"横浜市鶴見区","市場東中町"],"2300012":[14,"横浜市鶴見区","下末吉"],"2300053":[14,"横浜市鶴見区","大黒町"],"2300041":[14,"横浜市鶴見区","潮田町"],"2300018":[14,"横浜市鶴見区","東寺尾東台"],"2300016":[14,"横浜市鶴見区","東寺尾北台"],"2300047":[14,"横浜市鶴見区","下野谷町"],"2300078":[14,"横浜市鶴見区","岸谷"],"2300077":[14,"横浜市鶴見区","東寺尾"],"2300035":[14,"横浜市鶴見区","安善町"],"2300014":[14,"横浜市鶴見区","諏訪坂"],"2300048":[14,"横浜市鶴見区","本町通"],"2300046":[14,"横浜市鶴見区","小野町"],"2300043":[14,"横浜市鶴見区","汐入町"],"2300037":[14,"横浜市鶴見区","向井町"],"2300073":[14,"横浜市鶴見区","獅子ケ谷"],"2300061":[14,"横浜市鶴見区","佃野町"],"2300044":[14,"横浜市鶴見区","弁天町"],"2300063":[14,"横浜市鶴見区","鶴見"],"2300031":[14,"横浜市鶴見区","平安町"],"2300025":[14,"横浜市鶴見区","市場大和町"],"2300033":[14,"横浜市鶴見区","朝日町"],"2300062":[14,"横浜市鶴見区","豊岡町"],"2300052":[14,"横浜市鶴見区","生麦"]}
