{"2020002":[13,"西東京市","ひばりが丘北"],"2020015":[13,"西東京市","保谷町"],"2020004":[13,"西東京市","下保谷"],"2020001":[13,"西東京市","ひばりが丘"],"2020003":[13,"西東京市","北町"],"2020006":[13,"西東京市","栄町"],"2020014":[13,"西東京市","富士町"],"2020023":[13,"西東京市","新町"],"2020022":[13,"西東京市","柳沢"],"2020013":[13,"西東京市","中町"],"2020012":[13,"西東京市","東町"],"2020021":[13,"西東京市","東伏見"],"2020011":[13,"西東京市","泉町"],"2020005":[13,"西東京市","住吉町"],"2020000":[13,"西東京市",""]}
