{"4371119":[22,"袋井市","初越"],"4370004":[22,"袋井市","友永"],"4370617":[22,"浜松市天竜区","春野町筏戸大上"],"4370625":[22,"浜松市天竜区","春野町堀之内"],"4371432":[22,"掛川市","上土方工業団地"],"4370122":[22,"袋井市","春岡"],"4371505":[22,"菊川市","高橋"],"4370212":[22,"周智郡森町","向天方"],"4371112":[22,"袋井市","大野"],"4370623":[22,"浜松市天竜区","春野町胡桃平"],"4371412":[22,"掛川市","千浜"],"4370044":[22,"袋井市","松袋井"],"4371613":[22,"御前崎市","合戸"],"4371424":[22,"掛川市","浜野"],"4370123":[22,"袋井市","下山梨"],"4371103":[22,"袋井市","豊住"],"4370067":[22,"袋井市","天神町"],"4370206":[22,"周智郡森町","葛布"],"4370028":[22,"袋井市","神長"],"4370602":[22,"浜松市天竜区","春野町杉"],"4371623":[22,"御前崎市","港"],"4371312":[22,"袋井市","岡崎"],"4370226":[22,"周智郡森町","一宮"],"4371407":[22,"掛川市","小貫"],"4370215":[22,"周智郡森町","森"],"4371414":[22,"掛川市","国包"],"4370615":[22,"浜松市天竜区","春野町石打松下"],"4371214":[22,"磐田市","清庵新田"],"4371521":[22,"菊川市","上平川"],"4371125":[22,"袋井市","中"],"4371511":[22,"菊川市","目木"],"4370041":[22,"袋井市","睦町"],"4371401":[22,"掛川市","高瀬"],"4370208":[22,"周智郡森町","三倉"],"4370016":[22,"袋井市","葵町"],"4371605":[22,"御前崎市","下朝比奈"],"4370607":[22,"浜松市天竜区","春野町石切"],"4371514":[22,"菊川市","下平川"],"4371513":[22,"菊川市","棚草"],"4370203":[22,"周智郡森町","鍛冶島"],"4371202":[22,"磐田市","豊浜"],"4370612":[22,"浜松市天竜区","春野町花島"],"4371115":[22,"袋井市","湊"],"4371123":[22,"袋井市","浅羽一色"],"4370063":[22,"袋井市","田町"],"4370047":[22,"袋井市","西田"],"4370000":[22,"袋井市",""],"4370006":[22,"袋井市","大谷"],"4371433":[22,"掛川市","上土方"],"4370217":[22,"周智郡森町","薄場"],"4371416":[22,"掛川市","三俣"],"4371434":[22,"掛川市","下土方"],"4370013":[22,"袋井市","新屋"],"4370034":[22,"袋井市","青木町"],"4370204":[22,"周智郡森町","問詰"],"4370002":[22,"袋井市","川会"],"4371601":[22,"御前崎市","上朝比奈"],"4371207":[22,"磐田市","蛭池"],"4371203":[22,"磐田市","福田"],"4371603":[22,"御前崎市","宮内"],"4371117":[22,"袋井市","松原"],"4371212":[22,"磐田市","南田"],"4370222":[22,"周智郡森町","飯田"],"4371435":[22,"掛川市","上土方嶺向"],"4370027":[22,"袋井市","高尾町"],"4370062":[22,"袋井市","泉町"],"4371205":[22,"磐田市","下太"],"4370014":[22,"袋井市","永楽町"],"4370126":[22,"袋井市","月見町"],"4371437":[22,"掛川市","上土方旦付新田"],"4370052":[22,"袋井市","太田"],"4371113":[22,"袋井市","東同笠"],"4370124":[22,"袋井市","沖山梨"],"4371522":[22,"菊川市","嶺田"],"4371302":[22,"掛川市","大渕"],"4370022":[22,"袋井市","方丈"],"4370626":[22,"浜松市天竜区","春野町領家"],"4370038":[22,"袋井市","大門"],"4370001":[22,"袋井市","山田"],"4370224":[22,"周智郡森町","牛飼"],"4370033":[22,"袋井市","上田町"],"4370036":[22,"袋井市","小川町"],"4371124":[22,"袋井市","富里"],"4371304":[22,"掛川市","西大渕"],"4371439":[22,"掛川市","大坪台"],"4370057":[22,"袋井市","横井"],"4370031":[22,"袋井市","愛野"],"4370064":[22,"袋井市","川井"],"4370603":[22,"浜松市天竜区","春野町五和"],"4371403":[22,"掛川市","岩滑"],"4370024":[22,"袋井市","三門町"],"4370621":[22,"浜松市天竜区","春野町砂川"],"4371218":[22,"磐田市","南田伊兵衛新田"],"4370054":[22,"袋井市","徳光"],"4370200":[22,"周智郡森町",""],"4371104":[22,"袋井市","新堀"],"4371506":[22,"菊川市","河東"],"4370604":[22,"浜松市天竜区","春野町宮川"],"4371301":[22,"掛川市","横須賀"],"4371503":[22,"菊川市","川上"],"4371101":[22,"袋井市","浅羽"],"4370065":[22,"袋井市","堀越"],"4371622":[22,"御前崎市","白羽"],"4371615":[22,"御前崎市","門屋"],"4371612":[22,"御前崎市","池新田"],"4371105":[22,"袋井市","梅山"],"4370211":[22,"周智郡森町","城下"],"4370121":[22,"袋井市","宇刈"],"4370043":[22,"袋井市","新池"],"4371614":[22,"御前崎市","塩原新田"],"4371411":[22,"掛川市","坂里"],"4371126":[22,"袋井市","長溝"],"4370618":[22,"浜松市天竜区","春野町越木平"],"4371404":[22,"掛川市","西之谷"],"4371305":[22,"掛川市","山崎"],"4371405":[22,"掛川市","中"],"4370066":[22,"袋井市","山科"],"4371204":[22,"磐田市","福田中島"],"4370207":[22,"周智郡森町","西俣"],"4370011":[22,"袋井市","村松"],"4370611":[22,"浜松市天竜区","春野町田河内"],"4371431":[22,"掛川市","上土方落合"],"4371504":[22,"菊川市","花水木"],"4371311":[22,"袋井市","山崎"],"4370227":[22,"周智郡森町","橘"],"4370042":[22,"袋井市","山名町"],"4371122":[22,"袋井市","浅岡"],"4370012":[22,"袋井市","国本"],"4370046":[22,"袋井市","木原"],"4370021":[22,"袋井市","広岡"],"4370606":[22,"浜松市天竜区","春野町豊岡"],"4370622":[22,"浜松市天竜区","春野町大時"],"4370061":[22,"袋井市","久能"],"4370616":[22,"浜松市天竜区","春野町田黒"],"4371512":[22,"菊川市","猿渡"],"4371413":[22,"掛川市","国安"],"4371524":[22,"菊川市","大石"],"4370017":[22,"袋井市","鷲巣"],"4370624":[22,"浜松市天竜区","春野町和泉平"],"4370601":[22,"浜松市天竜区","春野町川上"],"4371116":[22,"袋井市","太郎助"],"4371415":[22,"掛川市","菊浜"],"4370216":[22,"周智郡森町","天宮"],"4370005":[22,"袋井市","見取"],"4370023":[22,"袋井市","高尾"],"4370614":[22,"浜松市天竜区","春野町長蔵寺"],"4371209":[22,"磐田市","南島"],"4371423":[22,"掛川市","浜川新田"],"4371213":[22,"磐田市","塩新田"],"4371438":[22,"掛川市","入山瀬"],"4370202":[22,"周智郡森町","亀久保"],"4371216":[22,"磐田市","一色"],"4371421":[22,"掛川市","大坂"],"4371102":[22,"袋井市","浅名"],"4371425":[22,"掛川市","浜野新田"],"4371602":[22,"御前崎市","比木"],"4371502":[22,"菊川市","古谷"],"4370223":[22,"周智郡森町","中川"],"4370127":[22,"袋井市","可睡の杜"],"4370053":[22,"袋井市","延久"],"4370025":[22,"袋井市","栄町"],"4371201":[22,"磐田市","豊浜中野"],"4370037":[22,"袋井市","清水町"],"4371215":[22,"磐田市","太郎馬新田"],"4370045":[22,"袋井市","彦島"],"4370040":[22,"袋井市","愛野南"],"4370035":[22,"袋井市","砂本町"],"4370056":[22,"袋井市","小山"],"4371114":[22,"袋井市","西同笠"],"4370613":[22,"浜松市天竜区","春野町牧野"],"4370205":[22,"周智郡森町","大鳥居"],"4371303":[22,"掛川市","沖之須"],"4371523":[22,"菊川市","堂山新田"],"4371406":[22,"掛川市","川久保"],"4371206":[22,"磐田市","五十子"],"4371422":[22,"掛川市","海戸"],"4370125":[22,"袋井市","上山梨"],"4370039":[22,"袋井市","愛野東"],"4370051":[22,"袋井市","深見"],"4370225":[22,"周智郡森町","谷中"],"4371604":[22,"御前崎市","佐倉"],"4371118":[22,"袋井市","西ケ崎"],"4370605":[22,"浜松市天竜区","春野町気田"],"4370026":[22,"袋井市","袋井"],"4370221":[22,"周智郡森町","円田"],"4370608":[22,"浜松市天竜区","春野町小俣京丸"],"4370032":[22,"袋井市","豊沢"],"4371208":[22,"磐田市","東小島"],"4371621":[22,"御前崎市","御前崎"],"4371111":[22,"袋井市","中新田"],"4371402":[22,"掛川市","中方"],"4370003":[22,"袋井市","萱間"],"4371436":[22,"掛川市","今滝"],"4371600":[22,"御前崎市",""],"4371611":[22,"御前崎市","新野"],"4370214":[22,"周智郡森町","草ケ谷"],"4370055":[22,"袋井市","土橋"],"4371217":[22,"磐田市","宇兵衛新田"],"4370015":[22,"袋井市","旭町"],"4371501":[22,"菊川市","丹野"],"4371121":[22,"袋井市","諸井"],"4370201":[22,"周智郡森町","嵯塚"],"4370213":[22,"周智郡森町","睦実"],"4371507":[22,"菊川市","赤土"],"4371211":[22,"磐田市","大原"]}
