{"1240005":[13,"葛飾区","宝町"],"1240024":[13,"葛飾区","新小岩"],"1240013":[13,"葛飾区","東立石"],"1240001":[13,"葛飾区","小菅"],"1240025":[13,"葛飾区","西新小岩"],"1240006":[13,"葛飾区","堀切"],"1240004":[13,"葛飾区","東堀切"],"1240014":[13,"葛飾区","東四つ木"],"1240023":[13,"葛飾区","東新小岩"],"1240002":[13,"葛飾区","西亀有"],"1240012":[13,"葛飾区","立石"],"1240011":[13,"葛飾区","四つ木"],"1240003":[13,"葛飾区","お花茶屋"],"1240022":[13,"葛飾区","奥戸"],"1240000":[13,"葛飾区",""],"1240021":[13,"葛飾区","細田"]}
