{"4560045":[23,"名古屋市熱田区","大瀬子町"],"4560032":[23,"名古屋市熱田区","三本松町"],"4560059":[23,"名古屋市熱田区","八番"],"4560075":[23,"名古屋市熱田区","青池町"],"4560068":[23,"名古屋市熱田区","神野町"],"4560014":[23,"名古屋市熱田区","中田町"],"4560034":[23,"名古屋市熱田区","伝馬"],"4560005":[23,"名古屋市熱田区","池内町"],"4560073":[23,"名古屋市熱田区","千代田町"],"4560055":[23,"名古屋市熱田区","南一番町"],"4560035":[23,"名古屋市熱田区","白鳥"],"4560021":[23,"名古屋市熱田区","夜寒町"],"4560056":[23,"名古屋市熱田区","三番町"],"4560013":[23,"名古屋市熱田区","外土居町"],"4560065":[23,"名古屋市熱田区","河田町"],"4560063":[23,"名古屋市熱田区","西野町"],"4560046":[23,"名古屋市熱田区","木之免町"],"4560061":[23,"名古屋市熱田区","西郊通"],"4560025":[23,"名古屋市熱田区","玉の井町"],"4560012":[23,"名古屋市熱田区","沢上"],"4560041":[23,"名古屋市熱田区","中瀬町"],"4560078":[23,"名古屋市熱田区","南八熊町"],"4560006":[23,"名古屋市熱田区","沢下町"],"4560024":[23,"名古屋市熱田区","森後町"],"4560048":[23,"名古屋市熱田区","白鳥町"],"4560043":[23,"名古屋市熱田区","神戸町"],"4560016":[23,"名古屋市熱田区","五本松町"],"4560076":[23,"名古屋市熱田区","切戸町"],"4560054":[23,"名古屋市熱田区","千年"],"4560017":[23,"名古屋市熱田区","尾頭町"],"4560066":[23,"名古屋市熱田区","野立町"],"4560071":[23,"名古屋市熱田区","明野町"],"4560022":[23,"名古屋市熱田区","横田"],"4560058":[23,"名古屋市熱田区","六番"],"4560067":[23,"名古屋市熱田区","中出町"],"4560042":[23,"名古屋市熱田区","須賀町"],"4560031":[23,"名古屋市熱田区","神宮"],"4560000":[23,"名古屋市熱田区",""],"4560077":[23,"名古屋市熱田区","幡野町"],"4560027":[23,"名古屋市熱田区","旗屋"],"4560001":[23,"名古屋市熱田区","金山"],"4560037":[23,"名古屋市熱田区","熱田新田東組"],"4560011":[23,"名古屋市熱田区","花町"],"4560062":[23,"名古屋市熱田区","大宝"],"4560003":[23,"名古屋市熱田区","波寄町"],"4560044":[23,"名古屋市熱田区","内田町"],"4560026":[23,"名古屋市熱田区","旗屋町"],"4560057":[23,"名古屋市熱田区","五番町"],"4560074":[23,"名古屋市熱田区","比々野町"],"4560023":[23,"名古屋市熱田区","六野"],"4560015":[23,"名古屋市熱田区","高蔵町"],"4560018":[23,"名古屋市熱田区","新尾頭"],"4560053":[23,"名古屋市熱田区","一番"],"4560047":[23,"名古屋市熱田区","田中町"],"4560052":[23,"名古屋市熱田区","二番"],"4560004":[23,"名古屋市熱田区","桜田町"],"4560072":[23,"名古屋市熱田区","川並町"],"4560069":[23,"名古屋市熱田区","中野新町"],"4560051":[23,"名古屋市熱田区","四番"],"4560033":[23,"名古屋市熱田区","花表町"],"4560064":[23,"名古屋市熱田区","古新町"],"4560036":[23,"名古屋市熱田区","熱田西町"],"4560002":[23,"名古屋市熱田区","金山町"]}
