{"2500866":[14,"小田原市","中曽根"],"2500402":[14,"足柄下郡箱根町","木賀"],"2500051":[14,"小田原市","北ノ窪"],"2500002":[14,"小田原市","寿町"],"2500031":[14,"小田原市","入生田"],"2500025":[14,"小田原市","江之浦"],"2500024":[14,"小田原市","根府川"],"2500631":[14,"足柄下郡箱根町","仙石原"],"2500403":[14,"足柄下郡箱根町","底倉"],"2500032":[14,"小田原市","風祭"],"2500124":[14,"南足柄市","生駒"],"2500043":[14,"小田原市","谷津"],"2500216":[14,"小田原市","高田"],"2500125":[14,"南足柄市","駒形新宿"],"2500052":[14,"小田原市","府川"],"2500853":[14,"小田原市","堀之内"],"2500121":[14,"南足柄市","広町"],"2500041":[14,"小田原市","池上"],"2500876":[14,"小田原市","中新田"],"2500500":[14,"足柄下郡箱根町",""],"2500033":[14,"小田原市","水之尾"],"2500858":[14,"小田原市","小台"],"2500134":[14,"南足柄市","雨坪"],"2500852":[14,"小田原市","栢山"],"2500034":[14,"小田原市","板橋"],"2500113":[14,"南足柄市","岩原"],"2500523":[14,"足柄下郡箱根町","芦之湯"],"2500111":[14,"南足柄市","竹松"],"2500854":[14,"小田原市","飯田岡"],"2500206":[14,"小田原市","曽我原"],"2500131":[14,"南足柄市","内山"],"2500312":[14,"足柄下郡箱根町","湯本茶屋"],"2500112":[14,"南足柄市","和田河原"],"2500101":[14,"南足柄市","班目"],"2500208":[14,"小田原市","下大井"],"2500407":[14,"足柄下郡箱根町","二ノ平"],"2500857":[14,"小田原市","柳新田"],"2500117":[14,"南足柄市","塚原"],"2500004":[14,"小田原市","浜町"],"2500205":[14,"小田原市","曽我別所"],"2500102":[14,"南足柄市","千津島"],"2500136":[14,"南足柄市","矢倉沢"],"2500856":[14,"小田原市","新屋"],"2500104":[14,"南足柄市","向田"],"2500022":[14,"小田原市","石橋"],"2500405":[14,"足柄下郡箱根町","大平台"],"2500204":[14,"小田原市","曽我谷津"],"2500132":[14,"南足柄市","弘西寺"],"2500217":[14,"小田原市","別堀"],"2500053":[14,"小田原市","穴部"],"2500406":[14,"足柄下郡箱根町","小涌谷"],"2500522":[14,"足柄下郡箱根町","元箱根"],"2500404":[14,"足柄下郡箱根町","宮ノ下"],"2500023":[14,"小田原市","米神"],"2500215":[14,"小田原市","千代"],"2500127":[14,"南足柄市","大雄町"],"2500107":[14,"南足柄市","小市"],"2500122":[14,"南足柄市","飯沢"],"2500213":[14,"小田原市","東大友"],"2500864":[14,"小田原市","穴部新田"],"2500855":[14,"小田原市","清水新田"],"2500103":[14,"南足柄市","壗下"],"2500105":[14,"南足柄市","関本"],"2500045":[14,"小田原市","城山"],"2500011":[14,"小田原市","栄町"],"2500874":[14,"小田原市","鴨宮"],"2500123":[14,"南足柄市","中沼"],"2500000":[14,"小田原市",""],"2500313":[14,"足柄下郡箱根町","須雲川"],"2500042":[14,"小田原市","荻窪"],"2500013":[14,"小田原市","南町"],"2500056":[14,"小田原市","井細田"],"2500012":[14,"小田原市","本町"],"2500106":[14,"南足柄市","怒田"],"2500126":[14,"南足柄市","狩野"],"2500315":[14,"足柄下郡箱根町","塔之澤"],"2500203":[14,"小田原市","曽我岸"],"2500861":[14,"小田原市","桑原"],"2500863":[14,"小田原市","飯泉"],"2500872":[14,"小田原市","中里"],"2500116":[14,"南足柄市","三竹"],"2500408":[14,"足柄下郡箱根町","強羅"],"2500314":[14,"足柄下郡箱根町","畑宿"],"2500133":[14,"南足柄市","福泉"],"2500218":[14,"小田原市","延清"],"2500201":[14,"小田原市","曽我大沢"],"2500100":[14,"南足柄市",""],"2500207":[14,"小田原市","曽我光海"],"2500115":[14,"南足柄市","沼田"],"2500035":[14,"小田原市","南板橋"],"2500054":[14,"小田原市","多古"],"2500873":[14,"小田原市","矢作"],"2500877":[14,"小田原市","上新田"],"2500202":[14,"小田原市","上曽我"],"2500871":[14,"小田原市","下堀"],"2500211":[14,"小田原市","鬼柳"],"2500865":[14,"小田原市","蓮正寺"],"2500212":[14,"小田原市","西大友"],"2500214":[14,"小田原市","永塚"],"2500851":[14,"小田原市","曽比"],"2500521":[14,"足柄下郡箱根町","箱根"],"2500021":[14,"小田原市","早川"],"2500862":[14,"小田原市","成田"],"2500875":[14,"小田原市","南鴨宮"],"2500135":[14,"南足柄市","苅野"],"2500044":[14,"小田原市","緑"],"2500311":[14,"足柄下郡箱根町","湯本"],"2500878":[14,"小田原市","下新田"],"2500001":[14,"小田原市","扇町"],"2500114":[14,"南足柄市","北窪"],"2500401":[14,"足柄下郡箱根町","宮城野"],"2500046":[14,"小田原市","十字"],"2500014":[14,"小田原市","城内"],"2500003":[14,"小田原市","東町"],"2500055":[14,"小田原市","久野"],"2500005":[14,"小田原市","中町"]}
