{"1076003":[13,"港区","赤坂赤坂アークヒルズ・アーク森ビル"],"1076312":[13,"港区","赤坂赤坂Ｂｉｚタワー"],"1076243":[13,"港区","赤坂ミッドタウン・タワー"],"1076211":[13,"港区","赤坂ミッドタウン・タワー"],"1076129":[13,"港区","赤坂赤坂パークビル"],"1076290":[13,"港区","赤坂ミッドタウン・タワー"],"1076117":[13,"港区","赤坂赤坂パークビル"],"1076244":[13,"港区","赤坂ミッドタウン・タワー"],"1076113":[13,"港区","赤坂赤坂パークビル"],"1076320":[13,"港区","赤坂赤坂Ｂｉｚタワー"],"1076130":[13,"港区","赤坂赤坂パークビル"],"1076029":[13,"港区","赤坂赤坂アークヒルズ・アーク森ビル"],"1076126":[13,"港区","赤坂赤坂パークビル"],"1076123":[13,"港区","赤坂赤坂パークビル"],"1076306":[13,"港区","赤坂赤坂Ｂｉｚタワー"],"1076330":[13,"港区","赤坂赤坂Ｂｉｚタワー"],"1076222":[13,"港区","赤坂ミッドタウン・タワー"],"1076218":[13,"港区","赤坂ミッドタウン・タワー"],"1076231":[13,"港区","赤坂ミッドタウン・タワー"],"1076301":[13,"港区","赤坂赤坂Ｂｉｚタワー"],"1076213":[13,"港区","赤坂ミッドタウン・タワー"],"1076229":[13,"港区","赤坂ミッドタウン・タワー"],"1070062":[13,"港区","南青山"],"1076090":[13,"港区","赤坂赤坂アークヒルズ・アーク森ビル"],"1076303":[13,"港区","赤坂赤坂Ｂｉｚタワー"],"1076033":[13,"港区","赤坂赤坂アークヒルズ・アーク森ビル"],"1076210":[13,"港区","赤坂ミッドタウン・タワー"],"1076220":[13,"港区","赤坂ミッドタウン・タワー"],"1076007":[13,"港区","赤坂赤坂アークヒルズ・アーク森ビル"],"1076323":[13,"港区","赤坂赤坂Ｂｉｚタワー"],"1070061":[13,"港区","北青山"],"1076304":[13,"港区","赤坂赤坂Ｂｉｚタワー"],"1076013":[13,"港区","赤坂赤坂アークヒルズ・アーク森ビル"],"1076115":[13,"港区","赤坂赤坂パークビル"],"1076224":[13,"港区","赤坂ミッドタウン・タワー"],"1076011":[13,"港区","赤坂赤坂アークヒルズ・アーク森ビル"],"1076237":[13,"港区","赤坂ミッドタウン・タワー"],"1076021":[13,"港区","赤坂赤坂アークヒルズ・アーク森ビル"],"1076206":[13,"港区","赤坂ミッドタウン・タワー"],"1076240":[13,"港区","赤坂ミッドタウン・タワー"],"1076031":[13,"港区","赤坂赤坂アークヒルズ・アーク森ビル"],"1076314":[13,"港区","赤坂赤坂Ｂｉｚタワー"],"1076110":[13,"港区","赤坂赤坂パークビル"],"1076219":[13,"港区","赤坂ミッドタウン・タワー"],"1076235":[13,"港区","赤坂ミッドタウン・タワー"],"1076128":[13,"港区","赤坂赤坂パークビル"],"1076125":[13,"港区","赤坂赤坂パークビル"],"1070051":[13,"港区","元赤坂"],"1076339":[13,"港区","赤坂赤坂Ｂｉｚタワー"],"1076228":[13,"港区","赤坂ミッドタウン・タワー"],"1076309":[13,"港区","赤坂赤坂Ｂｉｚタワー"],"1076103":[13,"港区","赤坂赤坂パークビル"],"1076230":[13,"港区","赤坂ミッドタウン・タワー"],"1076004":[13,"港区","赤坂赤坂アークヒルズ・アーク森ビル"],"1076022":[13,"港区","赤坂赤坂アークヒルズ・アーク森ビル"],"1076337":[13,"港区","赤坂赤坂Ｂｉｚタワー"],"1076005":[13,"港区","赤坂赤坂アークヒルズ・アーク森ビル"],"1076215":[13,"港区","赤坂ミッドタウン・タワー"],"1076201":[13,"港区","赤坂ミッドタウン・タワー"],"1076008":[13,"港区","赤坂赤坂アークヒルズ・アーク森ビル"],"1076207":[13,"港区","赤坂ミッドタウン・タワー"],"1076236":[13,"港区","赤坂ミッドタウン・タワー"],"1076233":[13,"港区","赤坂ミッドタウン・タワー"],"1076108":[13,"港区","赤坂赤坂パークビル"],"1076106":[13,"港区","赤坂赤坂パークビル"],"1076333":[13,"港区","赤坂赤坂Ｂｉｚタワー"],"1076101":[13,"港区","赤坂赤坂パークビル"],"1076328":[13,"港区","赤坂赤坂Ｂｉｚタワー"],"1076035":[13,"港区","赤坂赤坂アークヒルズ・アーク森ビル"],"1076204":[13,"港区","赤坂ミッドタウン・タワー"],"1076390":[13,"港区","赤坂赤坂Ｂｉｚタワー"],"1076226":[13,"港区","赤坂ミッドタウン・タワー"],"1076326":[13,"港区","赤坂赤坂Ｂｉｚタワー"],"1076190":[13,"港区","赤坂赤坂パークビル"],"1076017":[13,"港区","赤坂赤坂アークヒルズ・アーク森ビル"],"1076202":[13,"港区","赤坂ミッドタウン・タワー"],"1076002":[13,"港区","赤坂赤坂アークヒルズ・アーク森ビル"],"1076023":[13,"港区","赤坂赤坂アークヒルズ・アーク森ビル"],"1076310":[13,"港区","赤坂赤坂Ｂｉｚタワー"],"1076209":[13,"港区","赤坂ミッドタウン・タワー"],"1076112":[13,"港区","赤坂赤坂パークビル"],"1076121":[13,"港区","赤坂赤坂パークビル"],"1076331":[13,"港区","赤坂赤坂Ｂｉｚタワー"],"1076316":[13,"港区","赤坂赤坂Ｂｉｚタワー"],"1076335":[13,"港区","赤坂赤坂Ｂｉｚタワー"],"1076014":[13,"港区","赤坂赤坂アークヒルズ・アーク森ビル"],"1076028":[13,"港区","赤坂赤坂アークヒルズ・アーク森ビル"],"1076026":[13,"港区","赤坂赤坂アークヒルズ・アーク森ビル"],"1076114":[13,"港区","赤坂赤坂パークビル"],"1076025":[13,"港区","赤坂赤坂アークヒルズ・アーク森ビル"],"1076037":[13,"港区","赤坂赤坂アークヒルズ・アーク森ビル"],"1076332":[13,"港区","赤坂赤坂Ｂｉｚタワー"],"1076118":[13,"港区","赤坂赤坂パークビル"],"1076020":[13,"港区","赤坂赤坂アークヒルズ・アーク森ビル"],"1076223":[13,"港区","赤坂ミッドタウン・タワー"],"1076307":[13,"港区","赤坂赤坂Ｂｉｚタワー"],"1076221":[13,"港区","赤坂ミッドタウン・タワー"],"1076318":[13,"港区","赤坂赤坂Ｂｉｚタワー"],"1076205":[13,"港区","赤坂ミッドタウン・タワー"],"1076313":[13,"港区","赤坂赤坂Ｂｉｚタワー"],"1076302":[13,"港区","赤坂赤坂Ｂｉｚタワー"],"1076324":[13,"港区","赤坂赤坂Ｂｉｚタワー"],"1076001":[13,"港区","赤坂赤坂アークヒルズ・アーク森ビル"],"1076124":[13,"港区","赤坂赤坂パークビル"],"1076305":[13,"港区","赤坂赤坂Ｂｉｚタワー"],"1076338":[13,"港区","赤坂赤坂Ｂｉｚタワー"],"1076030":[13,"港区","赤坂赤坂アークヒルズ・アーク森ビル"],"1076238":[13,"港区","赤坂ミッドタウン・タワー"],"1076120":[13,"港区","赤坂赤坂パークビル"],"1076311":[13,"港区","赤坂赤坂Ｂｉｚタワー"],"1076321":[13,"港区","赤坂赤坂Ｂｉｚタワー"],"1076242":[13,"港区","赤坂ミッドタウン・タワー"],"1076012":[13,"港区","赤坂赤坂アークヒルズ・アーク森ビル"],"1076217":[13,"港区","赤坂ミッドタウン・タワー"],"1076006":[13,"港区","赤坂赤坂アークヒルズ・アーク森ビル"],"1076245":[13,"港区","赤坂ミッドタウン・タワー"],"1076109":[13,"港区","赤坂赤坂パークビル"],"1076122":[13,"港区","赤坂赤坂パークビル"],"1076018":[13,"港区","赤坂赤坂アークヒルズ・アーク森ビル"],"1076212":[13,"港区","赤坂ミッドタウン・タワー"],"1076336":[13,"港区","赤坂赤坂Ｂｉｚタワー"],"1076116":[13,"港区","赤坂赤坂パークビル"],"1076319":[13,"港区","赤坂赤坂Ｂｉｚタワー"],"1076322":[13,"港区","赤坂赤坂Ｂｉｚタワー"],"1076203":[13,"港区","赤坂ミッドタウン・タワー"],"1076104":[13,"港区","赤坂赤坂パークビル"],"1076016":[13,"港区","赤坂赤坂アークヒルズ・アーク森ビル"],"1076010":[13,"港区","赤坂赤坂アークヒルズ・アーク森ビル"],"1076127":[13,"港区","赤坂赤坂パークビル"],"1076329":[13,"港区","赤坂赤坂Ｂｉｚタワー"],"1076009":[13,"港区","赤坂赤坂アークヒルズ・アーク森ビル"],"1076216":[13,"港区","赤坂ミッドタウン・タワー"],"1076015":[13,"港区","赤坂赤坂アークヒルズ・アーク森ビル"],"1076239":[13,"港区","赤坂ミッドタウン・タワー"],"1076325":[13,"港区","赤坂赤坂Ｂｉｚタワー"],"1076234":[13,"港区","赤坂ミッドタウン・タワー"],"1076208":[13,"港区","赤坂ミッドタウン・タワー"],"1076227":[13,"港区","赤坂ミッドタウン・タワー"],"1076019":[13,"港区","赤坂赤坂アークヒルズ・アーク森ビル"],"1076334":[13,"港区","赤坂赤坂Ｂｉｚタワー"],"1076105":[13,"港区","赤坂赤坂パークビル"],"1076024":[13,"港区","赤坂赤坂アークヒルズ・アーク森ビル"],"1076032":[13,"港区","赤坂赤坂アークヒルズ・アーク森ビル"],"1076241":[13,"港区","赤坂ミッドタウン・タワー"],"1076107":[13,"港区","赤坂赤坂パークビル"],"1076214":[13,"港区","赤坂ミッドタウン・タワー"],"1076027":[13,"港区","赤坂赤坂アークヒルズ・アーク森ビル"],"1076232":[13,"港区","赤坂ミッドタウン・タワー"],"1076034":[13,"港区","赤坂赤坂アークヒルズ・アーク森ビル"],"1076225":[13,"港区","赤坂ミッドタウン・タワー"],"1076308":[13,"港区","赤坂赤坂Ｂｉｚタワー"],"1076102":[13,"港区","赤坂赤坂パークビル"],"1076111":[13,"港区","赤坂赤坂パークビル"],"1076315":[13,"港区","赤坂赤坂Ｂｉｚタワー"],"1076036":[13,"港区","赤坂赤坂アークヒルズ・アーク森ビル"],"1070052":[13,"港区","赤坂"],"1076317":[13,"港区","赤坂赤坂Ｂｉｚタワー"],"1076119":[13,"港区","赤坂赤坂パークビル"],"1076327":[13,"港区","赤坂赤坂Ｂｉｚタワー"]}
