{"1580095":[13,"世田谷区","瀬田"],"1580098":[13,"世田谷区","上用賀"],"1580092":[13,"世田谷区","野毛"],"1580082":[13,"世田谷区","等々力"],"1580085":[13,"世田谷区","玉川田園調布"],"1580081":[13,"世田谷区","深沢"],"1580091":[13,"世田谷区","中町"],"1580097":[13,"世田谷区","用賀"],"1580096":[13,"世田谷区","玉川台"],"1580084":[13,"世田谷区","東玉川"],"1580093":[13,"世田谷区","上野毛"],"1580086":[13,"世田谷区","尾山台"],"1580083":[13,"世田谷区","奥沢"],"1580094":[13,"世田谷区","玉川"],"1580087":[13,"世田谷区","玉堤"]}
