{"2860813":[12,"成田市","飯岡"],"2860045":[12,"成田市","並木町"],"2860021":[12,"成田市","土屋"],"2860044":[12,"成田市","不動ケ岡"],"2860823":[12,"成田市","小泉"],"2860007":[12,"成田市","はなのき台"],"2860022":[12,"成田市","寺台"],"2860835":[12,"成田市","関戸"],"2860843":[12,"成田市","下福田"],"2860211":[12,"富里市","御料"],"2860042":[12,"成田市","南平台"],"2860806":[12,"成田市","南部"],"2860842":[12,"成田市","上福田"],"2860037":[12,"成田市","橋賀台"],"2860807":[12,"成田市","北羽鳥"],"2860006":[12,"成田市","北須賀"],"2860202":[12,"富里市","日吉倉"],"2860118":[12,"成田市","本三里塚"],"2860014":[12,"成田市","郷部"],"2860011":[12,"成田市","玉造"],"2860028":[12,"成田市","幸町"],"2860812":[12,"成田市","水掛"],"2860004":[12,"成田市","宗吾"],"2860116":[12,"成田市","三里塚御料"],"2860114":[12,"成田市","本城"],"2860122":[12,"成田市","大清水"],"2860203":[12,"富里市","久能"],"2860825":[12,"成田市","新泉"],"2860819":[12,"成田市","久住中央"],"2860106":[12,"成田市","取香"],"2860808":[12,"成田市","佐野"],"2860833":[12,"成田市","東金山"],"2860015":[12,"成田市","中台"],"2860801":[12,"成田市","竜台"],"2860817":[12,"成田市","大生"],"2860005":[12,"成田市","下方"],"2860200":[12,"富里市",""],"2860105":[12,"成田市","木の根"],"2860133":[12,"成田市","吉倉"],"2860035":[12,"成田市","囲護台"],"2860126":[12,"成田市","久米野"],"2860047":[12,"成田市","江弁須"],"2860134":[12,"成田市","東和田"],"2860221":[12,"富里市","七栄"],"2860201":[12,"富里市","日吉台"],"2860012":[12,"成田市","山口"],"2860204":[12,"富里市","大和"],"2860043":[12,"成田市","大袋"],"2860103":[12,"成田市","東峰"],"2860046":[12,"成田市","飯仲"],"2860127":[12,"成田市","小菅"],"2860023":[12,"成田市","成田"],"2860818":[12,"成田市","荒海"],"2860000":[12,"成田市",""],"2860117":[12,"成田市","三里塚光ケ丘"],"2860135":[12,"成田市","山之作"],"2860832":[12,"成田市","赤荻"],"2860024":[12,"成田市","田町"],"2860001":[12,"成田市","船形"],"2860222":[12,"富里市","中沢"],"2860841":[12,"成田市","大竹"],"2860803":[12,"成田市","安西"],"2860017":[12,"成田市","赤坂"],"2860002":[12,"成田市","八代"],"2860831":[12,"成田市","芦田"],"2860104":[12,"成田市","古込"],"2860225":[12,"富里市","美沢"],"2860003":[12,"成田市","台方"],"2860107":[12,"成田市","堀之内"],"2860811":[12,"成田市","磯部"],"2860846":[12,"成田市","松崎"],"2860016":[12,"成田市","米野"],"2860018":[12,"成田市","吾妻"],"2860844":[12,"成田市","宝田"],"2860214":[12,"富里市","立沢"],"2860048":[12,"成田市","公津の杜"],"2860824":[12,"成田市","野毛平"],"2860836":[12,"成田市","下金山"],"2860034":[12,"成田市","馬橋"],"2860025":[12,"成田市","東町"],"2860115":[12,"成田市","西三里塚"],"2860123":[12,"成田市","新駒井野"],"2860132":[12,"成田市","馬場"],"2860013":[12,"成田市","美郷台"],"2860213":[12,"富里市","高松"],"2860802":[12,"成田市","北部"],"2860026":[12,"成田市","本町"],"2860804":[12,"成田市","長沼"],"2860215":[12,"富里市","立沢新田"],"2860108":[12,"成田市","長田"],"2860837":[12,"成田市","新妻"],"2860816":[12,"成田市","成毛"],"2860124":[12,"成田市","畑ケ田"],"2860136":[12,"成田市","久米"],"2860827":[12,"成田市","西和泉"],"2860112":[12,"成田市","東三里塚"],"2860027":[12,"成田市","仲町"],"2860101":[12,"成田市","十余三"],"2860216":[12,"富里市","高野"],"2860111":[12,"成田市","三里塚"],"2860036":[12,"成田市","加良部"],"2860031":[12,"成田市","新町"],"2860822":[12,"成田市","芝"],"2860212":[12,"富里市","十倉"],"2860121":[12,"成田市","駒井野"],"2860826":[12,"成田市","東和泉"],"2860131":[12,"成田市","大山"],"2860805":[12,"成田市","南羽鳥"],"2860224":[12,"富里市","新橋"],"2860102":[12,"成田市","天神峰"],"2860821":[12,"成田市","大室"],"2860125":[12,"成田市","川栗"],"2860223":[12,"富里市","新中沢"],"2860815":[12,"成田市","土室"],"2860834":[12,"成田市","和田"],"2860113":[12,"成田市","南三里塚"],"2860032":[12,"成田市","上町"],"2860029":[12,"成田市","ウイング土屋"],"2860814":[12,"成田市","幡谷"],"2860205":[12,"富里市","根木名"],"2860041":[12,"成田市","飯田町"],"2860845":[12,"成田市","押畑"],"2860033":[12,"成田市","花崎町"],"2860137":[12,"成田市","御所の内"]}
