{"3800838":[20,"長野市","県町"],"3800857":[20,"長野市","西之門町"],"3800883":[20,"長野市","泉平"],"3800873":[20,"長野市","新諏訪"],"3800804":[20,"長野市","荒屋"],"3800872":[20,"長野市","妻科"],"3800905":[20,"長野市","鶴賀"],"3800953":[20,"長野市","安茂里犀北"],"3800858":[20,"長野市","上西之門町"],"3800866":[20,"長野市","狐池"],"3800807":[20,"長野市","横山"],"3800867":[20,"長野市","往生地"],"3800936":[20,"長野市","岡田町"],"3800941":[20,"長野市","安茂里"],"3800914":[20,"長野市","稲葉母袋"],"3800934":[20,"長野市","中御所町"],"3800875":[20,"長野市","小鍋"],"3800911":[20,"長野市","稲葉"],"3800811":[20,"長野市","鶴賀"],"3800805":[20,"長野市","柳町"],"3800812":[20,"長野市","早苗町"],"3800865":[20,"長野市","花咲町"],"3800826":[20,"長野市","北石堂町"],"3800886":[20,"長野市","広瀬"],"3800961":[20,"長野市","安茂里小市"],"3800904":[20,"長野市","鶴賀"],"3800841":[20,"長野市","大門町"],"3800954":[20,"長野市","安茂里犀北団地"],"3800948":[20,"長野市","差出南"],"3800847":[20,"長野市","若松町"],"3800842":[20,"長野市","西町"],"3800945":[20,"長野市","安茂里杏花台"],"3800806":[20,"長野市","淀ケ橋"],"3800881":[20,"長野市","門沢"],"3800944":[20,"長野市","安茂里米村"],"3800887":[20,"長野市","入山"],"3800852":[20,"長野市","東之門町"],"3800846":[20,"長野市","旭町"],"3800958":[20,"長野市","伊勢宮"],"3800943":[20,"長野市","安茂里差出"],"3800821":[20,"長野市","上千歳町"],"3800843":[20,"長野市","長門町"],"3800802":[20,"長野市","上松"],"3800885":[20,"長野市","桜"],"3800927":[20,"長野市","栗田北中"],"3800888":[20,"長野市","上ケ屋"],"3800814":[20,"長野市","鶴賀"],"3800831":[20,"長野市","東町"],"3800856":[20,"長野市","横町"],"3800854":[20,"長野市","伊勢町"],"3800942":[20,"長野市","小柴見"],"3800861":[20,"長野市","横沢町"],"3800803":[20,"長野市","三輪"],"3800862":[20,"長野市","桜枝町"],"3800901":[20,"長野市","居町"],"3800822":[20,"長野市","鶴賀"],"3800915":[20,"長野市","稲葉上千田"],"3800855":[20,"長野市","岩石町"],"3800836":[20,"長野市","南県町"],"3800913":[20,"長野市","川合新田"],"3800815":[20,"長野市","田町"],"3800835":[20,"長野市","新田町"],"3800824":[20,"長野市","南石堂町"],"3800877":[20,"長野市","塩生"],"3800874":[20,"長野市","茂菅"],"3800833":[20,"長野市","権堂町"],"3800823":[20,"長野市","南千歳"],"3800884":[20,"長野市","鑪"],"3800902":[20,"長野市","鶴賀"],"3800832":[20,"長野市","東後町"],"3800957":[20,"長野市","安茂里大門"],"3800876":[20,"長野市","山田中"],"3800844":[20,"長野市","諏訪町"],"3800851":[20,"長野市","元善町"],"3800917":[20,"長野市","稲葉南俣"],"3800834":[20,"長野市","鶴賀"],"3800864":[20,"長野市","立町"],"3800955":[20,"長野市","安茂里西河原"],"3800845":[20,"長野市","西後町"],"3800947":[20,"長野市","平柴"],"3800863":[20,"長野市","栄町"],"3800916":[20,"長野市","稲葉中千田"],"3800853":[20,"長野市","新町"],"3800882":[20,"長野市","富田"],"3800906":[20,"長野市","鶴賀"],"3800801":[20,"長野市","箱清水"],"3800956":[20,"長野市","安茂里小路"],"3800871":[20,"長野市","西長野町"],"3800825":[20,"長野市","末広町"],"3800918":[20,"長野市","アークス"],"3800935":[20,"長野市","中御所"],"3800813":[20,"長野市","鶴賀"],"3800816":[20,"長野市","三輪田町"],"3800946":[20,"長野市","平柴台"],"3800912":[20,"長野市","稲葉日詰"],"3800928":[20,"長野市","若里"],"3800952":[20,"長野市","宮沖"],"3800837":[20,"長野市","南長野"],"3800921":[20,"長野市","栗田"],"3800903":[20,"長野市","鶴賀"]}
