{"1230852":[13,"足立区","関原"],"1230874":[13,"足立区","堀之内"],"1230845":[13,"足立区","西新井本町"],"1230863":[13,"足立区","谷在家"],"1230853":[13,"足立区","本木"],"1230857":[13,"足立区","本木北町"],"1230841":[13,"足立区","西新井"],"1230865":[13,"足立区","新田"],"1230844":[13,"足立区","興野"],"1230873":[13,"足立区","扇"],"1230861":[13,"足立区","加賀"],"1230872":[13,"足立区","江北"],"1230856":[13,"足立区","本木西町"],"1230851":[13,"足立区","梅田"],"1230871":[13,"足立区","椿"],"1230843":[13,"足立区","西新井栄町"],"1230864":[13,"足立区","鹿浜"],"1230854":[13,"足立区","本木東町"],"1230855":[13,"足立区","本木南町"],"1230842":[13,"足立区","栗原"],"1230862":[13,"足立区","皿沼"]}
