{"3591155":[11,"所沢市","北野新町"],"3590001":[11,"所沢市","下富"],"3590034":[11,"所沢市","東新井町"],"3590046":[11,"所沢市","北所沢町"],"3590000":[11,"所沢市",""],"3590014":[11,"所沢市","亀ケ谷"],"3590003":[11,"所沢市","中富南"],"3590032":[11,"所沢市","若松町"],"3590002":[11,"所沢市","中富"],"3590045":[11,"所沢市","美原町"],"3591114":[11,"所沢市","北有楽町"],"3590043":[11,"所沢市","弥生町"],"3591147":[11,"所沢市","小手指元町"],"3591125":[11,"所沢市","南住吉"],"3591146":[11,"所沢市","小手指南"],"3590037":[11,"所沢市","くすのき台"],"3590027":[11,"所沢市","松郷"],"3591124":[11,"所沢市","東住吉"],"3591121":[11,"所沢市","元町"],"3591148":[11,"所沢市","小手指台"],"3590036":[11,"所沢市","旭町"],"3591144":[11,"所沢市","西所沢"],"3591152":[11,"所沢市","北野"],"3591151":[11,"所沢市","若狭"],"3591145":[11,"所沢市","山口"],"3591131":[11,"所沢市","久米"],"3590041":[11,"所沢市","中新井"],"3591101":[11,"所沢市","北中"],"3590031":[11,"所沢市","下新井"],"3591102":[11,"所沢市","岩岡町"],"3591167":[11,"所沢市","林"],"3590044":[11,"所沢市","松葉町"],"3591123":[11,"所沢市","日吉町"],"3591156":[11,"所沢市","北野南"],"3591104":[11,"所沢市","榎町"],"3591132":[11,"所沢市","松が丘"],"3590033":[11,"所沢市","こぶし町"],"3590012":[11,"所沢市","坂之下"],"3590013":[11,"所沢市","城"],"3591106":[11,"所沢市","東狭山ケ丘"],"3591103":[11,"所沢市","向陽町"],"3591112":[11,"所沢市","泉町"],"3591162":[11,"所沢市","和ケ原"],"3591143":[11,"所沢市","宮本町"],"3591141":[11,"所沢市","小手指町"],"3590026":[11,"所沢市","牛沼"],"3591166":[11,"所沢市","糀谷"],"3590042":[11,"所沢市","並木"],"3591163":[11,"所沢市","西狭山ケ丘"],"3590004":[11,"所沢市","北原町"],"3590005":[11,"所沢市","神米金"],"3591113":[11,"所沢市","喜多町"],"3591111":[11,"所沢市","緑町"],"3590025":[11,"所沢市","上安松"],"3590016":[11,"所沢市","新郷"],"3591142":[11,"所沢市","上新井"],"3591122":[11,"所沢市","寿町"],"3590015":[11,"所沢市","日比田"],"3590038":[11,"所沢市","北秋津"],"3591105":[11,"所沢市","青葉台"],"3590011":[11,"所沢市","南永井"],"3591133":[11,"所沢市","荒幡"],"3591115":[11,"所沢市","御幸町"],"3591153":[11,"所沢市","上山口"],"3591161":[11,"所沢市","狭山ケ丘"],"3591164":[11,"所沢市","三ケ島"],"3591165":[11,"所沢市","堀之内"],"3591154":[11,"所沢市","勝楽寺"],"3590006":[11,"所沢市","所沢新町"],"3590022":[11,"所沢市","本郷"],"3591128":[11,"所沢市","金山町"],"3590007":[11,"所沢市","北岩岡"],"3590023":[11,"所沢市","東所沢和田"],"3591126":[11,"所沢市","西住吉"],"3591116":[11,"所沢市","東町"],"3590024":[11,"所沢市","下安松"],"3590021":[11,"所沢市","東所沢"],"3591117":[11,"所沢市","有楽町"],"3590035":[11,"所沢市","西新井町"],"3591118":[11,"所沢市","けやき台"],"3591127":[11,"所沢市","星の宮"],"3590047":[11,"所沢市","花園"]}
