{"2160006":[14,"川崎市宮前区","宮前平"],"2160024":[14,"川崎市宮前区","南平台"],"2160001":[14,"川崎市宮前区","野川"],"2160034":[14,"川崎市宮前区","梶ケ谷"],"2160033":[14,"川崎市宮前区","宮崎"],"2160004":[14,"川崎市宮前区","鷺沼"],"2160025":[14,"川崎市宮前区","白幡台"],"2160031":[14,"川崎市宮前区","神木本町"],"2160014":[14,"川崎市宮前区","菅生ケ丘"],"2160026":[14,"川崎市宮前区","初山"],"2160015":[14,"川崎市宮前区","菅生"],"2160005":[14,"川崎市宮前区","土橋"],"2160011":[14,"川崎市宮前区","犬蔵"],"2160007":[14,"川崎市宮前区","小台"],"2160023":[14,"川崎市宮前区","けやき平"],"2160022":[14,"川崎市宮前区","平"],"2160032":[14,"川崎市宮前区","神木"],"2160013":[14,"川崎市宮前区","潮見台"],"2160000":[14,"川崎市宮前区",""],"2160035":[14,"川崎市宮前区","馬絹"],"2160003":[14,"川崎市宮前区","有馬"],"2160002":[14,"川崎市宮前区","東有馬"],"2160012":[14,"川崎市宮前区","水沢"],"2160021":[14,"川崎市宮前区","五所塚"]}
