{"0470016":[1,"小樽市","信香町"],"0470035":[1,"小樽市","旭町"],"0470032":[1,"小樽市","稲穂"],"0470005":[1,"小樽市","勝納町"],"0470154":[1,"小樽市","朝里川温泉"],"0470025":[1,"小樽市","山田町"],"0470157":[1,"小樽市","船浜町"],"0470043":[1,"小樽市","豊川町"],"0470026":[1,"小樽市","東雲町"],"0470044":[1,"小樽市","梅ケ枝町"],"0470152":[1,"小樽市","新光"],"0470007":[1,"小樽市","港町"],"0470038":[1,"小樽市","石山町"],"0470155":[1,"小樽市","望洋台"],"0470004":[1,"小樽市","新富町"],"0470264":[1,"小樽市","桂岡町"],"0470033":[1,"小樽市","富岡"],"0470034":[1,"小樽市","緑"],"0470036":[1,"小樽市","長橋"],"0470027":[1,"小樽市","堺町"],"0470013":[1,"小樽市","奥沢"],"0470151":[1,"小樽市","朝里"],"0470266":[1,"小樽市","張碓町"],"0470028":[1,"小樽市","相生町"],"0470002":[1,"小樽市","潮見台"],"0470047":[1,"小樽市","祝津"],"0470153":[1,"小樽市","新光町"],"0470046":[1,"小樽市","赤岩"],"0470048":[1,"小樽市","高島"],"0470024":[1,"小樽市","花園"],"0470041":[1,"小樽市","手宮"],"0470014":[1,"小樽市","住ノ江"],"0470262":[1,"小樽市","星野町"],"0470265":[1,"小樽市","春香町"],"0470023":[1,"小樽市","最上"],"0470037":[1,"小樽市","幸"],"0470006":[1,"小樽市","有幌町"],"0470156":[1,"小樽市","桜"],"0470021":[1,"小樽市","入船"],"0470263":[1,"小樽市","見晴町"],"0470045":[1,"小樽市","清水町"],"0470042":[1,"小樽市","末広町"],"0470011":[1,"小樽市","天神"],"0470012":[1,"小樽市","天狗山"],"0470015":[1,"小樽市","住吉町"],"0470003":[1,"小樽市","真栄"],"0470261":[1,"小樽市","銭函"],"0470031":[1,"小樽市","色内"],"0470000":[1,"小樽市",""],"0470008":[1,"小樽市","築港"],"0470022":[1,"小樽市","松ケ枝"],"0470039":[1,"小樽市","錦町"],"0470001":[1,"小樽市","若竹町"],"0470017":[1,"小樽市","若松"]}
