{"1320021":[13,"江戸川区","中央"],"1320022":[13,"江戸川区","大杉"],"1320031":[13,"江戸川区","松島"],"1320014":[13,"江戸川区","東瑞江"],"1320033":[13,"江戸川区","東小松川"],"1320011":[13,"江戸川区","瑞江"],"1320024":[13,"江戸川区","一之江"],"1320023":[13,"江戸川区","西一之江"],"1320013":[13,"江戸川区","江戸川"],"1320032":[13,"江戸川区","西小松川町"],"1320035":[13,"江戸川区","平井"],"1320002":[13,"江戸川区","谷河内"],"1320015":[13,"江戸川区","西瑞江"],"1320001":[13,"江戸川区","新堀"],"1320003":[13,"江戸川区","春江町"],"1320034":[13,"江戸川区","小松川"],"1320000":[13,"江戸川区",""],"1320025":[13,"江戸川区","松江"]}
