{"3870014":[20,"千曲市","打沢"],"3870017":[20,"千曲市","中"],"3870001":[20,"千曲市","雨宮"],"3870004":[20,"千曲市","倉科"],"3870024":[20,"千曲市","桑原"],"3870022":[20,"千曲市","野高場"],"3870003":[20,"千曲市","生萱"],"3870023":[20,"千曲市","八幡"],"3870018":[20,"千曲市","新田"],"3870002":[20,"千曲市","土口"],"3870012":[20,"千曲市","桜堂"],"3870011":[20,"千曲市","杭瀬下"],"3870013":[20,"千曲市","小島"],"3870005":[20,"千曲市","森"],"3870000":[20,"千曲市",""],"3870006":[20,"千曲市","粟佐"],"3870007":[20,"千曲市","屋代"],"3870015":[20,"千曲市","鋳物師屋"],"3870016":[20,"千曲市","寂蒔"],"3870021":[20,"千曲市","稲荷山"]}
