{"1520000":[13,"目黒区",""],"1520013":[13,"目黒区","南"],"1520001":[13,"目黒区","中央町"],"1520035":[13,"目黒区","自由が丘"],"1520033":[13,"目黒区","大岡山"],"1520021":[13,"目黒区","東が丘"],"1520003":[13,"目黒区","碑文谷"],"1520011":[13,"目黒区","原町"],"1520023":[13,"目黒区","八雲"],"1520002":[13,"目黒区","目黒本町"],"1520031":[13,"目黒区","中根"],"1520012":[13,"目黒区","洗足"],"1520032":[13,"目黒区","平町"],"1520022":[13,"目黒区","柿の木坂"],"1520004":[13,"目黒区","鷹番"],"1520034":[13,"目黒区","緑が丘"]}
