{"2670062":[12,"千葉市緑区","小食土町"],"2670066":[12,"千葉市緑区","あすみが丘"],"2670057":[12,"千葉市緑区","大木戸町"],"2670054":[12,"千葉市緑区","大高町"],"2670051":[12,"千葉市緑区","上大和田町"],"2670065":[12,"千葉市緑区","大椎町"],"2670056":[12,"千葉市緑区","大野台"],"2670055":[12,"千葉市緑区","越智町"],"2670052":[12,"千葉市緑区","下大和田町"],"2670064":[12,"千葉市緑区","板倉町"],"2670067":[12,"千葉市緑区","あすみが丘東"],"2670063":[12,"千葉市緑区","小山町"],"2670061":[12,"千葉市緑区","土気町"],"2670053":[12,"千葉市緑区","高津戸町"]}
