{"2290015":[14,"相模原市","下溝"],"2290038":[14,"相模原市","星が丘"],"2298588":[14,"相模原市","相模原","６丁目２０－１"],"2290205":[14,"相模原市","藤野町日連"],"2290037":[14,"相模原市","千代田"],"2291104":[14,"相模原市","東橋本"],"2291185":[14,"相模原市","南橋本","３丁目８－８"],"2290204":[14,"相模原市","藤野町小渕"],"2290034":[14,"相模原市","共和"],"2298585":[14,"相模原市","西大沼","５丁目４番２０号"],"2291103":[14,"相模原市","橋本"],"2291123":[14,"相模原市","上溝"],"2290000":[14,"相模原市",""],"2290022":[14,"相模原市","由野台"],"2290021":[14,"相模原市","高根"],"2298555":[14,"相模原市","相模原","４丁目７－１エスプラザビル"],"2290206":[14,"相模原市","藤野町牧野"],"2290207":[14,"相模原市","藤野町名倉"],"2290032":[14,"相模原市","矢部"],"2291180":[14,"相模原市","小山","４丁目１－６デュプロビルディング"],"2290211":[14,"相模原市","相模湖町寸沢嵐"],"2290201":[14,"相模原市","藤野町佐野川"],"2290026":[14,"相模原市","陽光台"],"2298611":[14,"相模原市","中央","２丁目１１－１５"],"2291182":[14,"相模原市","大山町","４番１２号"],"2291131":[14,"相模原市","西橋本"],"2291105":[14,"相模原市","小山"],"2291125":[14,"相模原市","田名塩田"],"2291198":[14,"相模原市","下九沢","１１２０番地"],"2291196":[14,"相模原市","橋本台","４丁目１－１"],"2290024":[14,"相模原市","青葉"],"2290106":[14,"相模原市","相模湖町寸沢嵐"],"2290101":[14,"相模原市","相模湖町与瀬"],"2290036":[14,"相模原市","富士見"],"2291137":[14,"相模原市","二本松"],"2290195":[14,"相模原市","相模湖町寸沢嵐","１０９１－１"],"2290025":[14,"相模原市","緑が丘"],"2291113":[14,"相模原市","すすきの町"],"2291132":[14,"相模原市","橋本台"],"2290003":[14,"相模原市","東淵野辺"],"2291122":[14,"相模原市","横山"],"2298510":[14,"相模原市","由野台","３丁目１－１"],"2291201":[14,"相模原市","宮下","３丁目１４－１５"],"2291207":[14,"相模原市","小山","４丁目１－５５"],"2290105":[14,"相模原市","相模湖町若柳"],"2291126":[14,"相模原市","水郷田名"],"2290031":[14,"相模原市","相模原"],"2290002":[14,"相模原市","淵野辺本町"],"2291133":[14,"相模原市","南橋本"],"2290103":[14,"相模原市","相模湖町小原"],"2291136":[14,"相模原市","上九沢"],"2291124":[14,"相模原市","田名"],"2290012":[14,"相模原市","西大沼"],"2291117":[14,"相模原市","小町通"],"2290004":[14,"相模原市","古淵"],"2290023":[14,"相模原市","松が丘"],"2290014":[14,"相模原市","若松"],"2291106":[14,"相模原市","大山町"],"2291197":[14,"相模原市","南橋本","３丁目１－３５"],"2291135":[14,"相模原市","大島"],"2291195":[14,"相模原市","宮下","１丁目１番５７号"],"2291101":[14,"相模原市","相原"],"2298601":[14,"相模原市","富士見","１丁目１－２５"],"2290027":[14,"相模原市","光が丘"],"2291102":[14,"相模原市","元橋本町"],"2291194":[14,"横浜市中区","尾上町","６丁目９０ＨＳ大江橋ビル５Ｆ"],"2298501":[14,"相模原市","渕野辺","１丁目１７－７１"],"2291114":[14,"相模原市","向陽町"],"2291115":[14,"相模原市","氷川町"],"2290029":[14,"相模原市","弥栄"],"2290039":[14,"相模原市","中央"],"2290292":[14,"相模原市","藤野町小渕","２０００"],"2290011":[14,"相模原市","大野台"],"2290006":[14,"相模原市","淵野辺"],"2298558":[14,"相模原市","淵野辺","５丁目１０－１"],"2290202":[14,"相模原市","藤野町澤井"],"2290192":[14,"相模原市","相模湖町与瀬","８９６"],"2290102":[14,"相模原市","相模湖町与瀬本町"],"2291112":[14,"相模原市","宮下"],"2291111":[14,"相模原市","宮下本町"],"2290007":[14,"相模原市","矢部新町"],"2298511":[14,"相模原市","富士見","６丁目４－１４"],"2291121":[14,"相模原市","横山台"],"2291192":[14,"相模原市","田名","３７００番地"],"2290013":[14,"相模原市","東大沼"],"2290028":[14,"相模原市","並木"],"2290104":[14,"相模原市","相模湖町千木良"],"2291116":[14,"相模原市","清新"],"2290016":[14,"相模原市","当麻"],"2290001":[14,"相模原市","上矢部"],"2290033":[14,"相模原市","鹿沼台"],"2290203":[14,"相模原市","藤野町吉野"],"2290035":[14,"相模原市","相生"],"2291134":[14,"相模原市","下九沢"],"2291193":[14,"相模原市","田名","３０００番地"]}
