{"2710091":[12,"松戸市","本町"],"2710074":[12,"松戸市","緑ケ丘"],"2710084":[12,"松戸市","二十世紀が丘丸山町"],"2710042":[12,"松戸市","主水新田"],"2710053":[12,"松戸市","中根"],"2710046":[12,"松戸市","西馬橋蔵元町"],"2710083":[12,"松戸市","二十世紀が丘梨元町"],"2710045":[12,"松戸市","西馬橋相川町"],"2710097":[12,"松戸市","栗山"],"2710044":[12,"松戸市","西馬橋"],"2710088":[12,"松戸市","二十世紀が丘柿の木町"],"2710081":[12,"松戸市","二十世紀が丘美野里町"],"2710067":[12,"松戸市","樋野口"],"2710096":[12,"松戸市","下矢切"],"2710076":[12,"松戸市","岩瀬"],"2710062":[12,"松戸市","栄町"],"2710095":[12,"松戸市","中矢切"],"2710068":[12,"松戸市","古ケ崎"],"2710071":[12,"松戸市","竹ケ花西町"],"2710041":[12,"松戸市","七右衛門新田"],"2710082":[12,"松戸市","二十世紀が丘戸山町"],"2710073":[12,"松戸市","小根本"],"2710085":[12,"松戸市","二十世紀が丘中松町"],"2710066":[12,"松戸市","吉井町"],"2710092":[12,"松戸市","松戸"],"2710094":[12,"松戸市","上矢切"],"2710065":[12,"松戸市","南花島"],"2710086":[12,"松戸市","二十世紀が丘萩町"],"2710075":[12,"松戸市","胡録台"],"2710051":[12,"松戸市","馬橋"],"2710043":[12,"松戸市","旭町"],"2710061":[12,"松戸市","栄町西"],"2710077":[12,"松戸市","根本"],"2710047":[12,"松戸市","西馬橋幸町"],"2710087":[12,"松戸市","三矢小台"],"2710052":[12,"松戸市","新作"],"2710064":[12,"松戸市","上本郷"],"2710093":[12,"松戸市","小山"],"2710048":[12,"松戸市","西馬橋広手町"],"2710054":[12,"松戸市","中根長津町"],"2710063":[12,"松戸市","北松戸"],"2710072":[12,"松戸市","竹ケ花"]}
