{"1010046":[13,"千代田区","神田多町"],"1010047":[13,"千代田区","内神田"],"1010028":[13,"千代田区","神田花岡町"],"1010033":[13,"千代田区","神田岩本町"],"1010064":[13,"千代田区","猿楽町"],"1010037":[13,"千代田区","神田西福田町"],"1010048":[13,"千代田区","神田司町"],"1010052":[13,"千代田区","神田小川町"],"1010026":[13,"千代田区","神田佐久間河岸"],"1010023":[13,"千代田区","神田松永町"],"1010051":[13,"千代田区","神田神保町"],"1010061":[13,"千代田区","三崎町"],"1010036":[13,"千代田区","神田北乗物町"],"1010003":[13,"千代田区","一ツ橋"],"1010029":[13,"千代田区","神田相生町"],"1010043":[13,"千代田区","神田富山町"],"1010044":[13,"千代田区","鍛冶町"],"1010025":[13,"千代田区","神田佐久間町"],"1010031":[13,"千代田区","東神田"],"1010035":[13,"千代田区","神田紺屋町"],"1010022":[13,"千代田区","神田練塀町"],"1010062":[13,"千代田区","神田駿河台"],"1010027":[13,"千代田区","神田平河町"],"1010065":[13,"千代田区","西神田"],"1010034":[13,"千代田区","神田東紺屋町"],"1010021":[13,"千代田区","外神田"],"1010045":[13,"千代田区","神田鍛冶町"],"1010041":[13,"千代田区","神田須田町"],"1010053":[13,"千代田区","神田美土代町"],"1010042":[13,"千代田区","神田東松下町"],"1010063":[13,"千代田区","神田淡路町"],"1010032":[13,"千代田区","岩本町"],"1010038":[13,"千代田区","神田美倉町"],"1010024":[13,"千代田区","神田和泉町"],"1010054":[13,"千代田区","神田錦町"]}
