{"2060013":[13,"多摩市","桜ケ丘"],"2060802":[13,"稲城市","東長沼"],"2060031":[13,"多摩市","豊ケ丘"],"2060025":[13,"多摩市","永山"],"2060024":[13,"多摩市","諏訪"],"2060804":[13,"稲城市","百村"],"2060015":[13,"多摩市","落川"],"2060824":[13,"稲城市","若葉台"],"2060033":[13,"多摩市","落合"],"2060035":[13,"多摩市","唐木田"],"2060022":[13,"多摩市","聖ケ丘"],"2060811":[13,"稲城市","押立"],"2060012":[13,"多摩市","貝取"],"2060041":[13,"多摩市","愛宕"],"2060001":[13,"多摩市","和田"],"2060821":[13,"稲城市","長峰"],"2060000":[13,"多摩市",""],"2060002":[13,"多摩市","一ノ宮"],"2060042":[13,"多摩市","山王下"],"2060004":[13,"多摩市","百草"],"2060032":[13,"多摩市","南野"],"2060034":[13,"多摩市","鶴牧"],"2060014":[13,"多摩市","乞田"],"2060823":[13,"稲城市","平尾"],"2060801":[13,"稲城市","大丸"],"2060021":[13,"多摩市","連光寺"],"2060822":[13,"稲城市","坂浜"],"2060003":[13,"多摩市","東寺方"],"2060803":[13,"稲城市","向陽台"],"2060812":[13,"稲城市","矢野口"],"2060011":[13,"多摩市","関戸"],"2060023":[13,"多摩市","馬引沢"],"2060036":[13,"多摩市","中沢"]}
