{"0200111":[3,"盛岡市","黒石野"],"0200172":[3,"岩手郡滝沢村","鵜飼"],"0200023":[3,"盛岡市","内丸"],"0200883":[3,"盛岡市","志家町"],"0200856":[3,"盛岡市","下鹿妻"],"0200839":[3,"盛岡市","津志田南"],"0200021":[3,"盛岡市","中央通"],"0200003":[3,"盛岡市","下米内"],"0200504":[3,"岩手郡雫石町","中沼"],"0200853":[3,"盛岡市","下飯岡"],"0200545":[3,"岩手郡雫石町","谷地"],"0200102":[3,"盛岡市","上田"],"0200803":[3,"盛岡市","新庄"],"0200053":[3,"盛岡市","上太田"],"0200537":[3,"岩手郡雫石町","上町西"],"0200887":[3,"盛岡市","上ノ橋町"],"0200891":[3,"紫波郡矢巾町","流通センター南"],"0200801":[3,"盛岡市","浅岸"],"0200826":[3,"盛岡市","神子田町"],"0200842":[3,"盛岡市","湯沢"],"0200054":[3,"盛岡市","猪去"],"0200813":[3,"盛岡市","東山"],"0200520":[3,"岩手郡雫石町","下町東"],"0200145":[3,"盛岡市","平賀新田"],"0200506":[3,"岩手郡雫石町","沼返"],"0200004":[3,"盛岡市","山岸"],"0200823":[3,"盛岡市","門"],"0200805":[3,"盛岡市","東新庄"],"0200100":[3,"岩手郡滝沢村",""],"0200527":[3,"岩手郡雫石町","中町"],"0200045":[3,"盛岡市","盛岡駅西通"],"0200552":[3,"岩手郡雫石町","下平"],"0200866":[3,"盛岡市","本宮"],"0200141":[3,"盛岡市","中屋敷町"],"0200065":[3,"盛岡市","西下台町"],"0200574":[3,"岩手郡雫石町","鴬宿"],"0200831":[3,"盛岡市","三本柳"],"0200016":[3,"盛岡市","名須川町"],"0200012":[3,"盛岡市","岩清水"],"0200530":[3,"岩手郡雫石町","上町南"],"0200828":[3,"盛岡市","大慈寺町"],"0200857":[3,"盛岡市","北飯岡"],"0200835":[3,"盛岡市","津志田"],"0200873":[3,"盛岡市","松尾町"],"0200123":[3,"盛岡市","下厨川"],"0200115":[3,"盛岡市","館向町"],"0200872":[3,"盛岡市","八幡町"],"0200522":[3,"岩手郡雫石町","下久保"],"0200146":[3,"盛岡市","長橋町"],"0200581":[3,"岩手郡雫石町","御明神"],"0200403":[3,"盛岡市","乙部"],"0200014":[3,"盛岡市","愛宕下"],"0200885":[3,"盛岡市","紺屋町"],"0200822":[3,"盛岡市","茶畑"],"0200542":[3,"岩手郡雫石町","万田渡"],"0200113":[3,"盛岡市","上田堤"],"0200845":[3,"盛岡市","湯沢南"],"0200807":[3,"盛岡市","加賀野"],"0200051":[3,"盛岡市","下太田"],"0200514":[3,"岩手郡雫石町","野中"],"0200528":[3,"岩手郡雫石町","下町"],"0200126":[3,"盛岡市","安倍館町"],"0200851":[3,"盛岡市","向中野"],"0200535":[3,"岩手郡雫石町","小日谷地"],"0200521":[3,"岩手郡雫石町","麁津田"],"0200553":[3,"岩手郡雫石町","下曽根田"],"0200121":[3,"盛岡市","月が丘"],"0200876":[3,"盛岡市","馬場町"],"0200517":[3,"岩手郡雫石町","黒沢川"],"0200505":[3,"岩手郡雫石町","中黒沢川"],"0200105":[3,"盛岡市","北松園"],"0200583":[3,"岩手郡雫石町","上野"],"0200837":[3,"盛岡市","津志田町"],"0200572":[3,"岩手郡雫石町","西安庭"],"0200013":[3,"盛岡市","愛宕町"],"0200117":[3,"盛岡市","緑が丘"],"0200063":[3,"盛岡市","材木町"],"0200513":[3,"岩手郡雫石町","下兎野"],"0200024":[3,"盛岡市","菜園"],"0200201":[3,"盛岡市","玉山区日戸"],"0200811":[3,"盛岡市","川目町"],"0200543":[3,"岩手郡雫石町","高前田"],"0200043":[3,"盛岡市","中川町"],"0200026":[3,"盛岡市","開運橋通"],"0200402":[3,"盛岡市","黒川"],"0200821":[3,"盛岡市","山王町"],"0200061":[3,"盛岡市","北山"],"0200203":[3,"盛岡市","玉山区川又"],"0200005":[3,"盛岡市","紅葉が丘"],"0200865":[3,"盛岡市","仙北町"],"0200134":[3,"盛岡市","南青山町"],"0200557":[3,"岩手郡雫石町","上平"],"0200816":[3,"盛岡市","中野"],"0200161":[3,"岩手郡滝沢村","篠木"],"0200107":[3,"盛岡市","松園"],"0200066":[3,"盛岡市","上田"],"0200532":[3,"岩手郡雫石町","払川"],"0200884":[3,"盛岡市","神明町"],"0200539":[3,"岩手郡雫石町","上町東"],"0200125":[3,"盛岡市","上堂"],"0200878":[3,"盛岡市","肴町"],"0200547":[3,"岩手郡雫石町","晴山"],"0200001":[3,"盛岡市","上米内"],"0200501":[3,"岩手郡雫石町","仁佐瀬"],"0200844":[3,"盛岡市","湯沢東"],"0200863":[3,"盛岡市","南仙北"],"0200022":[3,"盛岡市","大通"],"0200555":[3,"岩手郡雫石町","上曽根田"],"0200525":[3,"岩手郡雫石町","源大堂"],"0200143":[3,"盛岡市","上厨川"],"0200033":[3,"盛岡市","盛岡駅前北通"],"0200136":[3,"盛岡市","北天昌寺町"],"0200551":[3,"岩手郡雫石町","笹森"],"0200523":[3,"岩手郡雫石町","根堀"],"0200854":[3,"盛岡市","上飯岡"],"0200147":[3,"盛岡市","大館町"],"0200031":[3,"盛岡市","北夕顔瀬町"],"0200132":[3,"盛岡市","西青山"],"0200886":[3,"盛岡市","若園町"],"0200814":[3,"盛岡市","東中野町"],"0200515":[3,"岩手郡雫石町","下長根"],"0200546":[3,"岩手郡雫石町","稲荷下"],"0200832":[3,"盛岡市","東見前"],"0200112":[3,"盛岡市","東緑が丘"],"0200846":[3,"盛岡市","流通センター北"],"0200882":[3,"盛岡市","住吉町"],"0200011":[3,"盛岡市","三ツ割"],"0200106":[3,"盛岡市","東松園"],"0200536":[3,"岩手郡雫石町","八卦"],"0200833":[3,"盛岡市","西見前"],"0200855":[3,"盛岡市","上鹿妻"],"0200127":[3,"盛岡市","前九年"],"0200000":[3,"盛岡市",""],"0200500":[3,"岩手郡雫石町",""],"0200861":[3,"盛岡市","仙北"],"0200116":[3,"盛岡市","箱清水"],"0200524":[3,"岩手郡雫石町","寺の下"],"0200825":[3,"盛岡市","高崩"],"0200584":[3,"岩手郡雫石町","西根"],"0200103":[3,"盛岡市","西松園"],"0200055":[3,"盛岡市","繋"],"0200511":[3,"岩手郡雫石町","長畑"],"0200108":[3,"盛岡市","東黒石野"],"0200171":[3,"岩手郡滝沢村","大沢"],"0200041":[3,"盛岡市","境田町"],"0200559":[3,"岩手郡雫石町","上笹森"],"0200052":[3,"盛岡市","中太田"],"0200202":[3,"盛岡市","玉山区玉山"],"0200531":[3,"岩手郡雫石町","麻見田"],"0200802":[3,"盛岡市","つつじが丘"],"0200836":[3,"盛岡市","津志田西"],"0200101":[3,"盛岡市","岩脇町"],"0200507":[3,"岩手郡雫石町","丸谷地"],"0200144":[3,"盛岡市","土淵"],"0200871":[3,"盛岡市","中ノ橋通"],"0200812":[3,"盛岡市","川目"],"0200122":[3,"盛岡市","みたけ"],"0200544":[3,"岩手郡雫石町","柿木"],"0200015":[3,"盛岡市","本町通"],"0200064":[3,"盛岡市","梨木町"],"0200874":[3,"盛岡市","南大通"],"0200503":[3,"岩手郡雫石町","七ツ森"],"0200824":[3,"盛岡市","東安庭"],"0200875":[3,"盛岡市","清水町"],"0200204":[3,"盛岡市","玉山区上田"],"0200025":[3,"盛岡市","大沢川原"],"0200852":[3,"盛岡市","飯岡新田"],"0200042":[3,"盛岡市","新田町"],"0200534":[3,"岩手郡雫石町","川原"],"0200841":[3,"盛岡市","羽場"],"0200131":[3,"盛岡市","中堤町"],"0200137":[3,"盛岡市","天昌寺町"],"0200815":[3,"盛岡市","小杉山"],"0200135":[3,"盛岡市","大新町"],"0200843":[3,"盛岡市","湯沢西"],"0200124":[3,"盛岡市","厨川"],"0200512":[3,"岩手郡雫石町","塩ケ森"],"0200571":[3,"岩手郡雫石町","繋"],"0200864":[3,"盛岡市","西仙北"],"0200881":[3,"盛岡市","天神町"],"0200582":[3,"岩手郡雫石町","橋場"],"0200554":[3,"岩手郡雫石町","町裏"],"0200173":[3,"岩手郡滝沢村","滝沢"],"0200404":[3,"盛岡市","大ケ生"],"0200533":[3,"岩手郡雫石町","林"],"0200104":[3,"盛岡市","小鳥沢"],"0200585":[3,"岩手郡雫石町","長山"],"0200133":[3,"盛岡市","青山"],"0200312":[3,"盛岡市","砂子沢"],"0200502":[3,"岩手郡雫石町","板橋"],"0200558":[3,"岩手郡雫石町","下笹森"],"0200573":[3,"岩手郡雫石町","南畑"],"0200838":[3,"盛岡市","津志田中央"],"0200114":[3,"盛岡市","高松"],"0200827":[3,"盛岡市","鉈屋町"],"0200538":[3,"岩手郡雫石町","上町北"],"0200151":[3,"岩手郡滝沢村","大釜"],"0200044":[3,"盛岡市","城西町"],"0200313":[3,"盛岡市","根田茂"],"0200862":[3,"盛岡市","東仙北"],"0200806":[3,"盛岡市","新庄町"],"0200034":[3,"盛岡市","盛岡駅前通"],"0200148":[3,"盛岡市","前潟"],"0200834":[3,"盛岡市","永井"],"0200817":[3,"盛岡市","東中野"],"0200002":[3,"盛岡市","桜台"],"0200311":[3,"盛岡市","簗川"],"0200032":[3,"盛岡市","夕顔瀬町"],"0200401":[3,"盛岡市","手代森"],"0200529":[3,"岩手郡雫石町","下町西"],"0200142":[3,"盛岡市","稲荷町"],"0200877":[3,"盛岡市","下ノ橋町"],"0200804":[3,"盛岡市","東桜山"],"0200062":[3,"盛岡市","長田町"],"0200556":[3,"岩手郡雫石町","名子"],"0200541":[3,"岩手郡雫石町","千刈田"]}
