{"3270807":[9,"佐野市","大栗町"],"3270104":[9,"佐野市","赤見町"],"3270841":[9,"佐野市","田之入町"],"3270102":[9,"佐野市","出流原町"],"3270101":[9,"佐野市","寺久保町"],"3270022":[9,"佐野市","高砂町"],"3270802":[9,"佐野市","韮川町"],"3270315":[9,"佐野市","吉水駅前"],"3270517":[9,"佐野市","秋山町"],"3270511":[9,"佐野市","会沢町"],"3270825":[9,"佐野市","飯田町"],"3270034":[9,"佐野市","伊保内町"],"3270305":[9,"佐野市","船越町"],"3270027":[9,"佐野市","大和町"],"3270307":[9,"佐野市","岩崎町"],"3270012":[9,"佐野市","大蔵町"],"3270509":[9,"佐野市","宮下町"],"3270001":[9,"佐野市","小中町"],"3270024":[9,"佐野市","亀井町"],"3270011":[9,"佐野市","朝日町"],"3270833":[9,"佐野市","若宮上町"],"3270325":[9,"佐野市","下彦間町"],"3270801":[9,"佐野市","富士町"],"3270103":[9,"佐野市","石塚町"],"3270017":[9,"佐野市","大町"],"3270041":[9,"佐野市","免鳥町"],"3270832":[9,"佐野市","植上町"],"3270006":[9,"佐野市","上台町"],"3270321":[9,"佐野市","閑馬町"],"3270827":[9,"佐野市","北茂呂町"],"3270818":[9,"佐野市","米山南町"],"3270816":[9,"佐野市","栄町"],"3270524":[9,"佐野市","長坂町"],"3270015":[9,"佐野市","金井上町"],"3270026":[9,"佐野市","金屋仲町"],"3270826":[9,"佐野市","茂呂山町"],"3270508":[9,"佐野市","鉢木町"],"3270000":[9,"佐野市",""],"3270028":[9,"佐野市","万町"],"3270811":[9,"佐野市","関川町"],"3270836":[9,"佐野市","寺中町"],"3270502":[9,"佐野市","築地町"],"3270824":[9,"佐野市","馬門町"],"3270847":[9,"佐野市","天神町"],"3270231":[9,"佐野市","飛駒町"],"3270035":[9,"佐野市","船津川町"],"3270005":[9,"佐野市","七軒町"],"3270523":[9,"佐野市","嘉多山町"],"3270822":[9,"佐野市","越名町"],"3270302":[9,"佐野市","白岩町"],"3270304":[9,"佐野市","御神楽町"],"3270501":[9,"佐野市","葛生東"],"3270301":[9,"佐野市","作原町"],"3270031":[9,"佐野市","田島町"],"3270843":[9,"佐野市","堀米町"],"3270525":[9,"佐野市","あくと町"],"3270314":[9,"佐野市","新吉水町"],"3270016":[9,"佐野市","大祝町"],"3270312":[9,"佐野市","栃本町"],"3270844":[9,"佐野市","富岡町"],"3270505":[9,"佐野市","山菅町"],"3270317":[9,"佐野市","田沼町"],"3270815":[9,"佐野市","鐙塚町"],"3270834":[9,"佐野市","若宮下町"],"3270504":[9,"佐野市","中町"],"3270032":[9,"佐野市","庚申塚町"],"3270823":[9,"佐野市","高山町"],"3270817":[9,"佐野市","伊勢山町"],"3270004":[9,"佐野市","赤坂町"],"3270507":[9,"佐野市","葛生西"],"3270311":[9,"佐野市","多田町"],"3270313":[9,"佐野市","吉水町"],"3270014":[9,"佐野市","天明町"],"3270043":[9,"佐野市","君田町"],"3270803":[9,"佐野市","犬伏新町"],"3270845":[9,"佐野市","久保町"],"3270033":[9,"佐野市","大古屋町"],"3270514":[9,"佐野市","仙波町"],"3270303":[9,"佐野市","長谷場町"],"3270042":[9,"佐野市","上羽田町"],"3270814":[9,"佐野市","西浦町"],"3270821":[9,"佐野市","高萩町"],"3270515":[9,"佐野市","柿平町"],"3270021":[9,"佐野市","伊賀町"],"3270837":[9,"佐野市","植野町"],"3270306":[9,"佐野市","戸室町"],"3270846":[9,"佐野市","若松町"],"3270813":[9,"佐野市","黒袴町"],"3270002":[9,"佐野市","並木町"],"3270513":[9,"佐野市","牧町"],"3270323":[9,"佐野市","戸奈良町"],"3270007":[9,"佐野市","金吹町"],"3270045":[9,"佐野市","高橋町"],"3270013":[9,"佐野市","本町"],"3270805":[9,"佐野市","犬伏中町"],"3270812":[9,"佐野市","町谷町"],"3270835":[9,"佐野市","植下町"],"3270316":[9,"佐野市","小見町"],"3270516":[9,"佐野市","水木町"],"3270044":[9,"佐野市","下羽田町"],"3270806":[9,"佐野市","犬伏上町"],"3270025":[9,"佐野市","金屋下町"],"3270003":[9,"佐野市","大橋町"],"3270318":[9,"佐野市","山越町"],"3270503":[9,"佐野市","富士見町"],"3270046":[9,"佐野市","村上町"],"3270324":[9,"佐野市","山形町"],"3270842":[9,"佐野市","奈良渕町"],"3270023":[9,"佐野市","相生町"],"3270831":[9,"佐野市","浅沼町"],"3270322":[9,"佐野市","梅園町"],"3270512":[9,"佐野市","豊代町"],"3270804":[9,"佐野市","犬伏下町"]}
