{"4810046":[23,"北名古屋市","石橋"],"4810045":[23,"北名古屋市","中之郷"],"4810035":[23,"北名古屋市","宇福寺"],"4810012":[23,"北名古屋市","久地野"],"4810011":[23,"北名古屋市","高田寺"],"4810032":[23,"北名古屋市","弥勒寺西"],"4810000":[23,"北名古屋市",""],"4810037":[23,"北名古屋市","鍜治ケ一色"],"4810004":[23,"北名古屋市","鹿田"],"4810001":[23,"北名古屋市","六ツ師"],"4810044":[23,"北名古屋市","加島新田"],"4810013":[23,"北名古屋市","二子"],"4810003":[23,"北名古屋市","能田"],"4810033":[23,"北名古屋市","西之保"],"4810042":[23,"北名古屋市","野崎"],"4810034":[23,"北名古屋市","北野"],"4810041":[23,"北名古屋市","九之坪"],"4810002":[23,"北名古屋市","片場"],"4810039":[23,"北名古屋市","法成寺"],"4810005":[23,"北名古屋市","薬師寺"],"4810043":[23,"北名古屋市","沖村"],"4810036":[23,"北名古屋市","山之腰"],"4810038":[23,"北名古屋市","徳重"],"4810006":[23,"北名古屋市","熊之庄"],"4810014":[23,"北名古屋市","井瀬木"],"4810031":[23,"北名古屋市","弥勒寺東"]}
