{"4506024":[23,"名古屋市中村区","名駅ＪＲセントラルタワーズ"],"4506241":[23,"名古屋市中村区","名駅ミッドランドスクエア"],"4506029":[23,"名古屋市中村区","名駅ＪＲセントラルタワーズ"],"4506224":[23,"名古屋市中村区","名駅ミッドランドスクエア"],"4506011":[23,"名古屋市中村区","名駅ＪＲセントラルタワーズ"],"4506036":[23,"名古屋市中村区","名駅ＪＲセントラルタワーズ"],"4506207":[23,"名古屋市中村区","名駅ミッドランドスクエア"],"4506035":[23,"名古屋市中村区","名駅ＪＲセントラルタワーズ"],"4506210":[23,"名古屋市中村区","名駅ミッドランドスクエア"],"4500005":[23,"名古屋市中村区","西日置"],"4506016":[23,"名古屋市中村区","名駅ＪＲセントラルタワーズ"],"4506240":[23,"名古屋市中村区","名駅ミッドランドスクエア"],"4506219":[23,"名古屋市中村区","名駅ミッドランドスクエア"],"4506018":[23,"名古屋市中村区","名駅ＪＲセントラルタワーズ"],"4506230":[23,"名古屋市中村区","名駅ミッドランドスクエア"],"4506290":[23,"名古屋市中村区","名駅ミッドランドスクエア"],"4506010":[23,"名古屋市中村区","名駅ＪＲセントラルタワーズ"],"4506033":[23,"名古屋市中村区","名駅ＪＲセントラルタワーズ"],"4506208":[23,"名古屋市中村区","名駅ミッドランドスクエア"],"4506017":[23,"名古屋市中村区","名駅ＪＲセントラルタワーズ"],"4506020":[23,"名古屋市中村区","名駅ＪＲセントラルタワーズ"],"4506221":[23,"名古屋市中村区","名駅ミッドランドスクエア"],"4506003":[23,"名古屋市中村区","名駅ＪＲセントラルタワーズ"],"4506019":[23,"名古屋市中村区","名駅ＪＲセントラルタワーズ"],"4506030":[23,"名古屋市中村区","名駅ＪＲセントラルタワーズ"],"4506008":[23,"名古屋市中村区","名駅ＪＲセントラルタワーズ"],"4506247":[23,"名古屋市中村区","名駅ミッドランドスクエア"],"4506021":[23,"名古屋市中村区","名駅ＪＲセントラルタワーズ"],"4506041":[23,"名古屋市中村区","名駅ＪＲセントラルタワーズ"],"4506005":[23,"名古屋市中村区","名駅ＪＲセントラルタワーズ"],"4506044":[23,"名古屋市中村区","名駅ＪＲセントラルタワーズ"],"4506213":[23,"名古屋市中村区","名駅ミッドランドスクエア"],"4506028":[23,"名古屋市中村区","名駅ＪＲセントラルタワーズ"],"4506212":[23,"名古屋市中村区","名駅ミッドランドスクエア"],"4506022":[23,"名古屋市中村区","名駅ＪＲセントラルタワーズ"],"4500002":[23,"名古屋市中村区","名駅"],"4506027":[23,"名古屋市中村区","名駅ＪＲセントラルタワーズ"],"4506202":[23,"名古屋市中村区","名駅ミッドランドスクエア"],"4506040":[23,"名古屋市中村区","名駅ＪＲセントラルタワーズ"],"4506246":[23,"名古屋市中村区","名駅ミッドランドスクエア"],"4506009":[23,"名古屋市中村区","名駅ＪＲセントラルタワーズ"],"4506004":[23,"名古屋市中村区","名駅ＪＲセントラルタワーズ"],"4506043":[23,"名古屋市中村区","名駅ＪＲセントラルタワーズ"],"4506228":[23,"名古屋市中村区","名駅ミッドランドスクエア"],"4506090":[23,"名古屋市中村区","名駅ＪＲセントラルタワーズ"],"4506245":[23,"名古屋市中村区","名駅ミッドランドスクエア"],"4506050":[23,"名古屋市中村区","名駅ＪＲセントラルタワーズ"],"4506244":[23,"名古屋市中村区","名駅ミッドランドスクエア"],"4506235":[23,"名古屋市中村区","名駅ミッドランドスクエア"],"4506047":[23,"名古屋市中村区","名駅ＪＲセントラルタワーズ"],"4506048":[23,"名古屋市中村区","名駅ＪＲセントラルタワーズ"],"4506206":[23,"名古屋市中村区","名駅ミッドランドスクエア"],"4506037":[23,"名古屋市中村区","名駅ＪＲセントラルタワーズ"],"4506034":[23,"名古屋市中村区","名駅ＪＲセントラルタワーズ"],"4500003":[23,"名古屋市中村区","名駅南"],"4506013":[23,"名古屋市中村区","名駅ＪＲセントラルタワーズ"],"4506007":[23,"名古屋市中村区","名駅ＪＲセントラルタワーズ"],"4506046":[23,"名古屋市中村区","名駅ＪＲセントラルタワーズ"],"4506214":[23,"名古屋市中村区","名駅ミッドランドスクエア"],"4506242":[23,"名古屋市中村区","名駅ミッドランドスクエア"],"4506216":[23,"名古屋市中村区","名駅ミッドランドスクエア"],"4506001":[23,"名古屋市中村区","名駅ＪＲセントラルタワーズ"],"4506220":[23,"名古屋市中村区","名駅ミッドランドスクエア"],"4506236":[23,"名古屋市中村区","名駅ミッドランドスクエア"],"4506225":[23,"名古屋市中村区","名駅ミッドランドスクエア"],"4500006":[23,"名古屋市中村区","下広井町"],"4506217":[23,"名古屋市中村区","名駅ミッドランドスクエア"],"4506045":[23,"名古屋市中村区","名駅ＪＲセントラルタワーズ"],"4506201":[23,"名古屋市中村区","名駅ミッドランドスクエア"],"4506243":[23,"名古屋市中村区","名駅ミッドランドスクエア"],"4500007":[23,"名古屋市中村区","笹島町"],"4506014":[23,"名古屋市中村区","名駅ＪＲセントラルタワーズ"],"4506211":[23,"名古屋市中村区","名駅ミッドランドスクエア"],"4500001":[23,"名古屋市中村区","那古野"],"4506042":[23,"名古屋市中村区","名駅ＪＲセントラルタワーズ"],"4506002":[23,"名古屋市中村区","名駅ＪＲセントラルタワーズ"],"4506015":[23,"名古屋市中村区","名駅ＪＲセントラルタワーズ"],"4506229":[23,"名古屋市中村区","名駅ミッドランドスクエア"],"4506209":[23,"名古屋市中村区","名駅ミッドランドスクエア"],"4506238":[23,"名古屋市中村区","名駅ミッドランドスクエア"],"4506231":[23,"名古屋市中村区","名駅ミッドランドスクエア"],"4506023":[23,"名古屋市中村区","名駅ＪＲセントラルタワーズ"],"4506026":[23,"名古屋市中村区","名駅ＪＲセントラルタワーズ"],"4506233":[23,"名古屋市中村区","名駅ミッドランドスクエア"],"4506205":[23,"名古屋市中村区","名駅ミッドランドスクエア"],"4506039":[23,"名古屋市中村区","名駅ＪＲセントラルタワーズ"],"4506232":[23,"名古屋市中村区","名駅ミッドランドスクエア"],"4506051":[23,"名古屋市中村区","名駅ＪＲセントラルタワーズ"],"4500004":[23,"名古屋市中村区","松重町"],"4506031":[23,"名古屋市中村区","名駅ＪＲセントラルタワーズ"],"4506006":[23,"名古屋市中村区","名駅ＪＲセントラルタワーズ"],"4506215":[23,"名古屋市中村区","名駅ミッドランドスクエア"],"4506203":[23,"名古屋市中村区","名駅ミッドランドスクエア"],"4506038":[23,"名古屋市中村区","名駅ＪＲセントラルタワーズ"],"4506032":[23,"名古屋市中村区","名駅ＪＲセントラルタワーズ"],"4506218":[23,"名古屋市中村区","名駅ミッドランドスクエア"],"4506223":[23,"名古屋市中村区","名駅ミッドランドスクエア"],"4506237":[23,"名古屋市中村区","名駅ミッドランドスクエア"],"4506049":[23,"名古屋市中村区","名駅ＪＲセントラルタワーズ"],"4506222":[23,"名古屋市中村区","名駅ミッドランドスクエア"],"4506204":[23,"名古屋市中村区","名駅ミッドランドスクエア"],"4506234":[23,"名古屋市中村区","名駅ミッドランドスクエア"],"4506012":[23,"名古屋市中村区","名駅ＪＲセントラルタワーズ"],"4506226":[23,"名古屋市中村区","名駅ミッドランドスクエア"],"4506227":[23,"名古屋市中村区","名駅ミッドランドスクエア"],"4506239":[23,"名古屋市中村区","名駅ミッドランドスクエア"],"4506025":[23,"名古屋市中村区","名駅ＪＲセントラルタワーズ"]}
