{"0691216":[1,"夕張郡由仁町","古山"],"0691452":[1,"夕張郡長沼町","東２線南"],"0691304":[1,"夕張郡長沼町","北市区"],"0691512":[1,"夕張郡栗山町","松風"],"0690844":[1,"江別市","大麻西町"],"0691475":[1,"夕張郡長沼町","西５線南"],"0691508":[1,"夕張郡栗山町","湯地"],"0691506":[1,"夕張郡栗山町","杵臼"],"0691463":[1,"夕張郡長沼町","東１３線南"],"0690821":[1,"江別市","東野幌町"],"0690855":[1,"江別市","大麻宮町"],"0691347":[1,"夕張郡長沼町","北町"],"0690813":[1,"江別市","野幌町"],"0690816":[1,"江別市","野幌住吉町"],"0691523":[1,"夕張郡栗山町","共和"],"0690384":[1,"岩見沢市","御茶の水町"],"0691133":[1,"夕張郡由仁町","三川旭町"],"0691460":[1,"夕張郡長沼町","東１０線南"],"0691454":[1,"夕張郡長沼町","東４線南"],"0691461":[1,"夕張郡長沼町","東１１線南"],"0691504":[1,"夕張郡栗山町","北学田"],"0691136":[1,"夕張郡由仁町","熊本"],"0691141":[1,"夕張郡由仁町","川端"],"0691214":[1,"夕張郡由仁町","西三川"],"0690219":[1,"空知郡南幌町","南１９線西"],"0691500":[1,"夕張郡栗山町",""],"0691521":[1,"夕張郡栗山町","錦"],"0690221":[1,"空知郡南幌町","南２１線西"],"0691316":[1,"夕張郡長沼町","加賀団体"],"0691335":[1,"夕張郡長沼町","あかね"],"0691308":[1,"夕張郡長沼町","８区"],"0691208":[1,"夕張郡由仁町","山形"],"0690373":[1,"岩見沢市","幌向南三条"],"0690208":[1,"空知郡南幌町","南８線西"],"0691131":[1,"夕張郡由仁町","三川泉町"],"0690351":[1,"岩見沢市","北村砂浜"],"0691501":[1,"夕張郡栗山町","桜丘"],"0691135":[1,"夕張郡由仁町","西三川"],"0690846":[1,"江別市","大麻桜木町"],"0691513":[1,"夕張郡栗山町","朝日"],"0691471":[1,"夕張郡長沼町","西１線南"],"0691333":[1,"夕張郡長沼町","本町"],"0690365":[1,"岩見沢市","上幌向町"],"0691183":[1,"千歳市","幌加"],"0690862":[1,"江別市","大麻栄町"],"0691458":[1,"夕張郡長沼町","東８線南"],"0690363":[1,"岩見沢市","上幌向南二条"],"0690852":[1,"江別市","大麻東町"],"0690832":[1,"江別市","西野幌"],"0690361":[1,"岩見沢市","上幌向北一条"],"0690801":[1,"江別市","中央町"],"0691144":[1,"夕張郡由仁町","本三川"],"0691318":[1,"夕張郡長沼町","西１線北"],"0690823":[1,"江別市","緑ケ丘"],"0690238":[1,"空知郡南幌町","元町"],"0690841":[1,"江別市","大麻元町"],"0691320":[1,"夕張郡長沼町","市街地"],"0691456":[1,"夕張郡長沼町","東６線南"],"0690231":[1,"空知郡南幌町","北町"],"0690851":[1,"江別市","大麻園町"],"0691301":[1,"夕張郡長沼町","１区"],"0691313":[1,"夕張郡長沼町","１３区"],"0691503":[1,"夕張郡栗山町","雨煙別"],"0690371":[1,"岩見沢市","幌向南一条"],"0691211":[1,"夕張郡由仁町","岩内"],"0690213":[1,"空知郡南幌町","南１３線西"],"0690863":[1,"江別市","大麻新町"],"0691332":[1,"夕張郡長沼町","中央"],"0690233":[1,"空知郡南幌町","東町"],"0691482":[1,"夕張郡長沼町","西１２線南"],"0691215":[1,"夕張郡由仁町","熊本"],"0691464":[1,"夕張郡長沼町","幌内"],"0690826":[1,"江別市","あさひが丘"],"0691485":[1,"夕張郡長沼町","３０区"],"0690843":[1,"江別市","大麻扇町"],"0691477":[1,"夕張郡長沼町","西７線南"],"0690865":[1,"江別市","大麻南樹町"],"0690376":[1,"岩見沢市","中幌向町"],"0691219":[1,"夕張郡由仁町","東光"],"0691312":[1,"夕張郡長沼町","１２区"],"0690812":[1,"江別市","幸町"],"0691459":[1,"夕張郡長沼町","東９線南"],"0690382":[1,"岩見沢市","幌向北二条"],"0690239":[1,"空知郡南幌町","稲穂"],"0690806":[1,"江別市","新栄台"],"0690366":[1,"岩見沢市","双葉町"],"0691473":[1,"夕張郡長沼町","西３線南"],"0691205":[1,"夕張郡由仁町","中央"],"0691451":[1,"夕張郡長沼町","東１線南"],"0690853":[1,"江別市","大麻高町"],"0690217":[1,"空知郡南幌町","南１７線西"],"0691202":[1,"夕張郡由仁町","古川"],"0691322":[1,"夕張郡長沼町","馬追原野"],"0691453":[1,"夕張郡長沼町","東３線南"],"0691182":[1,"千歳市","協和"],"0690207":[1,"空知郡南幌町","南７線西"],"0690211":[1,"空知郡南幌町","南１１線西"],"0691483":[1,"夕張郡長沼町","西１３線南"],"0691476":[1,"夕張郡長沼町","西６線南"],"0690362":[1,"岩見沢市","上幌向南一条"],"0691309":[1,"夕張郡長沼町","９区"],"0690364":[1,"岩見沢市","上幌向南三条"],"0691502":[1,"夕張郡栗山町","鳩山"],"0691200":[1,"夕張郡由仁町",""],"0690834":[1,"江別市","文京台東町"],"0691484":[1,"夕張郡長沼町","西１４線南"],"0690845":[1,"江別市","大麻"],"0690200":[1,"空知郡南幌町",""],"0691305":[1,"夕張郡長沼町","５区"],"0691511":[1,"夕張郡栗山町","中央"],"0691329":[1,"夕張郡長沼町","木詰"],"0691132":[1,"夕張郡由仁町","三川錦町"],"0691345":[1,"夕張郡長沼町","しらかば"],"0691217":[1,"夕張郡由仁町","光栄"],"0691204":[1,"夕張郡由仁町","新光"],"0690811":[1,"江別市","錦町"],"0690383":[1,"岩見沢市","幌向町"],"0691306":[1,"夕張郡長沼町","６区"],"0691343":[1,"夕張郡長沼町","旭町"],"0690220":[1,"空知郡南幌町","南２０線西"],"0690804":[1,"江別市","野幌美幸町"],"0690864":[1,"江別市","大麻泉町"],"0691462":[1,"夕張郡長沼町","東１２線南"],"0690381":[1,"岩見沢市","幌向北一条"],"0691206":[1,"夕張郡由仁町","本町"],"0691524":[1,"夕張郡栗山町","角田"],"0690212":[1,"空知郡南幌町","南１２線西"],"0691213":[1,"夕張郡由仁町","本三川"],"0691134":[1,"夕張郡由仁町","三川緑町"],"0690822":[1,"江別市","東野幌"],"0691303":[1,"夕張郡長沼町","３区"],"0690209":[1,"空知郡南幌町","南９線西"],"0690374":[1,"岩見沢市","幌向南四条"],"0691525":[1,"夕張郡栗山町","三日月"],"0690235":[1,"空知郡南幌町","中央"],"0691334":[1,"夕張郡長沼町","錦町北"],"0690831":[1,"江別市","野幌若葉町"],"0690232":[1,"空知郡南幌町","緑町"],"0691472":[1,"夕張郡長沼町","西２線南"],"0690842":[1,"江別市","大麻沢町"],"0690847":[1,"江別市","大麻ひかり町"],"0690836":[1,"江別市","文京台緑町"],"0691336":[1,"夕張郡長沼町","川沿"],"0691142":[1,"夕張郡由仁町","東三川"],"0690802":[1,"江別市","野幌寿町"],"0690814":[1,"江別市","野幌松並町"],"0691315":[1,"夕張郡長沼町","南町"],"0690215":[1,"空知郡南幌町","南１５線西"],"0691317":[1,"夕張郡長沼町","東１線北"],"0691480":[1,"夕張郡長沼町","西１０線南"],"0690375":[1,"岩見沢市","幌向南五条"],"0691212":[1,"夕張郡由仁町","山桝"],"0691302":[1,"夕張郡長沼町","２区"],"0691181":[1,"千歳市","東丘"],"0691341":[1,"夕張郡長沼町","宮下"],"0691307":[1,"夕張郡長沼町","７区"],"0690210":[1,"空知郡南幌町","南１０線西"],"0691184":[1,"千歳市","新川"],"0691479":[1,"夕張郡長沼町","西９線南"],"0690861":[1,"江別市","大麻北町"],"0690824":[1,"江別市","東野幌本町"],"0691300":[1,"夕張郡長沼町",""],"0690237":[1,"空知郡南幌町","栄町"],"0690867":[1,"江別市","元野幌"],"0691207":[1,"夕張郡由仁町","馬追"],"0690372":[1,"岩見沢市","幌向南二条"],"0691314":[1,"夕張郡長沼町","１４区"],"0691507":[1,"夕張郡栗山町","旭台"],"0690236":[1,"空知郡南幌町","西町"],"0691481":[1,"夕張郡長沼町","西１１線南"],"0690835":[1,"江別市","文京台南町"],"0691201":[1,"夕張郡由仁町","北栄"],"0690214":[1,"空知郡南幌町","南１４線西"],"0691331":[1,"夕張郡長沼町","銀座"],"0690234":[1,"空知郡南幌町","美園"],"0691346":[1,"夕張郡長沼町","西町"],"0690803":[1,"江別市","野幌屯田町"],"0690817":[1,"江別市","野幌代々木町"],"0691143":[1,"夕張郡由仁町","中三川"],"0691526":[1,"夕張郡栗山町","富士"],"0690805":[1,"江別市","元野幌"],"0691203":[1,"夕張郡由仁町","東栄"],"0690218":[1,"空知郡南幌町","南１８線西"],"0690833":[1,"江別市","文京台"],"0691218":[1,"夕張郡由仁町","伏見"],"0691342":[1,"夕張郡長沼町","東町"],"0691311":[1,"夕張郡長沼町","フシコ"],"0690815":[1,"江別市","野幌末広町"],"0690866":[1,"江別市","大麻晴美町"],"0690854":[1,"江別市","大麻中町"],"0691321":[1,"夕張郡長沼町","馬追"],"0691474":[1,"夕張郡長沼町","西４線南"],"0690216":[1,"空知郡南幌町","南１６線西"],"0690825":[1,"江別市","野幌東町"],"0691505":[1,"夕張郡栗山町","桜山"],"0691457":[1,"夕張郡長沼町","東７線南"],"0691344":[1,"夕張郡長沼町","曙町"],"0691478":[1,"夕張郡長沼町","西８線南"],"0691522":[1,"夕張郡栗山町","中里"],"0691310":[1,"夕張郡長沼町","１０区"],"0691455":[1,"夕張郡長沼町","東５線南"]}
