{"0600016":[1,"札幌市中央区","北十六条西"],"0600034":[1,"札幌市中央区","北四条東"],"0600905":[1,"札幌市東区","北五条東"],"0600008":[1,"札幌市中央区","北八条西"],"0600818":[1,"札幌市北区","北十八条西"],"0600806":[1,"札幌市北区","北六条西"],"0600042":[1,"札幌市中央区","大通西"],"0600817":[1,"札幌市北区","北十七条西"],"0600062":[1,"札幌市中央区","南二条西"],"0600814":[1,"札幌市北区","北十四条西"],"0600018":[1,"札幌市中央区","北十八条西"],"0600057":[1,"札幌市中央区","南七条東"],"0600012":[1,"札幌市中央区","北十二条西"],"0600820":[1,"札幌市北区","北二十条西"],"0600041":[1,"札幌市中央区","大通東"],"0600015":[1,"札幌市中央区","北十五条西"],"0600020":[1,"札幌市中央区","北二十条西"],"0600013":[1,"札幌市中央区","北十三条西"],"0600052":[1,"札幌市中央区","南二条東"],"0600035":[1,"札幌市中央区","北五条東"],"0600812":[1,"札幌市北区","北十二条西"],"0600810":[1,"札幌市北区","北十条西"],"0600032":[1,"札幌市中央区","北二条東"],"0600051":[1,"札幌市中央区","南一条東"],"0600021":[1,"札幌市中央区","北二十一条西"],"0600006":[1,"札幌市中央区","北六条西"],"0600908":[1,"札幌市東区","北八条東"],"0600031":[1,"札幌市中央区","北一条東"],"0600053":[1,"札幌市中央区","南三条東"],"0600063":[1,"札幌市中央区","南三条西"],"0600005":[1,"札幌市中央区","北五条西"],"0600819":[1,"札幌市北区","北十九条西"],"0600009":[1,"札幌市中央区","北九条西"],"0600809":[1,"札幌市北区","北九条西"],"0600054":[1,"札幌市中央区","南四条東"],"0600061":[1,"札幌市中央区","南一条西"],"0600003":[1,"札幌市中央区","北三条西"],"0600002":[1,"札幌市中央区","北二条西"],"0600055":[1,"札幌市中央区","南五条東"],"0600056":[1,"札幌市中央区","南六条東"],"0600808":[1,"札幌市北区","北八条西"],"0600011":[1,"札幌市中央区","北十一条西"],"0600017":[1,"札幌市中央区","北十七条西"],"0600815":[1,"札幌市北区","北十五条西"],"0600001":[1,"札幌市中央区","北一条西"],"0600807":[1,"札幌市北区","北七条西"],"0600811":[1,"札幌市北区","北十一条西"],"0600909":[1,"札幌市東区","北九条東"],"0600014":[1,"札幌市中央区","北十四条西"],"0600004":[1,"札幌市中央区","北四条西"],"0600010":[1,"札幌市中央区","北十条西"],"0600813":[1,"札幌市北区","北十三条西"],"0600000":[1,"札幌市中央区",""],"0600907":[1,"札幌市東区","北七条東"],"0600033":[1,"札幌市中央区","北三条東"],"0600816":[1,"札幌市北区","北十六条西"],"0600906":[1,"札幌市東区","北六条東"],"0600007":[1,"札幌市中央区","北七条西"],"0600022":[1,"札幌市中央区","北二十二条西"]}
