{"0791264":[1,"赤平市","茂尻旭町"],"0790315":[1,"空知郡奈井江町","高島"],"0790161":[1,"美唄市","光珠内拓北"],"0790503":[1,"雨竜郡妹背牛町","３区"],"0791283":[1,"赤平市","平岸東町"],"0791266":[1,"赤平市","茂尻"],"0798415":[1,"旭川市","永山５条"],"0798413":[1,"旭川市","永山３条"],"0791114":[1,"赤平市","若木町南"],"0790510":[1,"雨竜郡妹背牛町","１０区"],"0790317":[1,"空知郡奈井江町","瑞穂"],"0791573":[1,"富良野市","山部西２５線"],"0798424":[1,"旭川市","永山１４条"],"0791581":[1,"富良野市","山部東１２線"],"0798411":[1,"旭川市","永山１条"],"0792206":[1,"勇払郡占冠村","双珠別"],"0791564":[1,"富良野市","山部中町"],"0798401":[1,"旭川市","秋月１条"],"0792403":[1,"空知郡南富良野町","幾寅"],"0792412":[1,"空知郡南富良野町","東幾寅"],"0798451":[1,"旭川市","永山北１条"],"0790301":[1,"空知郡奈井江町","厳島"],"0790174":[1,"美唄市","峰延町本町"],"0791142":[1,"赤平市","東大町"],"0791124":[1,"赤平市","豊丘町"],"0791123":[1,"赤平市","東文京町"],"0798454":[1,"旭川市","永山北４条"],"0791268":[1,"赤平市","茂尻元町北"],"0790313":[1,"空知郡奈井江町","本町"],"0790271":[1,"美唄市","中村町南"],"0798420":[1,"旭川市","永山１０条"],"0791271":[1,"赤平市","百戸町北"],"0798417":[1,"旭川市","永山７条"],"0791113":[1,"赤平市","若木町東"],"0791121":[1,"赤平市","北文京町"],"0790311":[1,"空知郡奈井江町","大和"],"0790461":[1,"滝川市","江部乙町"],"0790505":[1,"雨竜郡妹背牛町","５区"],"0792204":[1,"勇払郡占冠村","中トマム"],"0791263":[1,"赤平市","茂尻本町"],"0790502":[1,"雨竜郡妹背牛町","２区"],"0791372":[1,"芦別市","野花南町"],"0791286":[1,"赤平市","平岸西町"],"0790166":[1,"美唄市","光珠内東山"],"0790304":[1,"空知郡奈井江町","宮村"],"0791151":[1,"赤平市","宮下町"],"0798422":[1,"旭川市","永山１２条"],"0791131":[1,"赤平市","西豊里町"],"0792202":[1,"勇払郡占冠村","占冠"],"0790508":[1,"雨竜郡妹背牛町","８区"],"0792200":[1,"勇払郡占冠村",""],"0791565":[1,"富良野市","山部南町"],"0798403":[1,"旭川市","秋月３条"],"0790264":[1,"美唄市","日東町本町"],"0792551":[1,"空知郡南富良野町","落合"],"0791100":[1,"赤平市",""],"0791133":[1,"赤平市","豊里"],"0790261":[1,"美唄市","茶志内町"],"0792131":[1,"空知郡南富良野町","金山"],"0790300":[1,"空知郡奈井江町",""],"0790500":[1,"雨竜郡妹背牛町",""],"0790462":[1,"滝川市","江部乙町西"],"0791284":[1,"赤平市","平岸南町"],"0791141":[1,"赤平市","大町"],"0791371":[1,"芦別市","上芦別町"],"0798418":[1,"旭川市","永山８条"],"0791154":[1,"赤平市","幸町"],"0791143":[1,"赤平市","赤平"],"0791272":[1,"赤平市","百戸町東"],"0790172":[1,"美唄市","峰延町東"],"0790267":[1,"美唄市","茶志内町協和"],"0790176":[1,"美唄市","豊葦町"],"0790263":[1,"美唄市","日東町住吉"],"0790182":[1,"岩見沢市","峰延町"],"0791562":[1,"富良野市","山部北町"],"0798441":[1,"旭川市","流通団地１条"],"0790272":[1,"美唄市","中村町中央"],"0792552":[1,"空知郡南富良野町","北落合"],"0790316":[1,"空知郡奈井江町","キナウスナイ"],"0798416":[1,"旭川市","永山６条"],"0792207":[1,"勇払郡占冠村","ニニウ"],"0791572":[1,"富良野市","山部西２０線"],"0790509":[1,"雨竜郡妹背牛町","９区"],"0791122":[1,"赤平市","西文京町"],"0791287":[1,"赤平市","平岸桂町"],"0791156":[1,"赤平市","住吉町"],"0792133":[1,"富良野市","東山"],"0790314":[1,"空知郡奈井江町","南町"],"0791571":[1,"富良野市","山部西１２線"],"0791563":[1,"富良野市","山部東町"],"0791262":[1,"赤平市","茂尻春日町"],"0791136":[1,"赤平市","本町"],"0791281":[1,"赤平市","平岸新光町"],"0792201":[1,"勇払郡占冠村","中央"],"0790162":[1,"美唄市","光珠内北"],"0791566":[1,"富良野市","山部西町"],"0791274":[1,"赤平市","エルム町"],"0790167":[1,"美唄市","光珠内町南"],"0790501":[1,"雨竜郡妹背牛町","１区"],"0790265":[1,"美唄市","日東町富の郷"],"0791265":[1,"赤平市","茂尻新町"],"0792203":[1,"勇払郡占冠村","下トマム"],"0790506":[1,"雨竜郡妹背牛町","６区"],"0792205":[1,"勇払郡占冠村","上トマム"],"0791144":[1,"赤平市","美園町"],"0798452":[1,"旭川市","永山北２条"],"0790312":[1,"空知郡奈井江町","北町"],"0792401":[1,"空知郡南富良野町","幾寅"],"0798421":[1,"旭川市","永山１１条"],"0790274":[1,"美唄市","北美唄町"],"0792400":[1,"空知郡南富良野町",""],"0791153":[1,"赤平市","豊栄町"],"0790177":[1,"美唄市","上美唄町"],"0798402":[1,"旭川市","秋月２条"],"0791282":[1,"赤平市","平岸仲町"],"0798453":[1,"旭川市","永山北３条"],"0790507":[1,"雨竜郡妹背牛町","７区"],"0798419":[1,"旭川市","永山９条"],"0790173":[1,"美唄市","峰延町公園"],"0790504":[1,"雨竜郡妹背牛町","４区"],"0798444":[1,"旭川市","流通団地４条"],"0798412":[1,"旭川市","永山２条"],"0798423":[1,"旭川市","永山１３条"],"0791582":[1,"富良野市","山部東２０線"],"0790306":[1,"空知郡奈井江町","東町"],"0792402":[1,"空知郡南富良野町","幾寅"],"0791155":[1,"赤平市","昭和町"],"0790183":[1,"岩見沢市","大願町"],"0790273":[1,"美唄市","中村町北"],"0790511":[1,"雨竜郡妹背牛町","１１区"],"0791102":[1,"赤平市","幌岡町"],"0791134":[1,"赤平市","泉町"],"0790171":[1,"美唄市","光珠内中央"],"0791181":[1,"砂川市","富平"],"0791111":[1,"赤平市","若木町北"],"0798431":[1,"旭川市","永山町"],"0790262":[1,"美唄市","日東町栄町"],"0791135":[1,"赤平市","錦町"],"0791132":[1,"赤平市","東豊里町"],"0798442":[1,"旭川市","流通団地２条"],"0790175":[1,"美唄市","峰延町峰樺"],"0790463":[1,"滝川市","江部乙町東"],"0790165":[1,"美唄市","光珠内上中の沢"],"0792132":[1,"空知郡南富良野町","下金山"],"0791261":[1,"赤平市","茂尻中央町南"],"0798414":[1,"旭川市","永山４条"],"0790305":[1,"空知郡奈井江町","茶志内"],"0790266":[1,"美唄市","茶志内町本町"],"0791152":[1,"赤平市","桜木町"],"0790302":[1,"空知郡奈井江町","白山"],"0791101":[1,"赤平市","共和町"],"0791273":[1,"赤平市","百戸町西"],"0792404":[1,"空知郡南富良野町","幾寅"],"0791267":[1,"赤平市","茂尻元町南"],"0791112":[1,"赤平市","若木町西"],"0790181":[1,"岩見沢市","岡山町"],"0798443":[1,"旭川市","流通団地３条"],"0792411":[1,"空知郡南富良野町","東鹿越"],"0791285":[1,"赤平市","平岸曙町"],"0790303":[1,"空知郡奈井江町","向ケ丘"],"0790164":[1,"美唄市","光珠内下中の沢"]}
