{"0660034":[1,"千歳市","富丘"],"0660028":[1,"千歳市","花園"],"0660044":[1,"千歳市","平和"],"0660072":[1,"千歳市","自由ケ丘"],"0660066":[1,"千歳市","大和"],"0660063":[1,"千歳市","幸町"],"0660082":[1,"千歳市","幸福"],"0660014":[1,"千歳市","青葉丘"],"0660026":[1,"千歳市","住吉"],"0660064":[1,"千歳市","錦町"],"0660013":[1,"千歳市","柏台"],"0660065":[1,"千歳市","春日町"],"0660047":[1,"千歳市","本町"],"0660062":[1,"千歳市","千代田町"],"0660038":[1,"千歳市","信濃"],"0660081":[1,"千歳市","清流"],"0660067":[1,"千歳市","桂木"],"0660068":[1,"千歳市","蘭越"],"0660281":[1,"千歳市","支笏湖温泉"],"0660045":[1,"千歳市","真々地"],"0660061":[1,"千歳市","栄町"],"0660284":[1,"千歳市","支寒内"],"0660035":[1,"千歳市","高台"],"0660003":[1,"千歳市","都"],"0660022":[1,"千歳市","豊里"],"0660054":[1,"千歳市","柏陽"],"0660004":[1,"千歳市","泉郷"],"0660074":[1,"千歳市","緑町"],"0660025":[1,"千歳市","梅ケ丘"],"0660024":[1,"千歳市","弥生"],"0660286":[1,"千歳市","奥潭"],"0660285":[1,"千歳市","美笛"],"0660006":[1,"千歳市","祝梅"],"0660071":[1,"千歳市","桜木"],"0660055":[1,"千歳市","里美"],"0660029":[1,"千歳市","稲穂"],"0660076":[1,"千歳市","あずさ"],"0660083":[1,"千歳市","みどり台北"],"0660073":[1,"千歳市","北斗"],"0660271":[1,"苫小牧市","丸山"],"0660037":[1,"千歳市","新富"],"0660078":[1,"千歳市","勇舞"],"0660023":[1,"千歳市","寿"],"0660046":[1,"千歳市","真町"],"0660084":[1,"千歳市","みどり台南"],"0660007":[1,"千歳市","中央"],"0660005":[1,"千歳市","協和"],"0660075":[1,"千歳市","北信濃"],"0660002":[1,"千歳市","釜加"],"0660021":[1,"千歳市","東郊"],"0660001":[1,"千歳市","長都"],"0660009":[1,"千歳市","柏台南"],"0660018":[1,"千歳市","旭ケ丘"],"0660039":[1,"千歳市","富士"],"0660032":[1,"千歳市","北陽"],"0660015":[1,"千歳市","青葉"],"0660052":[1,"千歳市","文京"],"0660069":[1,"千歳市","新星"],"0660053":[1,"千歳市","福住"],"0660036":[1,"千歳市","北栄"],"0660016":[1,"千歳市","日の出丘"],"0660077":[1,"千歳市","上長都"],"0660287":[1,"千歳市","幌美内"],"0660033":[1,"千歳市","北光"],"0660283":[1,"千歳市","モラップ"],"0660012":[1,"千歳市","美々"],"0660282":[1,"千歳市","水明郷"],"0660017":[1,"千歳市","日の出"],"0660027":[1,"千歳市","末広"],"0660042":[1,"千歳市","東雲町"],"0660000":[1,"千歳市",""],"0660011":[1,"千歳市","駒里"],"0660041":[1,"千歳市","清水町"],"0660057":[1,"千歳市","若草"],"0660008":[1,"千歳市","根志越"],"0660056":[1,"千歳市","白樺"],"0660051":[1,"千歳市","泉沢"],"0660019":[1,"千歳市","流通"],"0660031":[1,"千歳市","長都駅前"],"0660043":[1,"千歳市","朝日町"]}
