{"4650009":[23,"名古屋市名東区","天神下"],"4650004":[23,"名古屋市名東区","香南"],"4650058":[23,"名古屋市名東区","貴船"],"4650052":[23,"名古屋市名東区","猪高町上社"],"4650035":[23,"名古屋市名東区","豊が丘"],"4650097":[23,"名古屋市名東区","平和が丘"],"4650034":[23,"名古屋市名東区","高柳町"],"4650065":[23,"名古屋市名東区","梅森坂"],"4650067":[23,"名古屋市名東区","猪高町高針"],"4650054":[23,"名古屋市名東区","高針台"],"4650008":[23,"名古屋市名東区","猪子石原"],"4650092":[23,"名古屋市名東区","社台"],"4650069":[23,"名古屋市名東区","高針荒田"],"4650066":[23,"名古屋市名東区","梅森坂西"],"4650094":[23,"名古屋市名東区","亀の井"],"4650064":[23,"名古屋市名東区","大針"],"4650074":[23,"名古屋市名東区","山香町"],"4650087":[23,"名古屋市名東区","名東本通"],"4650037":[23,"名古屋市名東区","藤香町"],"4650026":[23,"名古屋市名東区","藤森"],"4650021":[23,"名古屋市名東区","猪子石"],"4650063":[23,"名古屋市名東区","新宿"],"4650056":[23,"名古屋市名東区","野間町"],"4650011":[23,"名古屋市名東区","山の手"],"4650044":[23,"名古屋市名東区","小井堀町"],"4650003":[23,"名古屋市名東区","延珠町"],"4650043":[23,"名古屋市名東区","宝が丘"],"4650001":[23,"名古屋市名東区","猪高町猪子石原"],"4650071":[23,"名古屋市名東区","西山台"],"4650025":[23,"名古屋市名東区","上社"],"4650031":[23,"名古屋市名東区","富が丘"],"4650053":[23,"名古屋市名東区","極楽"],"4650081":[23,"名古屋市名東区","高間町"],"4650036":[23,"名古屋市名東区","藤里町"],"4650093":[23,"名古屋市名東区","一社"],"4650022":[23,"名古屋市名東区","藤森西町"],"4650061":[23,"名古屋市名東区","高針"],"4650017":[23,"名古屋市名東区","つつじが丘"],"4650002":[23,"名古屋市名東区","引山"],"4650016":[23,"名古屋市名東区","赤松台"],"4650023":[23,"名古屋市名東区","石が根町"],"4650047":[23,"名古屋市名東区","小池町"],"4650012":[23,"名古屋市名東区","文教台"],"4650078":[23,"名古屋市名東区","にじが丘"],"4650051":[23,"名古屋市名東区","社が丘"],"4650018":[23,"名古屋市名東区","八前"],"4650084":[23,"名古屋市名東区","西里町"],"4650075":[23,"名古屋市名東区","藤巻町"],"4650024":[23,"名古屋市名東区","本郷"],"4650041":[23,"名古屋市名東区","朝日が丘"],"4650046":[23,"名古屋市名東区","望が丘"],"4650032":[23,"名古屋市名東区","藤が丘"],"4650072":[23,"名古屋市名東区","牧の原"],"4650082":[23,"名古屋市名東区","神里"],"4650083":[23,"名古屋市名東区","神丘町"],"4650085":[23,"名古屋市名東区","西山本通"],"4650048":[23,"名古屋市名東区","藤見が丘"],"4650055":[23,"名古屋市名東区","勢子坊"],"4650062":[23,"名古屋市名東区","松井町"],"4650005":[23,"名古屋市名東区","香流"],"4650076":[23,"名古屋市名東区","扇町"],"4650096":[23,"名古屋市名東区","桜が丘"],"4650057":[23,"名古屋市名東区","陸前町"],"4650086":[23,"名古屋市名東区","代万町"],"4650077":[23,"名古屋市名東区","植園町"],"4650045":[23,"名古屋市名東区","姫若町"],"4650095":[23,"名古屋市名東区","高社"],"4650033":[23,"名古屋市名東区","明が丘"],"4650015":[23,"名古屋市名東区","若葉台"],"4650006":[23,"名古屋市名東区","神月町"],"4650014":[23,"名古屋市名東区","上菅"],"4650028":[23,"名古屋市名東区","猪高台"],"4650000":[23,"名古屋市名東区",""],"4650007":[23,"名古屋市名東区","香坂"],"4650027":[23,"名古屋市名東区","丁田町"],"4650091":[23,"名古屋市名東区","よもぎ台"],"4650068":[23,"名古屋市名東区","牧の里"],"4650013":[23,"名古屋市名東区","社口"],"4650088":[23,"名古屋市名東区","名東本町"],"4650042":[23,"名古屋市名東区","照が丘"],"4650073":[23,"名古屋市名東区","高針原"]}
