{"0570034":[1,"浦河郡浦河町","堺町西"],"0570174":[1,"浦河郡浦河町","上西舎"],"0570033":[1,"浦河郡浦河町","堺町東"],"0570001":[1,"浦河郡浦河町","東幌別"],"0570007":[1,"浦河郡浦河町","東町ちのみ"],"0570011":[1,"浦河郡浦河町","旭町"],"0570026":[1,"浦河郡浦河町","向別"],"0570000":[1,"浦河郡浦河町",""],"0570002":[1,"浦河郡浦河町","西幌別"],"0570171":[1,"浦河郡浦河町","西舎"],"0570035":[1,"浦河郡浦河町","井寒台"],"0570013":[1,"浦河郡浦河町","大通"],"0570173":[1,"浦河郡浦河町","上杵臼"],"0570172":[1,"浦河郡浦河町","杵臼"],"0570031":[1,"浦河郡浦河町","向が丘東"],"0570004":[1,"浦河郡浦河町","月寒"],"0570021":[1,"浦河郡浦河町","潮見町"],"0570027":[1,"浦河郡浦河町","上向別"],"0570014":[1,"浦河郡浦河町","入船町"],"0570005":[1,"浦河郡浦河町","東町うしお"],"0570032":[1,"浦河郡浦河町","向が丘西"],"0570006":[1,"浦河郡浦河町","東町かしわ"],"0570022":[1,"浦河郡浦河町","昌平町"],"0570036":[1,"浦河郡浦河町","絵笛"],"0570025":[1,"浦河郡浦河町","緑町"],"0570023":[1,"浦河郡浦河町","栄丘"],"0570012":[1,"浦河郡浦河町","常盤町"],"0570003":[1,"浦河郡浦河町","白泉"],"0570015":[1,"浦河郡浦河町","浜町"],"0570024":[1,"浦河郡浦河町","築地"]}
