{"3140026":[8,"鹿嶋市","木滝佐田谷原入会"],"3140131":[8,"神栖市","下幡木"],"3140343":[8,"神栖市","土合本町"],"3140036":[8,"鹿嶋市","大船津"],"3140121":[8,"神栖市","溝口"],"3140035":[8,"鹿嶋市","根三田"],"3140022":[8,"鹿嶋市","長栖"],"3140407":[8,"神栖市","波崎新港"],"3140016":[8,"鹿嶋市","国末"],"3140007":[8,"鹿嶋市","神向寺"],"3140341":[8,"神栖市","矢田部"],"3140030":[8,"鹿嶋市","厨"],"3140144":[8,"神栖市","大野原"],"3140024":[8,"鹿嶋市","鰐川"],"3140032":[8,"鹿嶋市","宮下"],"3140124":[8,"神栖市","石神"],"3140023":[8,"鹿嶋市","谷原"],"3140006":[8,"鹿嶋市","宮津台"],"3140038":[8,"鹿嶋市","城山"],"3140034":[8,"鹿嶋市","鉢形"],"3140128":[8,"神栖市","大野原中央"],"3140042":[8,"鹿嶋市","田野辺"],"3140134":[8,"神栖市","賀"],"3140116":[8,"神栖市","奥野谷"],"3140039":[8,"鹿嶋市","緑ヶ丘"],"3140345":[8,"神栖市","土合南"],"3140342":[8,"神栖市","土合北"],"3140115":[8,"神栖市","知手"],"3140051":[8,"神栖市","光"],"3140145":[8,"神栖市","平泉外１２入会"],"3140017":[8,"鹿嶋市","旭ケ丘"],"3140101":[8,"神栖市","北浜"],"3140132":[8,"神栖市","筒井"],"3140113":[8,"神栖市","横瀬"],"3140103":[8,"神栖市","東深芝"],"3140021":[8,"鹿嶋市","粟生"],"3140114":[8,"神栖市","日川"],"3140014":[8,"鹿嶋市","光"],"3140031":[8,"鹿嶋市","宮中"],"3140147":[8,"神栖市","鰐川"],"3140408":[8,"神栖市","波崎"],"3140000":[8,"鹿嶋市",""],"3140254":[8,"神栖市","太田"],"3140148":[8,"神栖市","深芝"],"3140001":[8,"鹿嶋市","清水"],"3140256":[8,"神栖市","若松中央"],"3140346":[8,"神栖市","土合西"],"3140041":[8,"鹿嶋市","沼尾"],"3140133":[8,"神栖市","息栖"],"3140046":[8,"鹿嶋市","爪木"],"3140252":[8,"神栖市","柳川"],"3140100":[8,"神栖市",""],"3140255":[8,"神栖市","砂山"],"3140141":[8,"神栖市","居切"],"3140135":[8,"神栖市","堀割"],"3140123":[8,"神栖市","芝崎"],"3140011":[8,"鹿嶋市","港ケ丘"],"3140004":[8,"鹿嶋市","下津"],"3140125":[8,"神栖市","高浜"],"3140037":[8,"鹿嶋市","神野"],"3140033":[8,"鹿嶋市","鉢形台"],"3140043":[8,"鹿嶋市","田谷"],"3140102":[8,"神栖市","東和田"],"3140044":[8,"鹿嶋市","猿田"],"3140027":[8,"鹿嶋市","佐田"],"3140028":[8,"鹿嶋市","木滝"],"3140126":[8,"神栖市","田畑"],"3140112":[8,"神栖市","知手中央"],"3140015":[8,"鹿嶋市","泉川"],"3140347":[8,"神栖市","土合中央"],"3140142":[8,"神栖市","深芝南"],"3140025":[8,"鹿嶋市","下塙"],"3140003":[8,"鹿嶋市","小宮作"],"3140111":[8,"神栖市","南浜"],"3140013":[8,"鹿嶋市","新浜"],"3140047":[8,"鹿嶋市","須賀"],"3140005":[8,"鹿嶋市","高天原"],"3140344":[8,"神栖市","土合東"],"3140258":[8,"神栖市","柳川中央"],"3140143":[8,"神栖市","神栖"],"3140048":[8,"鹿嶋市","田谷沼"],"3140122":[8,"神栖市","萩原"],"3140253":[8,"神栖市","須田"],"3140045":[8,"鹿嶋市","山之上"],"3140257":[8,"神栖市","太田新町"],"3140052":[8,"神栖市","居切"],"3140146":[8,"神栖市","平泉"],"3140127":[8,"神栖市","木崎"],"3140002":[8,"鹿嶋市","明石"],"3140012":[8,"鹿嶋市","平井"]}
