{"0708032":[1,"旭川市","神居町共栄"],"0700814":[1,"旭川市","川端町４条"],"0708043":[1,"旭川市","忠和３条"],"0708049":[1,"旭川市","忠和９条"],"0700003":[1,"旭川市","新富３条"],"0700038":[1,"旭川市","８条通"],"0700843":[1,"旭川市","大町３条"],"0708074":[1,"旭川市","台場４条"],"0700810":[1,"旭川市","本町"],"0700973":[1,"旭川市","４区３条"],"0700865":[1,"旭川市","住吉５条"],"0700902":[1,"旭川市","春光町"],"0700013":[1,"旭川市","パルプ町"],"0708016":[1,"旭川市","神居６条"],"0700000":[1,"旭川市",""],"0700876":[1,"旭川市","春光６条"],"0700025":[1,"旭川市","東５条"],"0708073":[1,"旭川市","台場３条"],"0700031":[1,"旭川市","１条通"],"0700082":[1,"旭川市","亀吉２条"],"0700871":[1,"旭川市","春光１条"],"0700036":[1,"旭川市","６条通"],"0708013":[1,"旭川市","神居３条"],"0700823":[1,"旭川市","緑町"],"0700033":[1,"旭川市","３条通"],"0700971":[1,"旭川市","４区１条"],"0700083":[1,"旭川市","亀吉３条"],"0700037":[1,"旭川市","７条通"],"0708027":[1,"旭川市","台場東"],"0700812":[1,"旭川市","川端町２条"],"0700873":[1,"旭川市","春光３条"],"0700022":[1,"旭川市","東２条"],"0708025":[1,"旭川市","神居町富岡"],"0708014":[1,"旭川市","神居４条"],"0708041":[1,"旭川市","忠和１条"],"0700872":[1,"旭川市","春光２条"],"0700059":[1,"旭川市","９条西"],"0708045":[1,"旭川市","忠和５条"],"0700055":[1,"旭川市","５条西"],"0700824":[1,"旭川市","錦町"],"0708012":[1,"旭川市","神居２条"],"0700825":[1,"旭川市","北門町"],"0708071":[1,"旭川市","台場１条"],"0700073":[1,"旭川市","曙北３条"],"0708007":[1,"旭川市","神楽７条"],"0700028":[1,"旭川市","東８条"],"0700035":[1,"旭川市","５条通"],"0708001":[1,"旭川市","神楽１条"],"0700816":[1,"旭川市","川端町６条"],"0700023":[1,"旭川市","東３条"],"0708005":[1,"旭川市","神楽５条"],"0708011":[1,"旭川市","神居１条"],"0700811":[1,"旭川市","川端町１条"],"0708003":[1,"旭川市","神楽３条"],"0708023":[1,"旭川市","神居町春志内"],"0700001":[1,"旭川市","新富１条"],"0700057":[1,"旭川市","７条西"],"0708018":[1,"旭川市","神居８条"],"0700062":[1,"旭川市","曙２条"],"0700053":[1,"旭川市","３条西"],"0708047":[1,"旭川市","忠和７条"],"0708053":[1,"旭川市","江丹別町共和"],"0700081":[1,"旭川市","亀吉１条"],"0700011":[1,"旭川市","パルプ町１条"],"0708072":[1,"旭川市","台場２条"],"0708033":[1,"旭川市","神居町雨紛"],"0700039":[1,"旭川市","９条通"],"0700972":[1,"旭川市","４区２条"],"0708022":[1,"旭川市","神居町台場"],"0700002":[1,"旭川市","新富２条"],"0700864":[1,"旭川市","住吉４条"],"0700014":[1,"旭川市","新星町"],"0700841":[1,"旭川市","大町１条"],"0708002":[1,"旭川市","神楽２条"],"0700032":[1,"旭川市","２条通"],"0700821":[1,"旭川市","近文町"],"0700875":[1,"旭川市","春光５条"],"0708017":[1,"旭川市","神居７条"],"0700042":[1,"旭川市","中常盤町"],"0700063":[1,"旭川市","曙３条"],"0700058":[1,"旭川市","８条西"],"0708048":[1,"旭川市","忠和８条"],"0700044":[1,"旭川市","常磐公園"],"0708051":[1,"旭川市","江丹別町嵐山"],"0700815":[1,"旭川市","川端町５条"],"0700832":[1,"旭川市","旭町２条"],"0700866":[1,"旭川市","住吉６条"],"0700030":[1,"旭川市","宮下通"],"0700040":[1,"旭川市","１０条通"],"0708042":[1,"旭川市","忠和２条"],"0700901":[1,"旭川市","花咲町"],"0700842":[1,"旭川市","大町２条"],"0700822":[1,"旭川市","旭岡"],"0700021":[1,"旭川市","東１条"],"0708028":[1,"旭川市","南が丘"],"0708006":[1,"旭川市","神楽６条"],"0708046":[1,"旭川市","忠和６条"],"0700043":[1,"旭川市","常盤通"],"0700877":[1,"旭川市","春光７条"],"0700061":[1,"旭川市","曙１条"],"0700874":[1,"旭川市","春光４条"],"0700072":[1,"旭川市","曙北２条"],"0700027":[1,"旭川市","東７条"],"0708061":[1,"旭川市","高砂台"],"0700034":[1,"旭川市","４条通"],"0708026":[1,"旭川市","神居町神岡"],"0708015":[1,"旭川市","神居５条"],"0700817":[1,"旭川市","川端町７条"],"0700026":[1,"旭川市","東６条"],"0708044":[1,"旭川市","忠和４条"],"0708021":[1,"旭川市","神居町忠和"],"0708004":[1,"旭川市","神楽４条"],"0700052":[1,"旭川市","２条西"],"0708019":[1,"旭川市","神居９条"],"0700010":[1,"旭川市","大雪通"],"0700056":[1,"旭川市","６条西"],"0700813":[1,"旭川市","川端町３条"],"0700867":[1,"旭川市","住吉７条"],"0708052":[1,"旭川市","江丹別町春日"],"0700024":[1,"旭川市","東４条"],"0700029":[1,"旭川市","金星町"],"0708024":[1,"旭川市","神居町富沢"],"0700831":[1,"旭川市","旭町１条"],"0700041":[1,"旭川市","上常盤町"],"0708034":[1,"旭川市","神居町上雨紛"],"0700012":[1,"旭川市","パルプ町２条"],"0708031":[1,"旭川市","神居町神華"],"0700054":[1,"旭川市","４条西"]}
