{"2740814":[12,"船橋市","新高根"],"2740826":[12,"船橋市","中野木"],"2740811":[12,"船橋市","三咲町"],"2740071":[12,"船橋市","習志野"],"2740055":[12,"船橋市","楠が山町"],"2740068":[12,"船橋市","大穴北"],"2740813":[12,"船橋市","南三咲"],"2740812":[12,"船橋市","三咲"],"2740066":[12,"船橋市","大穴町"],"2740056":[12,"船橋市","神保町"],"2740069":[12,"船橋市","坪井西"],"2740062":[12,"船橋市","坪井町"],"2740081":[12,"船橋市","小野田町"],"2740802":[12,"船橋市","八木が谷"],"2740825":[12,"船橋市","前原西"],"2740077":[12,"船橋市","薬円台"],"2740082":[12,"船橋市","大神保町"],"2740073":[12,"船橋市","田喜野井"],"2740053":[12,"船橋市","豊富町"],"2740824":[12,"船橋市","前原東"],"2740803":[12,"船橋市","八木が谷町"],"2740817":[12,"船橋市","高根町"],"2740052":[12,"船橋市","鈴身町"],"2740823":[12,"船橋市","二宮"],"2740072":[12,"船橋市","三山"],"2740063":[12,"船橋市","習志野台"],"2740805":[12,"船橋市","二和東"],"2740821":[12,"船橋市","七林町"],"2740076":[12,"船橋市","薬園台町"],"2740061":[12,"船橋市","古和釜町"],"2740074":[12,"船橋市","滝台"],"2740065":[12,"船橋市","高根台"],"2740806":[12,"船橋市","二和西"],"2740807":[12,"船橋市","咲が丘"],"2740060":[12,"船橋市","坪井東"],"2740075":[12,"船橋市","滝台町"],"2740818":[12,"船橋市","緑台"],"2740804":[12,"船橋市","みやぎ台"],"2740801":[12,"船橋市","高野台"],"2740067":[12,"船橋市","大穴南"],"2740822":[12,"船橋市","飯山満町"],"2740815":[12,"船橋市","西習志野"],"2740051":[12,"船橋市","車方町"],"2740816":[12,"船橋市","芝山"],"2740054":[12,"船橋市","金堀町"],"2740064":[12,"船橋市","松が丘"]}
