{"0891715":[1,"中川郡幕別町","忠類幌内"],"0893307":[1,"中川郡本別町","負箙"],"0893874":[1,"足寄郡足寄町","喜登牛"],"0895546":[1,"十勝郡浦幌町","朝日"],"0890786":[1,"中川郡幕別町","糠内"],"0895612":[1,"十勝郡浦幌町","東山町"],"0891881":[1,"広尾郡大樹町","生花"],"0891183":[1,"帯広市","豊西町"],"0890122":[1,"上川郡清水町","北三条西"],"0890624":[1,"中川郡幕別町","軍岡"],"0894302":[1,"足寄郡陸別町","若葉"],"0894325":[1,"足寄郡陸別町","元町"],"0895551":[1,"十勝郡浦幌町","愛牛"],"0895247":[1,"中川郡豊頃町","幌岡"],"0894333":[1,"足寄郡陸別町","殖産"],"0891583":[1,"河西郡更別村","上更別"],"0893961":[1,"足寄郡足寄町","上足寄"],"0892772":[1,"広尾郡広尾町","音調津区画外"],"0890604":[1,"中川郡幕別町","錦町"],"0892151":[1,"広尾郡大樹町","高校通"],"0892603":[1,"広尾郡広尾町","東三条"],"0892625":[1,"広尾郡広尾町","錦通北"],"0895601":[1,"十勝郡浦幌町","宝町"],"0893327":[1,"中川郡本別町","追名牛"],"0892113":[1,"広尾郡大樹町","芽武"],"0892561":[1,"広尾郡広尾町","野塚"],"0890534":[1,"中川郡幕別町","札内北町"],"0894356":[1,"足寄郡陸別町","林内"],"0891717":[1,"中川郡幕別町","忠類朝日"],"0891321":[1,"河西郡中札内村","東一条北"],"0890621":[1,"中川郡幕別町","相川"],"0891502":[1,"河西郡更別村","花園町"],"0890111":[1,"上川郡清水町","南三条"],"0893155":[1,"中川郡池田町","美加登"],"0891365":[1,"河西郡中札内村","協和"],"0893713":[1,"足寄郡足寄町","南三条"],"0893721":[1,"足寄郡足寄町","旭町"],"0893282":[1,"中川郡本別町","勇足"],"0895558":[1,"十勝郡浦幌町","昆布刈石"],"0893702":[1,"足寄郡足寄町","北二条"],"0892136":[1,"広尾郡大樹町","新通"],"0890612":[1,"中川郡幕別町","明野"],"0891341":[1,"河西郡中札内村","東一条南"],"0893674":[1,"中川郡本別町","下仙美里"],"0893574":[1,"十勝郡浦幌町","活平"],"0890137":[1,"上川郡清水町","南一条"],"0893735":[1,"足寄郡足寄町","美盛"],"0895637":[1,"十勝郡浦幌町","稲穂"],"0893326":[1,"中川郡本別町","美里別"],"0890354":[1,"上川郡清水町","御影本通"],"0893716":[1,"足寄郡足寄町","南六条"],"0890241":[1,"上川郡清水町","熊牛"],"0891184":[1,"帯広市","別府町"],"0893664":[1,"中川郡本別町","仙美里元町"],"0891244":[1,"帯広市","以平町"],"0891551":[1,"河西郡更別村","旭区"],"0893283":[1,"中川郡本別町","押帯"],"0890112":[1,"上川郡清水町","南四条"],"0893311":[1,"中川郡本別町","柏木町"],"0891312":[1,"河西郡中札内村","西二条北"],"0891725":[1,"中川郡幕別町","忠類中当"],"0892123":[1,"広尾郡大樹町","上中島"],"0892100":[1,"広尾郡大樹町",""],"0893675":[1,"中川郡本別町","西仙美里"],"0892605":[1,"広尾郡広尾町","会所前"],"0890603":[1,"中川郡幕別町","本町"],"0891716":[1,"中川郡幕別町","忠類元忠類"],"0891552":[1,"河西郡更別村","勢雄"],"0895548":[1,"十勝郡浦幌町","十勝太"],"0890781":[1,"中川郡幕別町","五位"],"0894300":[1,"足寄郡陸別町",""],"0895315":[1,"中川郡豊頃町","茂岩"],"0895541":[1,"十勝郡浦幌町","吉野"],"0891251":[1,"帯広市","富士町"],"0891882":[1,"広尾郡大樹町","晩成"],"0895312":[1,"中川郡豊頃町","茂岩本町"],"0891300":[1,"河西郡中札内村",""],"0890565":[1,"中川郡幕別町","新生"],"0892616":[1,"広尾郡広尾町","陣屋"],"0893575":[1,"十勝郡浦幌町","美園"],"0891501":[1,"河西郡更別村","新栄町"],"0890546":[1,"中川郡幕別町","札内堤町"],"0890242":[1,"上川郡清水町","美蔓"],"0895466":[1,"中川郡豊頃町","長節"],"0890243":[1,"上川郡清水町","上然別"],"0893572":[1,"十勝郡浦幌町","川流布"],"0895869":[1,"十勝郡浦幌町","チプネオコッペ"],"0892273":[1,"広尾郡大樹町","大光"],"0891364":[1,"河西郡中札内村","共栄"],"0890571":[1,"中川郡幕別町","依田"],"0892615":[1,"広尾郡広尾町","本通"],"0892771":[1,"広尾郡広尾町","音調津"],"0892152":[1,"広尾郡大樹町","西本通"],"0892624":[1,"広尾郡広尾町","並木通東"],"0895602":[1,"十勝郡浦幌町","末広町"],"0893154":[1,"中川郡池田町","信取"],"0891356":[1,"河西郡中札内村","西札内"],"0895304":[1,"中川郡豊頃町","牛首別"],"0893717":[1,"足寄郡足寄町","南七条"],"0893965":[1,"足寄郡足寄町","螺湾"],"0893153":[1,"中川郡池田町","近牛"],"0891701":[1,"中川郡幕別町","忠類白銀町"],"0894311":[1,"足寄郡陸別町","東一条二区"],"0893703":[1,"足寄郡足寄町","北三条"],"0893284":[1,"中川郡本別町","美蘭別"],"0893732":[1,"足寄郡足寄町","里見が丘"],"0893712":[1,"足寄郡足寄町","南二条"],"0893673":[1,"中川郡本別町","東仙美里"],"0894324":[1,"足寄郡陸別町","旭町"],"0891582":[1,"河西郡更別村","協和区"],"0893324":[1,"中川郡本別町","新町"],"0892114":[1,"広尾郡大樹町","下芽武"],"0892633":[1,"広尾郡広尾町","美幌"],"0890611":[1,"中川郡幕別町","新町"],"0890378":[1,"上川郡清水町","御影東八条"],"0890551":[1,"中川郡幕別町","札内泉町"],"0892137":[1,"広尾郡大樹町","北通"],"0893665":[1,"中川郡本別町","清里"],"0891342":[1,"河西郡中札内村","東二条南"],"0891714":[1,"中川郡幕別町","忠類新生"],"0895636":[1,"十勝郡浦幌町","千歳町"],"0895635":[1,"十勝郡浦幌町","静内"],"0892634":[1,"広尾郡広尾町","フンベ"],"0895552":[1,"十勝郡浦幌町","豊北"],"0892134":[1,"広尾郡大樹町","東本通"],"0895311":[1,"中川郡豊頃町","茂岩新和町"],"0894342":[1,"足寄郡陸別町","上斗満"],"0893676":[1,"中川郡本別町","明美"],"0892102":[1,"広尾郡大樹町","大和"],"0895314":[1,"中川郡豊頃町","茂岩末広町"],"0895621":[1,"十勝郡浦幌町","北町"],"0894344":[1,"足寄郡陸別町","西斗満"],"0891726":[1,"中川郡幕別町","忠類古里"],"0890788":[1,"中川郡幕別町","新和"],"0892631":[1,"広尾郡広尾町","白樺通北"],"0895614":[1,"十勝郡浦幌町","桜町"],"0893662":[1,"中川郡本別町","奥仙美里"],"0890577":[1,"中川郡幕別町","栄"],"0895465":[1,"中川郡豊頃町","大津"],"0890124":[1,"上川郡清水町","北一条西"],"0890566":[1,"中川郡幕別町","昭和"],"0893734":[1,"足寄郡足寄町","常盤"],"0892446":[1,"広尾郡広尾町","紋別"],"0890113":[1,"上川郡清水町","南五条"],"0892115":[1,"広尾郡大樹町","美成"],"0894262":[1,"足寄郡陸別町","薫別"],"0892146":[1,"広尾郡大樹町","寿通"],"0893325":[1,"中川郡本別町","西美里別"],"0892626":[1,"広尾郡広尾町","錦通南"],"0894334":[1,"足寄郡陸別町","東斗満"],"0894351":[1,"足寄郡陸別町","勲祢別"],"0892156":[1,"広尾郡大樹町","緑苑"],"0892774":[1,"広尾郡広尾町","ルベシベツ"],"0892447":[1,"広尾郡広尾町","上豊似"],"0891563":[1,"河西郡更別村","南更別区"],"0890102":[1,"上川郡清水町","下佐幌"],"0893711":[1,"足寄郡足寄町","南一条"],"0890135":[1,"上川郡清水町","北一条"],"0895615":[1,"十勝郡浦幌町","新町"],"0893737":[1,"足寄郡足寄町","茂喜登牛"],"0893871":[1,"足寄郡足寄町","芽登本町"],"0893321":[1,"中川郡本別町","上本別"],"0895605":[1,"十勝郡浦幌町","緑町"],"0891500":[1,"河西郡更別村",""],"0895306":[1,"中川郡豊頃町","安骨"],"0890622":[1,"中川郡幕別町","大豊"],"0890554":[1,"中川郡幕別町","札内みずほ町"],"0890357":[1,"上川郡清水町","御影"],"0895603":[1,"十勝郡浦幌町","本町"],"0894315":[1,"足寄郡陸別町","大通"],"0890538":[1,"中川郡幕別町","札内共栄町"],"0895246":[1,"中川郡豊頃町","豊頃"],"0890573":[1,"中川郡幕別町","途別"],"0895553":[1,"十勝郡浦幌町","打内"],"0892147":[1,"広尾郡大樹町","鏡町"],"0891322":[1,"河西郡中札内村","東二条北"],"0892455":[1,"広尾郡広尾町","豊似"],"0891553":[1,"河西郡更別村","平和区"],"0892138":[1,"広尾郡大樹町","柏木町"],"0895232":[1,"中川郡豊頃町","豊頃旭町"],"0891367":[1,"河西郡中札内村","常盤基線"],"0893731":[1,"足寄郡足寄町","中矢"],"0890373":[1,"上川郡清水町","御影東三条"],"0891331":[1,"河西郡中札内村","西一条南"],"0895464":[1,"中川郡豊頃町","大津港町"],"0893300":[1,"中川郡本別町",""],"0890121":[1,"上川郡清水町","北四条西"],"0890787":[1,"中川郡幕別町","明倫"],"0890356":[1,"上川郡清水町","羽帯"],"0892632":[1,"広尾郡広尾町","白樺通南"],"0891366":[1,"河西郡中札内村","栄"],"0894332":[1,"足寄郡陸別町","関"],"0891727":[1,"中川郡幕別町","忠類共栄"],"0891731":[1,"中川郡幕別町","忠類公親"],"0892101":[1,"広尾郡大樹町","東和"],"0893334":[1,"中川郡本別町","北"],"0894345":[1,"足寄郡陸別町","北斗満"],"0893736":[1,"足寄郡足寄町","鷲府"],"0890533":[1,"中川郡幕別町","札内新北町"],"0895604":[1,"十勝郡浦幌町","栄町"],"0892148":[1,"広尾郡大樹町","麻友"],"0893964":[1,"足寄郡足寄町","茂足寄"],"0892145":[1,"広尾郡大樹町","暁町"],"0890578":[1,"中川郡幕別町","中稲志別"],"0892272":[1,"広尾郡大樹町","幸徳"],"0892613":[1,"広尾郡広尾町","西三条"],"0890532":[1,"中川郡幕別町","札内豊町"],"0894144":[1,"足寄郡足寄町","大誉地"],"0893578":[1,"十勝郡浦幌町","宝生"],"0891355":[1,"河西郡中札内村","新札内南"],"0894306":[1,"足寄郡陸別町","止若内"],"0895244":[1,"中川郡豊頃町","十弗"],"0892116":[1,"広尾郡大樹町","浜大樹"],"0891374":[1,"河西郡中札内村","南札内"],"0890628":[1,"中川郡幕別町","豊岡"],"0895638":[1,"十勝郡浦幌町","幾栄"],"0891561":[1,"河西郡更別村","北更別区"],"0890614":[1,"中川郡幕別町","緑町"],"0890553":[1,"中川郡幕別町","札内文京町"],"0891728":[1,"中川郡幕別町","忠類協徳"],"0892107":[1,"広尾郡大樹町","松山"],"0895554":[1,"十勝郡浦幌町","大平"],"0892775":[1,"広尾郡広尾町","タニイソ"],"0893701":[1,"足寄郡足寄町","北一条"],"0890627":[1,"中川郡幕別町","新和"],"0892263":[1,"広尾郡大樹町","拓進"],"0893331":[1,"中川郡本別町","錦町"],"0890605":[1,"中川郡幕別町","寿町"],"0895233":[1,"中川郡豊頃町","豊頃南町"],"0891345":[1,"河西郡中札内村","東五条南"],"0890783":[1,"中川郡幕別町","駒畠"],"0895231":[1,"中川郡豊頃町","豊頃佐々田町"],"0891709":[1,"中川郡幕別町","忠類幸町"],"0893281":[1,"中川郡本別町","勇足元町"],"0890572":[1,"中川郡幕別町","西和"],"0892448":[1,"広尾郡広尾町","上トヨイ"],"0891252":[1,"帯広市","中島町"],"0891241":[1,"帯広市","大正本町"],"0891330":[1,"河西郡中札内村","大通南"],"0895313":[1,"中川郡豊頃町","茂岩栄町"],"0891181":[1,"帯広市","愛国町"],"0893663":[1,"中川郡本別町","仙美里"],"0892600":[1,"広尾郡広尾町",""],"0895305":[1,"中川郡豊頃町","背負"],"0895543":[1,"十勝郡浦幌町","平和"],"0894326":[1,"足寄郡陸別町","緑町"],"0892122":[1,"広尾郡大樹町","中島"],"0895245":[1,"中川郡豊頃町","礼文内"],"0895617":[1,"十勝郡浦幌町","光南"],"0893306":[1,"中川郡本別町","チエトイ"],"0890372":[1,"上川郡清水町","御影東二条"],"0894316":[1,"足寄郡陸別町","栄町"],"0891247":[1,"帯広市","昭和町"],"0890136":[1,"上川郡清水町","本通"],"0890117":[1,"上川郡清水町","南九条"],"0892125":[1,"広尾郡大樹町","石坂"],"0891521":[1,"河西郡更別村","錦町"],"0890375":[1,"上川郡清水町","御影東五条"],"0893443":[1,"中川郡本別町","西美里別"],"0891353":[1,"河西郡中札内村","西戸蔦"],"0892614":[1,"広尾郡広尾町","西四条"],"0891721":[1,"中川郡幕別町","忠類西当"],"0895309":[1,"中川郡豊頃町","二宮"],"0895302":[1,"中川郡豊頃町","礼作別"],"0893332":[1,"中川郡本別町","朝日町"],"0892602":[1,"広尾郡広尾町","東二条"],"0894313":[1,"足寄郡陸別町","共栄第一"],"0895866":[1,"十勝郡浦幌町","上厚内"],"0895463":[1,"中川郡豊頃町","大津寿町"],"0892133":[1,"広尾郡大樹町","仲通"],"0892141":[1,"広尾郡大樹町","一条通"],"0894322":[1,"足寄郡陸別町","新町一区"],"0894305":[1,"足寄郡陸別町","中陸別"],"0890536":[1,"中川郡幕別町","札内西町"],"0891324":[1,"河西郡中札内村","東四条北"],"0894353":[1,"足寄郡陸別町","川上"],"0893151":[1,"中川郡池田町","大森"],"0892638":[1,"広尾郡広尾町","茂寄南"],"0893322":[1,"中川郡本別町","栄町"],"0890115":[1,"上川郡清水町","南七条"],"0893726":[1,"足寄郡足寄町","共栄町"],"0895606":[1,"十勝郡浦幌町","住吉町"],"0891573":[1,"河西郡更別村","弘和"],"0892637":[1,"広尾郡広尾町","茂寄"],"0892271":[1,"広尾郡大樹町","光地園"],"0893576":[1,"十勝郡浦幌町","相川"],"0895622":[1,"十勝郡浦幌町","北栄"],"0890106":[1,"上川郡清水町","南五条西"],"0892445":[1,"広尾郡広尾町","カシュウンナイ"],"0892776":[1,"広尾郡広尾町","ビタタヌンケ"],"0890563":[1,"中川郡幕別町","千住"],"0893706":[1,"足寄郡足寄町","北六条"],"0894303":[1,"足寄郡陸別町","下陸別"],"0895545":[1,"十勝郡浦幌町","養老"],"0893571":[1,"十勝郡浦幌町","恩根内"],"0892105":[1,"広尾郡大樹町","大樹"],"0892111":[1,"広尾郡大樹町","上萠和"],"0891711":[1,"中川郡幕別町","忠類東宝"],"0895607":[1,"十勝郡浦幌町","材木町"],"0894261":[1,"足寄郡陸別町","登良利"],"0892104":[1,"広尾郡大樹町","中大樹"],"0895301":[1,"中川郡豊頃町","統内"],"0890107":[1,"上川郡清水町","南六条西"],"0890543":[1,"中川郡幕別町","札内中央町"],"0891543":[1,"河西郡更別村","昭和区"],"0893966":[1,"足寄郡足寄町","螺湾本町"],"0893303":[1,"中川郡本別町","向陽町"],"0895632":[1,"十勝郡浦幌町","留真"],"0890613":[1,"中川郡幕別町","新川"],"0893661":[1,"中川郡本別町","美栄"],"0890362":[1,"上川郡清水町","御影東二条南"],"0890133":[1,"上川郡清水町","北三条"],"0890118":[1,"上川郡清水町","南十条"],"0892627":[1,"広尾郡広尾町","丸山通北"],"0895308":[1,"中川郡豊頃町","湧洞"],"0890542":[1,"中川郡幕別町","札内春日町"],"0891242":[1,"帯広市","大正町"],"0893700":[1,"足寄郡足寄町",""],"0894336":[1,"足寄郡陸別町","弥生"],"0891362":[1,"河西郡中札内村","新生"],"0895542":[1,"十勝郡浦幌町","共栄"],"0890576":[1,"中川郡幕別町","古舞"],"0893586":[1,"十勝郡浦幌町","栄穂"],"0891246":[1,"帯広市","幸福町"],"0892154":[1,"広尾郡大樹町","幸町"],"0890123":[1,"上川郡清水町","北二条西"],"0892117":[1,"広尾郡大樹町","更生"],"0893333":[1,"中川郡本別町","山手町"],"0891323":[1,"河西郡中札内村","東三条北"],"0895300":[1,"中川郡豊頃町",""],"0892124":[1,"広尾郡大樹町","日方"],"0894352":[1,"足寄郡陸別町","分線"],"0891705":[1,"中川郡幕別町","忠類本町"],"0890574":[1,"中川郡幕別町","日新"],"0894335":[1,"足寄郡陸別町","中斗満"],"0894343":[1,"足寄郡陸別町","南斗満"],"0893323":[1,"中川郡本別町","美里別"],"0891707":[1,"中川郡幕別町","忠類錦町"],"0893156":[1,"中川郡池田町","常盤"],"0891368":[1,"河西郡中札内村","南常盤"],"0891729":[1,"中川郡幕別町","忠類日和"],"0890537":[1,"中川郡幕別町","札内北栄町"],"0893677":[1,"中川郡本別町","美里別"],"0891354":[1,"河西郡中札内村","新札内"],"0891361":[1,"河西郡中札内村","元大正"],"0890616":[1,"中川郡幕別町","宝町"],"0890374":[1,"上川郡清水町","御影東四条"],"0893152":[1,"中川郡池田町","高島"],"0893442":[1,"中川郡本別町","美里別"],"0890782":[1,"中川郡幕別町","中里"],"0894308":[1,"足寄郡陸別町","上陸別"],"0892564":[1,"広尾郡広尾町","野塚本通"],"0893727":[1,"足寄郡足寄町","郊南"],"0895555":[1,"十勝郡浦幌町","トイトッキ"],"0894321":[1,"足寄郡陸別町","恩根内"],"0891522":[1,"河西郡更別村","若葉町"],"0891532":[1,"河西郡更別村","緑町"],"0892106":[1,"広尾郡大樹町","下大樹"],"0892562":[1,"広尾郡広尾町","野塚西通"],"0891562":[1,"河西郡更別村","更別"],"0890101":[1,"上川郡清水町","人舞"],"0891332":[1,"河西郡中札内村","西二条南"],"0890541":[1,"中川郡幕別町","札内青葉町"],"0892140":[1,"広尾郡大樹町","栄通"],"0890564":[1,"中川郡幕別町","稲志別"],"0893302":[1,"中川郡本別町","東町"],"0890625":[1,"中川郡幕別町","猿別"],"0891871":[1,"中川郡幕別町","忠類晩成"],"0895307":[1,"中川郡豊頃町","旅来"],"0891513":[1,"河西郡更別村","本町"],"0895608":[1,"十勝郡浦幌町","西町"],"0892112":[1,"広尾郡大樹町","萠和"],"0894355":[1,"足寄郡陸別町","小利別"],"0895243":[1,"中川郡豊頃町","十弗宝町"],"0891572":[1,"河西郡更別村","更生区"],"0892131":[1,"広尾郡大樹町","松山町"],"0890531":[1,"中川郡幕別町","札内暁町"],"0893707":[1,"足寄郡足寄町","下愛冠"],"0891245":[1,"帯広市","泉町"],"0894304":[1,"足寄郡陸別町","共和"],"0890134":[1,"上川郡清水町","北二条"],"0892611":[1,"広尾郡広尾町","西一条"],"0892628":[1,"広尾郡広尾町","丸山通南"],"0895544":[1,"十勝郡浦幌町","統太"],"0891310":[1,"河西郡中札内村","大通北"],"0890600":[1,"中川郡幕別町",""],"0892155":[1,"広尾郡大樹町","緑町"],"0893301":[1,"中川郡本別町","東本別"],"0892261":[1,"広尾郡大樹町","尾田"],"0893585":[1,"十勝郡浦幌町","川上"],"0895868":[1,"十勝郡浦幌町","昆布刈石"],"0892127":[1,"広尾郡大樹町","振別"],"0893873":[1,"足寄郡足寄町","中矢"],"0890363":[1,"上川郡清水町","御影東三条南"],"0895865":[1,"十勝郡浦幌町","厚内"],"0890352":[1,"上川郡清水町","御影西二条"],"0890104":[1,"上川郡清水町","南三条西"],"0891343":[1,"河西郡中札内村","東三条南"],"0892135":[1,"広尾郡大樹町","南通"],"0890351":[1,"上川郡清水町","御影西一条"],"0895556":[1,"十勝郡浦幌町","鼈奴"],"0891512":[1,"河西郡更別村","中央町"],"0894251":[1,"足寄郡足寄町","大誉地"],"0890371":[1,"上川郡清水町","御影東一条"],"0890361":[1,"上川郡清水町","御影東一条南"],"0890355":[1,"上川郡清水町","旭山"],"0894331":[1,"足寄郡陸別町","川向"],"0892623":[1,"広尾郡広尾町","並木通西"],"0893723":[1,"足寄郡足寄町","中足寄"],"0890602":[1,"中川郡幕別町","旭町"],"0895461":[1,"中川郡豊頃町","大津元町"],"0893314":[1,"中川郡本別町","南"],"0892563":[1,"広尾郡広尾町","野塚東通"],"0895611":[1,"十勝郡浦幌町","寿町"],"0893708":[1,"足寄郡足寄町","愛冠"],"0895634":[1,"十勝郡浦幌町","帯富"],"0890545":[1,"中川郡幕別町","札内桂町"],"0890105":[1,"上川郡清水町","南四条西"],"0893724":[1,"足寄郡足寄町","稲牛"],"0893672":[1,"中川郡本別町","追名牛"],"0893704":[1,"足寄郡足寄町","北四条"],"0890615":[1,"中川郡幕別町","南町"],"0893305":[1,"中川郡本別町","共栄"],"0894314":[1,"足寄郡陸別町","東一条一区"],"0891581":[1,"河西郡更別村","上更別"],"0891372":[1,"河西郡中札内村","元札内"],"0894142":[1,"足寄郡足寄町","上利別"],"0891351":[1,"河西郡中札内村","東戸蔦"],"0894354":[1,"足寄郡陸別町","日宗"],"0895235":[1,"中川郡豊頃町","中央若葉町"],"0890377":[1,"上川郡清水町","御影東七条"],"0895462":[1,"中川郡豊頃町","大津幸町"],"0890125":[1,"上川郡清水町","本通西"],"0893313":[1,"中川郡本別町","柳町"],"0891541":[1,"河西郡更別村","更南"],"0893715":[1,"足寄郡足寄町","南五条"],"0891511":[1,"河西郡更別村","柏町"],"0890116":[1,"上川郡清水町","南八条"],"0893962":[1,"足寄郡足寄町","上足寄本町"],"0894301":[1,"足寄郡陸別町","ウエンベツ"],"0894323":[1,"足寄郡陸別町","新町二区"],"0890626":[1,"中川郡幕別町","西猿別"],"0894307":[1,"足寄郡陸別町","作集"],"0892635":[1,"広尾郡広尾町","紅葉通北"],"0892121":[1,"広尾郡大樹町","旭浜"],"0890623":[1,"中川郡幕別町","南勢"],"0895547":[1,"十勝郡浦幌町","生剛"],"0891311":[1,"河西郡中札内村","西一条北"],"0890114":[1,"上川郡清水町","南六条"],"0890138":[1,"上川郡清水町","南二条"],"0890562":[1,"中川郡幕別町","札内東町"],"0891182":[1,"帯広市","川西町"],"0890127":[1,"上川郡清水町","南二条西"],"0892773":[1,"広尾郡広尾町","モエケシ"],"0895242":[1,"中川郡豊頃町","北栄"],"0892143":[1,"広尾郡大樹町","三条通"],"0893872":[1,"足寄郡足寄町","芽登"],"0890131":[1,"上川郡清水町","北五条"],"0893666":[1,"中川郡本別町","上仙美里"],"0893733":[1,"足寄郡足寄町","西町"],"0892621":[1,"広尾郡広尾町","公園通北"],"0893875":[1,"足寄郡足寄町","茂喜登牛"],"0894346":[1,"足寄郡陸別町","ポントマム"],"0895633":[1,"十勝郡浦幌町","常豊"],"0892142":[1,"広尾郡大樹町","二条通"],"0893587":[1,"十勝郡浦幌町","貴老路"],"0895241":[1,"中川郡豊頃町","育素多"],"0893671":[1,"中川郡本別町","木札内"],"0890132":[1,"上川郡清水町","北四条"],"0892612":[1,"広尾郡広尾町","西二条"],"0892262":[1,"広尾郡大樹町","相川"],"0894252":[1,"足寄郡足寄町","大誉地本町"],"0890552":[1,"中川郡幕別町","札内あかしや町"],"0891344":[1,"河西郡中札内村","東四条南"],"0893304":[1,"中川郡本別町","坂下町"],"0893714":[1,"足寄郡足寄町","南四条"],"0895631":[1,"十勝郡浦幌町","瀬多来"],"0893722":[1,"足寄郡足寄町","新町"],"0892126":[1,"広尾郡大樹町","開進"],"0890784":[1,"中川郡幕別町","弘和"],"0891703":[1,"中川郡幕別町","忠類栄町"],"0895867":[1,"十勝郡浦幌町","オコッペ"],"0890535":[1,"中川郡幕別町","札内桜町"],"0895303":[1,"中川郡豊頃町","農野牛"],"0893725":[1,"足寄郡足寄町","平和"],"0893718":[1,"足寄郡足寄町","栄町"],"0891571":[1,"河西郡更別村","香川区"],"0894312":[1,"足寄郡陸別町","共栄第二"],"0893705":[1,"足寄郡足寄町","北五条"],"0892601":[1,"広尾郡広尾町","東一条"],"0890567":[1,"中川郡幕別町","明倫"],"0895600":[1,"十勝郡浦幌町",""],"0891325":[1,"河西郡中札内村","中札内基線"],"0890100":[1,"上川郡清水町",""],"0892604":[1,"広尾郡広尾町","会所通"],"0893308":[1,"中川郡本別町","弥生町"],"0894143":[1,"足寄郡足寄町","白糸"],"0890376":[1,"上川郡清水町","御影東六条"],"0890601":[1,"中川郡幕別町","幸町"],"0891724":[1,"中川郡幕別町","忠類明和"],"0891363":[1,"河西郡中札内村","興和"],"0892153":[1,"広尾郡大樹町","南町"],"0891531":[1,"河西郡更別村","曙町"],"0895234":[1,"中川郡豊頃町","中央新町"],"0890353":[1,"上川郡清水町","御影西三条"],"0890126":[1,"上川郡清水町","南一条西"],"0892103":[1,"広尾郡大樹町","上大樹"],"0893573":[1,"十勝郡浦幌町","富川"],"0894341":[1,"足寄郡陸別町","苫務"],"0890561":[1,"中川郡幕別町","札内稔町"],"0891371":[1,"河西郡中札内村","上札内"],"0894357":[1,"足寄郡陸別町","利上"],"0890544":[1,"中川郡幕別町","札内若草町"],"0892636":[1,"広尾郡広尾町","紅葉通南"],"0895557":[1,"十勝郡浦幌町","ヌタベット"],"0894141":[1,"足寄郡足寄町","上利別本町"],"0891352":[1,"河西郡中札内村","中戸蔦"],"0894337":[1,"足寄郡陸別町","下斗満"],"0891373":[1,"河西郡中札内村","元更別"],"0891243":[1,"帯広市","桜木町"],"0893312":[1,"中川郡本別町","緑町"],"0890575":[1,"中川郡幕別町","上稲志別"],"0893577":[1,"十勝郡浦幌町","合流"],"0890785":[1,"中川郡幕別町","美川"],"0892132":[1,"広尾郡大樹町","双葉町"],"0891313":[1,"河西郡中札内村","中札内西"],"0892622":[1,"広尾郡広尾町","公園通南"],"0890103":[1,"上川郡清水町","清水"],"0891542":[1,"河西郡更別村","更別"],"0895613":[1,"十勝郡浦幌町","幸町"],"0893963":[1,"足寄郡足寄町","上螺湾"]}
