{"2850001":[12,"佐倉市","土浮"],"2850804":[12,"佐倉市","馬渡"],"2850041":[12,"佐倉市","大佐倉"],"2850814":[12,"佐倉市","春路"],"2850845":[12,"佐倉市","西志津"],"2850054":[12,"佐倉市","上勝田"],"2850066":[12,"佐倉市","上別所"],"2850835":[12,"佐倉市","畔田"],"2850014":[12,"佐倉市","栄町"],"2850859":[12,"佐倉市","南ユーカリが丘"],"2850802":[12,"佐倉市","大作"],"2850833":[12,"佐倉市","羽鳥"],"2850856":[12,"佐倉市","井野町"],"2850862":[12,"佐倉市","新臼井田"],"2850923":[12,"印旛郡酒々井町","東酒々井"],"2850903":[12,"印旛郡酒々井町","今倉新田"],"2850036":[12,"佐倉市","藤沢町"],"2850003":[12,"佐倉市","飯野"],"2850071":[12,"佐倉市","岩富"],"2850816":[12,"佐倉市","藤治台"],"2850062":[12,"佐倉市","寒風"],"2850832":[12,"佐倉市","飯重"],"2850901":[12,"印旛郡酒々井町","篠山新田"],"2850026":[12,"佐倉市","鏑木仲田町"],"2850812":[12,"佐倉市","六崎"],"2850032":[12,"佐倉市","飯田"],"2850815":[12,"佐倉市","城"],"2850077":[12,"佐倉市","内田"],"2850866":[12,"佐倉市","臼井台"],"2850907":[12,"印旛郡酒々井町","下岩橋"],"2850822":[12,"佐倉市","印南"],"2850055":[12,"佐倉市","瓜坪新田"],"2850022":[12,"佐倉市","中尾余町"],"2850912":[12,"印旛郡酒々井町","飯積"],"2850025":[12,"佐倉市","鏑木町"],"2850904":[12,"印旛郡酒々井町","伊篠新田"],"2850016":[12,"佐倉市","宮小路町"],"2850865":[12,"佐倉市","南臼井台"],"2850043":[12,"佐倉市","大蛇町"],"2850928":[12,"印旛郡酒々井町","ふじき野"],"2850073":[12,"佐倉市","七曲"],"2850012":[12,"佐倉市","田町"],"2850824":[12,"佐倉市","江原"],"2850021":[12,"佐倉市","最上町"],"2850818":[12,"佐倉市","寺崎"],"2850061":[12,"佐倉市","高崎"],"2850911":[12,"印旛郡酒々井町","尾上"],"2850807":[12,"佐倉市","山王"],"2850046":[12,"佐倉市","高岡"],"2850914":[12,"印旛郡酒々井町","馬橋"],"2850924":[12,"印旛郡酒々井町","下台"],"2850902":[12,"印旛郡酒々井町","伊篠"],"2850051":[12,"佐倉市","長熊"],"2850843":[12,"佐倉市","中志津"],"2850864":[12,"佐倉市","稲荷台"],"2850926":[12,"印旛郡酒々井町","本佐倉"],"2850858":[12,"佐倉市","ユーカリが丘"],"2850034":[12,"佐倉市","千成"],"2850076":[12,"佐倉市","飯塚"],"2850038":[12,"佐倉市","弥勒町"],"2850057":[12,"佐倉市","米戸"],"2850867":[12,"佐倉市","八幡台"],"2850854":[12,"佐倉市","上座"],"2850841":[12,"佐倉市","下志津"],"2850017":[12,"佐倉市","城内町"],"2850056":[12,"佐倉市","坪山新田"],"2850834":[12,"佐倉市","吉見"],"2850053":[12,"佐倉市","下勝田"],"2850007":[12,"佐倉市","下根町"],"2850806":[12,"佐倉市","大篠塚"],"2850906":[12,"印旛郡酒々井町","柏木"],"2850852":[12,"佐倉市","青菅"],"2850052":[12,"佐倉市","八木"],"2850831":[12,"佐倉市","染井野"],"2850072":[12,"佐倉市","岩富町"],"2850033":[12,"佐倉市","鍋山町"],"2850805":[12,"佐倉市","小篠塚"],"2850846":[12,"佐倉市","上志津"],"2850855":[12,"佐倉市","井野"],"2850044":[12,"佐倉市","上代"],"2850035":[12,"佐倉市","樹木町"],"2850023":[12,"佐倉市","新町"],"2850005":[12,"佐倉市","宮前"],"2850063":[12,"佐倉市","宮本"],"2850922":[12,"印旛郡酒々井町","中央台"],"2850811":[12,"佐倉市","表町"],"2850803":[12,"佐倉市","神門"],"2850008":[12,"佐倉市","鹿島干拓"],"2850808":[12,"佐倉市","太田"],"2850002":[12,"佐倉市","萩山新田"],"2850031":[12,"佐倉市","飯田台"],"2850821":[12,"佐倉市","角来"],"2850078":[12,"佐倉市","坂戸"],"2850042":[12,"佐倉市","将門町"],"2850004":[12,"佐倉市","岩名"],"2850074":[12,"佐倉市","西御門"],"2850825":[12,"佐倉市","江原台"],"2850039":[12,"佐倉市","野狐台町"],"2850000":[12,"佐倉市",""],"2850011":[12,"佐倉市","山崎"],"2850006":[12,"佐倉市","下根"],"2850925":[12,"印旛郡酒々井町","上本佐倉"],"2850900":[12,"印旛郡酒々井町",""],"2850863":[12,"佐倉市","臼井"],"2850045":[12,"佐倉市","白銀"],"2850064":[12,"佐倉市","天辺"],"2850823":[12,"佐倉市","江原新田"],"2850065":[12,"佐倉市","直弥"],"2850015":[12,"佐倉市","並木町"],"2850837":[12,"佐倉市","王子台"],"2850861":[12,"佐倉市","臼井田"],"2850075":[12,"佐倉市","宮内"],"2850013":[12,"佐倉市","海隣寺町"],"2850927":[12,"印旛郡酒々井町","酒々井"],"2850913":[12,"印旛郡酒々井町","墨"],"2850842":[12,"佐倉市","下志津原"],"2850850":[12,"佐倉市","西ユーカリが丘"],"2850853":[12,"佐倉市","小竹"],"2850844":[12,"佐倉市","上志津原"],"2850921":[12,"印旛郡酒々井町","中川"],"2850009":[12,"佐倉市","飯野町"],"2850905":[12,"印旛郡酒々井町","上岩橋"],"2850851":[12,"佐倉市","先崎"],"2850813":[12,"佐倉市","石川"],"2850817":[12,"佐倉市","大崎台"],"2850801":[12,"佐倉市","木野子"],"2850037":[12,"佐倉市","本町"],"2850836":[12,"佐倉市","生谷"],"2850857":[12,"佐倉市","宮ノ台"],"2850024":[12,"佐倉市","裏新町"]}
