{"1820004":[13,"調布市","入間町"],"1820006":[13,"調布市","西つつじケ丘"],"1820007":[13,"調布市","菊野台"],"1820022":[13,"調布市","国領町"],"1820017":[13,"調布市","深大寺元町"],"1820005":[13,"調布市","東つつじケ丘"],"1820013":[13,"調布市","深大寺南町"],"1820031":[13,"調布市","野水"],"1820014":[13,"調布市","柴崎"],"1820000":[13,"調布市",""],"1820032":[13,"調布市","西町"],"1820012":[13,"調布市","深大寺東町"],"1820021":[13,"調布市","調布ケ丘"],"1820026":[13,"調布市","小島町"],"1820023":[13,"調布市","染地"],"1820003":[13,"調布市","若葉町"],"1820035":[13,"調布市","上石原"],"1820034":[13,"調布市","下石原"],"1820011":[13,"調布市","深大寺北町"],"1820002":[13,"調布市","仙川町"],"1820033":[13,"調布市","富士見町"],"1820025":[13,"調布市","多摩川"],"1820024":[13,"調布市","布田"],"1820016":[13,"調布市","佐須町"],"1820036":[13,"調布市","飛田給"],"1820001":[13,"調布市","緑ケ丘"],"1820015":[13,"調布市","八雲台"]}
