{"4000112":[19,"甲斐市","名取"],"4000034":[19,"甲府市","宝"],"4000304":[19,"南アルプス市","吉田"],"4001504":[19,"甲府市","右左口町"],"4000842":[19,"甲府市","下今井町"],"4000125":[19,"甲斐市","長塚"],"4000500":[19,"南巨摩郡富士川町",""],"4000511":[19,"南巨摩郡富士川町","大久保"],"4000025":[19,"甲府市","朝日"],"4000118":[19,"甲斐市","竜王"],"4000016":[19,"甲府市","武田"],"4000835":[19,"甲府市","下鍛冶屋町"],"4001122":[19,"甲斐市","下芦沢"],"4000855":[19,"甲府市","中小河原"],"4000204":[19,"南アルプス市","榎原"],"4000801":[19,"甲府市","善光寺町"],"4000866":[19,"甲府市","若松町"],"4000041":[19,"甲府市","上石田"],"4000803":[19,"甲府市","桜井町"],"4000002":[19,"甲府市","小松町"],"4001124":[19,"甲斐市","下福沢"],"4000405":[19,"南アルプス市","下宮地"],"4000068":[19,"甲府市","下河原町"],"4000108":[19,"甲斐市","宇津谷"],"4001212":[19,"甲府市","高町"],"4000046":[19,"甲府市","下石田"],"4000312":[19,"南アルプス市","上宮地"],"4000857":[19,"甲府市","幸町"],"4000812":[19,"甲府市","和戸町"],"4000417":[19,"南アルプス市","清水"],"4000414":[19,"南アルプス市","戸田"],"4000862":[19,"甲府市","朝気"],"4000027":[19,"甲府市","富士見"],"4000805":[19,"甲府市","酒折"],"4000416":[19,"南アルプス市","大師"],"4000826":[19,"甲府市","西高橋町"],"4000305":[19,"南アルプス市","十五所"],"4000126":[19,"甲斐市","大下条"],"4000825":[19,"甲府市","七沢町"],"4000051":[19,"甲府市","古上条町"],"4000205":[19,"南アルプス市","野牛島"],"4000303":[19,"南アルプス市","上今井"],"4000058":[19,"甲府市","宮原町"],"4000814":[19,"甲府市","上阿原町"],"4000043":[19,"甲府市","国母"],"4001502":[19,"甲府市","白井町"],"4000053":[19,"甲府市","大里町"],"4000426":[19,"南アルプス市","塚原"],"4001506":[19,"甲府市","上向山町"],"4001511":[19,"中央市","木原"],"4000301":[19,"南アルプス市","桃園"],"4000306":[19,"南アルプス市","小笠原"],"4000032":[19,"甲府市","中央"],"4001215":[19,"甲府市","竹日向町"],"4000048":[19,"甲府市","貢川本町"],"4000504":[19,"南巨摩郡富士川町","小林"],"4000012":[19,"甲府市","下積翠寺町"],"4000071":[19,"甲府市","羽黒町"],"4000123":[19,"甲斐市","島上条"],"4000864":[19,"甲府市","湯田"],"4000833":[19,"甲府市","西油川町"],"4000512":[19,"南巨摩郡富士川町","小室"],"4000026":[19,"甲府市","塩部"],"4000605":[19,"南巨摩郡富士川町","柳川"],"4000107":[19,"甲斐市","志田"],"4000211":[19,"南アルプス市","上今諏訪"],"4000853":[19,"甲府市","下小河原町"],"4000115":[19,"甲斐市","篠原"],"4000333":[19,"南アルプス市","浅原"],"4000057":[19,"甲府市","高室町"],"4000318":[19,"南アルプス市","高尾"],"4000411":[19,"南アルプス市","西南湖"],"4000315":[19,"南アルプス市","上野"],"4000806":[19,"甲府市","善光寺"],"4000000":[19,"甲府市",""],"4000834":[19,"甲府市","落合町"],"4001113":[19,"甲斐市","亀沢"],"4001513":[19,"中央市","大鳥居"],"4000225":[19,"南アルプス市","築山"],"4000514":[19,"南巨摩郡富士川町","平林"],"4000334":[19,"南アルプス市","藤田"],"4000074":[19,"甲府市","千塚"],"4000808":[19,"甲府市","東光寺町"],"4000214":[19,"南アルプス市","百々"],"4000811":[19,"甲府市","川田町"],"4000116":[19,"甲斐市","玉川"],"4000506":[19,"南巨摩郡富士川町","大椚"],"4000104":[19,"甲斐市","龍地"],"4000856":[19,"甲府市","伊勢"],"4000023":[19,"甲府市","愛宕町"],"4000231":[19,"南アルプス市","塩前"],"4000821":[19,"甲府市","砂田町"],"4000603":[19,"南巨摩郡富士川町","鹿島"],"4000102":[19,"甲斐市","団子新居"],"4000055":[19,"甲府市","大津町"],"4000005":[19,"甲府市","北新"],"4000503":[19,"南巨摩郡富士川町","天神中條"],"4000422":[19,"南アルプス市","荊沢"],"4001111":[19,"甲斐市","千田"],"4000241":[19,"南アルプス市","芦安芦倉"],"4001117":[19,"甲斐市","上菅口"],"4001503":[19,"甲府市","心経寺町"],"4000221":[19,"南アルプス市","在家塚"],"4000065":[19,"甲府市","貢川"],"4000607":[19,"南巨摩郡富士川町","鳥屋"],"4000867":[19,"甲府市","青沼"],"4001216":[19,"甲府市","塔岩町"],"4000844":[19,"甲府市","中町"],"4000063":[19,"甲府市","金竹町"],"4000827":[19,"甲府市","蓬沢"],"4000401":[19,"南アルプス市","江原"],"4000317":[19,"南アルプス市","上市之瀬"],"4000828":[19,"甲府市","青葉町"],"4000424":[19,"南アルプス市","秋山"],"4000111":[19,"甲斐市","竜王新町"],"4000082":[19,"甲府市","下帯那町"],"4000121":[19,"甲斐市","牛句"],"4001219":[19,"甲府市","草鹿沢町"],"4001115":[19,"甲斐市","漆戸"],"4000062":[19,"甲府市","池田"],"4000823":[19,"甲府市","里吉町"],"4000083":[19,"甲府市","平瀬町"],"4000049":[19,"甲府市","富竹"],"4000202":[19,"南アルプス市","下高砂"],"4000101":[19,"甲斐市","菖蒲沢"],"4001508":[19,"甲府市","下曽根町"],"4000223":[19,"南アルプス市","曲輪田新田"],"4000052":[19,"甲府市","上条新居町"],"4000404":[19,"南アルプス市","古市場"],"4001126":[19,"甲斐市","安寺"],"4000233":[19,"南アルプス市","須沢"],"4000852":[19,"甲府市","住吉本町"],"4000017":[19,"甲府市","屋形"],"4000215":[19,"南アルプス市","上八田"],"4000601":[19,"南巨摩郡富士川町","鰍沢"],"4000066":[19,"甲府市","新田町"],"4000602":[19,"南巨摩郡富士川町","駅前通"],"4001515":[19,"中央市","高部"],"4001114":[19,"甲斐市","打返"],"4000028":[19,"甲府市","音羽町"],"4001505":[19,"甲府市","中畑町"],"4000033":[19,"甲府市","寿町"],"4001214":[19,"甲府市","高成町"],"4000100":[19,"甲斐市",""],"4000003":[19,"甲府市","塚原町"],"4000226":[19,"南アルプス市","有野"],"4000054":[19,"甲府市","西下条町"],"4000006":[19,"甲府市","天神町"],"4000047":[19,"甲府市","徳行"],"4000203":[19,"南アルプス市","徳永"],"4000212":[19,"南アルプス市","下今諏訪"],"4000843":[19,"甲府市","東下条町"],"4000854":[19,"甲府市","中小河原町"],"4000124":[19,"甲斐市","中下条"],"4000302":[19,"南アルプス市","沢登"],"4000413":[19,"南アルプス市","和泉"],"4000845":[19,"甲府市","上今井町"],"4000332":[19,"南アルプス市","鏡中條"],"4000206":[19,"南アルプス市","六科"],"4000804":[19,"甲府市","酒折町"],"4000815":[19,"甲府市","国玉町"],"4000865":[19,"甲府市","太田町"],"4000836":[19,"甲府市","小瀬町"],"4000415":[19,"南アルプス市","宮沢"],"4000035":[19,"甲府市","飯田"],"4000127":[19,"甲斐市","天狗沢"],"4000117":[19,"甲斐市","西八幡"],"4000122":[19,"甲斐市","境"],"4001211":[19,"甲府市","黒平町"],"4000802":[19,"甲府市","横根町"],"4000513":[19,"南巨摩郡富士川町","高下"],"4000336":[19,"南アルプス市","十日市場"],"4000400":[19,"南アルプス市",""],"4000813":[19,"甲府市","向町"],"4000412":[19,"南アルプス市","東南湖"],"4000234":[19,"南アルプス市","大嵐"],"4000863":[19,"甲府市","南口町"],"4001112":[19,"甲斐市","吉沢"],"4000103":[19,"甲斐市","大垈"],"4000832":[19,"甲府市","増坪町"],"4000024":[19,"甲府市","北口"],"4000031":[19,"甲府市","丸の内"],"4000831":[19,"甲府市","上町"],"4000319":[19,"南アルプス市","あやめが丘"],"4001123":[19,"甲斐市","上福沢"],"4000013":[19,"甲府市","岩窪町"],"4000824":[19,"甲府市","蓬沢町"],"4000502":[19,"南巨摩郡富士川町","最勝寺"],"4000021":[19,"甲府市","宮前町"],"4000008":[19,"甲府市","緑が丘"],"4000501":[19,"南巨摩郡富士川町","青柳町"],"4000044":[19,"甲府市","上小河原町"],"4000015":[19,"甲府市","大手"],"4000113":[19,"甲斐市","富竹新田"],"4000308":[19,"南アルプス市","山寺"],"4000402":[19,"南アルプス市","田島"],"4000222":[19,"南アルプス市","飯野"],"4000004":[19,"甲府市","西田町"],"4001501":[19,"甲府市","上曽根町"],"4000114":[19,"甲斐市","万才"],"4000858":[19,"甲府市","相生"],"4000337":[19,"南アルプス市","寺部"],"4000807":[19,"甲府市","東光寺"],"4001213":[19,"甲府市","川窪町"],"4000425":[19,"南アルプス市","湯沢"],"4001127":[19,"甲斐市","神戸"],"4000822":[19,"甲府市","里吉"],"4000505":[19,"南巨摩郡富士川町","長澤"],"4000022":[19,"甲府市","元紺屋町"],"4001507":[19,"甲府市","下向山町"],"4001512":[19,"中央市","関原"],"4000011":[19,"甲府市","上積翠寺町"],"4000242":[19,"南アルプス市","芦安安通"],"4001116":[19,"甲斐市","獅子平"],"4000331":[19,"南アルプス市","下今井"],"4000403":[19,"南アルプス市","鮎沢"],"4000841":[19,"甲府市","小曲町"],"4000007":[19,"甲府市","美咲"],"4000042":[19,"甲府市","高畑"],"4000314":[19,"南アルプス市","下市之瀬"],"4000128":[19,"甲斐市","大久保"],"4000075":[19,"甲府市","山宮町"],"4000213":[19,"南アルプス市","西野"],"4000861":[19,"甲府市","城東"],"4000064":[19,"甲府市","下飯田"],"4001217":[19,"甲府市","猪狩町"],"4000072":[19,"甲府市","大和町"],"4001131":[19,"甲斐市","亀沢"],"4000001":[19,"甲府市","和田町"],"4000604":[19,"南巨摩郡富士川町","箱原"],"4000069":[19,"甲府市","中村町"],"4000313":[19,"南アルプス市","平岡"],"4001125":[19,"甲斐市","下菅口"],"4000316":[19,"南アルプス市","中野"],"4001218":[19,"甲府市","御岳町"],"4000608":[19,"南巨摩郡富士川町","長知沢"],"4000106":[19,"甲斐市","岩森"],"4000201":[19,"南アルプス市","上高砂"],"4000224":[19,"南アルプス市","飯野新田"],"4000045":[19,"甲府市","後屋町"],"4000056":[19,"甲府市","堀之内町"],"4000232":[19,"南アルプス市","駒場"],"4000073":[19,"甲府市","湯村"],"4000421":[19,"南アルプス市","川上"],"4000014":[19,"甲府市","古府中町"],"4000606":[19,"南巨摩郡富士川町","十谷"],"4000081":[19,"甲府市","上帯那町"],"4000061":[19,"甲府市","荒川"],"4001514":[19,"中央市","浅利"],"4000851":[19,"甲府市","住吉"],"4000515":[19,"南巨摩郡富士川町","舂米"],"4000067":[19,"甲府市","長松寺町"],"4000105":[19,"甲斐市","下今井"],"4000335":[19,"南アルプス市","加賀美"],"4001121":[19,"甲斐市","上芦沢"],"4000423":[19,"南アルプス市","落合"],"4000311":[19,"南アルプス市","曲輪田"]}
