{"3150021":[8,"石岡市","荒金"],"3150008":[8,"石岡市","村上"],"3150003":[8,"石岡市","谷向町"],"3150111":[8,"石岡市","瓦谷"],"3150166":[8,"石岡市","小山田"],"3150065":[8,"かすみがうら市","上佐谷"],"3150002":[8,"石岡市","柏原"],"3150118":[8,"石岡市","野田"],"3150104":[8,"石岡市","小見"],"3150165":[8,"石岡市","小倉"],"3150121":[8,"石岡市","真家"],"3150151":[8,"石岡市","須釜"],"3150038":[8,"石岡市","旭台"],"3150157":[8,"石岡市","上曽"],"3150103":[8,"石岡市","中戸"],"3150062":[8,"かすみがうら市","横堀"],"3150029":[8,"石岡市","根当"],"3150163":[8,"石岡市","鯨岡"],"3150113":[8,"石岡市","片岡"],"3150063":[8,"かすみがうら市","飯田"],"3150066":[8,"かすみがうら市","中佐谷"],"3150133":[8,"石岡市","半田"],"3150010":[8,"石岡市","碁石沢"],"3150161":[8,"石岡市","小塙"],"3150076":[8,"かすみがうら市","上志筑"],"3150137":[8,"石岡市","金指"],"3150124":[8,"石岡市","柴間"],"3150024":[8,"石岡市","八軒台"],"3150072":[8,"かすみがうら市","東野寺"],"3150116":[8,"石岡市","柿岡"],"3150012":[8,"石岡市","北府中"],"3150078":[8,"かすみがうら市","粟田"],"3150056":[8,"かすみがうら市","上稲吉"],"3150037":[8,"石岡市","東石岡"],"3150123":[8,"石岡市","宮ケ崎"],"3150167":[8,"石岡市","龍明"],"3150055":[8,"かすみがうら市","稲吉南"],"3150155":[8,"石岡市","小幡"],"3150016":[8,"石岡市","総社"],"3150142":[8,"石岡市","弓弦"],"3150162":[8,"石岡市","宇治会"],"3150117":[8,"石岡市","佐久"],"3150051":[8,"かすみがうら市","新治"],"3150102":[8,"石岡市","太田"],"3150147":[8,"石岡市","辻"],"3150022":[8,"石岡市","行里川"],"3150115":[8,"石岡市","浦須"],"3150132":[8,"石岡市","根小屋"],"3150125":[8,"石岡市","山崎"],"3150035":[8,"石岡市","南台"],"3150136":[8,"石岡市","片野"],"3150138":[8,"石岡市","上林"],"3150071":[8,"かすみがうら市","市川"],"3150048":[8,"石岡市","三村"],"3150033":[8,"石岡市","東光台"],"3150105":[8,"石岡市","大塚"],"3150114":[8,"石岡市","嘉良寿理"],"3150007":[8,"石岡市","染谷"],"3150052":[8,"かすみがうら市","下稲吉"],"3150027":[8,"石岡市","杉並"],"3150034":[8,"石岡市","東田中"],"3150135":[8,"石岡市","加生野"],"3150000":[8,"石岡市",""],"3150069":[8,"かすみがうら市","雪入"],"3150152":[8,"石岡市","細谷"],"3150044":[8,"石岡市","北根本"],"3150061":[8,"かすみがうら市","五反田"],"3150101":[8,"石岡市","大増"],"3150131":[8,"石岡市","下林"],"3150017":[8,"石岡市","若宮"],"3150144":[8,"石岡市","小野越"],"3150036":[8,"石岡市","大谷津"],"3150047":[8,"石岡市","井関"],"3150058":[8,"かすみがうら市","下土田"],"3150154":[8,"石岡市","上青柳"],"3150025":[8,"石岡市","泉町"],"3150028":[8,"石岡市","半ノ木"],"3150009":[8,"石岡市","大砂"],"3150074":[8,"かすみがうら市","下志筑"],"3150068":[8,"かすみがうら市","山本"],"3150032":[8,"石岡市","小井戸"],"3150141":[8,"石岡市","月岡"],"3150143":[8,"石岡市","柴内"],"3150004":[8,"石岡市","柏原町"],"3150057":[8,"かすみがうら市","上土田"],"3150146":[8,"石岡市","菖蒲沢"],"3150006":[8,"石岡市","並木"],"3150153":[8,"石岡市","下青柳"],"3150018":[8,"石岡市","若松"],"3150013":[8,"石岡市","府中"],"3150031":[8,"石岡市","東大橋"],"3150014":[8,"石岡市","国府"],"3150064":[8,"かすみがうら市","大峰"],"3150019":[8,"石岡市","栄松"],"3150030":[8,"石岡市","池の台"],"3150073":[8,"かすみがうら市","西野寺"],"3150011":[8,"石岡市","正上内"],"3150148":[8,"石岡市","青田"],"3150156":[8,"石岡市","吉生"],"3150045":[8,"石岡市","高浜"],"3150164":[8,"石岡市","小屋"],"3150112":[8,"石岡市","部原"],"3150077":[8,"かすみがうら市","高倉"],"3150134":[8,"石岡市","川又"],"3150046":[8,"石岡市","石川"],"3150023":[8,"石岡市","東府中"],"3150067":[8,"かすみがうら市","下佐谷"],"3150122":[8,"石岡市","東成井"],"3150043":[8,"石岡市","中津川"],"3150075":[8,"かすみがうら市","中志筑"],"3150145":[8,"石岡市","仏生寺"],"3150015":[8,"石岡市","貝地"],"3150042":[8,"石岡市","茨城"],"3150041":[8,"石岡市","田島"],"3150026":[8,"石岡市","杉の井"],"3150005":[8,"石岡市","鹿の子"],"3150001":[8,"石岡市","石岡"],"3150053":[8,"かすみがうら市","稲吉東"],"3150054":[8,"かすみがうら市","稲吉"]}
