{"2220026":[14,"横浜市港北区","篠原町"],"2220025":[14,"横浜市港北区","篠原西町"],"2220032":[14,"横浜市港北区","大豆戸町"],"2220023":[14,"横浜市港北区","仲手原"],"2220021":[14,"横浜市港北区","篠原北"],"2220003":[14,"横浜市港北区","大曽根"],"2220000":[14,"横浜市港北区",""],"2220037":[14,"横浜市港北区","大倉山"],"2220035":[14,"横浜市港北区","鳥山町"],"2220013":[14,"横浜市港北区","錦が丘"],"2220004":[14,"横浜市港北区","大曽根台"],"2220034":[14,"横浜市港北区","岸根町"],"2220002":[14,"横浜市港北区","師岡町"],"2220011":[14,"横浜市港北区","菊名"],"2220033":[14,"横浜市港北区","新横浜"],"2220024":[14,"横浜市港北区","篠原台町"],"2220036":[14,"横浜市港北区","小机町"],"2220012":[14,"横浜市港北区","富士塚"],"2220022":[14,"横浜市港北区","篠原東"],"2220001":[14,"横浜市港北区","樽町"]}
