{"1770042":[13,"練馬区","下石神井"],"1770045":[13,"練馬区","石神井台"],"1770034":[13,"練馬区","富士見台"],"1770032":[13,"練馬区","谷原"],"1770051":[13,"練馬区","関町北"],"1770033":[13,"練馬区","高野台"],"1770054":[13,"練馬区","立野町"],"1770041":[13,"練馬区","石神井町"],"1770035":[13,"練馬区","南田中"],"1770053":[13,"練馬区","関町南"],"1770043":[13,"練馬区","上石神井南町"],"1770044":[13,"練馬区","上石神井"],"1770031":[13,"練馬区","三原台"],"1770052":[13,"練馬区","関町東"]}
