{"4790012":[23,"常滑市","上納"],"4790075":[23,"常滑市","菅場"],"4790808":[23,"常滑市","広目"],"4790823":[23,"常滑市","奥栄町"],"4790815":[23,"常滑市","唐崎町"],"4790852":[23,"常滑市","神明町"],"4790063":[23,"常滑市","萱苅口"],"4790039":[23,"常滑市","大流天竺口"],"4790861":[23,"常滑市","晩台町"],"4790077":[23,"常滑市","南飛渡"],"4790842":[23,"常滑市","大鳥町"],"4790046":[23,"常滑市","北古千代"],"4790806":[23,"常滑市","大谷"],"4790067":[23,"常滑市","小森"],"4790062":[23,"常滑市","運内"],"4790005":[23,"常滑市","大塚町"],"4790803":[23,"常滑市","桧原"],"4790061":[23,"常滑市","耳切"],"4790035":[23,"常滑市","椎草南割"],"4790834":[23,"常滑市","千代ケ丘"],"4790828":[23,"常滑市","市場町"],"4790018":[23,"常滑市","二ノ田"],"4790034":[23,"常滑市","椎田奥"],"4790023":[23,"常滑市","長峰一ノ切"],"4790845":[23,"常滑市","森西町"],"4790042":[23,"常滑市","社辺"],"4790848":[23,"常滑市","港町"],"4790821":[23,"常滑市","瀬木町"],"4790027":[23,"常滑市","大流"],"4790009":[23,"常滑市","平池"],"4790048":[23,"常滑市","中千代"],"4790022":[23,"常滑市","堕星"],"4790819":[23,"常滑市","苅屋町"],"4790864":[23,"常滑市","住吉町"],"4790013":[23,"常滑市","二ノ割"],"4790053":[23,"常滑市","奥夏敷"],"4790002":[23,"常滑市","久米"],"4790065":[23,"常滑市","長間"],"4790816":[23,"常滑市","熊野"],"4790866":[23,"常滑市","大野町"],"4790858":[23,"常滑市","蒲池"],"4790047":[23,"常滑市","南古千代"],"4790054":[23,"常滑市","西梨木"],"4790007":[23,"常滑市","庄兵衛新田"],"4790017":[23,"常滑市","椎池"],"4790846":[23,"常滑市","末広町"],"4790825":[23,"常滑市","山方町"],"4790043":[23,"常滑市","古社"],"4790033":[23,"常滑市","中椎田"],"4790001":[23,"常滑市","矢田"],"4790059":[23,"常滑市","南蛇廻間"],"4790807":[23,"常滑市","小鈴谷"],"4790871":[23,"常滑市","大曽"],"4790813":[23,"常滑市","塩田町"],"4790839":[23,"常滑市","多屋町"],"4790873":[23,"常滑市","かじま台"],"4790003":[23,"常滑市","金山"],"4790837":[23,"常滑市","新開町"],"4790015":[23,"常滑市","大窯"],"4790072":[23,"常滑市","乳母子"],"4790867":[23,"常滑市","北汐見坂"],"4790856":[23,"常滑市","蒲池町"],"4790045":[23,"常滑市","仲井"],"4790038":[23,"常滑市","石窯"],"4790057":[23,"常滑市","樋掛"],"4790854":[23,"常滑市","榎戸町"],"4790827":[23,"常滑市","保示町"],"4790073":[23,"常滑市","飛渡川"],"4790055":[23,"常滑市","広内"],"4790868":[23,"常滑市","飛香台"],"4790829":[23,"常滑市","本町"],"4790031":[23,"常滑市","長峰三ノ切"],"4790851":[23,"常滑市","若松町"],"4790833":[23,"常滑市","北条"],"4790882":[23,"常滑市","りんくう町"],"4790822":[23,"常滑市","奥条"],"4790004":[23,"常滑市","青海町"],"4790074":[23,"常滑市","池田川"],"4790862":[23,"常滑市","小倉町"],"4790019":[23,"常滑市","柴山"],"4790049":[23,"常滑市","長峰四ノ切"],"4790041":[23,"常滑市","千代"],"4790824":[23,"常滑市","白山町"],"4790076":[23,"常滑市","鳥根"],"4790024":[23,"常滑市","池田口"],"4790814":[23,"常滑市","阿野町"],"4790826":[23,"常滑市","樽水町"],"4790026":[23,"常滑市","天竺"],"4790853":[23,"常滑市","本郷町"],"4790841":[23,"常滑市","明和町"],"4790805":[23,"常滑市","苅屋"],"4790068":[23,"常滑市","長田"],"4790844":[23,"常滑市","大和町"],"4790847":[23,"常滑市","新浜町"],"4790863":[23,"常滑市","西之口"],"4790028":[23,"常滑市","長峰二ノ切"],"4790809":[23,"常滑市","坂井"],"4790014":[23,"常滑市","一ノ割"],"4790008":[23,"常滑市","酉新田"],"4790079":[23,"常滑市","黒山"],"4790835":[23,"常滑市","陶郷町"],"4790817":[23,"常滑市","熊野町"],"4790006":[23,"常滑市","古道"],"4790831":[23,"常滑市","錦町"],"4790857":[23,"常滑市","榎戸"],"4790812":[23,"常滑市","井戸田町"],"4790865":[23,"常滑市","小林町"],"4790818":[23,"常滑市","古場町"],"4790855":[23,"常滑市","新田町"],"4790811":[23,"常滑市","泉町"],"4790836":[23,"常滑市","栄町"],"4790804":[23,"常滑市","古場"],"4790044":[23,"常滑市","乙田"],"4790037":[23,"常滑市","中大流"],"4790032":[23,"常滑市","下隅"],"4790802":[23,"常滑市","西阿野"],"4790838":[23,"常滑市","鯉江本町"],"4790025":[23,"常滑市","新池"],"4790881":[23,"常滑市","セントレア"],"4790801":[23,"常滑市","樽水"],"4790069":[23,"常滑市","折戸"],"4790843":[23,"常滑市","多屋"],"4790016":[23,"常滑市","高坂"],"4790056":[23,"常滑市","椎垂木"],"4790066":[23,"常滑市","脇田口"],"4790000":[23,"常滑市",""],"4790011":[23,"常滑市","花狭間"],"4790029":[23,"常滑市","古道東割"],"4790064":[23,"常滑市","斧口"],"4790021":[23,"常滑市","大曽町"],"4790832":[23,"常滑市","原松町"],"4790058":[23,"常滑市","古千代"],"4790071":[23,"常滑市","蛇廻間"],"4790036":[23,"常滑市","椎田口"]}
