{"0640944":[1,"札幌市中央区","円山西町"],"0640803":[1,"札幌市中央区","南三条西"],"0640914":[1,"札幌市中央区","南十四条西"],"0640920":[1,"札幌市中央区","南二十条西"],"0640802":[1,"札幌市中央区","南二条西"],"0640927":[1,"札幌市中央区","南二十七条西"],"0640951":[1,"札幌市中央区","宮の森一条"],"0640925":[1,"札幌市中央区","南二十五条西"],"0640821":[1,"札幌市中央区","北一条西"],"0640953":[1,"札幌市中央区","宮の森三条"],"0640921":[1,"札幌市中央区","南二十一条西"],"0640952":[1,"札幌市中央区","宮の森二条"],"0640915":[1,"札幌市中央区","南十五条西"],"0640806":[1,"札幌市中央区","南六条西"],"0640823":[1,"札幌市中央区","北三条西"],"0640807":[1,"札幌市中央区","南七条西"],"0640825":[1,"札幌市中央区","北五条西"],"0640917":[1,"札幌市中央区","南十七条西"],"0640946":[1,"札幌市中央区","双子山"],"0640804":[1,"札幌市中央区","南四条西"],"0640918":[1,"札幌市中央区","南十八条西"],"0640929":[1,"札幌市中央区","南二十九条西"],"0640942":[1,"札幌市中央区","伏見"],"0640954":[1,"札幌市中央区","宮の森四条"],"0640924":[1,"札幌市中央区","南二十四条西"],"0640916":[1,"札幌市中央区","南十六条西"],"0640809":[1,"札幌市中央区","南九条西"],"0640810":[1,"札幌市中央区","南十条西"],"0640826":[1,"札幌市中央区","北六条西"],"0640959":[1,"札幌市中央区","宮ケ丘"],"0640822":[1,"札幌市中央区","北二条西"],"0640808":[1,"札幌市中央区","南八条西"],"0640930":[1,"札幌市中央区","南三十条西"],"0640958":[1,"札幌市中央区","宮の森"],"0640805":[1,"札幌市中央区","南五条西"],"0640820":[1,"札幌市中央区","大通西"],"0640941":[1,"札幌市中央区","旭ケ丘"],"0640923":[1,"札幌市中央区","南二十三条西"],"0640943":[1,"札幌市中央区","界川"],"0640811":[1,"札幌市中央区","南十一条西"],"0640931":[1,"札幌市中央区","中島公園"],"0640926":[1,"札幌市中央区","南二十六条西"],"0640801":[1,"札幌市中央区","南一条西"],"0640913":[1,"札幌市中央区","南十三条西"],"0640928":[1,"札幌市中央区","南二十八条西"],"0640922":[1,"札幌市中央区","南二十二条西"],"0640945":[1,"札幌市中央区","盤渓"],"0640824":[1,"札幌市中央区","北四条西"],"0640919":[1,"札幌市中央区","南十九条西"],"0640912":[1,"札幌市中央区","南十二条西"]}
