{"1416012":[13,"品川区","大崎ＴｈｉｎｋＰａｒｋＴｏｗｅｒ"],"1416001":[13,"品川区","大崎ＴｈｉｎｋＰａｒｋＴｏｗｅｒ"],"1416008":[13,"品川区","大崎ＴｈｉｎｋＰａｒｋＴｏｗｅｒ"],"1416003":[13,"品川区","大崎ＴｈｉｎｋＰａｒｋＴｏｗｅｒ"],"1416017":[13,"品川区","大崎ＴｈｉｎｋＰａｒｋＴｏｗｅｒ"],"1416024":[13,"品川区","大崎ＴｈｉｎｋＰａｒｋＴｏｗｅｒ"],"1416004":[13,"品川区","大崎ＴｈｉｎｋＰａｒｋＴｏｗｅｒ"],"1416026":[13,"品川区","大崎ＴｈｉｎｋＰａｒｋＴｏｗｅｒ"],"1416014":[13,"品川区","大崎ＴｈｉｎｋＰａｒｋＴｏｗｅｒ"],"1416019":[13,"品川区","大崎ＴｈｉｎｋＰａｒｋＴｏｗｅｒ"],"1416030":[13,"品川区","大崎ＴｈｉｎｋＰａｒｋＴｏｗｅｒ"],"1416005":[13,"品川区","大崎ＴｈｉｎｋＰａｒｋＴｏｗｅｒ"],"1410001":[13,"品川区","北品川"],"1416025":[13,"品川区","大崎ＴｈｉｎｋＰａｒｋＴｏｗｅｒ"],"1416022":[13,"品川区","大崎ＴｈｉｎｋＰａｒｋＴｏｗｅｒ"],"1410031":[13,"品川区","西五反田"],"1416010":[13,"品川区","大崎ＴｈｉｎｋＰａｒｋＴｏｗｅｒ"],"1416006":[13,"品川区","大崎ＴｈｉｎｋＰａｒｋＴｏｗｅｒ"],"1410032":[13,"品川区","大崎"],"1416015":[13,"品川区","大崎ＴｈｉｎｋＰａｒｋＴｏｗｅｒ"],"1416090":[13,"品川区","大崎ＴｈｉｎｋＰａｒｋＴｏｗｅｒ"],"1416016":[13,"品川区","大崎ＴｈｉｎｋＰａｒｋＴｏｗｅｒ"],"1416013":[13,"品川区","大崎ＴｈｉｎｋＰａｒｋＴｏｗｅｒ"],"1416023":[13,"品川区","大崎ＴｈｉｎｋＰａｒｋＴｏｗｅｒ"],"1416021":[13,"品川区","大崎ＴｈｉｎｋＰａｒｋＴｏｗｅｒ"],"1410021":[13,"品川区","上大崎"],"1416007":[13,"品川区","大崎ＴｈｉｎｋＰａｒｋＴｏｗｅｒ"],"1416002":[13,"品川区","大崎ＴｈｉｎｋＰａｒｋＴｏｗｅｒ"],"1416020":[13,"品川区","大崎ＴｈｉｎｋＰａｒｋＴｏｗｅｒ"],"1416027":[13,"品川区","大崎ＴｈｉｎｋＰａｒｋＴｏｗｅｒ"],"1410033":[13,"品川区","西品川"],"1416018":[13,"品川区","大崎ＴｈｉｎｋＰａｒｋＴｏｗｅｒ"],"1416009":[13,"品川区","大崎ＴｈｉｎｋＰａｒｋＴｏｗｅｒ"],"1416011":[13,"品川区","大崎ＴｈｉｎｋＰａｒｋＴｏｗｅｒ"],"1410022":[13,"品川区","東五反田"],"1416028":[13,"品川区","大崎ＴｈｉｎｋＰａｒｋＴｏｗｅｒ"],"1416029":[13,"品川区","大崎ＴｈｉｎｋＰａｒｋＴｏｗｅｒ"]}
