{"0992111":[1,"北見市","端野町北登"],"0996411":[1,"紋別郡湧別町","東"],"0990427":[1,"紋別郡遠軽町","見晴"],"0992310":[1,"網走郡大空町","女満別本通"],"0991426":[1,"常呂郡訓子府町","清住"],"0991416":[1,"常呂郡訓子府町","常盤"],"0990202":[1,"紋別郡遠軽町","丸瀬布天神町"],"0990412":[1,"紋別郡遠軽町","豊里"],"0995603":[1,"紋別郡滝上町","滝美町"],"0990345":[1,"紋別郡遠軽町","湯の里"],"0992104":[1,"北見市","端野町端野"],"0994131":[1,"斜里郡斜里町","越川"],"0993628":[1,"斜里郡小清水町","小清水"],"0993635":[1,"斜里郡小清水町","小清水"],"0990101":[1,"紋別郡遠軽町","下白滝"],"0991364":[1,"常呂郡置戸町","秋田"],"0993453":[1,"斜里郡小清水町","北斗"],"0994357":[1,"斜里郡斜里町","真鯉"],"0995606":[1,"紋別郡滝上町","幸町"],"0994352":[1,"斜里郡斜里町","ウトロ高原"],"0992421":[1,"網走市","呼人"],"0993214":[1,"網走郡大空町","東藻琴"],"0993604":[1,"斜里郡小清水町","水上"],"0996325":[1,"紋別郡湧別町","北兵村一区"],"0993501":[1,"網走市","音根内"],"0996241":[1,"紋別市","沼の上"],"0991136":[1,"常呂郡置戸町","日進"],"0992327":[1,"網走郡大空町","女満別西七条"],"0990705":[1,"紋別郡遠軽町","生田原清里"],"0995363":[1,"紋別市","上渚滑町下立牛"],"0992383":[1,"網走郡大空町","女満別日進"],"0991585":[1,"北見市","上ところ"],"0990622":[1,"紋別郡遠軽町","生田原安国"],"0993600":[1,"斜里郡小清水町",""],"0991117":[1,"常呂郡置戸町","宮坂"],"0996507":[1,"紋別郡湧別町","南兵村三区"],"0991251":[1,"常呂郡置戸町","安住"],"0995175":[1,"紋別市","渚滑町川向"],"0990417":[1,"紋別郡遠軽町","一条通南"],"0992371":[1,"網走郡大空町","女満別中央"],"0991106":[1,"常呂郡置戸町","新和"],"0990400":[1,"紋別郡遠軽町",""],"0990206":[1,"紋別郡遠軽町","丸瀬布水谷町"],"0995361":[1,"紋別市","上渚滑町和訓辺"],"0990876":[1,"北見市","富里"],"0995353":[1,"紋別市","上渚滑町上東"],"0993116":[1,"網走市","山里"],"0994121":[1,"斜里郡斜里町","日の出"],"0993243":[1,"網走郡大空町","東藻琴山園"],"0991436":[1,"常呂郡訓子府町","大町"],"0993112":[1,"網走市","北浜"],"0991134":[1,"常呂郡置戸町","十全"],"0990621":[1,"紋別郡遠軽町","生田原水穂"],"0991435":[1,"常呂郡訓子府町","若富町"],"0992422":[1,"網走市","八坂"],"0990125":[1,"紋別郡遠軽町","白滝天狗平"],"0991423":[1,"常呂郡訓子府町","西幸町"],"0993224":[1,"網走郡大空町","東藻琴明生"],"0994143":[1,"斜里郡斜里町","川上"],"0993232":[1,"網走郡大空町","東藻琴末広"],"0990424":[1,"紋別郡遠軽町","美山"],"0992372":[1,"網走郡大空町","女満別大東"],"0991417":[1,"常呂郡訓子府町","末広町"],"0994147":[1,"斜里郡斜里町","西町"],"0990403":[1,"紋別郡遠軽町","一条通北"],"0992356":[1,"網走郡大空町","女満別昭和"],"0995614":[1,"紋別郡滝上町","札久留"],"0992306":[1,"網走郡大空町","女満別湖畔"],"0991413":[1,"常呂郡訓子府町","協成"],"0992382":[1,"網走郡大空町","女満別開陽"],"0991432":[1,"常呂郡訓子府町","旭町"],"0991114":[1,"常呂郡置戸町","協生"],"0992107":[1,"北見市","端野町川向"],"0993623":[1,"斜里郡小清水町","小清水"],"0994113":[1,"斜里郡斜里町","本町"],"0992112":[1,"北見市","端野町豊実"],"0994353":[1,"斜里郡斜里町","ウトロ中島"],"0990203":[1,"紋別郡遠軽町","丸瀬布中町"],"0995602":[1,"紋別郡滝上町","旭町"],"0991137":[1,"常呂郡置戸町","大美"],"0993502":[1,"網走市","浦士別"],"0990701":[1,"紋別郡遠軽町","生田原"],"0991118":[1,"常呂郡置戸町","若木"],"0991122":[1,"常呂郡置戸町","林友"],"0993632":[1,"斜里郡小清水町","小清水"],"0993627":[1,"斜里郡小清水町","小清水"],"0990411":[1,"紋別郡遠軽町","向遠軽"],"0994400":[1,"斜里郡清里町",""],"0996414":[1,"紋別郡湧別町","錦町"],"0996133":[1,"紋別市","弘道"],"0994100":[1,"斜里郡斜里町",""],"0996403":[1,"紋別郡湧別町","緑町"],"0990212":[1,"紋別郡遠軽町","丸瀬布上丸"],"0993601":[1,"斜里郡小清水町","萱野"],"0990401":[1,"紋別郡遠軽町","学田"],"0996328":[1,"紋別郡湧別町","中湧別南町"],"0994112":[1,"斜里郡斜里町","港町"],"0990422":[1,"紋別郡遠軽町","清川"],"0994521":[1,"斜里郡清里町","札弦町"],"0991115":[1,"常呂郡置戸町","宮下"],"0991400":[1,"常呂郡訓子府町",""],"0994404":[1,"斜里郡清里町","江南"],"0995611":[1,"紋別郡滝上町","第１区"],"0990418":[1,"紋別郡遠軽町","二条通南"],"0993452":[1,"斜里郡小清水町","浜小清水"],"0991132":[1,"常呂郡置戸町","協和"],"0991431":[1,"常呂郡訓子府町","東町"],"0993637":[1,"斜里郡小清水町","小清水"],"0990879":[1,"北見市","美園"],"0995605":[1,"紋別郡滝上町","栄町"],"0990211":[1,"紋別郡遠軽町","丸瀬布金山"],"0994134":[1,"斜里郡斜里町","豊里"],"0992323":[1,"網走郡大空町","女満別西三条"],"0996506":[1,"紋別郡湧別町","札富美"],"0995542":[1,"紋別郡滝上町","濁川みどり町"],"0994135":[1,"斜里郡斜里町","来運"],"0991123":[1,"常呂郡置戸町","拓殖"],"0992231":[1,"北見市","端野町緋牛内"],"0990207":[1,"紋別郡遠軽町","丸瀬布元町"],"0990201":[1,"紋別郡遠軽町","丸瀬布新町"],"0990102":[1,"紋別郡遠軽町","旧白滝"],"0991581":[1,"北見市","南丘"],"0993202":[1,"網走郡大空町","東藻琴西倉"],"0995172":[1,"紋別市","渚滑町元新"],"0990426":[1,"紋別郡遠軽町","社名淵"],"0992301":[1,"網走郡大空町","女満別本郷"],"0995354":[1,"紋別市","上渚滑町"],"0996505":[1,"紋別郡湧別町","富美"],"0990215":[1,"紋別郡遠軽町","丸瀬布南丸"],"0991415":[1,"常呂郡訓子府町","美園"],"0994526":[1,"斜里郡清里町","清泉"],"0994132":[1,"斜里郡斜里町","富士"],"0993612":[1,"斜里郡小清水町","共和"],"0995364":[1,"紋別市","上渚滑町上古丹"],"0991401":[1,"常呂郡訓子府町","日出"],"0990404":[1,"紋別郡遠軽町","大通北"],"0990704":[1,"紋別郡遠軽町","生田原岩戸"],"0990122":[1,"紋別郡遠軽町","白滝支湧別"],"0990204":[1,"紋別郡遠軽町","丸瀬布西町"],"0996504":[1,"紋別郡湧別町","上富美"],"0990423":[1,"紋別郡遠軽町","若松"],"0993231":[1,"網走郡大空町","東藻琴千草"],"0993615":[1,"斜里郡小清水町","中里"],"0990415":[1,"紋別郡遠軽町","岩見通南"],"0996509":[1,"紋別郡湧別町","南兵村一区"],"0995365":[1,"紋別市","上渚滑町中立牛"],"0991133":[1,"常呂郡置戸町","更盛"],"0994405":[1,"斜里郡清里町","羽衣町"],"0992312":[1,"網走郡大空町","女満別東二条"],"0994144":[1,"斜里郡斜里町","大栄"],"0992106":[1,"北見市","端野町協和"],"0993503":[1,"網走市","栄"],"0990871":[1,"北見市","相内町"],"0990875":[1,"北見市","本沢"],"0993622":[1,"斜里郡小清水町","小清水"],"0996400":[1,"紋別郡湧別町",""],"0990343":[1,"紋別郡遠軽町","栄野"],"0990346":[1,"紋別郡遠軽町","若咲内"],"0992373":[1,"網走郡大空町","女満別巴沢"],"0994125":[1,"斜里郡斜里町","朱円西"],"0990416":[1,"紋別郡遠軽町","大通南"],"0990111":[1,"紋別郡遠軽町","白滝"],"0990408":[1,"紋別郡遠軽町","留岡"],"0993223":[1,"網走郡大空町","東藻琴"],"0995541":[1,"紋別郡滝上町","濁川中央"],"0993605":[1,"斜里郡小清水町","もこと山"],"0990878":[1,"北見市","東相内町"],"0991102":[1,"常呂郡置戸町","緑"],"0991253":[1,"常呂郡置戸町","春日"],"0993636":[1,"斜里郡小清水町","小清水"],"0991405":[1,"常呂郡訓子府町","高園"],"0993113":[1,"網走市","実豊"],"0993616":[1,"斜里郡小清水町","旭"],"0991434":[1,"常呂郡訓子府町","栄町"],"0991427":[1,"常呂郡訓子府町","豊坂"],"0992101":[1,"北見市","端野町一区"],"0992103":[1,"北見市","端野町三区"],"0992324":[1,"網走郡大空町","女満別西四条"],"0994401":[1,"斜里郡清里町","上斜里"],"0994117":[1,"斜里郡斜里町","青葉町"],"0996323":[1,"紋別郡湧別町","北兵村二区"],"0991363":[1,"常呂郡置戸町","幸岡"],"0995171":[1,"紋別市","渚滑町"],"0991254":[1,"常呂郡置戸町","常元"],"0990623":[1,"紋別郡遠軽町","生田原旭野"],"0995552":[1,"紋別郡滝上町","滝下"],"0991113":[1,"常呂郡置戸町","新光"],"0991433":[1,"常呂郡訓子府町","仲町"],"0993244":[1,"網走郡大空町","東藻琴"],"0994354":[1,"斜里郡斜里町","ウトロ西"],"0990127":[1,"紋別郡遠軽町","上白滝"],"0996412":[1,"紋別郡湧別町","登栄床"],"0992423":[1,"網走市","東網走"],"0996415":[1,"紋別郡湧別町","川西"],"0994146":[1,"斜里郡斜里町","港西町"],"0990402":[1,"紋別郡遠軽町","二条通北"],"0993633":[1,"斜里郡小清水町","小清水"],"0990344":[1,"紋別郡遠軽町","野上"],"0992300":[1,"網走郡大空町",""],"0995553":[1,"紋別郡滝上町","雄柏"],"0996327":[1,"紋別郡湧別町","中湧別東町"],"0993114":[1,"網走市","丸万"],"0993626":[1,"斜里郡小清水町","小清水"],"0992102":[1,"北見市","端野町二区"],"0990341":[1,"紋別郡遠軽町","瀬戸瀬東町"],"0990421":[1,"紋別郡遠軽町","福路"],"0995612":[1,"紋別郡滝上町","白鳥"],"0996402":[1,"紋別郡湧別町","曙町"],"0990425":[1,"紋別郡遠軽町","千代田"],"0993234":[1,"網走郡大空町","東藻琴福富"],"0991437":[1,"常呂郡訓子府町","元町"],"0993212":[1,"網走郡大空町","東藻琴"],"0992424":[1,"網走市","中園"],"0994141":[1,"斜里郡斜里町","豊倉"],"0994523":[1,"斜里郡清里町","川向"],"0990342":[1,"紋別郡遠軽町","瀬戸瀬西町"],"0991131":[1,"常呂郡置戸町","中央"],"0990405":[1,"紋別郡遠軽町","岩見通北"],"0991587":[1,"北見市","豊地"],"0991402":[1,"常呂郡訓子府町","穂波"],"0991362":[1,"常呂郡置戸町","雄勝"],"0991103":[1,"常呂郡置戸町","栄二"],"0995173":[1,"紋別市","渚滑町元西"],"0991124":[1,"常呂郡置戸町","拓実"],"0994522":[1,"斜里郡清里町","神威"],"0992325":[1,"網走郡大空町","女満別西五条"],"0991583":[1,"北見市","北上"],"0996132":[1,"紋別市","小向"],"0991366":[1,"常呂郡置戸町","川南"],"0995600":[1,"紋別郡滝上町",""],"0994351":[1,"斜里郡斜里町","ウトロ香川"],"0991584":[1,"北見市","常川"],"0994525":[1,"斜里郡清里町","緑町"],"0996329":[1,"紋別郡湧別町","中湧別中町"],"0992105":[1,"北見市","端野町忠志"],"0990872":[1,"北見市","豊田"],"0996272":[1,"紋別郡湧別町","緑蔭"],"0996508":[1,"紋別郡湧別町","南兵村二区"],"0992351":[1,"網走郡大空町","女満別公園通"],"0991411":[1,"常呂郡訓子府町","大谷"],"0992303":[1,"網走郡大空町","女満別豊里"],"0990414":[1,"紋別郡遠軽町","南町"],"0994124":[1,"斜里郡斜里町","朱円"],"0994118":[1,"斜里郡斜里町","新光町"],"0990347":[1,"紋別郡遠軽町","柏"],"0994126":[1,"斜里郡斜里町","以久科北"],"0992322":[1,"網走郡大空町","女満別西二条"],"0993117":[1,"網走市","昭和"],"0995543":[1,"紋別郡滝上町","新町"],"0996242":[1,"紋別市","志文"],"0990874":[1,"北見市","住吉"],"0991406":[1,"常呂郡訓子府町","弥生"],"0995351":[1,"紋別市","上渚滑町下渚滑"],"0993631":[1,"斜里郡小清水町","小清水"],"0991403":[1,"常呂郡訓子府町","東幸町"],"0990123":[1,"紋別郡遠軽町","白滝上支湧別"],"0995601":[1,"紋別郡滝上町","あけぼの町"],"0996501":[1,"紋別郡湧別町","上湧別屯田市街地"],"0991424":[1,"常呂郡訓子府町","西富"],"0992361":[1,"網走郡大空町","女満別湖南"],"0991421":[1,"常呂郡訓子府町","駒里"],"0996322":[1,"紋別郡湧別町","北兵村三区"],"0994114":[1,"斜里郡斜里町","朝日町"],"0993222":[1,"網走郡大空町","東藻琴新富"],"0991112":[1,"常呂郡置戸町","若松"],"0993602":[1,"斜里郡小清水町","東野"],"0990213":[1,"紋別郡遠軽町","丸瀬布上武利"],"0993504":[1,"網走市","清浦"],"0990624":[1,"紋別郡遠軽町","生田原豊原"],"0994402":[1,"斜里郡清里町","下江鳶"],"0993213":[1,"網走郡大空町","東藻琴"],"0993621":[1,"斜里郡小清水町","小清水"],"0992355":[1,"網走郡大空町","女満別夕陽台"],"0992304":[1,"網走郡大空町","女満別公園"],"0990428":[1,"紋別郡遠軽町","西町"],"0990703":[1,"紋別郡遠軽町","生田原八重"],"0991361":[1,"常呂郡置戸町","境野"],"0991367":[1,"常呂郡置戸町","常盤"],"0993115":[1,"網走市","稲富"],"0990216":[1,"紋別郡遠軽町","丸瀬布武利"],"0991138":[1,"常呂郡置戸町","中里"],"0991425":[1,"常呂郡訓子府町","若葉町"],"0995551":[1,"紋別郡滝上町","大正"],"0996404":[1,"紋別郡湧別町","栄町"],"0994407":[1,"斜里郡清里町","新町"],"0995362":[1,"紋別市","上渚滑町奥東"],"0994403":[1,"斜里郡清里町","向陽"],"0996326":[1,"紋別郡湧別町","中湧別北町"],"0991365":[1,"常呂郡置戸町","豊住"],"0993233":[1,"網走郡大空町","東藻琴"],"0991252":[1,"常呂郡置戸町","勝山"],"0991101":[1,"常呂郡置戸町","北光"],"0991116":[1,"常呂郡置戸町","朝日"],"0991105":[1,"常呂郡置戸町","洗心"],"0990877":[1,"北見市","柏木"],"0994356":[1,"斜里郡斜里町","岩尾別"],"0993614":[1,"斜里郡小清水町","美和"],"0992381":[1,"網走郡大空町","女満別大成"],"0992311":[1,"網走郡大空町","女満別東一条"],"0991135":[1,"常呂郡置戸町","国栄"],"0991582":[1,"北見市","開成"],"0991412":[1,"常呂郡訓子府町","緑丘"],"0990413":[1,"紋別郡遠軽町","寿町"],"0991104":[1,"常呂郡置戸町","栄一"],"0991407":[1,"常呂郡訓子府町","福野"],"0994406":[1,"斜里郡清里町","水元町"],"0990407":[1,"紋別郡遠軽町","丸大"],"0996413":[1,"紋別郡湧別町","福島"],"0995174":[1,"紋別市","渚滑町宇津々"],"0994145":[1,"斜里郡斜里町","美咲"],"0993634":[1,"斜里郡小清水町","小清水"],"0991586":[1,"北見市","広郷"],"0995352":[1,"紋別市","上渚滑町中渚滑"],"0990406":[1,"紋別郡遠軽町","宮前町"],"0990214":[1,"紋別郡遠軽町","丸瀬布大平"],"0990126":[1,"紋別郡遠軽町","奥白滝"],"0993611":[1,"斜里郡小清水町","上徳"],"0993225":[1,"網走郡大空町","東藻琴"],"0992354":[1,"網走郡大空町","女満別眺湖台"],"0992305":[1,"網走郡大空町","女満別東陽"],"0991100":[1,"常呂郡置戸町",""],"0990205":[1,"紋別郡遠軽町","丸瀬布東町"],"0993211":[1,"網走郡大空町","東藻琴"],"0994133":[1,"斜里郡斜里町","三井"],"0993613":[1,"斜里郡小清水町","神浦"],"0994115":[1,"斜里郡斜里町","光陽町"],"0995544":[1,"紋別郡滝上町","雄鎮内"],"0993221":[1,"網走郡大空町","東藻琴大進"],"0993451":[1,"斜里郡小清水町","倉栄"],"0995355":[1,"紋別市","上渚滑町更生"],"0994127":[1,"斜里郡斜里町","以久科南"],"0993201":[1,"網走郡大空町","東藻琴"],"0991418":[1,"常呂郡訓子府町","実郷"],"0990121":[1,"紋別郡遠軽町","白滝北支湧別"],"0992326":[1,"網走郡大空町","女満別西六条"],"0996131":[1,"紋別市","一本松"],"0994142":[1,"斜里郡斜里町","中斜里"],"0990873":[1,"北見市","西相内"],"0992362":[1,"網走郡大空町","女満別朝日"],"0990124":[1,"紋別郡遠軽町","東白滝"],"0992302":[1,"網走郡大空町","女満別住吉"],"0994122":[1,"斜里郡斜里町","峰浜"],"0990702":[1,"紋別郡遠軽町","生田原伊吹"],"0992321":[1,"網走郡大空町","女満別西一条"],"0993624":[1,"斜里郡小清水町","小清水"],"0990410":[1,"紋別郡遠軽町","東町"],"0991404":[1,"常呂郡訓子府町","柏丘"],"0994116":[1,"斜里郡斜里町","文光町"],"0993118":[1,"網走市","豊郷"],"0996271":[1,"紋別郡湧別町","信部内"],"0993625":[1,"斜里郡小清水町","小清水"],"0995604":[1,"紋別郡滝上町","元町"],"0994355":[1,"斜里郡斜里町","ウトロ東"],"0994123":[1,"斜里郡斜里町","朱円東"],"0991414":[1,"常呂郡訓子府町","開盛"],"0993603":[1,"斜里郡小清水町","泉"],"0996503":[1,"紋別郡湧別町","開盛"],"0994524":[1,"斜里郡清里町","青葉"],"0993111":[1,"網走市","藻琴"],"0993119":[1,"網走市","鱒浦"],"0996321":[1,"紋別郡湧別町","旭"],"0995613":[1,"紋別郡滝上町","第３区"],"0993454":[1,"斜里郡小清水町","止別"],"0994111":[1,"斜里郡斜里町","前浜町"],"0991121":[1,"常呂郡置戸町","北農"],"0991422":[1,"常呂郡訓子府町","北栄"],"0996401":[1,"紋別郡湧別町","港町"]}
