{"0150814":[5,"由利本荘市","後町"],"0150864":[5,"由利本荘市","大鍬町"],"0150833":[5,"由利本荘市","巣組"],"0150516":[5,"由利本荘市","鳥海町百宅"],"0150052":[5,"由利本荘市","畑谷"],"0150072":[5,"由利本荘市","裏尾崎町"],"0150840":[5,"由利本荘市","瀬越場"],"0150803":[5,"由利本荘市","中竪町"],"0150401":[5,"由利本荘市","矢島町田中町"],"0150352":[5,"由利本荘市","西沢"],"0150823":[5,"由利本荘市","和泉町"],"0150063":[5,"由利本荘市","舘前"],"0150882":[5,"由利本荘市","西小人町"],"0150857":[5,"由利本荘市","寺後"],"0150031":[5,"由利本荘市","浜三川"],"0150871":[5,"由利本荘市","尾崎"],"0150414":[5,"由利本荘市","矢島町立石"],"0150852":[5,"由利本荘市","一番堰"],"0150332":[5,"由利本荘市","森子"],"0150323":[5,"由利本荘市","土倉"],"0150505":[5,"由利本荘市","鳥海町小川"],"0150892":[5,"由利本荘市","蟻山"],"0150042":[5,"由利本荘市","埋田"],"0150321":[5,"由利本荘市","蟹沢"],"0150868":[5,"由利本荘市","大堤下"],"0150886":[5,"由利本荘市","調練場"],"0150221":[5,"由利本荘市","東由利舘合"],"0150418":[5,"由利本荘市","矢島町荒沢"],"0150077":[5,"由利本荘市","本田仲町"],"0150062":[5,"由利本荘市","大中ノ沢"],"0150721":[5,"由利本荘市","鳥海町上笹子"],"0150033":[5,"由利本荘市","神沢"],"0150404":[5,"由利本荘市","矢島町七日町"],"0150084":[5,"由利本荘市","鮎瀬"],"0150054":[5,"由利本荘市","土谷"],"0150047":[5,"由利本荘市","藤崎"],"0150231":[5,"由利本荘市","東由利黒渕"],"0150025":[5,"由利本荘市","山田"],"0150843":[5,"由利本荘市","東梵天"],"0150866":[5,"由利本荘市","堤脇"],"0150837":[5,"由利本荘市","出戸町"],"0150242":[5,"由利本荘市","東由利杉森"],"0150888":[5,"由利本荘市","新組町"],"0150816":[5,"由利本荘市","大町"],"0150024":[5,"由利本荘市","内越"],"0150861":[5,"由利本荘市","御門"],"0150807":[5,"由利本荘市","中横町"],"0150046":[5,"由利本荘市","船岡"],"0150825":[5,"由利本荘市","観音町"],"0150885":[5,"由利本荘市","水林"],"0150403":[5,"由利本荘市","矢島町舘町"],"0150889":[5,"由利本荘市","砂糖畑"],"0150243":[5,"由利本荘市","山内"],"0150862":[5,"由利本荘市","小人町"],"0150835":[5,"由利本荘市","八幡下"],"0150089":[5,"由利本荘市","鳥田目"],"0150301":[5,"由利本荘市","飯沢"],"0150806":[5,"由利本荘市","上横町"],"0150805":[5,"由利本荘市","油小路"],"0150085":[5,"由利本荘市","烏川"],"0150202":[5,"由利本荘市","東由利蔵"],"0150093":[5,"由利本荘市","大沢"],"0150881":[5,"由利本荘市","切通"],"0150364":[5,"由利本荘市","南福田"],"0150035":[5,"由利本荘市","親川"],"0150513":[5,"由利本荘市","鳥海町下直根"],"0150088":[5,"由利本荘市","柳生"],"0150067":[5,"由利本荘市","三条"],"0150872":[5,"由利本荘市","瓦谷地"],"0150851":[5,"由利本荘市","中梵天"],"0150883":[5,"由利本荘市","下地ケ沢"],"0150069":[5,"由利本荘市","北ノ股"],"0150021":[5,"由利本荘市","大浦"],"0150812":[5,"由利本荘市","鍛治町"],"0150065":[5,"由利本荘市","荒町"],"0150304":[5,"由利本荘市","曲沢"],"0150362":[5,"由利本荘市","東鮎川"],"0150841":[5,"由利本荘市","下大野"],"0150877":[5,"由利本荘市","濡浜北"],"0150412":[5,"由利本荘市","矢島町川辺"],"0150874":[5,"由利本荘市","給人町"],"0150831":[5,"由利本荘市","北裏地"],"0150890":[5,"由利本荘市","船ケ台"],"0150071":[5,"由利本荘市","赤沼町"],"0150501":[5,"由利本荘市","鳥海町伏見"],"0150091":[5,"由利本荘市","大簗"],"0150081":[5,"由利本荘市","雪車町"],"0150043":[5,"由利本荘市","宮内"],"0150503":[5,"由利本荘市","鳥海町栗沢"],"0150076":[5,"由利本荘市","東町"],"0150211":[5,"由利本荘市","東由利老方"],"0150064":[5,"由利本荘市","万願寺"],"0150322":[5,"由利本荘市","新上条"],"0150815":[5,"由利本荘市","猟師町"],"0150041":[5,"由利本荘市","薬師堂"],"0150331":[5,"由利本荘市","川西"],"0150032":[5,"由利本荘市","松ケ崎"],"0150351":[5,"由利本荘市","堰口"],"0150804":[5,"由利本荘市","谷山小路"],"0150853":[5,"由利本荘市","松街道"],"0150821":[5,"由利本荘市","肴町"],"0150413":[5,"由利本荘市","矢島町木在"],"0150073":[5,"由利本荘市","笹道"],"0150891":[5,"由利本荘市","小防ケ沢"],"0150515":[5,"由利本荘市","鳥海町上直根"],"0150832":[5,"由利本荘市","下川原中島"],"0150061":[5,"由利本荘市","二十六木"],"0150201":[5,"由利本荘市","東由利法内"],"0150312":[5,"由利本荘市","大水口"],"0150802":[5,"由利本荘市","表尾崎町"],"0150801":[5,"由利本荘市","美倉町"],"0150011":[5,"由利本荘市","石脇"],"0150836":[5,"由利本荘市","赤沼下"],"0150824":[5,"由利本荘市","古雪町"],"0150511":[5,"由利本荘市","鳥海町戈之神"],"0150074":[5,"由利本荘市","桜小路"],"0150094":[5,"由利本荘市","上野"],"0150854":[5,"由利本荘市","上大野"],"0150333":[5,"由利本荘市","山本"],"0150856":[5,"由利本荘市","円正脇"],"0150878":[5,"由利本荘市","観音森"],"0150314":[5,"由利本荘市","東中沢"],"0150324":[5,"由利本荘市","吉沢"],"0150078":[5,"由利本荘市","谷地町"],"0150083":[5,"由利本荘市","滝ノ沢"],"0150838":[5,"由利本荘市","梵天谷地"],"0150822":[5,"由利本荘市","田町"],"0150012":[5,"由利本荘市","石脇"],"0150045":[5,"由利本荘市","葛法"],"0150817":[5,"由利本荘市","中町"],"0150303":[5,"由利本荘市","陳ケ森"],"0150055":[5,"由利本荘市","土谷"],"0150014":[5,"由利本荘市","石脇"],"0150826":[5,"由利本荘市","片町"],"0150302":[5,"由利本荘市","久保田"],"0150855":[5,"由利本荘市","二番堰"],"0150884":[5,"由利本荘市","狐森"],"0150241":[5,"由利本荘市","東由利宿"],"0150079":[5,"由利本荘市","赤沼下道"],"0150863":[5,"由利本荘市","不戻沢"],"0150869":[5,"由利本荘市","陣場岱"],"0150023":[5,"由利本荘市","赤田"],"0150053":[5,"由利本荘市","福山"],"0150842":[5,"由利本荘市","出戸上野"],"0150867":[5,"由利本荘市","千刈"],"0150086":[5,"由利本荘市","舘"],"0150363":[5,"由利本荘市","町村"],"0150044":[5,"由利本荘市","玉ノ池"],"0150402":[5,"由利本荘市","矢島町矢島町"],"0150887":[5,"由利本荘市","今野谷地"],"0150051":[5,"由利本荘市","川口"],"0150865":[5,"由利本荘市","西大鍬町"],"0150811":[5,"由利本荘市","桶屋町"],"0150361":[5,"由利本荘市","黒沢"],"0150512":[5,"由利本荘市","鳥海町猿倉"],"0150722":[5,"由利本荘市","鳥海町下笹子"],"0150068":[5,"由利本荘市","南ノ股"],"0150416":[5,"由利本荘市","矢島町坂之下"],"0150827":[5,"由利本荘市","浜ノ町"],"0150022":[5,"由利本荘市","内黒瀬"],"0150087":[5,"由利本荘市","湯沢"],"0150013":[5,"由利本荘市","石脇"],"0150092":[5,"由利本荘市","山内"],"0150514":[5,"由利本荘市","鳥海町中直根"],"0150839":[5,"由利本荘市","古川端"],"0150873":[5,"由利本荘市","鶴沼"],"0150858":[5,"由利本荘市","西梵天"],"0150876":[5,"由利本荘市","井戸尻"],"0150000":[5,"由利本荘市",""],"0150875":[5,"由利本荘市","砂子下"],"0150415":[5,"由利本荘市","矢島町新荘"],"0150834":[5,"由利本荘市","岩渕下"],"0150341":[5,"由利本荘市","前郷"],"0150066":[5,"由利本荘市","金山"],"0150411":[5,"由利本荘市","矢島町城内"],"0150813":[5,"由利本荘市","日役町"],"0150311":[5,"由利本荘市","五十土"],"0150232":[5,"由利本荘市","東由利田代"],"0150417":[5,"由利本荘市","矢島町元町"],"0150034":[5,"由利本荘市","芦川"],"0150502":[5,"由利本荘市","鳥海町下川内"],"0150504":[5,"由利本荘市","鳥海町上川内"],"0150075":[5,"由利本荘市","花畑町"],"0150313":[5,"由利本荘市","小菅野"],"0150353":[5,"由利本荘市","平石"],"0150082":[5,"由利本荘市","宮沢"]}
