{"1030003":[13,"中央区","日本橋横山町"],"1030002":[13,"中央区","日本橋馬喰町"],"1030004":[13,"中央区","東日本橋"],"1030028":[13,"中央区","八重洲"],"1030001":[13,"中央区","日本橋小伝馬町"],"1030027":[13,"中央区","日本橋"],"1030021":[13,"中央区","日本橋本石町"],"1030011":[13,"中央区","日本橋大伝馬町"],"1030005":[13,"中央区","日本橋久松町"],"1030026":[13,"中央区","日本橋兜町"],"1030023":[13,"中央区","日本橋本町"],"1030025":[13,"中央区","日本橋茅場町"],"1030024":[13,"中央区","日本橋小舟町"],"1030013":[13,"中央区","日本橋人形町"],"1030012":[13,"中央区","日本橋堀留町"],"1030008":[13,"中央区","日本橋中洲"],"1030015":[13,"中央区","日本橋箱崎町"],"1030000":[13,"中央区",""],"1030016":[13,"中央区","日本橋小網町"],"1030007":[13,"中央区","日本橋浜町"],"1030022":[13,"中央区","日本橋室町"],"1030014":[13,"中央区","日本橋蛎殻町"],"1030006":[13,"中央区","日本橋富沢町"]}
