{"2390842":[14,"横須賀市","長沢"],"2390820":[14,"横須賀市","光風台"],"2390841":[14,"横須賀市","野比"],"2390805":[14,"横須賀市","舟倉"],"2390836":[14,"横須賀市","内川"],"2390833":[14,"横須賀市","ハイランド"],"2390815":[14,"横須賀市","浦上台"],"2390808":[14,"横須賀市","大津町"],"2390802":[14,"横須賀市","馬堀町"],"2390826":[14,"横須賀市","長瀬"],"2390823":[14,"横須賀市","浦賀丘"],"2390843":[14,"横須賀市","津久井"],"2390837":[14,"横須賀市","内川新田"],"2390834":[14,"横須賀市","久村"],"2390844":[14,"横須賀市","岩戸"],"2390803":[14,"横須賀市","桜が丘"],"2390825":[14,"横須賀市","南浦賀"],"2390807":[14,"横須賀市","根岸町"],"2390829":[14,"横須賀市","若宮台"],"2390804":[14,"横須賀市","吉井"],"2390812":[14,"横須賀市","小原台"],"2390821":[14,"横須賀市","東浦賀"],"2390831":[14,"横須賀市","久里浜"],"2390845":[14,"横須賀市","粟田"],"2390846":[14,"横須賀市","グリーンハイツ"],"2390813":[14,"横須賀市","鴨居"],"2390814":[14,"横須賀市","二葉"],"2390801":[14,"横須賀市","馬堀海岸"],"2390832":[14,"横須賀市","神明町"],"2390828":[14,"横須賀市","久比里"],"2390827":[14,"横須賀市","久里浜台"],"2390847":[14,"横須賀市","光の丘"],"2390822":[14,"横須賀市","浦賀"],"2390835":[14,"横須賀市","佐原"],"2390806":[14,"横須賀市","池田町"],"2390811":[14,"横須賀市","走水"],"2390824":[14,"横須賀市","西浦賀"]}
