{"0740005":[1,"深川市","五条"],"0740141":[1,"深川市","多度志"],"0740426":[1,"雨竜郡幌加内町","政和第二"],"0740414":[1,"雨竜郡幌加内町","清月"],"0740413":[1,"雨竜郡幌加内町","雨煙内"],"0741182":[1,"旭川市","神居町豊里"],"0740031":[1,"深川市","あけぼの町"],"0740425":[1,"雨竜郡幌加内町","政和第一"],"0740026":[1,"深川市","錦町西"],"0740021":[1,"深川市","稲穂町"],"0740027":[1,"深川市","錦町北"],"0740401":[1,"雨竜郡幌加内町","平和"],"0741274":[1,"深川市","音江町"],"0740023":[1,"深川市","太子町"],"0741271":[1,"深川市","音江町"],"0740412":[1,"雨竜郡幌加内町","親和"],"0740013":[1,"深川市","文光町"],"0740744":[1,"雨竜郡幌加内町","大曲"],"0740014":[1,"深川市","開西町"],"0740411":[1,"雨竜郡幌加内町","幌加内"],"0740001":[1,"深川市","一条"],"0740004":[1,"深川市","四条"],"0740743":[1,"雨竜郡幌加内町","共栄"],"0740427":[1,"雨竜郡幌加内町","政和第三"],"0740146":[1,"深川市","湯内"],"0741161":[1,"深川市","音江町"],"0740025":[1,"深川市","錦町"],"0740422":[1,"雨竜郡幌加内町","振興"],"0741273":[1,"深川市","音江町"],"0740403":[1,"雨竜郡幌加内町","下幌加内"],"0740143":[1,"深川市","ウッカ"],"0740400":[1,"雨竜郡幌加内町",""],"0740404":[1,"雨竜郡幌加内町","沼牛"],"0740024":[1,"深川市","新光町"],"0740002":[1,"深川市","二条"],"0740415":[1,"雨竜郡幌加内町","長留内"],"0740741":[1,"雨竜郡幌加内町","母子里"],"0740421":[1,"雨竜郡幌加内町","東栄"],"0740142":[1,"深川市","宇摩"],"0741181":[1,"旭川市","神居町西丘"],"0740747":[1,"雨竜郡幌加内町","新富"],"0740405":[1,"雨竜郡幌加内町","弥運内"],"0741276":[1,"深川市","音江町"],"0740028":[1,"深川市","一已町"],"0740006":[1,"深川市","六条"],"0740003":[1,"深川市","三条"],"0741162":[1,"深川市","音江町"],"0740011":[1,"深川市","緑町"],"0740742":[1,"雨竜郡幌加内町","朱鞠内"],"0740008":[1,"深川市","八条"],"0740012":[1,"深川市","西町"],"0740745":[1,"雨竜郡幌加内町","北星"],"0741272":[1,"深川市","音江町"],"0740402":[1,"雨竜郡幌加内町","新成生"],"0740144":[1,"深川市","鷹泊"],"0740746":[1,"雨竜郡幌加内町","添牛内"],"0741163":[1,"深川市","音江町"],"0741164":[1,"深川市","音江町"],"0740145":[1,"深川市","幌内"],"0741275":[1,"深川市","音江町"],"0740147":[1,"深川市","多度志南"],"0740423":[1,"雨竜郡幌加内町","上幌加内"],"0740000":[1,"深川市",""],"0740009":[1,"深川市","九条"],"0740022":[1,"深川市","北光町"],"0740424":[1,"雨竜郡幌加内町","雨煙別"],"0740007":[1,"深川市","七条"],"0740015":[1,"深川市","メム"]}
