{"3040045":[8,"下妻市","山尻"],"3040032":[8,"下妻市","比毛"],"3040821":[8,"下妻市","別府"],"3040052":[8,"下妻市","二本紀"],"3040025":[8,"下妻市","大木新田"],"3040023":[8,"下妻市","大串"],"3040072":[8,"下妻市","渋井"],"3040813":[8,"下妻市","本宗道"],"3040075":[8,"下妻市","南原"],"3040048":[8,"下妻市","加養"],"3040018":[8,"下妻市","平川戸"],"3040033":[8,"下妻市","堀篭"],"3040047":[8,"下妻市","肘谷"],"3040811":[8,"下妻市","下栗"],"3040823":[8,"下妻市","五箇"],"3040046":[8,"下妻市","樋橋"],"3040062":[8,"下妻市","下妻戊"],"3040069":[8,"下妻市","田町"],"3040050":[8,"下妻市","亀崎"],"3040028":[8,"下妻市","下木戸"],"3040016":[8,"下妻市","数須"],"3040054":[8,"下妻市","中居指"],"3040012":[8,"下妻市","若柳"],"3040027":[8,"下妻市","福田"],"3040003":[8,"下妻市","関本下"],"3040000":[8,"下妻市",""],"3040002":[8,"下妻市","江"],"3040042":[8,"下妻市","袋畑"],"3040824":[8,"下妻市","村岡"],"3040802":[8,"下妻市","鯨"],"3040005":[8,"下妻市","半谷"],"3040017":[8,"下妻市","筑波島"],"3040068":[8,"下妻市","下妻丁"],"3040064":[8,"下妻市","本城町"],"3040051":[8,"下妻市","小島"],"3040011":[8,"下妻市","神明"],"3040053":[8,"下妻市","今泉"],"3040066":[8,"下妻市","下妻甲"],"3040015":[8,"下妻市","下田"],"3040055":[8,"下妻市","砂沼新田"],"3040056":[8,"下妻市","長塚"],"3040057":[8,"下妻市","石の宮"],"3040814":[8,"下妻市","宗道"],"3040044":[8,"下妻市","柳原"],"3040822":[8,"下妻市","皆葉"],"3040817":[8,"下妻市","羽子"],"3040022":[8,"下妻市","大宝"],"3040014":[8,"下妻市","中郷"],"3040063":[8,"下妻市","小野子町"],"3040816":[8,"下妻市","原"],"3040819":[8,"下妻市","鎌庭"],"3040013":[8,"下妻市","下宮"],"3040815":[8,"下妻市","渋田"],"3040004":[8,"下妻市","大木"],"3040803":[8,"下妻市","伊古立"],"3040804":[8,"下妻市","長萱"],"3040076":[8,"下妻市","前河原"],"3040073":[8,"下妻市","桐ケ瀬"],"3040049":[8,"下妻市","新堀"],"3040801":[8,"下妻市","大園木"],"3040806":[8,"下妻市","見田"],"3040043":[8,"下妻市","谷田部"],"3040061":[8,"下妻市","下妻丙"],"3040071":[8,"下妻市","尻手"],"3040067":[8,"下妻市","下妻乙"],"3040805":[8,"下妻市","唐崎"],"3040021":[8,"下妻市","北大宝"],"3040065":[8,"下妻市","本宿町"],"3040007":[8,"下妻市","黒駒"],"3040006":[8,"下妻市","柴"],"3040041":[8,"下妻市","古沢"],"3040024":[8,"下妻市","坂本新田"],"3040818":[8,"下妻市","鬼怒"],"3040034":[8,"下妻市","坂井"],"3040031":[8,"下妻市","高道祖"],"3040035":[8,"下妻市","横根"],"3040812":[8,"下妻市","田下"],"3040001":[8,"下妻市","平方"],"3040074":[8,"下妻市","赤須"],"3040026":[8,"下妻市","平沼"]}
