{"3920016":[20,"諏訪市","豊田"],"3920025":[20,"諏訪市","末広"],"3920013":[20,"諏訪市","沖田町"],"3920011":[20,"諏訪市","赤羽根"],"3920017":[20,"諏訪市","城南"],"3920027":[20,"諏訪市","湖岸通り"],"3920014":[20,"諏訪市","南町"],"3920026":[20,"諏訪市","大手"],"3920015":[20,"諏訪市","中洲"],"3920004":[20,"諏訪市","諏訪"],"3920006":[20,"諏訪市","元町"],"3920021":[20,"諏訪市","上川"],"3920009":[20,"諏訪市","杉菜池"],"3920012":[20,"諏訪市","四賀"],"3920131":[20,"諏訪市","湖南"],"3920002":[20,"諏訪市","湯の脇"],"3920008":[20,"諏訪市","霧ケ峰"],"3920001":[20,"諏訪市","大和"],"3920022":[20,"諏訪市","高島"],"3920024":[20,"諏訪市","小和田"],"3920010":[20,"諏訪市","渋崎"],"3920000":[20,"諏訪市",""],"3920003":[20,"諏訪市","上諏訪"],"3920007":[20,"諏訪市","清水"],"3920023":[20,"諏訪市","小和田南"],"3920005":[20,"諏訪市","岡村"]}
