{"4430101":[23,"蒲郡市","一色町"],"4430057":[23,"蒲郡市","中央本町"],"4430045":[23,"蒲郡市","旭町"],"4430056":[23,"蒲郡市","神明町"],"4430046":[23,"蒲郡市","竹谷町"],"4430022":[23,"蒲郡市","三谷北通"],"4430038":[23,"蒲郡市","拾石町"],"4430047":[23,"蒲郡市","西迫町"],"4430008":[23,"蒲郡市","柏原町"],"4430059":[23,"蒲郡市","本町"],"4430005":[23,"蒲郡市","水竹町"],"4430044":[23,"蒲郡市","宝町"],"4430052":[23,"蒲郡市","新井町"],"4430043":[23,"蒲郡市","元町"],"4430002":[23,"蒲郡市","清田町"],"4430048":[23,"蒲郡市","緑町"],"4430006":[23,"蒲郡市","蒲郡町"],"4430004":[23,"蒲郡市","平田町"],"4430053":[23,"蒲郡市","堀込町"],"4430011":[23,"蒲郡市","豊岡町"],"4430103":[23,"蒲郡市","形原町北浜"],"4430007":[23,"蒲郡市","神ノ郷町"],"4430035":[23,"蒲郡市","栄町"],"4430104":[23,"蒲郡市","形原町"],"4430105":[23,"蒲郡市","西浦町"],"4430034":[23,"蒲郡市","港町"],"4430032":[23,"蒲郡市","丸山町"],"4430051":[23,"蒲郡市","新井形町"],"4430033":[23,"蒲郡市","松原町"],"4430042":[23,"蒲郡市","御幸町"],"4430014":[23,"蒲郡市","海陽町"],"4430102":[23,"蒲郡市","金平町"],"4430036":[23,"蒲郡市","浜町"],"4430003":[23,"蒲郡市","五井町"],"4430021":[23,"蒲郡市","三谷町"],"4430013":[23,"蒲郡市","大塚町"],"4430012":[23,"蒲郡市","相楽町"],"4430055":[23,"蒲郡市","八百富町"],"4430031":[23,"蒲郡市","竹島町"],"4430037":[23,"蒲郡市","鹿島町"],"4430000":[23,"蒲郡市",""],"4430106":[23,"蒲郡市","形原町春日浦"],"4430058":[23,"蒲郡市","上本町"],"4430054":[23,"蒲郡市","府相町"],"4430001":[23,"蒲郡市","坂本町"],"4430041":[23,"蒲郡市","宮成町"]}
