{"0160865":[5,"能代市","青葉町"],"0160174":[5,"能代市","新山前"],"0160837":[5,"能代市","西赤沼"],"0160137":[5,"能代市","鵜鳥悪戸"],"0160112":[5,"能代市","中嶋"],"0160157":[5,"能代市","腹鞁ノ沢"],"0160122":[5,"能代市","扇田"],"0160856":[5,"能代市","藤山"],"0160883":[5,"能代市","五雲岱"],"0160801":[5,"能代市","浜通町"],"0160014":[5,"能代市","落合"],"0160802":[5,"能代市","川反町"],"0160892":[5,"能代市","景林町"],"0160016":[5,"能代市","竹生"],"0160186":[5,"能代市","下野"],"0160842":[5,"能代市","追分町"],"0160011":[5,"能代市","坂形"],"0160834":[5,"能代市","下内崎"],"0160879":[5,"能代市","不老岱"],"0160147":[5,"能代市","鳥矢場"],"0160139":[5,"能代市","谷地上"],"0160164":[5,"能代市","大塚"],"0160177":[5,"能代市","権現台"],"0160823":[5,"能代市","若松町"],"0160182":[5,"能代市","上柳"],"0160822":[5,"能代市","東町"],"0160815":[5,"能代市","御指南町"],"0160813":[5,"能代市","能代町"],"0160893":[5,"能代市","松美町"],"0160144":[5,"能代市","上ノ山台"],"0160814":[5,"能代市","中川原"],"0160807":[5,"能代市","大森山"],"0160811":[5,"能代市","日吉町"],"0160162":[5,"能代市","大内田"],"0160805":[5,"能代市","大手町"],"0160179":[5,"能代市","浅内"],"0160873":[5,"能代市","長崎"],"0160135":[5,"能代市","姥懐"],"0160184":[5,"能代市","高塙"],"0160004":[5,"能代市","吹越"],"0160839":[5,"能代市","東大瀬"],"0160851":[5,"能代市","緑町"],"0160896":[5,"能代市","盤若町"],"0160817":[5,"能代市","上町"],"0160012":[5,"能代市","比八田"],"0160142":[5,"能代市","半戸沢"],"0160882":[5,"能代市","鳳凰岱"],"0160841":[5,"能代市","養蚕"],"0160123":[5,"能代市","田床内"],"0160857":[5,"能代市","田子向"],"0160104":[5,"能代市","下関"],"0160861":[5,"能代市","彩霞長根"],"0160002":[5,"能代市","朴瀬"],"0160102":[5,"能代市","一本木"],"0160173":[5,"能代市","下古川布"],"0160163":[5,"能代市","袖又"],"0160871":[5,"能代市","昇平岱"],"0160153":[5,"能代市","上関"],"0160897":[5,"能代市","昭南町"],"0160875":[5,"能代市","南陽崎"],"0160114":[5,"能代市","中悪戸"],"0160804":[5,"能代市","万町"],"0160171":[5,"能代市","河戸川"],"0160116":[5,"能代市","機織轌ノ目"],"0160141":[5,"能代市","鵜ノ沢"],"0160825":[5,"能代市","柳町"],"0160835":[5,"能代市","赤沼"],"0160844":[5,"能代市","花園町"],"0160145":[5,"能代市","若田"],"0160155":[5,"能代市","大森"],"0160167":[5,"能代市","塩干田"],"0160863":[5,"能代市","後谷地"],"0160156":[5,"能代市","中沢"],"0160855":[5,"能代市","西大瀬"],"0160003":[5,"能代市","荷八田"],"0160149":[5,"能代市","田中谷地"],"0160838":[5,"能代市","養蚕脇"],"0160165":[5,"能代市","田屋"],"0160146":[5,"能代市","外堤"],"0160175":[5,"能代市","古屋布"],"0160005":[5,"能代市","真壁地"],"0160831":[5,"能代市","元町"],"0160803":[5,"能代市","大町"],"0160884":[5,"能代市","卸町"],"0160000":[5,"能代市",""],"0160881":[5,"能代市","砂留山"],"0160185":[5,"能代市","下瀬"],"0160131":[5,"能代市","鶴形"],"0160161":[5,"能代市","松長布"],"0160845":[5,"能代市","通町"],"0160166":[5,"能代市","柏子所"],"0160148":[5,"能代市","冷清水"],"0160181":[5,"能代市","大瀬儘下"],"0160812":[5,"能代市","中嶋"],"0160101":[5,"能代市","中関"],"0160138":[5,"能代市","鵜鳥川原"],"0160894":[5,"能代市","萩の台"],"0160133":[5,"能代市","向田表"],"0160833":[5,"能代市","明治町"],"0160808":[5,"能代市","日和山下"],"0160136":[5,"能代市","鵜鳥"],"0160015":[5,"能代市","須田"],"0160864":[5,"能代市","鳥小屋"],"0160187":[5,"能代市","下柳"],"0160168":[5,"能代市","十洲崎"],"0160816":[5,"能代市","富町"],"0160169":[5,"能代市","坊ケ崎"],"0160878":[5,"能代市","臥竜山"],"0160806":[5,"能代市","清助町"],"0160854":[5,"能代市","豊祥岱"],"0160121":[5,"能代市","鰄渕"],"0160853":[5,"能代市","出戸後"],"0160143":[5,"能代市","上ノ山"],"0160176":[5,"能代市","戸川向"],"0160132":[5,"能代市","町後"],"0160877":[5,"能代市","仙遊長根"],"0160134":[5,"能代市","戸草沢"],"0160183":[5,"能代市","中柳"],"0160188":[5,"能代市","寺向"],"0160821":[5,"能代市","畠町"],"0160862":[5,"能代市","寿域長根"],"0160852":[5,"能代市","出戸本町"],"0160001":[5,"能代市","外荒巻"],"0160017":[5,"能代市","磐"],"0160832":[5,"能代市","南元町"],"0160115":[5,"能代市","悪戸"],"0160876":[5,"能代市","海詠坂"],"0160891":[5,"能代市","西通町"],"0160824":[5,"能代市","住吉町"],"0160846":[5,"能代市","栄町"],"0160154":[5,"能代市","上谷地"],"0160178":[5,"能代市","九郎左衛門笹台"],"0160151":[5,"能代市","檜山"],"0160874":[5,"能代市","沼ノ上"],"0160113":[5,"能代市","下悪戸"],"0160843":[5,"能代市","中和"],"0160172":[5,"能代市","上古川布"],"0160872":[5,"能代市","芝童森"],"0160103":[5,"能代市","宮ノ前"],"0160836":[5,"能代市","東赤沼"],"0160111":[5,"能代市","仁井田白山"],"0160152":[5,"能代市","母体"],"0160895":[5,"能代市","末広町"],"0160013":[5,"能代市","向能代"]}
