{"3130212":[8,"常陸太田市","中染町"],"3130112":[8,"常陸太田市","岩手町"],"3130034":[8,"常陸太田市","上土木内町"],"3130215":[8,"常陸太田市","西染町"],"3130213":[8,"常陸太田市","町田町"],"3130064":[8,"常陸太田市","寿町"],"3130116":[8,"常陸太田市","大方町"],"3130214":[8,"常陸太田市","和久町"],"3130005":[8,"常陸太田市","栄町"],"3130222":[8,"常陸太田市","松平町"],"3130123":[8,"常陸太田市","久米町"],"3130007":[8,"常陸太田市","新宿町"],"3130211":[8,"常陸太田市","東染町"],"3130132":[8,"常陸太田市","新地町"],"3130351":[8,"常陸太田市","天下野町"],"3130117":[8,"常陸太田市","宮の郷町"],"3130047":[8,"常陸太田市","島町"],"3130027":[8,"常陸太田市","長谷町"],"3130103":[8,"常陸太田市","下宮河内町"],"3130008":[8,"常陸太田市","増井町"],"3130051":[8,"常陸太田市","東一町"],"3130052":[8,"常陸太田市","東二町"],"3130044":[8,"常陸太田市","下河合町"],"3130225":[8,"常陸太田市","棚谷町"],"3130056":[8,"常陸太田市","西一町"],"3130043":[8,"常陸太田市","谷河原町"],"3130111":[8,"常陸太田市","千寿町"],"3130035":[8,"常陸太田市","堅磐町"],"3130121":[8,"常陸太田市","芦間町"],"3130223":[8,"常陸太田市","和田町"],"3130002":[8,"常陸太田市","下大門町"],"3130000":[8,"常陸太田市",""],"3130031":[8,"常陸太田市","岡田町"],"3130106":[8,"常陸太田市","下利員町"],"3130113":[8,"常陸太田市","高柿町"],"3130032":[8,"常陸太田市","沢目町"],"3130062":[8,"常陸太田市","塙町"],"3130036":[8,"常陸太田市","落合町"],"3130016":[8,"常陸太田市","金井町"],"3130122":[8,"常陸太田市","玉造町"],"3130006":[8,"常陸太田市","宮本町"],"3130101":[8,"常陸太田市","上宮河内町"],"3130224":[8,"常陸太田市","東連地町"],"3130011":[8,"常陸太田市","西宮町"],"3130061":[8,"常陸太田市","中城町"],"3130042":[8,"常陸太田市","磯部町"],"3130013":[8,"常陸太田市","山下町"],"3130049":[8,"常陸太田市","天神林町"],"3130024":[8,"常陸太田市","高貫町"],"3130004":[8,"常陸太田市","馬場町"],"3130003":[8,"常陸太田市","瑞龍町"],"3130063":[8,"常陸太田市","内堀町"],"3130014":[8,"常陸太田市","木崎二町"],"3130023":[8,"常陸太田市","亀作町"],"3130054":[8,"常陸太田市","西三町"],"3130053":[8,"常陸太田市","東三町"],"3130025":[8,"常陸太田市","幡町"],"3130135":[8,"常陸太田市","小島町"],"3130012":[8,"常陸太田市","三才町"],"3130352":[8,"常陸太田市","下高倉町"],"3130046":[8,"常陸太田市","上河合町"],"3130105":[8,"常陸太田市","中利員町"],"3130015":[8,"常陸太田市","木崎一町"],"3130353":[8,"常陸太田市","上高倉町"],"3130102":[8,"常陸太田市","赤土町"],"3130055":[8,"常陸太田市","西二町"],"3130104":[8,"常陸太田市","上利員町"],"3130133":[8,"常陸太田市","松栄町"],"3130038":[8,"常陸太田市","小沢町"],"3130026":[8,"常陸太田市","田渡町"],"3130037":[8,"常陸太田市","内田町"],"3130126":[8,"常陸太田市","薬谷町"],"3130124":[8,"常陸太田市","大平町"],"3130048":[8,"常陸太田市","藤田町"],"3130033":[8,"常陸太田市","小目町"],"3130001":[8,"常陸太田市","上大門町"],"3130115":[8,"常陸太田市","竹合町"],"3130221":[8,"常陸太田市","国安町"],"3130041":[8,"常陸太田市","稲木町"],"3130021":[8,"常陸太田市","大森町"],"3130114":[8,"常陸太田市","箕町"],"3130045":[8,"常陸太田市","粟原町"],"3130125":[8,"常陸太田市","大里町"],"3130131":[8,"常陸太田市","花房町"],"3130022":[8,"常陸太田市","真弓町"],"3130134":[8,"常陸太田市","中野町"]}
