{"0010921":[1,"札幌市北区","新川一条"],"0010909":[1,"札幌市北区","新琴似九条"],"0010012":[1,"札幌市北区","北十二条西"],"0010036":[1,"札幌市北区","北三十六条西"],"0010927":[1,"札幌市北区","新川七条"],"0010926":[1,"札幌市北区","新川六条"],"0010931":[1,"札幌市北区","新川西一条"],"0010903":[1,"札幌市北区","新琴似三条"],"0010915":[1,"札幌市北区","新琴似町"],"0010045":[1,"札幌市北区","麻生町"],"0010039":[1,"札幌市北区","北三十九条西"],"0010018":[1,"札幌市北区","北十八条西"],"0010029":[1,"札幌市北区","北二十九条西"],"0010038":[1,"札幌市北区","北三十八条西"],"0010011":[1,"札幌市北区","北十一条西"],"0010010":[1,"札幌市北区","北十条西"],"0010027":[1,"札幌市北区","北二十七条西"],"0010902":[1,"札幌市北区","新琴似二条"],"0010000":[1,"札幌市北区",""],"0010032":[1,"札幌市北区","北三十二条西"],"0010025":[1,"札幌市北区","北二十五条西"],"0010934":[1,"札幌市北区","新川西四条"],"0010037":[1,"札幌市北区","北三十七条西"],"0010910":[1,"札幌市北区","新琴似十条"],"0010016":[1,"札幌市北区","北十六条西"],"0010015":[1,"札幌市北区","北十五条西"],"0010030":[1,"札幌市北区","北三十条西"],"0010901":[1,"札幌市北区","新琴似一条"],"0010022":[1,"札幌市北区","北二十二条西"],"0010033":[1,"札幌市北区","北三十三条西"],"0010021":[1,"札幌市北区","北二十一条西"],"0010904":[1,"札幌市北区","新琴似四条"],"0010031":[1,"札幌市北区","北三十一条西"],"0010026":[1,"札幌市北区","北二十六条西"],"0010040":[1,"札幌市北区","北四十条西"],"0010932":[1,"札幌市北区","新川西二条"],"0010925":[1,"札幌市北区","新川五条"],"0010019":[1,"札幌市北区","北十九条西"],"0010907":[1,"札幌市北区","新琴似七条"],"0010911":[1,"札幌市北区","新琴似十一条"],"0010928":[1,"札幌市北区","新川八条"],"0010912":[1,"札幌市北区","新琴似十二条"],"0010028":[1,"札幌市北区","北二十八条西"],"0010905":[1,"札幌市北区","新琴似五条"],"0010923":[1,"札幌市北区","新川三条"],"0010908":[1,"札幌市北区","新琴似八条"],"0010924":[1,"札幌市北区","新川四条"],"0010013":[1,"札幌市北区","北十三条西"],"0010017":[1,"札幌市北区","北十七条西"],"0010020":[1,"札幌市北区","北二十条西"],"0010935":[1,"札幌市北区","新川西五条"],"0010906":[1,"札幌市北区","新琴似六条"],"0010930":[1,"札幌市北区","新川"],"0010933":[1,"札幌市北区","新川西三条"],"0010034":[1,"札幌市北区","北三十四条西"],"0010023":[1,"札幌市北区","北二十三条西"],"0010014":[1,"札幌市北区","北十四条西"],"0010035":[1,"札幌市北区","北三十五条西"],"0010024":[1,"札幌市北区","北二十四条西"],"0010922":[1,"札幌市北区","新川二条"]}
