{"4660838":[23,"名古屋市昭和区","五軒家町"],"4660012":[23,"名古屋市昭和区","小桜町"],"4660045":[23,"名古屋市昭和区","丸屋町"],"4660831":[23,"名古屋市昭和区","花見通"],"4660057":[23,"名古屋市昭和区","高辻町"],"4660801":[23,"名古屋市昭和区","田面町"],"4660047":[23,"名古屋市昭和区","永金町"],"4660046":[23,"名古屋市昭和区","広見町"],"4660846":[23,"名古屋市昭和区","戸田町"],"4660802":[23,"名古屋市昭和区","神村町"],"4660849":[23,"名古屋市昭和区","南分町"],"4660001":[23,"名古屋市昭和区","車田町"],"4660054":[23,"名古屋市昭和区","円上町"],"4660013":[23,"名古屋市昭和区","緑町"],"4660032":[23,"名古屋市昭和区","天神町"],"4660854":[23,"名古屋市昭和区","広路通"],"4660836":[23,"名古屋市昭和区","上山町"],"4660051":[23,"名古屋市昭和区","御器所"],"4660011":[23,"名古屋市昭和区","鶴羽町"],"4660822":[23,"名古屋市昭和区","楽園町"],"4660858":[23,"名古屋市昭和区","折戸町"],"4660043":[23,"名古屋市昭和区","池端町"],"4660002":[23,"名古屋市昭和区","吹上町"],"4660803":[23,"名古屋市昭和区","福原町"],"4660845":[23,"名古屋市昭和区","藤成通"],"4660058":[23,"名古屋市昭和区","白金"],"4660063":[23,"名古屋市昭和区","山脇町"],"4660014":[23,"名古屋市昭和区","東畑町"],"4660857":[23,"名古屋市昭和区","安田通"],"4660804":[23,"名古屋市昭和区","宮東町"],"4660016":[23,"名古屋市昭和区","北山本町"],"4660814":[23,"名古屋市昭和区","妙見町"],"4660034":[23,"名古屋市昭和区","明月町"],"4660807":[23,"名古屋市昭和区","山花町"],"4660062":[23,"名古屋市昭和区","狭間町"],"4660827":[23,"名古屋市昭和区","川名山町"],"4660064":[23,"名古屋市昭和区","鶴舞"],"4660812":[23,"名古屋市昭和区","八事富士見"],"4660828":[23,"名古屋市昭和区","山中町"],"4660841":[23,"名古屋市昭和区","広路本町"],"4660835":[23,"名古屋市昭和区","南山町"],"4660811":[23,"名古屋市昭和区","高峯町"],"4660837":[23,"名古屋市昭和区","汐見町"],"4660065":[23,"名古屋市昭和区","鶴舞町"],"4660015":[23,"名古屋市昭和区","御器所通"],"4660023":[23,"名古屋市昭和区","石仏町"],"4660842":[23,"名古屋市昭和区","檀溪通"],"4660059":[23,"名古屋市昭和区","福江"],"4660834":[23,"名古屋市昭和区","広路町"],"4660853":[23,"名古屋市昭和区","川原通"],"4660833":[23,"名古屋市昭和区","隼人町"],"4660036":[23,"名古屋市昭和区","若柳町"],"4660061":[23,"名古屋市昭和区","御器所町"],"4660855":[23,"名古屋市昭和区","川名本町"],"4660806":[23,"名古屋市昭和区","西畑町"],"4660000":[23,"名古屋市昭和区",""],"4660856":[23,"名古屋市昭和区","川名町"],"4660844":[23,"名古屋市昭和区","荒田町"],"4660826":[23,"名古屋市昭和区","滝川町"],"4660815":[23,"名古屋市昭和区","山手通"],"4660843":[23,"名古屋市昭和区","菊園町"],"4660055":[23,"名古屋市昭和区","滝子通"],"4660852":[23,"名古屋市昭和区","萩原町"],"4660825":[23,"名古屋市昭和区","八事本町"],"4660851":[23,"名古屋市昭和区","元宮町"],"4660024":[23,"名古屋市昭和区","大和町"],"4660025":[23,"名古屋市昭和区","下構町"],"4660805":[23,"名古屋市昭和区","伊勝町"],"4660044":[23,"名古屋市昭和区","桜山町"],"4660006":[23,"名古屋市昭和区","北山町"],"4660823":[23,"名古屋市昭和区","八雲町"],"4660042":[23,"名古屋市昭和区","広池町"],"4660037":[23,"名古屋市昭和区","恵方町"],"4660026":[23,"名古屋市昭和区","陶生町"],"4660033":[23,"名古屋市昭和区","台町"],"4660848":[23,"名古屋市昭和区","長戸町"],"4660005":[23,"名古屋市昭和区","雪見町"],"4660829":[23,"名古屋市昭和区","向山町"],"4660824":[23,"名古屋市昭和区","山里町"],"4660041":[23,"名古屋市昭和区","出口町"],"4660031":[23,"名古屋市昭和区","紅梅町"],"4660021":[23,"名古屋市昭和区","小坂町"],"4660004":[23,"名古屋市昭和区","広瀬町"],"4660027":[23,"名古屋市昭和区","阿由知通"],"4660022":[23,"名古屋市昭和区","塩付通"],"4660847":[23,"名古屋市昭和区","長池町"],"4660003":[23,"名古屋市昭和区","曙町"],"4660832":[23,"名古屋市昭和区","駒方町"],"4660052":[23,"名古屋市昭和区","村雲町"],"4660056":[23,"名古屋市昭和区","東郊通"],"4660053":[23,"名古屋市昭和区","滝子町"],"4660821":[23,"名古屋市昭和区","前山町"],"4660035":[23,"名古屋市昭和区","松風町"]}
