{"3060407":[8,"猿島郡境町","稲尾"],"3060001":[8,"古河市","静町"],"3060433":[8,"猿島郡境町",""],"3060042":[8,"古河市","三和"],"3060236":[8,"古河市","大堤"],"3060122":[8,"古河市","上和田"],"3060046":[8,"古河市","牧野地"],"3060044":[8,"古河市","新久田"],"3060417":[8,"猿島郡境町","若林"],"3060643":[8,"坂東市","木間ケ瀬"],"3060636":[8,"坂東市","桐木"],"3060411":[8,"猿島郡境町","下砂井"],"3060404":[8,"猿島郡境町","長井戸"],"3060011":[8,"古河市","東"],"3060035":[8,"古河市","長谷"],"3060604":[8,"坂東市","幸田新田"],"3060013":[8,"古河市","東本町"],"3060503":[8,"坂東市","生子新田"],"3060052":[8,"古河市","大山"],"3060505":[8,"坂東市","菅谷"],"3060007":[8,"古河市","常盤町"],"3060313":[8,"猿島郡五霞町","元栗橋"],"3060501":[8,"坂東市","逆井"],"3060055":[8,"古河市","けやき平"],"3060000":[8,"古河市",""],"3060422":[8,"猿島郡境町","一ノ谷"],"3060316":[8,"猿島郡五霞町","釈迦"],"3060033":[8,"古河市","中央町"],"3060234":[8,"古河市","上辺見"],"3060128":[8,"古河市","上片田"],"3060425":[8,"猿島郡境町","新田戸"],"3060307":[8,"猿島郡五霞町","小福田"],"3060002":[8,"古河市","三杉町"],"3060622":[8,"坂東市","大崎"],"3060401":[8,"猿島郡境町","志鳥"],"3060616":[8,"坂東市","猫実"],"3060304":[8,"猿島郡五霞町","幸主"],"3060645":[8,"坂東市","長須"],"3060626":[8,"坂東市","小山"],"3060656":[8,"坂東市","寺久"],"3060317":[8,"猿島郡五霞町","前林"],"3060421":[8,"猿島郡境町","染谷"],"3060315":[8,"猿島郡五霞町","小手指"],"3060003":[8,"古河市","緑町"],"3060613":[8,"坂東市","大口新田"],"3060109":[8,"古河市","西間中橋"],"3060101":[8,"古河市","尾崎"],"3060611":[8,"坂東市","神田山新田"],"3060126":[8,"古河市","諸川"],"3060211":[8,"古河市","葛生"],"3060111":[8,"古河市","大和田"],"3060206":[8,"古河市","丘里"],"3060634":[8,"坂東市","中里"],"3060106":[8,"古河市","北間中橋"],"3060301":[8,"猿島郡五霞町","山王山"],"3060515":[8,"坂東市","沓掛"],"3060036":[8,"古河市","桜町"],"3060311":[8,"猿島郡五霞町","大福田"],"3060215":[8,"古河市","水海"],"3060511":[8,"坂東市","孫兵エ新田"],"3060226":[8,"古河市","女沼"],"3060426":[8,"猿島郡境町","金岡"],"3060302":[8,"猿島郡五霞町","山王"],"3060213":[8,"古河市","北利根"],"3060015":[8,"古河市","南町"],"3060224":[8,"古河市","砂井新田"],"3060104":[8,"古河市","恩名"],"3060642":[8,"坂東市","長谷"],"3060606":[8,"坂東市","幸田"],"3060034":[8,"古河市","長谷町"],"3060115":[8,"古河市","北山田"],"3060222":[8,"古河市","釈迦"],"3060202":[8,"古河市","稲宮"],"3060632":[8,"坂東市","辺田"],"3060403":[8,"猿島郡境町","蛇池"],"3060014":[8,"古河市","下山町"],"3060644":[8,"坂東市","古布内"],"3060641":[8,"坂東市","鵠戸"],"3060635":[8,"坂東市","小泉"],"3060512":[8,"坂東市","左平太新田"],"3060608":[8,"坂東市","幸神平"],"3060400":[8,"猿島郡境町",""],"3060432":[8,"猿島郡境町","下小橋"],"3060124":[8,"古河市","東諸川"],"3060022":[8,"古河市","横山町"],"3060631":[8,"坂東市","岩井"],"3060231":[8,"古河市","小堤"],"3060416":[8,"猿島郡境町","伏木"],"3060600":[8,"坂東市",""],"3060617":[8,"坂東市","神田山"],"3060602":[8,"坂東市","平八新田"],"3060201":[8,"古河市","上大野"],"3060406":[8,"猿島郡境町","横塚"],"3060603":[8,"坂東市","勘助新田"],"3060024":[8,"古河市","幸町"],"3060053":[8,"古河市","中田"],"3060121":[8,"古河市","駒込"],"3060624":[8,"坂東市","矢作"],"3060652":[8,"坂東市","冨田"],"3060107":[8,"古河市","東間中橋"],"3060004":[8,"古河市","雷電町"],"3060413":[8,"猿島郡境町","山崎"],"3060054":[8,"古河市","中田新田"],"3060006":[8,"古河市","平和町"],"3060038":[8,"古河市","西町"],"3060415":[8,"猿島郡境町","大歩"],"3060405":[8,"猿島郡境町","塚崎"],"3060204":[8,"古河市","下大野"],"3060504":[8,"坂東市","生子"],"3060653":[8,"坂東市","駒跿"],"3060127":[8,"古河市","下片田"],"3060113":[8,"古河市","谷貝"],"3060502":[8,"坂東市","山"],"3060621":[8,"坂東市","大谷口"],"3060047":[8,"古河市","立崎"],"3060306":[8,"猿島郡五霞町","原宿台"],"3060233":[8,"古河市","西牛谷"],"3060513":[8,"坂東市","栗山新田"],"3060045":[8,"古河市","駒ケ崎"],"3060235":[8,"古河市","下辺見"],"3060423":[8,"猿島郡境町","百戸"],"3060012":[8,"古河市","旭町"],"3060223":[8,"古河市","上砂井"],"3060434":[8,"猿島郡境町","上小橋"],"3060056":[8,"古河市","坂間"],"3060435":[8,"猿島郡境町","陽光台"],"3060108":[8,"古河市","南間中橋"],"3060212":[8,"古河市","久能"],"3060005":[8,"古河市","北町"],"3060427":[8,"猿島郡境町","浦向"],"3060116":[8,"古河市","新和田"],"3060514":[8,"坂東市","内野山"],"3060032":[8,"古河市","大手町"],"3060605":[8,"坂東市","馬立"],"3060424":[8,"猿島郡境町","桐ケ作"],"3060651":[8,"坂東市","半谷"],"3060305":[8,"猿島郡五霞町","冬木"],"3060214":[8,"古河市","高野"],"3060654":[8,"坂東市","上出島"],"3060041":[8,"古河市","鴻巣"],"3060300":[8,"猿島郡五霞町",""],"3060021":[8,"古河市","松並"],"3060110":[8,"古河市","名崎"],"3060112":[8,"古河市","東山田"],"3060637":[8,"坂東市","みどり町"],"3060414":[8,"猿島郡境町","内門"],"3060431":[8,"猿島郡境町","西泉田"],"3060614":[8,"坂東市","庄右衛門新田"],"3060114":[8,"古河市","山田"],"3060615":[8,"坂東市","大口"],"3060625":[8,"坂東市","莚打"],"3060612":[8,"坂東市","猫実新田"],"3060025":[8,"古河市","原町"],"3060232":[8,"古河市","東牛谷"],"3060623":[8,"坂東市","法師戸"],"3060031":[8,"古河市","宮前町"],"3060607":[8,"坂東市","弓田"],"3060303":[8,"猿島郡五霞町","江川"],"3060103":[8,"古河市","長左エ門新田"],"3060225":[8,"古河市","磯部"],"3060125":[8,"古河市","仁連"],"3060023":[8,"古河市","本町"],"3060026":[8,"古河市","原"],"3060412":[8,"猿島郡境町","栗山"],"3060123":[8,"古河市","五部"],"3060601":[8,"坂東市","大馬新田"],"3060016":[8,"古河市","古河"],"3060633":[8,"坂東市","下出島"],"3060205":[8,"古河市","関戸"],"3060314":[8,"猿島郡五霞町","川妻"],"3060655":[8,"坂東市","みむら"],"3060051":[8,"古河市","茶屋新田"],"3060221":[8,"古河市","駒羽根"],"3060312":[8,"猿島郡五霞町","新幸谷"],"3060402":[8,"猿島郡境町","猿山"],"3060203":[8,"古河市","柳橋"],"3060043":[8,"古河市","鳥喰"],"3060216":[8,"古河市","前林"],"3060657":[8,"坂東市","借宿"],"3060105":[8,"古河市","江口"],"3060037":[8,"古河市","錦町"]}
