{"3390071":[11,"さいたま市岩槻区","相野原"],"3390042":[11,"さいたま市岩槻区","府内"],"3390043":[11,"さいたま市岩槻区","城南"],"3390022":[11,"さいたま市岩槻区","高曽根"],"3390004":[11,"さいたま市岩槻区","徳力"],"3390056":[11,"さいたま市岩槻区","加倉"],"3390016":[11,"さいたま市岩槻区","新方須賀"],"3390021":[11,"さいたま市岩槻区","末田"],"3390052":[11,"さいたま市岩槻区","太田"],"3390068":[11,"さいたま市岩槻区","並木"],"3390007":[11,"さいたま市岩槻区","諏訪"],"3390063":[11,"さいたま市岩槻区","美幸町"],"3390011":[11,"さいたま市岩槻区","長宮"],"3390017":[11,"さいたま市岩槻区","大森"],"3390066":[11,"さいたま市岩槻区","愛宕町"],"3390054":[11,"さいたま市岩槻区","仲町"],"3390025":[11,"さいたま市岩槻区","釣上新田"],"3390009":[11,"さいたま市岩槻区","慈恩寺"],"3390064":[11,"さいたま市岩槻区","日の出町"],"3390065":[11,"さいたま市岩槻区","宮町"],"3390014":[11,"さいたま市岩槻区","大戸"],"3390008":[11,"さいたま市岩槻区","表慈恩寺"],"3390075":[11,"さいたま市岩槻区","金重"],"3390044":[11,"さいたま市岩槻区","真福寺"],"3390069":[11,"さいたま市岩槻区","箕輪"],"3390012":[11,"さいたま市岩槻区","増長"],"3390053":[11,"さいたま市岩槻区","城町"],"3390024":[11,"さいたま市岩槻区","釣上"],"3390006":[11,"さいたま市岩槻区","上里"],"3390033":[11,"さいたま市岩槻区","黒谷"],"3390078":[11,"さいたま市岩槻区","掛"],"3390073":[11,"さいたま市岩槻区","上野"],"3390026":[11,"さいたま市岩槻区","尾ケ崎新田"],"3390041":[11,"さいたま市岩槻区","村国"],"3390013":[11,"さいたま市岩槻区","大口"],"3390046":[11,"さいたま市岩槻区","谷下"],"3390037":[11,"さいたま市岩槻区","浮谷"],"3390023":[11,"さいたま市岩槻区","野孫"],"3390005":[11,"さいたま市岩槻区","東岩槻"],"3390003":[11,"さいたま市岩槻区","小溝"],"3390072":[11,"さいたま市岩槻区","古ケ場"],"3390055":[11,"さいたま市岩槻区","東町"],"3390032":[11,"さいたま市岩槻区","南下新井"],"3390045":[11,"さいたま市岩槻区","柏崎"],"3390051":[11,"さいたま市岩槻区","南平野"],"3390062":[11,"さいたま市岩槻区","南辻"],"3390047":[11,"さいたま市岩槻区","原町"],"3390035":[11,"さいたま市岩槻区","笹久保新田"],"3390077":[11,"さいたま市岩槻区","馬込"],"3390034":[11,"さいたま市岩槻区","笹久保"],"3390018":[11,"さいたま市岩槻区","大野島"],"3390031":[11,"さいたま市岩槻区","飯塚"],"3390001":[11,"さいたま市岩槻区","鹿室"],"3390082":[11,"さいたま市岩槻区","西原台"],"3390036":[11,"さいたま市岩槻区","横根"],"3390015":[11,"さいたま市岩槻区","大谷"],"3390081":[11,"さいたま市岩槻区","西原"],"3390076":[11,"さいたま市岩槻区","平林寺"],"3390027":[11,"さいたま市岩槻区","尾ケ崎"],"3390074":[11,"さいたま市岩槻区","本宿"],"3390000":[11,"さいたま市岩槻区",""],"3390057":[11,"さいたま市岩槻区","本町"],"3390061":[11,"さいたま市岩槻区","岩槻"],"3390058":[11,"さいたま市岩槻区","本丸"],"3390002":[11,"さいたま市岩槻区","裏慈恩寺"],"3390067":[11,"さいたま市岩槻区","西町"]}
