{"3810021":[20,"長野市","屋島"],"3814104":[20,"長野市","戸隠栃原"],"3810043":[20,"長野市","吉田"],"3810013":[20,"長野市","桜新町"],"3810037":[20,"長野市","西和田"],"3810207":[20,"上高井郡小布施町","押羽"],"3812346":[20,"長野市","信更町安庭"],"3812413":[20,"長野市","信州新町下市場"],"3813201":[20,"長野市","中条日高"],"3810103":[20,"長野市","若穂川田"],"3810023":[20,"長野市","風間"],"3812351":[20,"長野市","信更町氷ノ田"],"3813304":[20,"上水内郡小川村","瀬戸川"],"3813302":[20,"上水内郡小川村","高府"],"3811231":[20,"長野市","松代町松代"],"3812416":[20,"長野市","信州新町弘崎"],"3812232":[20,"長野市","川中島町若葉町"],"3810084":[20,"長野市","若槻東条"],"3814303":[20,"長野市","鬼無里日下野"],"3812424":[20,"長野市","信州新町左右"],"3811232":[20,"長野市","松代町西条"],"3810051":[20,"長野市","若槻団地"],"3812357":[20,"長野市","信更町灰原"],"3812224":[20,"長野市","川中島町原"],"3812354":[20,"長野市","信更町田沢"],"3810088":[20,"長野市","吉"],"3812704":[20,"長野市","大岡甲"],"3811225":[20,"長野市","松代町東寺尾"],"3812233":[20,"長野市","川中島町上氷鉋"],"3810204":[20,"上高井郡小布施町","飯田"],"3813162":[20,"長野市","七二会戊"],"3810405":[20,"下高井郡山ノ内町","夜間瀬"],"3812702":[20,"長野市","大岡丙"],"3812241":[20,"長野市","青木島町青木島乙"],"3812205":[20,"長野市","青木島町大塚"],"3810041":[20,"長野市","徳間"],"3812403":[20,"長野市","信州新町水内"],"3810082":[20,"長野市","上駒沢"],"3812216":[20,"長野市","下氷鉋"],"3812415":[20,"長野市","信州新町中牧"],"3810211":[20,"上高井郡小布施町","雁田"],"3812359":[20,"長野市","信更町三水"],"3810017":[20,"長野市","小島"],"3812401":[20,"長野市","信州新町越道"],"3812343":[20,"長野市","信更町桜井"],"3812412":[20,"長野市","信州新町牧野島"],"3810202":[20,"上高井郡小布施町","福原"],"3810034":[20,"長野市","高田"],"3811214":[20,"長野市","松代町柴"],"3810006":[20,"長野市","富竹"],"3812203":[20,"長野市","真島町川合"],"3810033":[20,"長野市","南高田"],"3813164":[20,"長野市","七二会乙"],"3810066":[20,"長野市","浅川西平"],"3810208":[20,"上高井郡小布施町","都住"],"3810031":[20,"長野市","西尾張部"],"3810083":[20,"長野市","西三才"],"3810001":[20,"長野市","赤沼"],"3812705":[20,"長野市","大岡弘崎"],"3812407":[20,"長野市","信州新町山穂刈"],"3810002":[20,"長野市","津野"],"3810075":[20,"長野市","北郷"],"3810101":[20,"長野市","若穂綿内"],"3810089":[20,"長野市","若槻西条"],"3810086":[20,"長野市","田中"],"3812246":[20,"長野市","丹波島"],"3812217":[20,"長野市","稲里町中央"],"3812211":[20,"長野市","稲里町下氷鉋"],"3812227":[20,"長野市","川中島町今井原"],"3810004":[20,"長野市","大町"],"3812411":[20,"長野市","信州新町竹房"],"3810044":[20,"長野市","中越"],"3810053":[20,"長野市","神楽橋"],"3814101":[20,"長野市","戸隠"],"3812213":[20,"長野市","広田"],"3810026":[20,"長野市","松岡"],"3812421":[20,"長野市","信州新町信級"],"3812235":[20,"長野市","篠ノ井小松原"],"3810205":[20,"上高井郡小布施町","山王島"],"3812206":[20,"長野市","青木島町綱島"],"3812226":[20,"長野市","川中島町今井"],"3813205":[20,"長野市","中条住良木"],"3810400":[20,"下高井郡山ノ内町",""],"3812352":[20,"長野市","信更町赤田"],"3813203":[20,"長野市","中条"],"3812201":[20,"長野市","若穂牛島"],"3810104":[20,"長野市","若穂牛島"],"3810402":[20,"下高井郡山ノ内町","佐野"],"3812222":[20,"長野市","金井田"],"3810071":[20,"長野市","台ケ窪"],"3810073":[20,"長野市","浅川畑山"],"3810056":[20,"長野市","浅川押田"],"3810024":[20,"長野市","南長池"],"3812405":[20,"長野市","信州新町新町"],"3812244":[20,"長野市","三本柳西"],"3810064":[20,"長野市","浅川東条"],"3811234":[20,"長野市","松代町岩野"],"3810076":[20,"長野市","三ツ出"],"3813300":[20,"上水内郡小川村",""],"3814102":[20,"長野市","戸隠豊岡"],"3810081":[20,"長野市","三才"],"3813303":[20,"上水内郡小川村","小根山"],"3810061":[20,"長野市","坂中"],"3812358":[20,"長野市","信更町今泉"],"3812703":[20,"長野市","大岡乙"],"3812221":[20,"長野市","川中島町御厨"],"3814302":[20,"長野市","鬼無里日影"],"3810206":[20,"上高井郡小布施町","北岡"],"3811233":[20,"長野市","松代町清野"],"3812341":[20,"長野市","信更町下平"],"3810404":[20,"下高井郡山ノ内町","戸狩"],"3810035":[20,"長野市","北条町"],"3810032":[20,"長野市","若宮"],"3812204":[20,"長野市","真島町真島"],"3814103":[20,"長野市","戸隠祖山"],"3812342":[20,"長野市","信更町宮平"],"3813204":[20,"長野市","中条御山里"],"3810201":[20,"上高井郡小布施町","小布施"],"3810014":[20,"長野市","北尾張部"],"3813202":[20,"長野市","中条日下野"],"3810065":[20,"長野市","真光寺"],"3811211":[20,"長野市","松代町大室"],"3810052":[20,"長野市","檀田"],"3812247":[20,"長野市","青木島"],"3812215":[20,"長野市","稲里町中氷鉋"],"3810212":[20,"上高井郡小布施町","吉島"],"3810038":[20,"長野市","東和田"],"3813166":[20,"長野市","七二会丙"],"3812344":[20,"長野市","信更町上尾"],"3810007":[20,"長野市","金箱"],"3812414":[20,"長野市","信州新町牧田中"],"3811222":[20,"長野市","松代町豊栄"],"3810203":[20,"上高井郡小布施町","大島"],"3811224":[20,"長野市","松代町城東"],"3811212":[20,"長野市","松代町牧島"],"3810072":[20,"長野市","浅川清水"],"3812242":[20,"長野市","青木島町青木島"],"3810012":[20,"長野市","柳原"],"3812356":[20,"長野市","信更町吉原"],"3812353":[20,"長野市","信更町田野口"],"3810401":[20,"下高井郡山ノ内町","平穏"],"3810022":[20,"長野市","大豆島"],"3810074":[20,"長野市","中曽根"],"3812423":[20,"長野市","信州新町日原西"],"3810054":[20,"長野市","浅川"],"3810102":[20,"長野市","若穂保科"],"3810063":[20,"長野市","伺去"],"3812345":[20,"長野市","信更町涌池"],"3810085":[20,"長野市","上野"],"3810003":[20,"長野市","穂保"],"3810209":[20,"上高井郡小布施町","中松"],"3810025":[20,"長野市","北長池"],"3812422":[20,"長野市","信州新町日原東"],"3811226":[20,"長野市","松代温泉"],"3812404":[20,"長野市","信州新町上条"],"3810016":[20,"長野市","南堀"],"3812402":[20,"長野市","信州新町山上条"],"3811221":[20,"長野市","松代町東条"],"3813161":[20,"長野市","七二会丁"],"3812406":[20,"長野市","信州新町里穂刈"],"3810005":[20,"長野市","北堀"],"3812245":[20,"長野市","三本柳東"],"3812214":[20,"長野市","稲里町田牧"],"3810062":[20,"長野市","浅川福岡"],"3812231":[20,"長野市","川中島町四ツ屋"],"3810036":[20,"長野市","平林"],"3810200":[20,"上高井郡小布施町",""],"3812355":[20,"長野市","信更町高野"],"3810015":[20,"長野市","石渡"],"3812212":[20,"長野市","小島田町"],"3812225":[20,"長野市","篠ノ井岡田"],"3813165":[20,"長野市","七二会甲"],"3814301":[20,"長野市","鬼無里"],"3811215":[20,"長野市","松代町西寺尾"],"3810403":[20,"下高井郡山ノ内町","寒沢"],"3810008":[20,"長野市","下駒沢"],"3812207":[20,"長野市","大橋南"],"3810087":[20,"長野市","田子"],"3812347":[20,"長野市","信更町古藤"],"3813163":[20,"長野市","七二会己"],"3811213":[20,"長野市","松代町小島田"],"3810011":[20,"長野市","村山"],"3810042":[20,"長野市","稲田"],"3812223":[20,"長野市","里島"],"3810055":[20,"長野市","屋敷田"],"3811223":[20,"長野市","皆神台"],"3812234":[20,"長野市","川中島町今里"],"3810057":[20,"長野市","浅川西条"],"3810045":[20,"長野市","桐原"],"3812202":[20,"長野市","市場"],"3811235":[20,"長野市","松代町城北"],"3810000":[20,"長野市",""],"3813301":[20,"上水内郡小川村","稲丘"],"3812701":[20,"長野市","大岡中牧"],"3812243":[20,"長野市","稲里"]}
