{"1210824":[13,"足立区","西伊興"],"1210835":[13,"足立区","舎人町"],"1210061":[13,"足立区","花畑"],"1210822":[13,"足立区","西竹の塚"],"1210807":[13,"足立区","伊興本町"],"1210056":[13,"足立区","北加平町"],"1210075":[13,"足立区","一ツ家"],"1210816":[13,"足立区","梅島"],"1210812":[13,"足立区","西保木間"],"1210834":[13,"足立区","入谷町"],"1210057":[13,"足立区","神明南"],"1210062":[13,"足立区","南花畑"],"1210051":[13,"足立区","神明"],"1210064":[13,"足立区","保木間"],"1210823":[13,"足立区","伊興"],"1210832":[13,"足立区","古千谷本町"],"1210836":[13,"足立区","入谷"],"1210053":[13,"足立区","佐野"],"1210825":[13,"足立区","西伊興町"],"1210837":[13,"足立区","舎人公園"],"1210071":[13,"足立区","東六月町"],"1210055":[13,"足立区","加平"],"1210813":[13,"足立区","竹の塚"],"1210063":[13,"足立区","東保木間"],"1210054":[13,"足立区","辰沼"],"1210012":[13,"足立区","青井"],"1210815":[13,"足立区","島根"],"1210833":[13,"足立区","古千谷"],"1210074":[13,"足立区","西加平"],"1210801":[13,"足立区","東伊興"],"1210076":[13,"足立区","平野"],"1210073":[13,"足立区","六町"],"1210072":[13,"足立区","保塚町"],"1210831":[13,"足立区","舎人"],"1210011":[13,"足立区","中央本町"],"1210052":[13,"足立区","六木"],"1210814":[13,"足立区","六月"]}
