{"1540015":[13,"世田谷区","桜新町"],"1540016":[13,"世田谷区","弦巻"],"1540024":[13,"世田谷区","三軒茶屋"],"1540003":[13,"世田谷区","野沢"],"1540017":[13,"世田谷区","世田谷"],"1540000":[13,"世田谷区",""],"1540022":[13,"世田谷区","梅丘"],"1540021":[13,"世田谷区","豪徳寺"],"1540002":[13,"世田谷区","下馬"],"1540011":[13,"世田谷区","上馬"],"1540014":[13,"世田谷区","新町"],"1540001":[13,"世田谷区","池尻"],"1540004":[13,"世田谷区","太子堂"],"1540005":[13,"世田谷区","三宿"],"1540023":[13,"世田谷区","若林"],"1540013":[13,"世田谷区","駒沢公園"],"1540012":[13,"世田谷区","駒沢"]}
