{"2080001":[13,"武蔵村山市","中藤"],"2080031":[13,"武蔵村山市","岸"],"2080034":[13,"武蔵村山市","残堀"],"2080022":[13,"武蔵村山市","榎"],"2080023":[13,"武蔵村山市","伊奈平"],"2080011":[13,"武蔵村山市","学園"],"2080004":[13,"武蔵村山市","本町"],"2080035":[13,"武蔵村山市","中原"],"2080003":[13,"武蔵村山市","中央"],"2080033":[13,"武蔵村山市","三ツ木"],"2080012":[13,"武蔵村山市","緑が丘"],"2080000":[13,"武蔵村山市",""],"2080021":[13,"武蔵村山市","三ツ藤"],"2080032":[13,"武蔵村山市","三ツ木"],"2080002":[13,"武蔵村山市","神明"],"2080013":[13,"武蔵村山市","大南"]}
