{"3050044":[8,"つくば市","並木"],"3050872":[8,"つくば市","下萱丸"],"3050864":[8,"つくば市","境松"],"3050024":[8,"つくば市","倉掛"],"3050844":[8,"つくば市","小白硲"],"3050843":[8,"つくば市","八幡台"],"3050801":[8,"つくば市","大穂"],"3050013":[8,"つくば市","栄"],"3050008":[8,"つくば市","流星台"],"3050882":[8,"つくば市","みどりの中央"],"3050015":[8,"つくば市","松塚"],"3050852":[8,"つくば市","藤本"],"3050018":[8,"つくば市","金田"],"3050862":[8,"つくば市","東丸山"],"3050077":[8,"つくば市","鷹野原"],"3050031":[8,"つくば市","吾妻"],"3050877":[8,"つくば市","片田"],"3050863":[8,"つくば市","緑が丘"],"3050019":[8,"つくば市","さくらの森"],"3050046":[8,"つくば市","東"],"3050063":[8,"つくば市","下原"],"3050805":[8,"つくば市","花畑"],"3050036":[8,"つくば市","西郷"],"3050028":[8,"つくば市","妻木"],"3050824":[8,"つくば市","葛城根崎"],"3050901":[8,"つくば市","池の台"],"3050007":[8,"つくば市","春風台"],"3050075":[8,"つくば市","下横場"],"3050833":[8,"つくば市","島"],"3050004":[8,"つくば市","柴崎"],"3050012":[8,"つくば市","中根"],"3050835":[8,"つくば市","新井"],"3050903":[8,"つくば市","松の里"],"3050836":[8,"つくば市","山中"],"3050856":[8,"つくば市","観音台"],"3050061":[8,"つくば市","稲荷前"],"3050865":[8,"つくば市","根崎"],"3050042":[8,"つくば市","下広岡"],"3050047":[8,"つくば市","千現"],"3050005":[8,"つくば市","天久保"],"3050076":[8,"つくば市","新牧田"],"3050021":[8,"つくば市","古来"],"3050871":[8,"つくば市","上萱丸"],"3050006":[8,"つくば市","天王台"],"3050017":[8,"つくば市","横町"],"3050071":[8,"つくば市","稲岡"],"3050811":[8,"つくば市","北郷"],"3050016":[8,"つくば市","大"],"3050026":[8,"つくば市","岡村新田"],"3050803":[8,"つくば市","南原"],"3050902":[8,"つくば市","西の沢"],"3050857":[8,"つくば市","羽成"],"3050851":[8,"つくば市","大わし"],"3050072":[8,"つくば市","北中島"],"3050029":[8,"つくば市","花園"],"3050861":[8,"つくば市","谷田部"],"3050821":[8,"つくば市","春日"],"3050802":[8,"つくば市","立原"],"3050842":[8,"つくば市","柳橋"],"3050064":[8,"つくば市","梶内"],"3050041":[8,"つくば市","上広岡"],"3050884":[8,"つくば市","みどりの南"],"3050027":[8,"つくば市","東岡"],"3050053":[8,"つくば市","小野川"],"3050845":[8,"つくば市","大白硲"],"3050073":[8,"つくば市","市之台"],"3050067":[8,"つくば市","館野"],"3050867":[8,"つくば市","境田"],"3050033":[8,"つくば市","東新井"],"3050834":[8,"つくば市","手代木"],"3050866":[8,"つくば市","古館"],"3050855":[8,"つくば市","今泉"],"3050823":[8,"つくば市","原"],"3050074":[8,"つくば市","高野台"],"3050846":[8,"つくば市","平"],"3050035":[8,"つくば市","松代"],"3050818":[8,"つくば市","学園南"],"3050804":[8,"つくば市","旭"],"3050002":[8,"つくば市","上野"],"3050868":[8,"つくば市","台町"],"3050876":[8,"つくば市","西栗山"],"3050875":[8,"つくば市","花島新田"],"3050003":[8,"つくば市","桜"],"3050023":[8,"つくば市","上ノ室"],"3050812":[8,"つくば市","東平塚"],"3050813":[8,"つくば市","下平塚"],"3050831":[8,"つくば市","西大橋"],"3050032":[8,"つくば市","竹園"],"3050055":[8,"つくば市","上原"],"3050815":[8,"つくば市","西原"],"3050066":[8,"つくば市","北中妻"],"3050045":[8,"つくば市","梅園"],"3050025":[8,"つくば市","花室"],"3050817":[8,"つくば市","研究学園"],"3050056":[8,"つくば市","松野木"],"3050841":[8,"つくば市","御幸が丘"],"3050043":[8,"つくば市","大角豆"],"3050853":[8,"つくば市","榎戸"],"3050816":[8,"つくば市","学園の森"],"3050014":[8,"つくば市","松栄"],"3050034":[8,"つくば市","小野崎"],"3050822":[8,"つくば市","苅間"],"3050068":[8,"つくば市","中内"],"3050065":[8,"つくば市","南中妻"],"3050022":[8,"つくば市","吉瀬"],"3050814":[8,"つくば市","西平塚"],"3050000":[8,"つくば市",""],"3050011":[8,"つくば市","上境"],"3050883":[8,"つくば市","みどりの東"],"3050854":[8,"つくば市","上横場"],"3050054":[8,"つくば市","西大沼"],"3050001":[8,"つくば市","栗原"],"3050873":[8,"つくば市","中野"],"3050052":[8,"つくば市","長峰"],"3050832":[8,"つくば市","西岡"],"3050881":[8,"つくば市","みどりの"],"3050847":[8,"つくば市","陣場"],"3050062":[8,"つくば市","赤塚"],"3050874":[8,"つくば市","飯田"],"3050051":[8,"つくば市","二の宮"]}
