{"1606129":[13,"新宿区","西新宿住友不動産新宿グランドタワー"],"1606125":[13,"新宿区","西新宿住友不動産新宿グランドタワー"],"1600017":[13,"新宿区","左門町"],"1606107":[13,"新宿区","西新宿住友不動産新宿グランドタワー"],"1606135":[13,"新宿区","西新宿住友不動産新宿グランドタワー"],"1600014":[13,"新宿区","内藤町"],"1606108":[13,"新宿区","西新宿住友不動産新宿グランドタワー"],"1606122":[13,"新宿区","西新宿住友不動産新宿グランドタワー"],"1606124":[13,"新宿区","西新宿住友不動産新宿グランドタワー"],"1606116":[13,"新宿区","西新宿住友不動産新宿グランドタワー"],"1600015":[13,"新宿区","大京町"],"1600008":[13,"新宿区","三栄町"],"1606113":[13,"新宿区","西新宿住友不動産新宿グランドタワー"],"1606126":[13,"新宿区","西新宿住友不動産新宿グランドタワー"],"1606110":[13,"新宿区","西新宿住友不動産新宿グランドタワー"],"1600000":[13,"新宿区",""],"1606119":[13,"新宿区","西新宿住友不動産新宿グランドタワー"],"1606130":[13,"新宿区","西新宿住友不動産新宿グランドタワー"],"1606137":[13,"新宿区","西新宿住友不動産新宿グランドタワー"],"1600005":[13,"新宿区","愛住町"],"1606103":[13,"新宿区","西新宿住友不動産新宿グランドタワー"],"1606118":[13,"新宿区","西新宿住友不動産新宿グランドタワー"],"1606138":[13,"新宿区","西新宿住友不動産新宿グランドタワー"],"1606112":[13,"新宿区","西新宿住友不動産新宿グランドタワー"],"1606101":[13,"新宿区","西新宿住友不動産新宿グランドタワー"],"1606121":[13,"新宿区","西新宿住友不動産新宿グランドタワー"],"1606139":[13,"新宿区","西新宿住友不動産新宿グランドタワー"],"1600023":[13,"新宿区","西新宿"],"1606106":[13,"新宿区","西新宿住友不動産新宿グランドタワー"],"1606132":[13,"新宿区","西新宿住友不動産新宿グランドタワー"],"1606190":[13,"新宿区","西新宿住友不動産新宿グランドタワー"],"1600011":[13,"新宿区","若葉"],"1600003":[13,"新宿区","本塩町"],"1606114":[13,"新宿区","西新宿住友不動産新宿グランドタワー"],"1606115":[13,"新宿区","西新宿住友不動産新宿グランドタワー"],"1600004":[13,"新宿区","四谷"],"1600021":[13,"新宿区","歌舞伎町"],"1606117":[13,"新宿区","西新宿住友不動産新宿グランドタワー"],"1606127":[13,"新宿区","西新宿住友不動産新宿グランドタワー"],"1606105":[13,"新宿区","西新宿住友不動産新宿グランドタワー"],"1606120":[13,"新宿区","西新宿住友不動産新宿グランドタワー"],"1606102":[13,"新宿区","西新宿住友不動産新宿グランドタワー"],"1600001":[13,"新宿区","片町"],"1600018":[13,"新宿区","須賀町"],"1606133":[13,"新宿区","西新宿住友不動産新宿グランドタワー"],"1600022":[13,"新宿区","新宿"],"1606109":[13,"新宿区","西新宿住友不動産新宿グランドタワー"],"1606131":[13,"新宿区","西新宿住友不動産新宿グランドタワー"],"1600013":[13,"新宿区","霞ケ丘町"],"1600016":[13,"新宿区","信濃町"],"1600006":[13,"新宿区","舟町"],"1606104":[13,"新宿区","西新宿住友不動産新宿グランドタワー"],"1606123":[13,"新宿区","西新宿住友不動産新宿グランドタワー"],"1606136":[13,"新宿区","西新宿住友不動産新宿グランドタワー"],"1606134":[13,"新宿区","西新宿住友不動産新宿グランドタワー"],"1600012":[13,"新宿区","南元町"],"1606111":[13,"新宿区","西新宿住友不動産新宿グランドタワー"],"1606128":[13,"新宿区","西新宿住友不動産新宿グランドタワー"],"1600007":[13,"新宿区","荒木町"],"1600002":[13,"新宿区","坂町"]}
