{"3910013":[20,"茅野市","宮川"],"3910021":[20,"諏訪郡富士見町","富士見"],"3910101":[20,"諏訪郡原村","大久保"],"3910104":[20,"諏訪郡原村","払沢"],"3910103":[20,"諏訪郡原村","八ツ手"],"3910214":[20,"茅野市","泉野"],"3910213":[20,"茅野市","豊平"],"3910112":[20,"諏訪郡原村","農場"],"3910012":[20,"茅野市","金沢"],"3910107":[20,"諏訪郡原村","室内"],"3910111":[20,"諏訪郡原村","上里"],"3910004":[20,"茅野市","城山"],"3910003":[20,"茅野市","本町"],"3910115":[20,"諏訪郡原村","原山"],"3910106":[20,"諏訪郡原村","菖蒲沢"],"3910116":[20,"諏訪郡原村","判の木"],"3910002":[20,"茅野市","塚原"],"3910102":[20,"諏訪郡原村","柳沢"],"3910005":[20,"茅野市","仲町"],"3910215":[20,"茅野市","中大塩"],"3910000":[20,"茅野市",""],"3910301":[20,"茅野市","北山"],"3910212":[20,"茅野市","北山"],"3910001":[20,"茅野市","ちの"],"3910211":[20,"茅野市","湖東"],"3910113":[20,"諏訪郡原村","やつがね"],"3910216":[20,"茅野市","米沢"],"3910100":[20,"諏訪郡原村",""],"3910321":[20,"北佐久郡立科町","芦田八ケ野"],"3910011":[20,"茅野市","玉川"],"3910105":[20,"諏訪郡原村","柏木"],"3910114":[20,"諏訪郡原村","ペンション"],"3910108":[20,"諏訪郡原村","中新田"],"3910109":[20,"諏訪郡原村","南原"]}
