{"1430001":[13,"大田区","東海"],"1430016":[13,"大田区","大森北"],"1430002":[13,"大田区","城南島"],"1430003":[13,"大田区","京浜島"],"1430006":[13,"大田区","平和島"],"1430022":[13,"大田区","東馬込"],"1430026":[13,"大田区","西馬込"],"1430015":[13,"大田区","大森西"],"1430023":[13,"大田区","山王"],"1430013":[13,"大田区","大森南"],"1430024":[13,"大田区","中央"],"1430027":[13,"大田区","中馬込"],"1430007":[13,"大田区","ふるさとの浜辺公園"],"1430012":[13,"大田区","大森東"],"1430025":[13,"大田区","南馬込"],"1430011":[13,"大田区","大森本町"],"1430014":[13,"大田区","大森中"],"1430005":[13,"大田区","平和の森公園"],"1430004":[13,"大田区","昭和島"],"1430021":[13,"大田区","北馬込"]}
