{"0540002":[1,"勇払郡むかわ町","春日"],"0540062":[1,"勇払郡むかわ町","若草"],"0540012":[1,"勇払郡むかわ町","生田"],"0540211":[1,"勇払郡むかわ町","穂別"],"0540031":[1,"勇払郡むかわ町","青葉"],"0540041":[1,"勇払郡むかわ町","松風"],"0540032":[1,"勇払郡むかわ町","福住"],"0540014":[1,"勇払郡むかわ町","米原"],"0540204":[1,"勇払郡むかわ町","穂別平丘"],"0540042":[1,"勇払郡むかわ町","美幸"],"0540361":[1,"勇払郡むかわ町","穂別福山"],"0540051":[1,"勇払郡むかわ町","文京"],"0540201":[1,"勇払郡むかわ町","穂別稲里"],"0540015":[1,"勇払郡むかわ町","汐見"],"0540202":[1,"勇払郡むかわ町","穂別長和"],"0540064":[1,"勇払郡むかわ町","晴海"],"0540203":[1,"勇払郡むかわ町","穂別豊田"],"0540003":[1,"勇払郡むかわ町","豊城"],"0540061":[1,"勇払郡むかわ町","洋光"],"0540001":[1,"勇払郡むかわ町","旭岡"],"0540142":[1,"勇払郡むかわ町","穂別仁和"],"0540011":[1,"勇払郡むかわ町","有明"],"0540023":[1,"勇払郡むかわ町","末広"],"0540004":[1,"勇払郡むかわ町","田浦"],"0540021":[1,"勇払郡むかわ町","大原"],"0540063":[1,"勇払郡むかわ町","駒場"],"0540362":[1,"勇払郡むかわ町","穂別安住"],"0540141":[1,"勇払郡むかわ町","穂別栄"],"0540363":[1,"勇払郡むかわ町","穂別平丘"],"0540052":[1,"勇払郡むかわ町","大成"],"0540005":[1,"勇払郡むかわ町","二宮"],"0540364":[1,"勇払郡むかわ町","穂別富内"],"0540144":[1,"勇払郡むかわ町","穂別豊田"],"0540022":[1,"勇払郡むかわ町","花園"],"0540013":[1,"勇払郡むかわ町","花岡"],"0540016":[1,"勇払郡むかわ町","宮戸"],"0540000":[1,"勇払郡むかわ町",""],"0540143":[1,"勇払郡むかわ町","穂別和泉"]}
