{"1870041":[13,"小平市","美園町"],"1870023":[13,"小平市","上水新町"],"1870042":[13,"小平市","仲町"],"1870001":[13,"小平市","大沼町"],"1870034":[13,"小平市","栄町"],"1870043":[13,"小平市","学園東町"],"1870033":[13,"小平市","中島町"],"1870044":[13,"小平市","喜平町"],"1870032":[13,"小平市","小川町"],"1870035":[13,"小平市","小川西町"],"1870021":[13,"小平市","上水南町"],"1870002":[13,"小平市","花小金井"],"1870004":[13,"小平市","天神町"],"1870011":[13,"小平市","鈴木町"],"1870000":[13,"小平市",""],"1870022":[13,"小平市","上水本町"],"1870024":[13,"小平市","たかの台"],"1870012":[13,"小平市","御幸町"],"1870013":[13,"小平市","回田町"],"1870025":[13,"小平市","津田町"],"1870045":[13,"小平市","学園西町"],"1870003":[13,"小平市","花小金井南町"],"1870031":[13,"小平市","小川東町"]}
