{"4720056":[23,"知立市","宝"],"4720024":[23,"知立市","宝町"],"4720001":[23,"知立市","八橋町"],"4720041":[23,"知立市","新地町"],"4720013":[23,"知立市","谷田町"],"4720051":[23,"知立市","東長篠"],"4720037":[23,"知立市","栄"],"4720012":[23,"知立市","八ツ田町"],"4720033":[23,"知立市","中町"],"4720058":[23,"知立市","上重原"],"4720032":[23,"知立市","中山町"],"4720053":[23,"知立市","南新地"],"4720002":[23,"知立市","来迎寺町"],"4720007":[23,"知立市","牛田町"],"4720023":[23,"知立市","西町"],"4720011":[23,"知立市","昭和"],"4720036":[23,"知立市","堀切"],"4720005":[23,"知立市","新池"],"4720045":[23,"知立市","長篠町"],"4720006":[23,"知立市","山町"],"4720044":[23,"知立市","広見"],"4720043":[23,"知立市","東栄"],"4720003":[23,"知立市","牛田"],"4720038":[23,"知立市","本町"],"4720046":[23,"知立市","弘法町"],"4720026":[23,"知立市","上重原町"],"4720034":[23,"知立市","弘栄"],"4720021":[23,"知立市","逢妻町"],"4720054":[23,"知立市","東上重原"],"4720042":[23,"知立市","内幸町"],"4720025":[23,"知立市","池端"],"4720035":[23,"知立市","長田"],"4720004":[23,"知立市","南陽"],"4720000":[23,"知立市",""],"4720017":[23,"知立市","新林町"],"4720014":[23,"知立市","谷田町西"],"4720022":[23,"知立市","山屋敷町"],"4720055":[23,"知立市","鳥居"],"4720047":[23,"知立市","新富"],"4720052":[23,"知立市","弘法"],"4720015":[23,"知立市","谷田町本林"],"4720027":[23,"知立市","西丘町"],"4720031":[23,"知立市","桜木町"],"4720057":[23,"知立市","西"],"4720016":[23,"知立市","西中町"]}
