{"1706039":[13,"豊島区","東池袋サンシャイン６０"],"1706056":[13,"豊島区","東池袋サンシャイン６０"],"1700005":[13,"豊島区","南大塚"],"1700013":[13,"豊島区","東池袋"],"1706029":[13,"豊島区","東池袋サンシャイン６０"],"1706008":[13,"豊島区","東池袋サンシャイン６０"],"1706040":[13,"豊島区","東池袋サンシャイン６０"],"1706090":[13,"豊島区","東池袋サンシャイン６０"],"1706019":[13,"豊島区","東池袋サンシャイン６０"],"1706052":[13,"豊島区","東池袋サンシャイン６０"],"1706035":[13,"豊島区","東池袋サンシャイン６０"],"1700000":[13,"豊島区",""],"1700011":[13,"豊島区","池袋本町"],"1706037":[13,"豊島区","東池袋サンシャイン６０"],"1700012":[13,"豊島区","上池袋"],"1700014":[13,"豊島区","池袋"],"1706033":[13,"豊島区","東池袋サンシャイン６０"],"1700002":[13,"豊島区","巣鴨"],"1706049":[13,"豊島区","東池袋サンシャイン６０"],"1706042":[13,"豊島区","東池袋サンシャイン６０"],"1706013":[13,"豊島区","東池袋サンシャイン６０"],"1706030":[13,"豊島区","東池袋サンシャイン６０"],"1706021":[13,"豊島区","東池袋サンシャイン６０"],"1700004":[13,"豊島区","北大塚"],"1706009":[13,"豊島区","東池袋サンシャイン６０"],"1706014":[13,"豊島区","東池袋サンシャイン６０"],"1706038":[13,"豊島区","東池袋サンシャイン６０"],"1706027":[13,"豊島区","東池袋サンシャイン６０"],"1706060":[13,"豊島区","東池袋サンシャイン６０"],"1706028":[13,"豊島区","東池袋サンシャイン６０"],"1700003":[13,"豊島区","駒込"],"1706057":[13,"豊島区","東池袋サンシャイン６０"],"1706058":[13,"豊島区","東池袋サンシャイン６０"],"1706003":[13,"豊島区","東池袋サンシャイン６０"],"1706024":[13,"豊島区","東池袋サンシャイン６０"],"1706004":[13,"豊島区","東池袋サンシャイン６０"],"1706026":[13,"豊島区","東池袋サンシャイン６０"],"1706055":[13,"豊島区","東池袋サンシャイン６０"],"1706012":[13,"豊島区","東池袋サンシャイン６０"],"1706032":[13,"豊島区","東池袋サンシャイン６０"],"1706001":[13,"豊島区","東池袋サンシャイン６０"],"1706036":[13,"豊島区","東池袋サンシャイン６０"],"1706043":[13,"豊島区","東池袋サンシャイン６０"],"1706047":[13,"豊島区","東池袋サンシャイン６０"],"1706048":[13,"豊島区","東池袋サンシャイン６０"],"1706022":[13,"豊島区","東池袋サンシャイン６０"],"1706025":[13,"豊島区","東池袋サンシャイン６０"],"1706017":[13,"豊島区","東池袋サンシャイン６０"],"1706051":[13,"豊島区","東池袋サンシャイン６０"],"1706054":[13,"豊島区","東池袋サンシャイン６０"],"1706002":[13,"豊島区","東池袋サンシャイン６０"],"1706023":[13,"豊島区","東池袋サンシャイン６０"],"1700001":[13,"豊島区","西巣鴨"],"1706005":[13,"豊島区","東池袋サンシャイン６０"],"1706018":[13,"豊島区","東池袋サンシャイン６０"],"1706044":[13,"豊島区","東池袋サンシャイン６０"],"1706050":[13,"豊島区","東池袋サンシャイン６０"],"1706053":[13,"豊島区","東池袋サンシャイン６０"],"1706046":[13,"豊島区","東池袋サンシャイン６０"],"1706020":[13,"豊島区","東池袋サンシャイン６０"],"1706007":[13,"豊島区","東池袋サンシャイン６０"],"1706011":[13,"豊島区","東池袋サンシャイン６０"],"1706034":[13,"豊島区","東池袋サンシャイン６０"],"1706016":[13,"豊島区","東池袋サンシャイン６０"],"1706010":[13,"豊島区","東池袋サンシャイン６０"],"1706045":[13,"豊島区","東池袋サンシャイン６０"],"1706041":[13,"豊島区","東池袋サンシャイン６０"],"1706031":[13,"豊島区","東池袋サンシャイン６０"],"1706006":[13,"豊島区","東池袋サンシャイン６０"],"1706015":[13,"豊島区","東池袋サンシャイン６０"],"1706059":[13,"豊島区","東池袋サンシャイン６０"]}
