{"0530812":[1,"苫小牧市","有明町"],"0530821":[1,"苫小牧市","しらかば町"],"0530807":[1,"苫小牧市","青葉町"],"0530021":[1,"苫小牧市","若草町"],"0530056":[1,"苫小牧市","あけぼの町"],"0530841":[1,"苫小牧市","松風町"],"0530853":[1,"苫小牧市","花園町"],"0530815":[1,"苫小牧市","永福町"],"0530854":[1,"苫小牧市","啓北町"],"0530003":[1,"苫小牧市","入船町"],"0530831":[1,"苫小牧市","豊川町"],"0530027":[1,"苫小牧市","王子町"],"0530814":[1,"苫小牧市","糸井"],"0530024":[1,"苫小牧市","大町"],"0530804":[1,"苫小牧市","元町"],"0530053":[1,"苫小牧市","柳町"],"0530032":[1,"苫小牧市","緑町"],"0530046":[1,"苫小牧市","住吉町"],"0530051":[1,"苫小牧市","明野元町"],"0530017":[1,"苫小牧市","栄町"],"0530014":[1,"苫小牧市","浜町"],"0530034":[1,"苫小牧市","清水町"],"0530844":[1,"苫小牧市","宮の森町"],"0530033":[1,"苫小牧市","木場町"],"0530822":[1,"苫小牧市","川沿町"],"0530015":[1,"苫小牧市","本幸町"],"0530041":[1,"苫小牧市","美園町"],"0530000":[1,"苫小牧市",""],"0530823":[1,"苫小牧市","柏木町"],"0530851":[1,"苫小牧市","山手町"],"0530022":[1,"苫小牧市","表町"],"0530842":[1,"苫小牧市","有珠の沢町"],"0530832":[1,"苫小牧市","桜木町"],"0530052":[1,"苫小牧市","新開町"],"0530007":[1,"苫小牧市","船見町"],"0530011":[1,"苫小牧市","末広町"],"0530035":[1,"苫小牧市","高丘"],"0530042":[1,"苫小牧市","三光町"],"0530803":[1,"苫小牧市","矢代町"],"0530018":[1,"苫小牧市","旭町"],"0530023":[1,"苫小牧市","錦町"],"0530816":[1,"苫小牧市","日吉町"],"0530852":[1,"苫小牧市","北光町"],"0530013":[1,"苫小牧市","高砂町"],"0530833":[1,"苫小牧市","日新町"],"0530012":[1,"苫小牧市","汐見町"],"0530845":[1,"苫小牧市","はまなす町"],"0530001":[1,"苫小牧市","一本松町"],"0530855":[1,"苫小牧市","見山町"],"0530043":[1,"苫小牧市","日の出町"],"0530016":[1,"苫小牧市","寿町"],"0530843":[1,"苫小牧市","桜坂町"],"0530044":[1,"苫小牧市","音羽町"],"0530047":[1,"苫小牧市","泉町"],"0530813":[1,"苫小牧市","小糸井町"],"0530045":[1,"苫小牧市","双葉町"],"0530805":[1,"苫小牧市","新富町"],"0530801":[1,"苫小牧市","白金町"],"0530806":[1,"苫小牧市","大成町"],"0530005":[1,"苫小牧市","元中野町"],"0530002":[1,"苫小牧市","晴海町"],"0530004":[1,"苫小牧市","港町"],"0530006":[1,"苫小牧市","新中野町"],"0530802":[1,"苫小牧市","弥生町"],"0530055":[1,"苫小牧市","新明町"],"0530054":[1,"苫小牧市","明野新町"],"0530031":[1,"苫小牧市","春日町"],"0530811":[1,"苫小牧市","光洋町"],"0530026":[1,"苫小牧市","幸町"],"0530025":[1,"苫小牧市","本町"]}
