{"0400036":[1,"函館市","東雲町"],"0400083":[1,"函館市","八幡町"],"0400024":[1,"函館市","高盛町"],"0400061":[1,"函館市","海岸町"],"0400082":[1,"函館市","白鳥町"],"0400053":[1,"函館市","末広町"],"0400077":[1,"函館市","吉川町"],"0400072":[1,"函館市","亀田町"],"0400071":[1,"函館市","追分町"],"0400081":[1,"函館市","田家町"],"0400025":[1,"函館市","堀川町"],"0400005":[1,"函館市","人見町"],"0400065":[1,"函館市","豊川町"],"0400033":[1,"函館市","千歳町"],"0400032":[1,"函館市","新川町"],"0400012":[1,"函館市","時任町"],"0400044":[1,"函館市","青柳町"],"0400073":[1,"函館市","宮前町"],"0400076":[1,"函館市","浅野町"],"0400051":[1,"函館市","弁天町"],"0400084":[1,"函館市","大川町"],"0400043":[1,"函館市","宝来町"],"0400035":[1,"函館市","松風町"],"0400063":[1,"函館市","若松町"],"0400075":[1,"函館市","万代町"],"0400055":[1,"函館市","船見町"],"0400054":[1,"函館市","元町"],"0400014":[1,"函館市","中島町"],"0400021":[1,"函館市","的場町"],"0400037":[1,"函館市","旭町"],"0400041":[1,"函館市","栄町"],"0400057":[1,"函館市","入舟町"],"0400001":[1,"函館市","五稜郭町"],"0400064":[1,"函館市","大手町"],"0400031":[1,"函館市","上新川町"],"0400034":[1,"函館市","大森町"],"0400000":[1,"函館市",""],"0400011":[1,"函館市","本町"],"0400003":[1,"函館市","松陰町"],"0400023":[1,"函館市","宇賀浦町"],"0400022":[1,"函館市","日乃出町"],"0400013":[1,"函館市","千代台町"],"0400004":[1,"函館市","杉並町"],"0400056":[1,"函館市","弥生町"],"0400042":[1,"函館市","東川町"],"0400052":[1,"函館市","大町"],"0400045":[1,"函館市","住吉町"],"0400046":[1,"函館市","谷地頭町"],"0400062":[1,"函館市","大縄町"],"0400078":[1,"函館市","北浜町"],"0400074":[1,"函館市","松川町"],"0400015":[1,"函館市","梁川町"],"0400002":[1,"函館市","柳町"]}
