{"2206114":[14,"横浜市西区","みなとみらいクイーンズタワーＢ"],"2206125":[14,"横浜市西区","みなとみらいクイーンズタワーＢ"],"2206019":[14,"横浜市西区","みなとみらいクイーンズタワーＡ"],"2208107":[14,"横浜市西区","みなとみらいランドマークタワー"],"2206206":[14,"横浜市西区","みなとみらいクイーンズタワーＣ"],"2200024":[14,"横浜市西区","西平沼町"],"2206002":[14,"横浜市西区","みなとみらいクイーンズタワーＡ"],"2200032":[14,"横浜市西区","老松町"],"2208139":[14,"横浜市西区","みなとみらいランドマークタワー"],"2208144":[14,"横浜市西区","みなとみらいランドマークタワー"],"2200046":[14,"横浜市西区","西戸部町"],"2208122":[14,"横浜市西区","みなとみらいランドマークタワー"],"2208146":[14,"横浜市西区","みなとみらいランドマークタワー"],"2206109":[14,"横浜市西区","みなとみらいクイーンズタワーＢ"],"2208124":[14,"横浜市西区","みなとみらいランドマークタワー"],"2208136":[14,"横浜市西区","みなとみらいランドマークタワー"],"2200074":[14,"横浜市西区","南浅間町"],"2208161":[14,"横浜市西区","みなとみらいランドマークタワー"],"2208117":[14,"横浜市西区","みなとみらいランドマークタワー"],"2208134":[14,"横浜市西区","みなとみらいランドマークタワー"],"2206104":[14,"横浜市西区","みなとみらいクイーンズタワーＢ"],"2206208":[14,"横浜市西区","みなとみらいクイーンズタワーＣ"],"2206204":[14,"横浜市西区","みなとみらいクイーンズタワーＣ"],"2208133":[14,"横浜市西区","みなとみらいランドマークタワー"],"2206014":[14,"横浜市西区","みなとみらいクイーンズタワーＡ"],"2200001":[14,"横浜市西区","北軽井沢"],"2206101":[14,"横浜市西区","みなとみらいクイーンズタワーＢ"],"2206213":[14,"横浜市西区","みなとみらいクイーンズタワーＣ"],"2208157":[14,"横浜市西区","みなとみらいランドマークタワー"],"2208163":[14,"横浜市西区","みなとみらいランドマークタワー"],"2200012":[14,"横浜市西区","みなとみらい"],"2206028":[14,"横浜市西区","みなとみらいクイーンズタワーＡ"],"2206005":[14,"横浜市西区","みなとみらいクイーンズタワーＡ"],"2206219":[14,"横浜市西区","みなとみらいクイーンズタワーＣ"],"2206017":[14,"横浜市西区","みなとみらいクイーンズタワーＡ"],"2206201":[14,"横浜市西区","みなとみらいクイーンズタワーＣ"],"2206217":[14,"横浜市西区","みなとみらいクイーンズタワーＣ"],"2206112":[14,"横浜市西区","みなとみらいクイーンズタワーＢ"],"2200041":[14,"横浜市西区","戸部本町"],"2206106":[14,"横浜市西区","みなとみらいクイーンズタワーＢ"],"2208152":[14,"横浜市西区","みなとみらいランドマークタワー"],"2200003":[14,"横浜市西区","楠町"],"2206024":[14,"横浜市西区","みなとみらいクイーンズタワーＡ"],"2206212":[14,"横浜市西区","みなとみらいクイーンズタワーＣ"],"2200054":[14,"横浜市西区","境之谷"],"2206117":[14,"横浜市西区","みなとみらいクイーンズタワーＢ"],"2206290":[14,"横浜市西区","みなとみらいクイーンズタワーＣ"],"2208118":[14,"横浜市西区","みなとみらいランドマークタワー"],"2206103":[14,"横浜市西区","みなとみらいクイーンズタワーＢ"],"2200005":[14,"横浜市西区","南幸"],"2206123":[14,"横浜市西区","みなとみらいクイーンズタワーＢ"],"2206122":[14,"横浜市西区","みなとみらいクイーンズタワーＢ"],"2208150":[14,"横浜市西区","みなとみらいランドマークタワー"],"2206203":[14,"横浜市西区","みなとみらいクイーンズタワーＣ"],"2206116":[14,"横浜市西区","みなとみらいクイーンズタワーＢ"],"2208165":[14,"横浜市西区","みなとみらいランドマークタワー"],"2208110":[14,"横浜市西区","みなとみらいランドマークタワー"],"2200061":[14,"横浜市西区","久保町"],"2208104":[14,"横浜市西区","みなとみらいランドマークタワー"],"2206027":[14,"横浜市西区","みなとみらいクイーンズタワーＡ"],"2200051":[14,"横浜市西区","中央"],"2208101":[14,"横浜市西区","みなとみらいランドマークタワー"],"2208159":[14,"横浜市西区","みなとみらいランドマークタワー"],"2208141":[14,"横浜市西区","みなとみらいランドマークタワー"],"2206126":[14,"横浜市西区","みなとみらいクイーンズタワーＢ"],"2208148":[14,"横浜市西区","みなとみらいランドマークタワー"],"2208115":[14,"横浜市西区","みなとみらいランドマークタワー"],"2206121":[14,"横浜市西区","みなとみらいクイーンズタワーＢ"],"2206030":[14,"横浜市西区","みなとみらいクイーンズタワーＡ"],"2206007":[14,"横浜市西区","みなとみらいクイーンズタワーＡ"],"2200043":[14,"横浜市西区","御所山町"],"2206004":[14,"横浜市西区","みなとみらいクイーンズタワーＡ"],"2208127":[14,"横浜市西区","みなとみらいランドマークタワー"],"2206016":[14,"横浜市西区","みなとみらいクイーンズタワーＡ"],"2206013":[14,"横浜市西区","みなとみらいクイーンズタワーＡ"],"2206033":[14,"横浜市西区","みなとみらいクイーンズタワーＡ"],"2206021":[14,"横浜市西区","みなとみらいクイーンズタワーＡ"],"2208142":[14,"横浜市西区","みなとみらいランドマークタワー"],"2208112":[14,"横浜市西区","みなとみらいランドマークタワー"],"2200023":[14,"横浜市西区","平沼"],"2206111":[14,"横浜市西区","みなとみらいクイーンズタワーＢ"],"2208145":[14,"横浜市西区","みなとみらいランドマークタワー"],"2208137":[14,"横浜市西区","みなとみらいランドマークタワー"],"2208105":[14,"横浜市西区","みなとみらいランドマークタワー"],"2200035":[14,"横浜市西区","霞ケ丘"],"2200072":[14,"横浜市西区","浅間町"],"2208128":[14,"横浜市西区","みなとみらいランドマークタワー"],"2206220":[14,"横浜市西区","みなとみらいクイーンズタワーＣ"],"2200063":[14,"横浜市西区","元久保町"],"2206026":[14,"横浜市西区","みなとみらいクイーンズタワーＡ"],"2206211":[14,"横浜市西区","みなとみらいクイーンズタワーＣ"],"2208113":[14,"横浜市西区","みなとみらいランドマークタワー"],"2206011":[14,"横浜市西区","みなとみらいクイーンズタワーＡ"],"2206209":[14,"横浜市西区","みなとみらいクイーンズタワーＣ"],"2208155":[14,"横浜市西区","みなとみらいランドマークタワー"],"2208147":[14,"横浜市西区","みなとみらいランドマークタワー"],"2208135":[14,"横浜市西区","みなとみらいランドマークタワー"],"2208160":[14,"横浜市西区","みなとみらいランドマークタワー"],"2206023":[14,"横浜市西区","みなとみらいクイーンズタワーＡ"],"2206031":[14,"横浜市西区","みなとみらいクイーンズタワーＡ"],"2206214":[14,"横浜市西区","みなとみらいクイーンズタワーＣ"],"2206218":[14,"横浜市西区","みなとみらいクイーンズタワーＣ"],"2206003":[14,"横浜市西区","みなとみらいクイーンズタワーＡ"],"2206010":[14,"横浜市西区","みなとみらいクイーンズタワーＡ"],"2208119":[14,"横浜市西区","みなとみらいランドマークタワー"],"2200053":[14,"横浜市西区","藤棚町"],"2200033":[14,"横浜市西区","東ケ丘"],"2206032":[14,"横浜市西区","みなとみらいクイーンズタワーＡ"],"2206216":[14,"横浜市西区","みなとみらいクイーンズタワーＣ"],"2206090":[14,"横浜市西区","みなとみらいクイーンズタワーＡ"],"2200034":[14,"横浜市西区","赤門町"],"2208108":[14,"横浜市西区","みなとみらいランドマークタワー"],"2208125":[14,"横浜市西区","みなとみらいランドマークタワー"],"2200021":[14,"横浜市西区","桜木町"],"2206029":[14,"横浜市西区","みなとみらいクイーンズタワーＡ"],"2206110":[14,"横浜市西区","みなとみらいクイーンズタワーＢ"],"2206124":[14,"横浜市西区","みなとみらいクイーンズタワーＢ"],"2206006":[14,"横浜市西区","みなとみらいクイーンズタワーＡ"],"2208132":[14,"横浜市西区","みなとみらいランドマークタワー"],"2200045":[14,"横浜市西区","伊勢町"],"2208190":[14,"横浜市西区","みなとみらいランドマークタワー"],"2206115":[14,"横浜市西区","みなとみらいクイーンズタワーＢ"],"2208153":[14,"横浜市西区","みなとみらいランドマークタワー"],"2206207":[14,"横浜市西区","みなとみらいクイーンズタワーＣ"],"2206020":[14,"横浜市西区","みなとみらいクイーンズタワーＡ"],"2206113":[14,"横浜市西区","みなとみらいクイーンズタワーＢ"],"2206107":[14,"横浜市西区","みなとみらいクイーンズタワーＢ"],"2206102":[14,"横浜市西区","みなとみらいクイーンズタワーＢ"],"2208166":[14,"横浜市西区","みなとみらいランドマークタワー"],"2208169":[14,"横浜市西区","みなとみらいランドマークタワー"],"2206118":[14,"横浜市西区","みなとみらいクイーンズタワーＢ"],"2200000":[14,"横浜市西区",""],"2206202":[14,"横浜市西区","みなとみらいクイーンズタワーＣ"],"2206018":[14,"横浜市西区","みなとみらいクイーンズタワーＡ"],"2208167":[14,"横浜市西区","みなとみらいランドマークタワー"],"2208114":[14,"横浜市西区","みなとみらいランドマークタワー"],"2206009":[14,"横浜市西区","みなとみらいクイーンズタワーＡ"],"2200004":[14,"横浜市西区","北幸"],"2208116":[14,"横浜市西区","みなとみらいランドマークタワー"],"2208121":[14,"横浜市西区","みなとみらいランドマークタワー"],"2206205":[14,"横浜市西区","みなとみらいクイーンズタワーＣ"],"2200002":[14,"横浜市西区","南軽井沢"],"2200013":[14,"横浜市西区","緑町"],"2208156":[14,"横浜市西区","みなとみらいランドマークタワー"],"2208140":[14,"横浜市西区","みなとみらいランドマークタワー"],"2208151":[14,"横浜市西区","みなとみらいランドマークタワー"],"2200044":[14,"横浜市西区","紅葉ケ丘"],"2206190":[14,"横浜市西区","みなとみらいクイーンズタワーＢ"],"2206008":[14,"横浜市西区","みなとみらいクイーンズタワーＡ"],"2208130":[14,"横浜市西区","みなとみらいランドマークタワー"],"2208120":[14,"横浜市西区","みなとみらいランドマークタワー"],"2200042":[14,"横浜市西区","戸部町"],"2200055":[14,"横浜市西区","浜松町"],"2200062":[14,"横浜市西区","東久保町"],"2206128":[14,"横浜市西区","みなとみらいクイーンズタワーＢ"],"2206015":[14,"横浜市西区","みなとみらいクイーンズタワーＡ"],"2206022":[14,"横浜市西区","みなとみらいクイーンズタワーＡ"],"2206221":[14,"横浜市西区","みなとみらいクイーンズタワーＣ"],"2206119":[14,"横浜市西区","みなとみらいクイーンズタワーＢ"],"2208126":[14,"横浜市西区","みなとみらいランドマークタワー"],"2208143":[14,"横浜市西区","みなとみらいランドマークタワー"],"2206120":[14,"横浜市西区","みなとみらいクイーンズタワーＢ"],"2208131":[14,"横浜市西区","みなとみらいランドマークタワー"],"2208106":[14,"横浜市西区","みなとみらいランドマークタワー"],"2208168":[14,"横浜市西区","みなとみらいランドマークタワー"],"2206108":[14,"横浜市西区","みなとみらいクイーンズタワーＢ"],"2208102":[14,"横浜市西区","みなとみらいランドマークタワー"],"2208164":[14,"横浜市西区","みなとみらいランドマークタワー"],"2200052":[14,"横浜市西区","西前町"],"2208103":[14,"横浜市西区","みなとみらいランドマークタワー"],"2206210":[14,"横浜市西区","みなとみらいクイーンズタワーＣ"],"2206035":[14,"横浜市西区","みなとみらいクイーンズタワーＡ"],"2208170":[14,"横浜市西区","みなとみらいランドマークタワー"],"2206215":[14,"横浜市西区","みなとみらいクイーンズタワーＣ"],"2206105":[14,"横浜市西区","みなとみらいクイーンズタワーＢ"],"2208129":[14,"横浜市西区","みなとみらいランドマークタワー"],"2200073":[14,"横浜市西区","岡野"],"2200022":[14,"横浜市西区","花咲町"],"2206001":[14,"横浜市西区","みなとみらいクイーンズタワーＡ"],"2208162":[14,"横浜市西区","みなとみらいランドマークタワー"],"2208158":[14,"横浜市西区","みなとみらいランドマークタワー"],"2206127":[14,"横浜市西区","みなとみらいクイーンズタワーＢ"],"2206034":[14,"横浜市西区","みなとみらいクイーンズタワーＡ"],"2200071":[14,"横浜市西区","浅間台"],"2206025":[14,"横浜市西区","みなとみらいクイーンズタワーＡ"],"2200006":[14,"横浜市西区","宮ケ谷"],"2208111":[14,"横浜市西区","みなとみらいランドマークタワー"],"2208123":[14,"横浜市西区","みなとみらいランドマークタワー"],"2200031":[14,"横浜市西区","宮崎町"],"2208154":[14,"横浜市西区","みなとみらいランドマークタワー"],"2208109":[14,"横浜市西区","みなとみらいランドマークタワー"],"2200011":[14,"横浜市西区","高島"],"2208149":[14,"横浜市西区","みなとみらいランドマークタワー"],"2206012":[14,"横浜市西区","みなとみらいクイーンズタワーＡ"],"2208138":[14,"横浜市西区","みなとみらいランドマークタワー"]}
