{"2510024":[14,"藤沢市","鵠沼橘"],"2510054":[14,"藤沢市","朝日町"],"2510038":[14,"藤沢市","鵠沼松が岡"],"2510043":[14,"藤沢市","辻堂元町"],"2510028":[14,"藤沢市","本鵠沼"],"2510023":[14,"藤沢市","鵠沼花沢町"],"2510861":[14,"藤沢市","大庭"],"2510053":[14,"藤沢市","本町"],"2510004":[14,"藤沢市","藤が岡"],"2510034":[14,"藤沢市","片瀬目白山"],"2510025":[14,"藤沢市","鵠沼石上"],"2510022":[14,"藤沢市","鵠沼"],"2510057":[14,"藤沢市","城南"],"2510000":[14,"藤沢市",""],"2510027":[14,"藤沢市","鵠沼桜が岡"],"2510002":[14,"藤沢市","大鋸"],"2510874":[14,"藤沢市","花の木"],"2510862":[14,"藤沢市","稲荷"],"2510056":[14,"藤沢市","羽鳥"],"2510021":[14,"藤沢市","鵠沼神明"],"2510013":[14,"藤沢市","小塚"],"2510016":[14,"藤沢市","弥勒寺"],"2510877":[14,"藤沢市","善行団地"],"2510001":[14,"藤沢市","西富"],"2510051":[14,"藤沢市","白旗"],"2510015":[14,"藤沢市","川名"],"2510014":[14,"藤沢市","宮前"],"2510875":[14,"藤沢市","本藤沢"],"2510055":[14,"藤沢市","南藤沢"],"2510872":[14,"藤沢市","立石"],"2510041":[14,"藤沢市","辻堂神台"],"2510012":[14,"藤沢市","村岡東"],"2510036":[14,"藤沢市","江の島"],"2510017":[14,"藤沢市","高谷"],"2510031":[14,"藤沢市","鵠沼藤が谷"],"2510052":[14,"藤沢市","藤沢"],"2510032":[14,"藤沢市","片瀬"],"2510042":[14,"藤沢市","辻堂新町"],"2510873":[14,"藤沢市","みその台"],"2510037":[14,"藤沢市","鵠沼海岸"],"2510047":[14,"藤沢市","辻堂"],"2510033":[14,"藤沢市","片瀬山"],"2510003":[14,"藤沢市","柄沢"],"2510011":[14,"藤沢市","渡内"],"2510044":[14,"藤沢市","辻堂太平台"],"2510045":[14,"藤沢市","辻堂東海岸"],"2510035":[14,"藤沢市","片瀬海岸"],"2510046":[14,"藤沢市","辻堂西海岸"],"2510871":[14,"藤沢市","善行"],"2510026":[14,"藤沢市","鵠沼東"],"2510876":[14,"藤沢市","善行坂"]}
