{"4260088":[22,"藤枝市","堀之内"],"4260072":[22,"藤枝市","南新屋"],"4260222":[22,"藤枝市","中藪田"],"4260003":[22,"藤枝市","下当間"],"4260052":[22,"藤枝市","弥左衛門"],"4260201":[22,"藤枝市","下藪田"],"4260223":[22,"藤枝市","清里"],"4260132":[22,"藤枝市","本郷"],"4260085":[22,"藤枝市","助宗"],"4260019":[22,"藤枝市","天王町"],"4260221":[22,"藤枝市","高田"],"4260082":[22,"藤枝市","瀬古"],"4260005":[22,"藤枝市","水守"],"4260076":[22,"藤枝市","内瀬戸"],"4260062":[22,"藤枝市","高岡"],"4260213":[22,"藤枝市","中ノ合"],"4260041":[22,"藤枝市","高柳"],"4260015":[22,"藤枝市","五十海"],"4260053":[22,"藤枝市","善左衛門"],"4260034":[22,"藤枝市","駅前"],"4260077":[22,"藤枝市","駿河台"],"4260006":[22,"藤枝市","藤岡"],"4260074":[22,"藤枝市","水上"],"4260203":[22,"藤枝市","下之郷"],"4260063":[22,"藤枝市","青南町"],"4260031":[22,"藤枝市","築地"],"4260202":[22,"藤枝市","上藪田"],"4260083":[22,"藤枝市","谷稲葉"],"4260038":[22,"藤枝市","東町"],"4260057":[22,"藤枝市","忠兵衛"],"4260016":[22,"藤枝市","郡"],"4260046":[22,"藤枝市","高洲"],"4260071":[22,"藤枝市","志太"],"4260081":[22,"藤枝市","旭が丘"],"4260013":[22,"藤枝市","立花"],"4260084":[22,"藤枝市","寺島"],"4260204":[22,"藤枝市","時ケ谷"],"4260037":[22,"藤枝市","青木"],"4260047":[22,"藤枝市","与左衛門"],"4260004":[22,"藤枝市","上当間"],"4260064":[22,"藤枝市","久兵衛市右衛門請新田"],"4260087":[22,"藤枝市","音羽町"],"4260067":[22,"藤枝市","前島"],"4260205":[22,"藤枝市","花倉"],"4260021":[22,"藤枝市","城南"],"4260014":[22,"藤枝市","若王子"],"4260079":[22,"藤枝市","光洋台"],"4260000":[22,"藤枝市",""],"4260061":[22,"藤枝市","田沼"],"4260007":[22,"藤枝市","潮"],"4260051":[22,"藤枝市","大洲"],"4260023":[22,"藤枝市","茶町"],"4260029":[22,"藤枝市","益津"],"4260002":[22,"藤枝市","横内"],"4260036":[22,"藤枝市","上青島"],"4260024":[22,"藤枝市","鬼岩寺"],"4260028":[22,"藤枝市","益津下"],"4260032":[22,"藤枝市","築地上"],"4260043":[22,"藤枝市","大新島"],"4260018":[22,"藤枝市","本町"],"4260086":[22,"藤枝市","原"],"4260078":[22,"藤枝市","南駿河台"],"4260065":[22,"藤枝市","末広"],"4260044":[22,"藤枝市","大東町"],"4260066":[22,"藤枝市","青葉町"],"4260055":[22,"藤枝市","大西町"],"4260017":[22,"藤枝市","大手"],"4260025":[22,"藤枝市","藤枝"],"4260008":[22,"藤枝市","鬼島"],"4260042":[22,"藤枝市","兵太夫"],"4260134":[22,"藤枝市","滝沢"],"4260212":[22,"藤枝市","北方"],"4260026":[22,"藤枝市","岡出山"],"4260001":[22,"藤枝市","仮宿"],"4260211":[22,"藤枝市","西方"],"4260131":[22,"藤枝市","瀬戸ノ谷"],"4260070":[22,"藤枝市","緑の丘"],"4260011":[22,"藤枝市","平島"],"4260033":[22,"藤枝市","小石川町"],"4260045":[22,"藤枝市","泉町"],"4260027":[22,"藤枝市","緑町"],"4260009":[22,"藤枝市","八幡"],"4260073":[22,"藤枝市","新南新屋"],"4260054":[22,"藤枝市","源助"],"4260035":[22,"藤枝市","下青島"],"4260012":[22,"藤枝市","田中"],"4260224":[22,"藤枝市","南清里"],"4260075":[22,"藤枝市","瀬戸新屋"],"4260133":[22,"藤枝市","宮原"],"4260056":[22,"藤枝市","五平"],"4260022":[22,"藤枝市","稲川"]}
