{"3792145":[10,"前橋市","横手町"],"3791728":[10,"利根郡みなかみ町","湯桧曽"],"3791123":[10,"渋川市","赤城町見立"],"3790112":[10,"安中市","岩井"],"3791417":[10,"利根郡みなかみ町","東峰"],"3792132":[10,"前橋市","東善町"],"3791301":[10,"利根郡みなかみ町","奈女沢"],"3792305":[10,"太田市","六千石町"],"3790306":[10,"安中市","松井田町原"],"3792143":[10,"前橋市","新堀町"],"3792113":[10,"前橋市","下増田町"],"3792202":[10,"伊勢崎市","赤堀鹿島町"],"3791200":[10,"利根郡昭和村",""],"3792154":[10,"前橋市","天川大島町"],"3791205":[10,"利根郡昭和村","川額"],"3790107":[10,"安中市","中後閑"],"3792101":[10,"前橋市","泉沢町"],"3791402":[10,"利根郡みなかみ町","吹路"],"3790215":[10,"安中市","松井田町高梨子"],"3792221":[10,"伊勢崎市","国定町"],"3792215":[10,"伊勢崎市","赤堀今井町"],"3791300":[10,"利根郡みなかみ町",""],"3792302":[10,"太田市","山之神町"],"3790125":[10,"安中市","中野谷"],"3791305":[10,"利根郡みなかみ町","後閑"],"3791726":[10,"利根郡みなかみ町","幸知"],"3791315":[10,"利根郡みなかみ町","上津"],"3790222":[10,"安中市","松井田町松井田"],"3790212":[10,"安中市","松井田町下増田"],"3791121":[10,"渋川市","赤城町宮田"],"3792131":[10,"前橋市","西善町"],"3790113":[10,"安中市","大谷"],"3792135":[10,"前橋市","徳丸町"],"3790304":[10,"安中市","松井田町北野牧"],"3791112":[10,"渋川市","赤城町深山"],"3792313":[10,"みどり市","笠懸町鹿"],"3791125":[10,"渋川市","赤城町上三原田"],"3790135":[10,"安中市","郷原"],"3792111":[10,"前橋市","飯土井町"],"3792117":[10,"前橋市","二之宮町"],"3792123":[10,"前橋市","山王町"],"3790207":[10,"富岡市","妙義町古立"],"3790122":[10,"安中市","下間仁田"],"3791404":[10,"利根郡みなかみ町","相俣"],"3790102":[10,"安中市","東上秋間"],"3791614":[10,"利根郡みなかみ町","寺間"],"3792212":[10,"伊勢崎市","堀下町"],"3791415":[10,"利根郡みなかみ町","西峰須川"],"3792225":[10,"伊勢崎市","上田町"],"3791101":[10,"渋川市","赤城町棚下"],"3792112":[10,"前橋市","新井町"],"3791203":[10,"利根郡昭和村","糸井"],"3790302":[10,"安中市","松井田町五料"],"3790131":[10,"安中市","古屋"],"3792232":[10,"伊勢崎市","小泉町"],"3791617":[10,"利根郡みなかみ町","湯原"],"3791601":[10,"利根郡みなかみ町","吉本"],"3790129":[10,"安中市","下磯部"],"3792161":[10,"前橋市","富田町"],"3792147":[10,"前橋市","亀里町"],"3791721":[10,"利根郡みなかみ町","藤原"],"3790104":[10,"安中市","下秋間"],"3790202":[10,"富岡市","妙義町大牛"],"3792165":[10,"前橋市","上長磯町"],"3790211":[10,"安中市","松井田町上増田"],"3791612":[10,"利根郡みなかみ町","小日向"],"3790208":[10,"富岡市","妙義町菅原"],"3792104":[10,"前橋市","西大室町"],"3790223":[10,"安中市","松井田町二軒在家"],"3792163":[10,"前橋市","女屋町"],"3792303":[10,"太田市","寄合町"],"3790205":[10,"富岡市","妙義町北山"],"3792116":[10,"前橋市","今井町"],"3790105":[10,"安中市","小俣"],"3792141":[10,"前橋市","鶴光路町"],"3792204":[10,"伊勢崎市","西久保町"],"3790203":[10,"富岡市","妙義町岳"],"3792121":[10,"前橋市","小屋原町"],"3790221":[10,"安中市","松井田町新堀"],"3790101":[10,"安中市","西上秋間"],"3792314":[10,"みどり市","笠懸町西鹿田"],"3791412":[10,"利根郡みなかみ町","羽場"],"3791103":[10,"渋川市","赤城町津久田"],"3791105":[10,"渋川市","赤城町北上野"],"3790301":[10,"安中市","松井田町横川"],"3792217":[10,"伊勢崎市","磯町"],"3790123":[10,"安中市","上間仁田"],"3790305":[10,"安中市","松井田町入山"],"3790121":[10,"安中市","大竹"],"3791615":[10,"利根郡みなかみ町","小仁田"],"3791311":[10,"利根郡みなかみ町","石倉"],"3791409":[10,"利根郡みなかみ町","湯宿温泉"],"3791619":[10,"利根郡みなかみ町","谷川"],"3790109":[10,"安中市","秋間みのりが丘"],"3790216":[10,"安中市","松井田町新井"],"3790133":[10,"安中市","原市"],"3791723":[10,"利根郡みなかみ町","粟沢"],"3792122":[10,"前橋市","駒形町"],"3792152":[10,"前橋市","下大島町"],"3792312":[10,"みどり市","笠懸町久宮"],"3792235":[10,"伊勢崎市","三室町"],"3791124":[10,"渋川市","赤城町滝沢"],"3791403":[10,"利根郡みなかみ町","猿ケ京温泉"],"3791202":[10,"利根郡昭和村","貝野瀬"],"3791724":[10,"利根郡みなかみ町","向山"],"3791313":[10,"利根郡みなかみ町","月夜野"],"3790127":[10,"安中市","磯部"],"3791414":[10,"利根郡みなかみ町","布施"],"3791126":[10,"渋川市","赤城町三原田"],"3791307":[10,"利根郡みなかみ町","政所"],"3792102":[10,"前橋市","下大屋町"],"3792211":[10,"伊勢崎市","市場町"],"3792203":[10,"伊勢崎市","曲沢町"],"3791207":[10,"利根郡昭和村","赤城原"],"3790225":[10,"安中市","松井田町八城"],"3792103":[10,"前橋市","神沢の森"],"3792142":[10,"前橋市","下阿内町"],"3791314":[10,"利根郡みなかみ町","下津"],"3792304":[10,"太田市","大原町"],"3791102":[10,"渋川市","赤城町長井小川田"],"3791725":[10,"利根郡みなかみ町","綱子"],"3791122":[10,"渋川市","赤城町勝保沢"],"3790214":[10,"安中市","松井田町国衙"],"3792166":[10,"前橋市","野中町"],"3791113":[10,"渋川市","赤城町南赤城山"],"3791418":[10,"利根郡みなかみ町","須川"],"3791115":[10,"渋川市","赤城町溝呂木"],"3792153":[10,"前橋市","上大島町"],"3790201":[10,"富岡市","妙義町妙義"],"3791727":[10,"利根郡みなかみ町","大穴"],"3790103":[10,"安中市","中秋間"],"3791206":[10,"利根郡昭和村","橡久保"],"3790206":[10,"富岡市","妙義町中里"],"3792134":[10,"前橋市","力丸町"],"3791411":[10,"利根郡みなかみ町","新巻"],"3791303":[10,"利根郡みなかみ町","上牧"],"3791306":[10,"利根郡みなかみ町","師"],"3791416":[10,"利根郡みなかみ町","入須川"],"3792213":[10,"伊勢崎市","五目牛町"],"3792108":[10,"前橋市","鶴が谷町"],"3790136":[10,"安中市","嶺"],"3792164":[10,"前橋市","東上野町"],"3792114":[10,"前橋市","上増田町"],"3791613":[10,"利根郡みなかみ町","高日向"],"3790111":[10,"安中市","板鼻"],"3790307":[10,"安中市","松井田町坂本"],"3792231":[10,"伊勢崎市","東町"],"3790115":[10,"安中市","中宿"],"3792206":[10,"伊勢崎市","香林町"],"3790213":[10,"安中市","松井田町小日向"],"3790114":[10,"安中市","野殿"],"3792224":[10,"伊勢崎市","西小保方町"],"3792105":[10,"前橋市","東大室町"],"3790126":[10,"安中市","西上磯部"],"3790209":[10,"富岡市","妙義町諸戸"],"3791611":[10,"利根郡みなかみ町","鹿野沢"],"3791304":[10,"利根郡みなかみ町","下牧"],"3792162":[10,"前橋市","小島田町"],"3791401":[10,"利根郡みなかみ町","永井"],"3792201":[10,"伊勢崎市","間野谷町"],"3790134":[10,"安中市","簗瀬"],"3792306":[10,"太田市","大久保町"],"3791308":[10,"利根郡みなかみ町","真庭"],"3792222":[10,"伊勢崎市","田部井町"],"3790108":[10,"安中市","上後閑"],"3792144":[10,"前橋市","下川町"],"3791127":[10,"渋川市","赤城町樽"],"3792115":[10,"前橋市","笂井町"],"3790116":[10,"安中市","安中"],"3792106":[10,"前橋市","荒子町"],"3791204":[10,"利根郡昭和村","森下"],"3792107":[10,"前橋市","荒口町"],"3792151":[10,"前橋市","下長磯町"],"3792205":[10,"伊勢崎市","野町"],"3790132":[10,"安中市","高別当"],"3790204":[10,"富岡市","妙義町行沢"],"3790217":[10,"安中市","松井田町土塩"],"3791104":[10,"渋川市","赤城町敷島"],"3792311":[10,"みどり市","笠懸町阿左美"],"3791722":[10,"利根郡みなかみ町","夜後"],"3792133":[10,"前橋市","中内町"],"3791616":[10,"利根郡みなかみ町","川上"],"3790226":[10,"安中市","松井田町行田"],"3791201":[10,"利根郡昭和村","生越"],"3790224":[10,"安中市","松井田町人見"],"3792234":[10,"伊勢崎市","東小保方町"],"3790106":[10,"安中市","下後閑"],"3791413":[10,"利根郡みなかみ町","師田"],"3790303":[10,"安中市","松井田町西野牧"],"3791618":[10,"利根郡みなかみ町","阿能川"],"3791312":[10,"利根郡みなかみ町","小川"],"3790124":[10,"安中市","鷺宮"],"3792216":[10,"伊勢崎市","西野町"],"3792236":[10,"伊勢崎市","八寸町"],"3791116":[10,"渋川市","赤城町持柏木"],"3791111":[10,"渋川市","赤城町北赤城山"],"3792301":[10,"太田市","藪塚町"],"3790100":[10,"安中市",""],"3791114":[10,"渋川市","赤城町栄"],"3792146":[10,"前橋市","公田町"],"3790128":[10,"安中市","東上磯部"],"3792136":[10,"前橋市","房丸町"],"3792214":[10,"伊勢崎市","下触町"],"3791302":[10,"利根郡みなかみ町","大沼"],"3792233":[10,"伊勢崎市","平井町"]}
