{"4600017":[23,"名古屋市中区","松原"],"4600012":[23,"名古屋市中区","千代田"],"4600031":[23,"名古屋市中区","本丸"],"4600013":[23,"名古屋市中区","上前津"],"4600007":[23,"名古屋市中区","新栄"],"4600016":[23,"名古屋市中区","橘"],"4600021":[23,"名古屋市中区","平和"],"4600000":[23,"名古屋市中区",""],"4600014":[23,"名古屋市中区","富士見町"],"4600026":[23,"名古屋市中区","伊勢山"],"4600024":[23,"名古屋市中区","正木"],"4600005":[23,"名古屋市中区","東桜"],"4600011":[23,"名古屋市中区","大須"],"4600022":[23,"名古屋市中区","金山"],"4600004":[23,"名古屋市中区","新栄町"],"4600002":[23,"名古屋市中区","丸の内"],"4600015":[23,"名古屋市中区","大井町"],"4600003":[23,"名古屋市中区","錦"],"4600023":[23,"名古屋市中区","金山町"],"4600032":[23,"名古屋市中区","二の丸"],"4600006":[23,"名古屋市中区","葵"],"4600018":[23,"名古屋市中区","門前町"],"4600001":[23,"名古屋市中区","三の丸"],"4600025":[23,"名古屋市中区","古渡町"],"4600008":[23,"名古屋市中区","栄"]}
