{"0940005":[1,"紋別市","幸町"],"0940021":[1,"紋別市","大山町"],"0940031":[1,"紋別市","海洋公園"],"0940002":[1,"紋別市","真砂町"],"0940024":[1,"紋別市","藻別"],"0940013":[1,"紋別市","南が丘町"],"0940027":[1,"紋別市","上鴻之舞"],"0940012":[1,"紋別市","新港町"],"0940022":[1,"紋別市","新生"],"0940000":[1,"紋別市",""],"0940006":[1,"紋別市","潮見町"],"0940011":[1,"紋別市","港町"],"0940023":[1,"紋別市","元紋別"],"0940014":[1,"紋別市","緑町"],"0940026":[1,"紋別市","鴻之舞"],"0940025":[1,"紋別市","上藻別"],"0940015":[1,"紋別市","花園町"],"0940007":[1,"紋別市","落石町"],"0940004":[1,"紋別市","本町"],"0940003":[1,"紋別市","弁天町"],"0940001":[1,"紋別市","北浜町"]}
