{"3861541":[20,"上田市","上室賀"],"3861607":[20,"小県郡青木村","奈良本"],"3860018":[20,"上田市","常田"],"3861606":[20,"小県郡青木村","沓掛"],"3860401":[20,"上田市","塩川"],"3861433":[20,"上田市","手塚"],"3860003":[20,"上田市","上野"],"3860504":[20,"上田市","武石小沢根"],"3861324":[20,"上田市","五加"],"3861601":[20,"小県郡青木村","田沢"],"3860022":[20,"上田市","緑が丘"],"3861107":[20,"上田市","築地"],"3862203":[20,"上田市","真田町傍陽"],"3861431":[20,"上田市","別所温泉"],"3861323":[20,"上田市","本郷"],"3860005":[20,"上田市","古里"],"3860004":[20,"上田市","殿城"],"3861104":[20,"上田市","福田"],"3861211":[20,"上田市","下之郷"],"3860012":[20,"上田市","中央"],"3860602":[20,"小県郡長和町","長久保"],"3861542":[20,"上田市","下室賀"],"3860031":[20,"上田市","小牧"],"3860508":[20,"上田市","上武石"],"3860017":[20,"上田市","踏入"],"3861546":[20,"上田市","浦野"],"3860027":[20,"上田市","常磐城"],"3860015":[20,"上田市","常入"],"3861543":[20,"上田市","岡"],"3861436":[20,"上田市","前山"],"3860406":[20,"上田市","下丸子"],"3861600":[20,"小県郡青木村",""],"3860013":[20,"上田市","中央東"],"3861604":[20,"小県郡青木村","殿戸"],"3861213":[20,"上田市","古安曽"],"3860034":[20,"上田市","中之条"],"3861432":[20,"上田市","山田"],"3860006":[20,"上田市","漆戸"],"3860502":[20,"上田市","武石沖"],"3861325":[20,"上田市","中野"],"3862202":[20,"上田市","真田町本原"],"3860002":[20,"上田市","住吉"],"3861605":[20,"小県郡青木村","夫神"],"3860026":[20,"上田市","二の丸"],"3861212":[20,"上田市","富士山"],"3860153":[20,"上田市","岩下"],"3860033":[20,"上田市","御所"],"3860601":[20,"小県郡長和町","大門"],"3861435":[20,"上田市","十人"],"3860011":[20,"上田市","中央北"],"3860151":[20,"上田市","芳田"],"3861102":[20,"上田市","上田原"],"3861326":[20,"上田市","舞田"],"3860501":[20,"上田市","武石鳥屋"],"3860041":[20,"上田市","秋和"],"3860016":[20,"上田市","国分"],"3861603":[20,"小県郡青木村","当郷"],"3860412":[20,"上田市","御嶽堂"],"3860404":[20,"上田市","上丸子"],"3860402":[20,"上田市","藤原田"],"3861437":[20,"上田市","野倉"],"3860001":[20,"上田市","上田"],"3860503":[20,"上田市","下武石"],"3860506":[20,"上田市","武石下本入"],"3860152":[20,"上田市","大屋"],"3860701":[20,"小県郡長和町","和田"],"3862201":[20,"上田市","真田町長"],"3861545":[20,"上田市","越戸"],"3862211":[20,"須坂市","仁礼町"],"3860155":[20,"上田市","蒼久保"],"3860323":[20,"上田市","鹿教湯温泉"],"3861103":[20,"上田市","神畑"],"3860321":[20,"上田市","平井"],"3860408":[20,"上田市","本海野"],"3860023":[20,"上田市","中央西"],"3860505":[20,"上田市","武石余里"],"3861544":[20,"上田市","仁古田"],"3860413":[20,"上田市","東内"],"3860600":[20,"小県郡長和町",""],"3860407":[20,"上田市","長瀬"],"3861434":[20,"上田市","新町"],"3861101":[20,"上田市","下之条"],"3860014":[20,"上田市","材木町"],"3861214":[20,"上田市","下之郷乙"],"3860322":[20,"上田市","西内"],"3861321":[20,"上田市","保野"],"3861322":[20,"上田市","小島"],"3860025":[20,"上田市","天神"],"3862204":[20,"上田市","菅平高原"],"3860405":[20,"上田市","中丸子"],"3860603":[20,"小県郡長和町","古町"],"3860024":[20,"上田市","大手"],"3860042":[20,"上田市","上塩尻"],"3861105":[20,"上田市","吉田"],"3860043":[20,"上田市","下塩尻"],"3860411":[20,"上田市","生田"],"3860403":[20,"上田市","腰越"],"3861327":[20,"上田市","八木沢"],"3861602":[20,"小県郡青木村","村松"],"3860507":[20,"上田市","武石上本入"],"3860000":[20,"上田市",""],"3861106":[20,"上田市","小泉"],"3861108":[20,"上田市","神畑乙"],"3860156":[20,"上田市","林之郷"],"3860032":[20,"上田市","諏訪形"]}
