{"4250083":[22,"焼津市","大"],"4250033":[22,"焼津市","小川"],"4250052":[22,"焼津市","田尻"],"4250055":[22,"焼津市","道原"],"4250088":[22,"焼津市","大覚寺"],"4250064":[22,"焼津市","三和"],"4250072":[22,"焼津市","大住"],"4250075":[22,"焼津市","西焼津"],"4250017":[22,"焼津市","野秋"],"4250012":[22,"焼津市","浜当目"],"4250014":[22,"焼津市","中里"],"4250015":[22,"焼津市","石脇上"],"4250027":[22,"焼津市","栄町"],"4250077":[22,"焼津市","五ケ堀之内"],"4250013":[22,"焼津市","岡当目"],"4250043":[22,"焼津市","石津中町"],"4250016":[22,"焼津市","石脇下"],"4250076":[22,"焼津市","小屋敷"],"4250054":[22,"焼津市","一色"],"4250071":[22,"焼津市","三ケ名"],"4250053":[22,"焼津市","すみれ台"],"4250074":[22,"焼津市","柳新屋"],"4250092":[22,"焼津市","越後島"],"4250073":[22,"焼津市","小柳津"],"4250004":[22,"焼津市","坂本"],"4250045":[22,"焼津市","祢宜島"],"4250025":[22,"焼津市","城之腰"],"4250041":[22,"焼津市","石津"],"4250066":[22,"焼津市","大島"],"4250063":[22,"焼津市","本中根"],"4250058":[22,"焼津市","北新田"],"4250046":[22,"焼津市","三右衛門新田"],"4250044":[22,"焼津市","石津向町"],"4250024":[22,"焼津市","北浜通"],"4250065":[22,"焼津市","惣右衛門"],"4250002":[22,"焼津市","吉津"],"4250032":[22,"焼津市","鰯ケ島"],"4250061":[22,"焼津市","中根"],"4250062":[22,"焼津市","中根新田"],"4250084":[22,"焼津市","大村新田"],"4250028":[22,"焼津市","駅北"],"4250068":[22,"焼津市","中新田"],"4250057":[22,"焼津市","下小田"],"4250091":[22,"焼津市","八楠"],"4250056":[22,"焼津市","下小田中町"],"4250082":[22,"焼津市","大村"],"4250001":[22,"焼津市","花沢"],"4250000":[22,"焼津市",""],"4250086":[22,"焼津市","小土"],"4250003":[22,"焼津市","高崎"],"4250051":[22,"焼津市","田尻北"],"4250031":[22,"焼津市","小川新町"],"4250005":[22,"焼津市","方ノ上"],"4250021":[22,"焼津市","中港"],"4250006":[22,"焼津市","関方"],"4250034":[22,"焼津市","与惣次"],"4250069":[22,"焼津市","大島新田"],"4250081":[22,"焼津市","大栄町"],"4250026":[22,"焼津市","焼津"],"4250042":[22,"焼津市","石津港町"],"4250085":[22,"焼津市","塩津"],"4250022":[22,"焼津市","本町"],"4250067":[22,"焼津市","治長請所"],"4250087":[22,"焼津市","保福島"],"4250007":[22,"焼津市","策牛"],"4250023":[22,"焼津市","新屋"],"4250011":[22,"焼津市","小浜"],"4250035":[22,"焼津市","東小川"],"4250036":[22,"焼津市","西小川"]}
