{"2720014":[12,"市川市","田尻"],"2720816":[12,"市川市","本北方"],"2720137":[12,"市川市","福栄"],"2720835":[12,"市川市","中国分"],"2720127":[12,"市川市","塩浜"],"2720032":[12,"市川市","大洲"],"2720131":[12,"市川市","湊"],"2720114":[12,"市川市","塩焼"],"2720001":[12,"市川市","二俣"],"2720105":[12,"市川市","関ケ島"],"2720115":[12,"市川市","富浜"],"2720824":[12,"市川市","菅野"],"2720002":[12,"市川市","二俣新町"],"2720022":[12,"市川市","鬼越"],"2720031":[12,"市川市","平田"],"2720113":[12,"市川市","下妙典"],"2720143":[12,"市川市","相之川"],"2720013":[12,"市川市","高谷"],"2720023":[12,"市川市","南八幡"],"2720033":[12,"市川市","市川南"],"2720012":[12,"市川市","上妙典"],"2720101":[12,"市川市","河原"],"2720124":[12,"市川市","加藤新田"],"2720138":[12,"市川市","南行徳"],"2720123":[12,"市川市","幸"],"2720801":[12,"市川市","大町"],"2720103":[12,"市川市","本行徳"],"2720135":[12,"市川市","日之出"],"2720132":[12,"市川市","湊新田"],"2720024":[12,"市川市","稲荷木"],"2720134":[12,"市川市","入船"],"2720106":[12,"市川市","伊勢宿"],"2720804":[12,"市川市","南大野"],"2720104":[12,"市川市","本塩"],"2720136":[12,"市川市","新浜"],"2720112":[12,"市川市","上妙典"],"2720000":[12,"市川市",""],"2720015":[12,"市川市","鬼高"],"2720826":[12,"市川市","真間"],"2720805":[12,"市川市","大野町"],"2720111":[12,"市川市","妙典"],"2720825":[12,"市川市","須和田"],"2720004":[12,"市川市","原木"],"2720126":[12,"市川市","千鳥町"],"2720811":[12,"市川市","北方町"],"2720823":[12,"市川市","東菅野"],"2720803":[12,"市川市","奉免町"],"2720821":[12,"市川市","下貝塚"],"2720021":[12,"市川市","八幡"],"2720125":[12,"市川市","高浜町"],"2720813":[12,"市川市","中山"],"2720827":[12,"市川市","国府台"],"2720831":[12,"市川市","稲越町"],"2720133":[12,"市川市","行徳駅前"],"2720142":[12,"市川市","欠真間"],"2720035":[12,"市川市","新田"],"2720832":[12,"市川市","曽谷"],"2720141":[12,"市川市","香取"],"2720812":[12,"市川市","若宮"],"2720025":[12,"市川市","大和田"],"2720034":[12,"市川市","市川"],"2720121":[12,"市川市","末広"],"2720833":[12,"市川市","東国分"],"2720003":[12,"市川市","東浜"],"2720102":[12,"市川市","下新宿"],"2720802":[12,"市川市","柏井町"],"2720815":[12,"市川市","北方"],"2720834":[12,"市川市","国分"],"2720144":[12,"市川市","新井"],"2720822":[12,"市川市","宮久保"],"2720146":[12,"市川市","広尾"],"2720107":[12,"市川市","押切"],"2720145":[12,"市川市","島尻"],"2720122":[12,"市川市","宝"],"2720836":[12,"市川市","北国分"],"2720814":[12,"市川市","高石神"],"2720026":[12,"市川市","東大和田"],"2720011":[12,"市川市","高谷新町"],"2720837":[12,"市川市","堀之内"]}
