{"4850034":[23,"小牧市","市之久田"],"4850039":[23,"小牧市","外堀"],"4850035":[23,"小牧市","多気東町"],"4850085":[23,"小牧市","河内屋新田"],"4850823":[23,"小牧市","郷西町"],"4850000":[23,"小牧市",""],"4850075":[23,"小牧市","三ツ渕"],"4850066":[23,"小牧市","藤島町出口"],"4850081":[23,"小牧市","横内"],"4850031":[23,"小牧市","若草町"],"4850824":[23,"小牧市","長治町"],"4850001":[23,"小牧市","久保一色東"],"4850072":[23,"小牧市","元町"],"4850815":[23,"小牧市","篠岡"],"4850067":[23,"小牧市","藤島町居屋敷"],"4850825":[23,"小牧市","下末"],"4850021":[23,"小牧市","二重堀"],"4850052":[23,"小牧市","多気中町"],"4850801":[23,"小牧市","大山"],"4850061":[23,"小牧市","藤島町向江"],"4850084":[23,"小牧市","入鹿出新田"],"4850048":[23,"小牧市","間々本町"],"4850077":[23,"小牧市","西之島"],"4850014":[23,"小牧市","安田町"],"4850017":[23,"小牧市","岩崎原"],"4850068":[23,"小牧市","藤島"],"4850051":[23,"小牧市","下小針中島"],"4850053":[23,"小牧市","多気南町"],"4850003":[23,"小牧市","久保一色"],"4850804":[23,"小牧市","池之内"],"4850002":[23,"小牧市","葭原"],"4850812":[23,"小牧市","城山"],"4850069":[23,"小牧市","藤島町梵天"],"4850822":[23,"小牧市","上末"],"4850076":[23,"小牧市","三ツ渕原新田"],"4850814":[23,"小牧市","古雅"],"4850803":[23,"小牧市","高根"],"4850044":[23,"小牧市","常普請"],"4850055":[23,"小牧市","多気北町"],"4850008":[23,"小牧市","寺西"],"4850015":[23,"小牧市","間々"],"4850041":[23,"小牧市","小牧"],"4850028":[23,"小牧市","東新町"],"4850022":[23,"小牧市","北外山入鹿新田"],"4850802":[23,"小牧市","大草"],"4850027":[23,"小牧市","緑町"],"4850033":[23,"小牧市","郷中"],"4850049":[23,"小牧市","山北町"],"4850064":[23,"小牧市","藤島町徳願寺"],"4850813":[23,"小牧市","桃ケ丘"],"4850831":[23,"小牧市","東"],"4850026":[23,"小牧市","大山"],"4850011":[23,"小牧市","岩崎"],"4850043":[23,"小牧市","桜井本町"],"4850037":[23,"小牧市","小針"],"4850042":[23,"小牧市","桜井"],"4850036":[23,"小牧市","下小針天神"],"4850071":[23,"小牧市","弥生町"],"4850024":[23,"小牧市","南外山"],"4850059":[23,"小牧市","小木東"],"4850074":[23,"小牧市","新小木"],"4850083":[23,"小牧市","村中新町"],"4850811":[23,"小牧市","光ケ丘"],"4850006":[23,"小牧市","久保新町"],"4850025":[23,"小牧市","春日寺"],"4850826":[23,"小牧市","東田中"],"4850805":[23,"小牧市","林"],"4850073":[23,"小牧市","舟津"],"4850012":[23,"小牧市","小牧原新田"],"4850023":[23,"小牧市","北外山"],"4850058":[23,"小牧市","小木"],"4850078":[23,"小牧市","西島町"],"4850046":[23,"小牧市","堀の内"],"4850821":[23,"小牧市","本庄"],"4850827":[23,"小牧市","文津"],"4850806":[23,"小牧市","野口"],"4850828":[23,"小牧市","小松寺"],"4850013":[23,"小牧市","新町"],"4850047":[23,"小牧市","曙町"],"4850054":[23,"小牧市","多気西町"],"4850832":[23,"小牧市","応時"],"4850007":[23,"小牧市","久保一色南"],"4850057":[23,"小牧市","小木西"],"4850063":[23,"小牧市","藤島町鏡池"],"4850016":[23,"小牧市","間々原新田"],"4850004":[23,"小牧市","田県町"],"4850065":[23,"小牧市","藤島町五才田"],"4850056":[23,"小牧市","小木南"],"4850005":[23,"小牧市","久保本町"],"4850029":[23,"小牧市","中央"],"4850032":[23,"小牧市","掛割町"],"4850062":[23,"小牧市","藤島町中島"],"4850045":[23,"小牧市","川西"],"4850082":[23,"小牧市","村中"],"4850829":[23,"小牧市","小牧原"]}
