{"1760014":[13,"練馬区","豊玉南"],"1760004":[13,"練馬区","小竹町"],"1760005":[13,"練馬区","旭丘"],"1760013":[13,"練馬区","豊玉中"],"1760024":[13,"練馬区","中村"],"1760003":[13,"練馬区","羽沢"],"1760012":[13,"練馬区","豊玉北"],"1760023":[13,"練馬区","中村北"],"1760021":[13,"練馬区","貫井"],"1760000":[13,"練馬区",""],"1760001":[13,"練馬区","練馬"],"1760002":[13,"練馬区","桜台"],"1760025":[13,"練馬区","中村南"],"1760006":[13,"練馬区","栄町"],"1760022":[13,"練馬区","向山"],"1760011":[13,"練馬区","豊玉上"]}
