{"0300123":[2,"青森市","大矢沢"],"0300952":[2,"青森市","戸山"],"0301728":[2,"東津軽郡外ヶ浜町","三厩中浜"],"0301721":[2,"東津軽郡外ヶ浜町","三厩鐇泊"],"0300133":[2,"青森市","雲谷"],"0300921":[2,"青森市","原別"],"0300851":[2,"青森市","旭町"],"0301723":[2,"東津軽郡外ヶ浜町","三厩元宇鉄"],"0300845":[2,"青森市","緑"],"0300954":[2,"青森市","駒込"],"0300152":[2,"青森市","野沢"],"0301500":[2,"東津軽郡今別町",""],"0301261":[2,"青森市","四戸橋"],"0300918":[2,"青森市","けやき"],"0300925":[2,"青森市","築木館"],"0300855":[2,"青森市","北金沢"],"0300141":[2,"青森市","上野"],"0300862":[2,"青森市","古川"],"0300853":[2,"青森市","金沢"],"0301311":[2,"東津軽郡外ヶ浜町","蟹田塩越"],"0301303":[2,"東津軽郡外ヶ浜町","蟹田"],"0300145":[2,"青森市","金浜"],"0300964":[2,"青森市","南佃"],"0301404":[2,"東津軽郡外ヶ浜町","平舘弥蔵釜"],"0301503":[2,"東津軽郡今別町","村元"],"0301403":[2,"東津軽郡外ヶ浜町","平舘元宇田"],"0300934":[2,"青森市","戸崎"],"0300902":[2,"青森市","合浦"],"0301505":[2,"東津軽郡今別町","大川平"],"0301309":[2,"東津軽郡外ヶ浜町","上蟹田"],"0300153":[2,"青森市","小館"],"0301273":[2,"青森市","左堰"],"0301515":[2,"東津軽郡今別町","奥平部"],"0300962":[2,"青森市","佃"],"0301701":[2,"北津軽郡中泊町","小泊袰内"],"0301416":[2,"東津軽郡外ヶ浜町","平舘磯山"],"0300136":[2,"青森市","牛館"],"0300953":[2,"青森市","駒込"],"0301305":[2,"東津軽郡外ヶ浜町","蟹田小国"],"0301501":[2,"東津軽郡今別町","浜名"],"0301271":[2,"青森市","六枚橋"],"0300945":[2,"青森市","桜川"],"0300155":[2,"青森市","大谷"],"0301724":[2,"東津軽郡外ヶ浜町","三厩釜野澤"],"0300943":[2,"青森市","幸畑"],"0301714":[2,"東津軽郡外ヶ浜町","三厩梹榔"],"0301302":[2,"東津軽郡外ヶ浜町","蟹田中師"],"0300913":[2,"青森市","東造道"],"0300151":[2,"青森市","高田"],"0301262":[2,"青森市","後潟"],"0300812":[2,"青森市","堤町"],"0301402":[2,"東津軽郡外ヶ浜町","平舘"],"0300801":[2,"青森市","新町"],"0300941":[2,"青森市","自由ケ丘"],"0301213":[2,"東津軽郡蓬田村","長科"],"0300948":[2,"青森市","虹ケ丘"],"0300915":[2,"青森市","小柳"],"0300823":[2,"青森市","橋本"],"0301737":[2,"東津軽郡外ヶ浜町","三厩東町"],"0300843":[2,"青森市","浜田"],"0300822":[2,"青森市","中央"],"0301716":[2,"東津軽郡外ヶ浜町","三厩尻神"],"0300937":[2,"青森市","本泉"],"0300111":[2,"青森市","荒川"],"0300922":[2,"青森市","泉野"],"0300917":[2,"青森市","矢作"],"0300841":[2,"青森市","奥野"],"0301201":[2,"東津軽郡蓬田村","広瀬"],"0300113":[2,"青森市","第二問屋町"],"0300137":[2,"青森市","卸町"],"0300935":[2,"青森市","桑原"],"0301306":[2,"東津軽郡外ヶ浜町","蟹田山本"],"0301733":[2,"東津軽郡外ヶ浜町","三厩新町"],"0301411":[2,"東津軽郡外ヶ浜町","平舘根岸"],"0301400":[2,"東津軽郡外ヶ浜町",""],"0301712":[2,"東津軽郡外ヶ浜町","三厩木落"],"0300122":[2,"青森市","野尻"],"0300131":[2,"青森市","問屋町"],"0300931":[2,"青森市","平新田"],"0301308":[2,"東津軽郡外ヶ浜町","下蟹田"],"0301720":[2,"東津軽郡外ヶ浜町","三厩四枚橋"],"0301713":[2,"東津軽郡外ヶ浜町","三厩鎧嶋"],"0301715":[2,"東津軽郡外ヶ浜町","三厩鳴神"],"0300144":[2,"青森市","大別内"],"0300904":[2,"青森市","茶屋町"],"0300852":[2,"青森市","大野"],"0301735":[2,"東津軽郡外ヶ浜町","三厩緑ケ丘"],"0300966":[2,"青森市","花園"],"0300125":[2,"青森市","四ツ石"],"0301202":[2,"東津軽郡蓬田村","瀬辺地"],"0300142":[2,"青森市","野木"],"0300965":[2,"青森市","松森"],"0301511":[2,"東津軽郡今別町","山崎"],"0301301":[2,"東津軽郡外ヶ浜町","蟹田石浜"],"0301203":[2,"東津軽郡蓬田村","郷沢"],"0300854":[2,"青森市","千富町"],"0300124":[2,"青森市","田茂木野"],"0301405":[2,"東津軽郡外ヶ浜町","平舘石崎沢"],"0300903":[2,"青森市","栄町"],"0300919":[2,"青森市","はまなす"],"0300955":[2,"青森市","駒込"],"0301514":[2,"東津軽郡今別町","砂ケ森"],"0301722":[2,"東津軽郡外ヶ浜町","三厩上宇鉄"],"0300811":[2,"青森市","青柳"],"0301211":[2,"東津軽郡蓬田村","蓬田"],"0300856":[2,"青森市","西大野"],"0300901":[2,"青森市","港町"],"0300802":[2,"青森市","本町"],"0300846":[2,"青森市","青葉"],"0300803":[2,"青森市","安方"],"0301731":[2,"東津軽郡外ヶ浜町","三厩本町"],"0301718":[2,"東津軽郡外ヶ浜町","三厩梨ノ木間"],"0300932":[2,"青森市","後萢"],"0300924":[2,"青森市","滝沢"],"0300861":[2,"青森市","長島"],"0300946":[2,"青森市","古館"],"0301304":[2,"東津軽郡外ヶ浜町","蟹田南沢"],"0300942":[2,"青森市","沢山"],"0301504":[2,"東津軽郡今別町","鍋田"],"0301736":[2,"東津軽郡外ヶ浜町","三厩桃ケ丘"],"0300813":[2,"青森市","松原"],"0300933":[2,"青森市","諏訪沢"],"0300134":[2,"青森市","合子沢"],"0300963":[2,"青森市","中佃"],"0301726":[2,"東津軽郡外ヶ浜町","三厩六條間"],"0301513":[2,"東津軽郡今別町","袰月"],"0301415":[2,"東津軽郡外ヶ浜町","平舘舟岡"],"0300135":[2,"青森市","新町野"],"0301719":[2,"東津軽郡外ヶ浜町","三厩宇鉄山"],"0300154":[2,"青森市","入内"],"0300821":[2,"青森市","勝田"],"0301734":[2,"東津軽郡外ヶ浜町","三厩増川"],"0301214":[2,"東津軽郡蓬田村","中沢"],"0300112":[2,"青森市","八ツ役"],"0301732":[2,"東津軽郡外ヶ浜町","三厩家ノ上"],"0300844":[2,"青森市","桂木"],"0300944":[2,"青森市","筒井"],"0300936":[2,"青森市","矢田前"],"0301272":[2,"青森市","小橋"],"0301727":[2,"東津軽郡外ヶ浜町","三厩算用師"],"0300911":[2,"青森市","造道"],"0301711":[2,"東津軽郡外ヶ浜町","三厩源兵衛間"],"0300847":[2,"青森市","東大野"],"0300121":[2,"青森市","妙見"],"0300916":[2,"青森市","田屋敷"],"0301717":[2,"東津軽郡外ヶ浜町","三厩川柱"],"0300947":[2,"青森市","浜館"],"0301413":[2,"東津軽郡外ヶ浜町","平舘今津"],"0300914":[2,"青森市","岡造道"],"0300923":[2,"青森市","八幡林"],"0301729":[2,"東津軽郡外ヶ浜町","三厩下平"],"0300951":[2,"青森市","戸山"],"0300132":[2,"青森市","横内"],"0301212":[2,"東津軽郡蓬田村","阿弥陀川"],"0300912":[2,"青森市","八重田"],"0301412":[2,"東津軽郡外ヶ浜町","平舘野田"],"0300842":[2,"青森市","浦町"],"0301200":[2,"東津軽郡蓬田村",""],"0301502":[2,"東津軽郡今別町","今別"],"0300961":[2,"青森市","浪打"],"0301307":[2,"東津軽郡外ヶ浜町","蟹田大平"],"0300143":[2,"青森市","小畑沢"],"0301725":[2,"東津軽郡外ヶ浜町","三厩藤嶋"],"0301512":[2,"東津軽郡今別町","大泊"]}
