{"3350002":[11,"蕨市","塚越"],"3350013":[11,"戸田市","喜沢"],"3350023":[11,"戸田市","本町"],"3350004":[11,"蕨市","中央"],"3350035":[11,"戸田市","笹目南町"],"3350031":[11,"戸田市","美女木"],"3350032":[11,"戸田市","美女木東"],"3350034":[11,"戸田市","笹目"],"3350001":[11,"蕨市","北町"],"3350022":[11,"戸田市","上戸田"],"3350037":[11,"戸田市","下笹目"],"3350027":[11,"戸田市","氷川町"],"3350011":[11,"戸田市","下戸田"],"3350012":[11,"戸田市","中町"],"3350005":[11,"蕨市","錦町"],"3350016":[11,"戸田市","下前"],"3350000":[11,"蕨市",""],"3350025":[11,"戸田市","南町"],"3350033":[11,"戸田市","笹目北町"],"3350014":[11,"戸田市","喜沢南"],"3350015":[11,"戸田市","川岸"],"3350021":[11,"戸田市","新曽"],"3350003":[11,"蕨市","南町"],"3350026":[11,"戸田市","新曽南"],"3350036":[11,"戸田市","早瀬"],"3350024":[11,"戸田市","戸田公園"]}
