{"2940027":[12,"館山市","西長田"],"2940002":[12,"館山市","大井"],"2940223":[12,"館山市","洲宮"],"2940307":[12,"館山市","波左間"],"2940224":[12,"館山市","藤原"],"2940031":[12,"館山市","大賀"],"2940232":[12,"館山市","竜岡"],"2940226":[12,"館山市","犬石"],"2940015":[12,"館山市","古茂口"],"2940028":[12,"館山市","東長田"],"2940822":[12,"南房総市","本織"],"2940225":[12,"館山市","佐野"],"2940816":[12,"南房総市","山下"],"2940306":[12,"館山市","加賀名"],"2940221":[12,"館山市","布沼"],"2940826":[12,"南房総市","三坂"],"2940222":[12,"館山市","茂名"],"2940034":[12,"館山市","沼"],"2940011":[12,"館山市","二子"],"2940045":[12,"館山市","北条"],"2940006":[12,"館山市","薗"],"2940055":[12,"館山市","那古"],"2940005":[12,"館山市","安東"],"2940004":[12,"館山市","水岡"],"2940048":[12,"館山市","下真倉"],"2940018":[12,"館山市","国分"],"2940047":[12,"館山市","八幡"],"2940029":[12,"館山市","作名"],"2940054":[12,"館山市","湊"],"2940303":[12,"館山市","浜田"],"2940007":[12,"館山市","腰越"],"2940311":[12,"館山市","坂井"],"2940823":[12,"南房総市","府中"],"2940009":[12,"館山市","江田"],"2940023":[12,"館山市","神余"],"2940024":[12,"館山市","岡田"],"2940017":[12,"館山市","南条"],"2940016":[12,"館山市","飯沼"],"2940803":[12,"南房総市","御庄"],"2940316":[12,"館山市","洲崎"],"2940008":[12,"館山市","広瀬"],"2940302":[12,"館山市","塩見"],"2940824":[12,"南房総市","下堀"],"2940022":[12,"館山市","畑"],"2940305":[12,"館山市","見物"],"2940301":[12,"館山市","香"],"2940312":[12,"館山市","小沼"],"2940817":[12,"南房総市","大学口"],"2940811":[12,"南房総市","中"],"2940801":[12,"南房総市","増間"],"2940806":[12,"南房総市","上滝田"],"2940821":[12,"南房総市","明石"],"2940313":[12,"館山市","坂足"],"2940056":[12,"館山市","船形"],"2940314":[12,"館山市","伊戸"],"2940042":[12,"館山市","上野原"],"2940804":[12,"南房総市","海老敷"],"2940813":[12,"南房総市","谷向"],"2940053":[12,"館山市","北条正木"],"2940057":[12,"館山市","川名"],"2940037":[12,"館山市","長須賀"],"2940802":[12,"南房総市","山名"],"2940814":[12,"南房総市","川田"],"2940308":[12,"館山市","坂田"],"2940825":[12,"南房総市","上堀"],"2940032":[12,"館山市","笠名"],"2940234":[12,"館山市","布良"],"2940815":[12,"南房総市","千代"],"2940036":[12,"館山市","館山"],"2940812":[12,"南房総市","池之内"],"2940035":[12,"館山市","富士見"],"2940052":[12,"館山市","亀ケ原"],"2940041":[12,"館山市","高井"],"2940304":[12,"館山市","早物"],"2940315":[12,"館山市","西川名"],"2940046":[12,"館山市","新宿"],"2940038":[12,"館山市","上真倉"],"2940231":[12,"館山市","中里"],"2940033":[12,"館山市","宮城"],"2940012":[12,"館山市","稲"],"2940043":[12,"館山市","安布里"],"2940235":[12,"館山市","相浜"],"2940014":[12,"館山市","山本"],"2940013":[12,"館山市","宝貝"],"2940025":[12,"館山市","大戸"],"2940044":[12,"館山市","大網"],"2940058":[12,"館山市","小原"],"2940233":[12,"館山市","大神宮"],"2940026":[12,"館山市","出野尾"],"2940051":[12,"館山市","正木"],"2940001":[12,"館山市","竹原"],"2940000":[12,"館山市",""],"2940021":[12,"館山市","山荻"],"2940805":[12,"南房総市","下滝田"],"2940003":[12,"館山市","水玉"]}
