{"3330866":[11,"川口市","芝"],"3330847":[11,"川口市","芝中田"],"3330854":[11,"川口市","芝富士"],"3330805":[11,"川口市","戸塚鋏町"],"3330816":[11,"川口市","差間"],"3330848":[11,"川口市","芝下"],"3330868":[11,"川口市","芝高木"],"3330804":[11,"川口市","久左衛門新田"],"3330811":[11,"川口市","戸塚"],"3330831":[11,"川口市","木曽呂"],"3330843":[11,"川口市","前上町"],"3330812":[11,"川口市","安行西立野"],"3330852":[11,"川口市","芝樋ノ爪"],"3330841":[11,"川口市","前川町"],"3330803":[11,"川口市","藤兵衛新田"],"3330851":[11,"川口市","芝新町"],"3330821":[11,"川口市","東内野"],"3330814":[11,"川口市","行衛"],"3330862":[11,"川口市","北園町"],"3330801":[11,"川口市","東川口"],"3330832":[11,"川口市","神戸"],"3330835":[11,"川口市","道合"],"3330869":[11,"川口市","芝宮根町"],"3330813":[11,"川口市","西立野"],"3330822":[11,"川口市","源左衛門新田"],"3330845":[11,"川口市","上青木西"],"3330861":[11,"川口市","柳崎"],"3330856":[11,"川口市","芝塚原"],"3330823":[11,"川口市","石神"],"3330807":[11,"川口市","長蔵"],"3330826":[11,"川口市","新井宿"],"3330834":[11,"川口市","安行領根岸"],"3330855":[11,"川口市","芝西"],"3330806":[11,"川口市","戸塚境町"],"3330808":[11,"川口市","長蔵新田"],"3330865":[11,"川口市","伊刈"],"3330857":[11,"川口市","小谷場"],"3330867":[11,"川口市","芝東町"],"3330846":[11,"川口市","南前川"],"3330833":[11,"川口市","西新井宿"],"3330844":[11,"川口市","上青木"],"3330802":[11,"川口市","戸塚東"],"3330863":[11,"川口市","在家町"],"3330824":[11,"川口市","赤芝新田"],"3330836":[11,"川口市","安行領在家"],"3330864":[11,"川口市","柳根町"],"3330853":[11,"川口市","芝園町"],"3330825":[11,"川口市","赤山"],"3330815":[11,"川口市","北原台"],"3330842":[11,"川口市","前川"]}
