{"0711544":[1,"上川郡東神楽町","１４号"],"0711456":[1,"上川郡東川町","東６号南"],"0710742":[1,"空知郡中富良野町","福原農場"],"0718160":[1,"旭川市","東鷹栖１０線"],"0711522":[1,"上川郡東神楽町","ひじり野北二条"],"0710208":[1,"上川郡美瑛町","本町"],"0711462":[1,"上川郡東川町","北２線東"],"0710473":[1,"上川郡美瑛町","新星"],"0710711":[1,"空知郡中富良野町","ベベルイ"],"0711452":[1,"上川郡東川町","東２号南"],"0710233":[1,"上川郡美瑛町","新区画"],"0718137":[1,"旭川市","末広７条"],"0710512":[1,"空知郡上富良野町","西１２線北"],"0710771":[1,"空知郡中富良野町","東１線北"],"0711562":[1,"上川郡東神楽町","東二線"],"0711539":[1,"上川郡東神楽町","９号"],"0718154":[1,"旭川市","東鷹栖４線"],"0718121":[1,"旭川市","末広東１条"],"0710563":[1,"空知郡上富良野町","緑町"],"0710545":[1,"空知郡上富良野町","光町"],"0711266":[1,"上川郡鷹栖町","２６線"],"0710186":[1,"旭川市","西神楽南"],"0710753":[1,"空知郡中富良野町","南町"],"0710251":[1,"上川郡美瑛町","憩が丘"],"0710733":[1,"空知郡中富良野町","伊藤農場"],"0710242":[1,"上川郡美瑛町","水沢"],"0711257":[1,"上川郡鷹栖町","１７線"],"0718158":[1,"旭川市","東鷹栖８線"],"0710508":[1,"空知郡上富良野町","西８線北"],"0710548":[1,"空知郡上富良野町","扇町"],"0718111":[1,"旭川市","東鷹栖東１条"],"0710228":[1,"上川郡美瑛町","中宇莫別"],"0711174":[1,"旭川市","江丹別町富原"],"0711423":[1,"上川郡東川町","東町"],"0718145":[1,"旭川市","春光台５条"],"0710776":[1,"空知郡中富良野町","東６線北"],"0710202":[1,"上川郡美瑛町","南町"],"0718166":[1,"旭川市","緑台"],"0710471":[1,"上川郡美瑛町","美馬牛"],"0711176":[1,"旭川市","江丹別町西里"],"0711433":[1,"上川郡東川町","東３号北"],"0710223":[1,"上川郡美瑛町","五稜"],"0711553":[1,"上川郡東神楽町","２３号"],"0711556":[1,"上川郡東神楽町","２６号"],"0710475":[1,"上川郡美瑛町","常盤"],"0710478":[1,"上川郡美瑛町","瑠辺蘂"],"0711540":[1,"上川郡東神楽町","１０号"],"0711231":[1,"上川郡鷹栖町","北野西一条"],"0718171":[1,"旭川市","東山"],"0711438":[1,"上川郡東川町","東８号北"],"0711408":[1,"上川郡東川町","西８号北"],"0718114":[1,"旭川市","東鷹栖東１線"],"0711253":[1,"上川郡鷹栖町","１３線"],"0711459":[1,"上川郡東川町","東９号南"],"0710351":[1,"上川郡美瑛町","横牛"],"0710246":[1,"上川郡美瑛町","福富"],"0711202":[1,"上川郡鷹栖町","南二条"],"0710707":[1,"空知郡中富良野町","西３線北"],"0711224":[1,"上川郡鷹栖町","北野東四条"],"0710184":[1,"旭川市","西神楽４線"],"0710527":[1,"空知郡上富良野町","東７線北"],"0718113":[1,"旭川市","東鷹栖東３条"],"0710503":[1,"空知郡上富良野町","西３線北"],"0711403":[1,"上川郡東川町","西３号北"],"0711267":[1,"上川郡鷹栖町","２７線"],"0711548":[1,"上川郡東神楽町","１８号"],"0710555":[1,"空知郡上富良野町","東町"],"0711536":[1,"上川郡東神楽町","６号"],"0710523":[1,"空知郡上富良野町","東３線北"],"0718157":[1,"旭川市","東鷹栖７線"],"0711533":[1,"上川郡東神楽町","３号"],"0710578":[1,"空知郡上富良野町","山加農場"],"0718152":[1,"旭川市","東鷹栖２線"],"0711555":[1,"上川郡東神楽町","２５号"],"0710224":[1,"上川郡美瑛町","北瑛"],"0718162":[1,"旭川市","東鷹栖１２線"],"0710541":[1,"空知郡上富良野町","富町"],"0710516":[1,"空知郡上富良野町","西１６線北"],"0710574":[1,"空知郡上富良野町","第１安井牧場"],"0710532":[1,"空知郡上富良野町","東１２線北"],"0710504":[1,"空知郡上富良野町","西４線北"],"0718136":[1,"旭川市","末広６条"],"0710353":[1,"上川郡美瑛町","俵真布"],"0718142":[1,"旭川市","春光台２条"],"0710564":[1,"空知郡上富良野町","桜町"],"0710476":[1,"上川郡美瑛町","御牧"],"0710509":[1,"空知郡上富良野町","西９線北"],"0711513":[1,"上川郡東神楽町","北二条西"],"0711263":[1,"上川郡鷹栖町","２３線"],"0710772":[1,"空知郡中富良野町","東２線北"],"0711565":[1,"上川郡東神楽町","東五線"],"0710577":[1,"空知郡上富良野町","中の沢"],"0711250":[1,"上川郡鷹栖町","１０線"],"0710761":[1,"空知郡中富良野町","西町"],"0710174":[1,"旭川市","西神楽北２条"],"0710479":[1,"上川郡美瑛町","美園"],"0711422":[1,"上川郡東川町","西２号南"],"0710520":[1,"空知郡上富良野町","基線北"],"0711502":[1,"上川郡東神楽町","南一条東"],"0711441":[1,"上川郡東川町","東１１号北"],"0710528":[1,"空知郡上富良野町","東８線北"],"0718131":[1,"旭川市","末広１条"],"0710203":[1,"上川郡美瑛町","西町"],"0710245":[1,"上川郡美瑛町","福富"],"0710700":[1,"空知郡中富良野町",""],"0718122":[1,"旭川市","末広東２条"],"0711463":[1,"上川郡東川町","北３線東"],"0710237":[1,"上川郡美瑛町","福富"],"0710502":[1,"空知郡上富良野町","西２線北"],"0711173":[1,"旭川市","江丹別町中央"],"0711432":[1,"上川郡東川町","東２号北"],"0711201":[1,"上川郡鷹栖町","南一条"],"0710542":[1,"空知郡上富良野町","錦町"],"0711440":[1,"上川郡東川町","東１０号北"],"0711457":[1,"上川郡東川町","東７号南"],"0710227":[1,"上川郡美瑛町","中宇莫別"],"0711563":[1,"上川郡東神楽町","東三線"],"0711406":[1,"上川郡東川町","西６号北"],"0710185":[1,"旭川市","西神楽５線"],"0710732":[1,"空知郡中富良野町","田中農場"],"0710549":[1,"空知郡上富良野町","北町"],"0711473":[1,"上川郡東川町","松山温泉"],"0710511":[1,"空知郡上富良野町","西１１線北"],"0710751":[1,"空知郡中富良野町","北町"],"0711223":[1,"上川郡鷹栖町","北野東三条"],"0710222":[1,"上川郡美瑛町","美田"],"0718102":[1,"旭川市","東鷹栖２条"],"0711177":[1,"旭川市","江丹別町芳野"],"0711505":[1,"上川郡東神楽町","南三条東"],"0718133":[1,"旭川市","末広３条"],"0718165":[1,"旭川市","東鷹栖１５線"],"0711557":[1,"上川郡東神楽町","２７号"],"0711472":[1,"上川郡東川町","勇駒別"],"0710573":[1,"空知郡上富良野町","松井牧場"],"0710524":[1,"空知郡上富良野町","東４線北"],"0710214":[1,"上川郡美瑛町","幸町"],"0711551":[1,"上川郡東神楽町","２１号"],"0710204":[1,"上川郡美瑛町","大町"],"0711258":[1,"上川郡鷹栖町","１８線"],"0711552":[1,"上川郡東神楽町","２２号"],"0710261":[1,"上川郡美瑛町","旭"],"0710239":[1,"上川郡美瑛町","美瑛原野"],"0711582":[1,"上川郡東神楽町","志比内"],"0711426":[1,"上川郡東川町","北町"],"0711407":[1,"上川郡東川町","西７号北"],"0710777":[1,"空知郡中富良野町","東７線北"],"0710472":[1,"上川郡美瑛町","美馬牛市街地"],"0710554":[1,"空知郡上富良野町","新町"],"0711501":[1,"上川郡東神楽町","南一条西"],"0710553":[1,"空知郡上富良野町","旭町"],"0710774":[1,"空知郡中富良野町","東４線北"],"0711260":[1,"上川郡鷹栖町","２０線"],"0710238":[1,"上川郡美瑛町","藤野"],"0710531":[1,"空知郡上富良野町","東１１線北"],"0710216":[1,"上川郡美瑛町","大村"],"0711402":[1,"上川郡東川町","西２号北"],"0711249":[1,"上川郡鷹栖町","９線"],"0718143":[1,"旭川市","春光台３条"],"0711221":[1,"上川郡鷹栖町","北野東一条"],"0711465":[1,"上川郡東川町","北５線"],"0711546":[1,"上川郡東神楽町","１６号"],"0710207":[1,"上川郡美瑛町","中町"],"0718163":[1,"旭川市","東鷹栖１３線"],"0711561":[1,"上川郡東神楽町","東一線"],"0711200":[1,"上川郡鷹栖町",""],"0711251":[1,"上川郡鷹栖町","１１線"],"0710762":[1,"空知郡中富良野町","丘町"],"0711545":[1,"上川郡東神楽町","１５号"],"0710355":[1,"上川郡美瑛町","天人峡"],"0710779":[1,"空知郡中富良野町","東９線北"],"0710234":[1,"上川郡美瑛町","置杵牛"],"0711453":[1,"上川郡東川町","東３号南"],"0711460":[1,"上川郡東川町","東１０号南"],"0718112":[1,"旭川市","東鷹栖東２条"],"0710714":[1,"空知郡中富良野町","宮町"],"0710583":[1,"空知郡上富良野町","津郷農場"],"0718144":[1,"旭川市","春光台４条"],"0711577":[1,"上川郡東神楽町","八千代ケ岡"],"0710513":[1,"空知郡上富良野町","西１３線北"],"0710510":[1,"空知郡上富良野町","西１０線北"],"0711409":[1,"上川郡東川町","西９号北"],"0711535":[1,"上川郡東神楽町","５号"],"0710249":[1,"上川郡美瑛町","憩町"],"0710515":[1,"空知郡上富良野町","西１５線北"],"0711259":[1,"上川郡鷹栖町","１９線"],"0710244":[1,"上川郡美瑛町","福富"],"0710521":[1,"空知郡上富良野町","東１線北"],"0710546":[1,"空知郡上富良野町","西町"],"0711464":[1,"上川郡東川町","進化台"],"0711233":[1,"上川郡鷹栖町","北野西三条"],"0710780":[1,"空知郡中富良野町","東１０線北"],"0718134":[1,"旭川市","末広４条"],"0710525":[1,"空知郡上富良野町","東５線北"],"0711564":[1,"上川郡東神楽町","東四線"],"0710530":[1,"空知郡上富良野町","東１０線北"],"0710505":[1,"空知郡上富良野町","西５線北"],"0710755":[1,"空知郡中富良野町","旭町"],"0710461":[1,"上川郡美瑛町","美馬牛北"],"0711405":[1,"上川郡東川町","西５号北"],"0711570":[1,"上川郡東神楽町","南１３号"],"0710704":[1,"空知郡中富良野町","基線北"],"0710231":[1,"上川郡美瑛町","明治"],"0710501":[1,"空知郡上富良野町","西１線北"],"0710217":[1,"上川郡美瑛町","大村"],"0711264":[1,"上川郡鷹栖町","２４線"],"0718101":[1,"旭川市","東鷹栖１条"],"0710576":[1,"空知郡上富良野町","十人牧場"],"0711234":[1,"上川郡鷹栖町","北野西四条"],"0710534":[1,"空知郡上富良野町","西谷牧場"],"0710226":[1,"上川郡美瑛町","下宇莫別"],"0710731":[1,"空知郡中富良野町","新田中農場"],"0710213":[1,"上川郡美瑛町","東町"],"0710543":[1,"空知郡上富良野町","中町"],"0711574":[1,"上川郡東神楽町","南４線"],"0711400":[1,"上川郡東川町",""],"0711431":[1,"上川郡東川町","１号北"],"0711261":[1,"上川郡鷹栖町","２１線"],"0710773":[1,"空知郡中富良野町","東３線北"],"0711172":[1,"旭川市","江丹別町拓北"],"0718123":[1,"旭川市","末広東３条"],"0711512":[1,"上川郡東神楽町","北一条東"],"0711474":[1,"上川郡美瑛町","忠別"],"0711515":[1,"上川郡東神楽町","北三条東"],"0710206":[1,"上川郡美瑛町","北町"],"0710754":[1,"空知郡中富良野町","新町"],"0711410":[1,"上川郡東川町","西１０号北"],"0711439":[1,"上川郡東川町","東９号北"],"0710566":[1,"空知郡上富良野町","向町"],"0711256":[1,"上川郡鷹栖町","１６線"],"0711573":[1,"上川郡東神楽町","南３線"],"0710229":[1,"上川郡美瑛町","上宇莫別"],"0710235":[1,"上川郡美瑛町","白金"],"0711466":[1,"上川郡東川町","北７線"],"0711458":[1,"上川郡東川町","東８号南"],"0711537":[1,"上川郡東神楽町","７号"],"0710173":[1,"旭川市","西神楽北１条"],"0711235":[1,"上川郡鷹栖町","北野西五条"],"0710752":[1,"空知郡中富良野町","本町"],"0711255":[1,"上川郡鷹栖町","１５線"],"0710552":[1,"空知郡上富良野町","宮町"],"0718138":[1,"旭川市","末広８条"],"0710529":[1,"空知郡上富良野町","東９線北"],"0710209":[1,"上川郡美瑛町","寿町"],"0710243":[1,"上川郡美瑛町","福富"],"0710477":[1,"上川郡美瑛町","二股"],"0710544":[1,"空知郡上富良野町","栄町"],"0711436":[1,"上川郡東川町","東６号北"],"0710514":[1,"空知郡上富良野町","西１４線北"],"0718155":[1,"旭川市","東鷹栖５線"],"0711525":[1,"上川郡東神楽町","ひじり野南三条"],"0710778":[1,"空知郡中富良野町","東８線北"],"0711560":[1,"上川郡東神楽町","基線"],"0718164":[1,"旭川市","東鷹栖１４線"],"0711547":[1,"上川郡東神楽町","１７号"],"0711442":[1,"上川郡東川町","東１２号北"],"0710561":[1,"空知郡上富良野町","大町"],"0711265":[1,"上川郡鷹栖町","２５線"],"0718104":[1,"旭川市","東鷹栖４条"],"0710240":[1,"上川郡美瑛町","三愛"],"0711454":[1,"上川郡東川町","東４号南"],"0710200":[1,"上川郡美瑛町",""],"0711521":[1,"上川郡東神楽町","ひじり野北一条"],"0711248":[1,"上川郡鷹栖町","８線"],"0710735":[1,"空知郡中富良野町","日進"],"0710218":[1,"上川郡美瑛町","大村"],"0711461":[1,"上川郡東川町","東１１号南"],"0710579":[1,"空知郡上富良野町","吹上"],"0711542":[1,"上川郡東神楽町","１２号"],"0711500":[1,"上川郡東神楽町",""],"0710770":[1,"空知郡中富良野町","暁町"],"0710533":[1,"空知郡上富良野町","倍本農場"],"0710575":[1,"空知郡上富良野町","第２安井牧場"],"0711451":[1,"上川郡東川町","１号南"],"0711412":[1,"上川郡東川町","西１２号北"],"0710547":[1,"空知郡上富良野町","泉町"],"0711225":[1,"上川郡鷹栖町","北野東五条"],"0711575":[1,"上川郡東神楽町","南５線"],"0710506":[1,"空知郡上富良野町","西６線北"],"0718132":[1,"旭川市","末広２条"],"0711534":[1,"上川郡東神楽町","４号"],"0711571":[1,"上川郡東神楽町","南１番通"],"0710726":[1,"空知郡中富良野町","東町"],"0710248":[1,"上川郡美瑛町","花園"],"0710462":[1,"上川郡美瑛町","美馬牛南"],"0718161":[1,"旭川市","東鷹栖１１線"],"0710522":[1,"空知郡上富良野町","東２線北"],"0711455":[1,"上川郡東川町","東５号南"],"0718153":[1,"旭川市","東鷹栖３線"],"0711252":[1,"上川郡鷹栖町","１２線"],"0711538":[1,"上川郡東神楽町","８号"],"0711550":[1,"上川郡東神楽町","２０号"],"0710562":[1,"空知郡上富良野町","南町"],"0711171":[1,"旭川市","江丹別町清水"],"0710232":[1,"上川郡美瑛町","明治"],"0711222":[1,"上川郡鷹栖町","北野東二条"],"0718135":[1,"旭川市","末広５条"],"0710171":[1,"旭川市","西神楽南１条"],"0711554":[1,"上川郡東神楽町","２４号"],"0710705":[1,"空知郡中富良野町","西１線北"],"0711262":[1,"上川郡鷹栖町","２２線"],"0710551":[1,"空知郡上富良野町","本町"],"0711424":[1,"上川郡東川町","南町"],"0711232":[1,"上川郡鷹栖町","北野西二条"],"0710781":[1,"空知郡中富良野町","東１１線北"],"0711523":[1,"上川郡東神楽町","ひじり野南一条"],"0711581":[1,"上川郡東神楽町","栄岡"],"0710775":[1,"空知郡中富良野町","東５線北"],"0710500":[1,"空知郡上富良野町",""],"0710211":[1,"上川郡美瑛町","錦町"],"0711425":[1,"上川郡東川町","西町"],"0711541":[1,"上川郡東神楽町","１１号"],"0710205":[1,"上川郡美瑛町","栄町"],"0711434":[1,"上川郡東川町","東４号北"],"0710201":[1,"上川郡美瑛町","丸山"],"0710215":[1,"上川郡美瑛町","扇町"],"0711511":[1,"上川郡東神楽町","北一条西"],"0710352":[1,"上川郡美瑛町","朗根内"],"0711175":[1,"旭川市","江丹別町中園"],"0711467":[1,"上川郡東川町","北７線東"],"0710706":[1,"空知郡中富良野町","西２線北"],"0718159":[1,"旭川市","東鷹栖９線"],"0710212":[1,"上川郡美瑛町","旭町"],"0710241":[1,"上川郡美瑛町","水沢"],"0710571":[1,"空知郡上富良野町","新井牧場"],"0710737":[1,"空知郡中富良野町","奈江"],"0711404":[1,"上川郡東川町","西４号北"],"0710572":[1,"空知郡上富良野町","細野農場"],"0718156":[1,"旭川市","東鷹栖６線"],"0711504":[1,"上川郡東神楽町","南二条東"],"0710507":[1,"空知郡上富良野町","西７線北"],"0710734":[1,"空知郡中富良野町","鹿討農場"],"0711514":[1,"上川郡東神楽町","北二条東"],"0711572":[1,"上川郡東神楽町","南２線"],"0710221":[1,"上川郡美瑛町","美田"],"0711435":[1,"上川郡東川町","東５号北"],"0718151":[1,"旭川市","東鷹栖１線"],"0710474":[1,"上川郡美瑛町","拓進"],"0718141":[1,"旭川市","春光台１条"],"0710219":[1,"上川郡美瑛町","大村"],"0711524":[1,"上川郡東神楽町","ひじり野南二条"],"0711503":[1,"上川郡東神楽町","南二条西"],"0710172":[1,"旭川市","西神楽南２条"],"0710225":[1,"上川郡美瑛町","明治"],"0711411":[1,"上川郡東川町","西１１号北"],"0710247":[1,"上川郡美瑛町","三愛"],"0711437":[1,"上川郡東川町","東７号北"],"0710565":[1,"空知郡上富良野町","丘町"],"0711471":[1,"上川郡東川町","ノカナン"],"0711254":[1,"上川郡鷹栖町","１４線"],"0710517":[1,"空知郡上富良野町","沼崎農場"],"0711549":[1,"上川郡東神楽町","１９号"],"0710736":[1,"空知郡中富良野町","吉井農場"],"0711543":[1,"上川郡東神楽町","１３号"],"0710526":[1,"空知郡上富良野町","東６線北"],"0711247":[1,"上川郡鷹栖町","７線"],"0710236":[1,"上川郡美瑛町","美沢"],"0711211":[1,"上川郡鷹栖町","北一条"],"0718103":[1,"旭川市","東鷹栖３条"]}
