{"3160014":[8,"日立市","東金沢町"],"3160024":[8,"日立市","水木町"],"3160011":[8,"日立市","塙山町"],"3160003":[8,"日立市","多賀町"],"3160036":[8,"日立市","鮎川町"],"3160013":[8,"日立市","千石町"],"3160031":[8,"日立市","成沢町"],"3160002":[8,"日立市","桜川町"],"3160021":[8,"日立市","台原町"],"3160007":[8,"日立市","中丸町"],"3160034":[8,"日立市","東成沢町"],"3160023":[8,"日立市","東大沼町"],"3160026":[8,"日立市","みかの原町"],"3160025":[8,"日立市","森山町"],"3160032":[8,"日立市","西成沢町"],"3160004":[8,"日立市","東多賀町"],"3160033":[8,"日立市","中成沢町"],"3160006":[8,"日立市","末広町"],"3160035":[8,"日立市","国分町"],"3160001":[8,"日立市","諏訪町"],"3160022":[8,"日立市","大沼町"],"3160012":[8,"日立市","大久保町"],"3160015":[8,"日立市","金沢町"],"3160005":[8,"日立市","河原子町"]}
