{"0040000":[1,"札幌市厚別区",""],"0040022":[1,"札幌市厚別区","厚別南"],"0040052":[1,"札幌市厚別区","厚別中央二条"],"0040003":[1,"札幌市厚別区","厚別東三条"],"0040846":[1,"札幌市清田区","清田六条"],"0040031":[1,"札幌市厚別区","上野幌一条"],"0040004":[1,"札幌市厚別区","厚別東四条"],"0040815":[1,"札幌市清田区","美しが丘五条"],"0040813":[1,"札幌市清田区","美しが丘三条"],"0040871":[1,"札幌市清田区","平岡一条"],"0040859":[1,"札幌市清田区","清田"],"0040839":[1,"札幌市清田区","真栄"],"0040015":[1,"札幌市厚別区","下野幌テクノパーク"],"0040848":[1,"札幌市清田区","清田八条"],"0040861":[1,"札幌市清田区","北野一条"],"0040011":[1,"札幌市厚別区","もみじ台東"],"0040006":[1,"札幌市厚別区","厚別町小野幌"],"0040834":[1,"札幌市清田区","真栄四条"],"0040832":[1,"札幌市清田区","真栄二条"],"0040831":[1,"札幌市清田区","真栄一条"],"0040053":[1,"札幌市厚別区","厚別中央三条"],"0040002":[1,"札幌市厚別区","厚別東二条"],"0040865":[1,"札幌市清田区","北野五条"],"0040041":[1,"札幌市厚別区","大谷地東"],"0040042":[1,"札幌市厚別区","大谷地西"],"0040054":[1,"札幌市厚別区","厚別中央四条"],"0040073":[1,"札幌市厚別区","厚別北三条"],"0040069":[1,"札幌市厚別区","厚別町山本"],"0040843":[1,"札幌市清田区","清田三条"],"0040804":[1,"札幌市清田区","里塚四条"],"0040849":[1,"札幌市清田区","清田九条"],"0040039":[1,"札幌市厚別区","厚別町上野幌"],"0040835":[1,"札幌市清田区","真栄五条"],"0040833":[1,"札幌市清田区","真栄三条"],"0040062":[1,"札幌市厚別区","厚別西二条"],"0040840":[1,"札幌市清田区","清田十条"],"0040845":[1,"札幌市清田区","清田五条"],"0040879":[1,"札幌市清田区","平岡九条"],"0040055":[1,"札幌市厚別区","厚別中央五条"],"0040864":[1,"札幌市清田区","北野四条"],"0040867":[1,"札幌市清田区","北野七条"],"0040847":[1,"札幌市清田区","清田七条"],"0040072":[1,"札幌市厚別区","厚別北二条"],"0040051":[1,"札幌市厚別区","厚別中央一条"],"0040809":[1,"札幌市清田区","里塚"],"0040014":[1,"札幌市厚別区","もみじ台北"],"0040863":[1,"札幌市清田区","北野三条"],"0040068":[1,"札幌市厚別区","厚別西"],"0040061":[1,"札幌市厚別区","厚別西一条"],"0040071":[1,"札幌市厚別区","厚別北一条"],"0040812":[1,"札幌市清田区","美しが丘二条"],"0040801":[1,"札幌市清田区","里塚一条"],"0040063":[1,"札幌市厚別区","厚別西三条"],"0040074":[1,"札幌市厚別区","厚別北四条"],"0040881":[1,"札幌市清田区","平岡公園"],"0040064":[1,"札幌市厚別区","厚別西四条"],"0040013":[1,"札幌市厚別区","もみじ台西"],"0040005":[1,"札幌市厚別区","厚別東五条"],"0040033":[1,"札幌市厚別区","上野幌三条"],"0040065":[1,"札幌市厚別区","厚別西五条"],"0040836":[1,"札幌市清田区","真栄六条"],"0040001":[1,"札幌市厚別区","厚別東一条"],"0040873":[1,"札幌市清田区","平岡三条"],"0040802":[1,"札幌市清田区","里塚二条"],"0040842":[1,"札幌市清田区","清田二条"],"0040811":[1,"札幌市清田区","美しが丘一条"],"0040821":[1,"札幌市清田区","有明"],"0040012":[1,"札幌市厚別区","もみじ台南"],"0040805":[1,"札幌市清田区","里塚緑ケ丘"],"0040814":[1,"札幌市清田区","美しが丘四条"],"0040844":[1,"札幌市清田区","清田四条"],"0040889":[1,"札幌市清田区","平岡"],"0040841":[1,"札幌市清田区","清田一条"],"0040007":[1,"札幌市厚別区","厚別町下野幌"],"0040076":[1,"札幌市厚別区","厚別北六条"],"0040862":[1,"札幌市清田区","北野二条"],"0040872":[1,"札幌市清田区","平岡二条"],"0040803":[1,"札幌市清田区","里塚三条"],"0040880":[1,"札幌市清田区","平岡十条"],"0040878":[1,"札幌市清田区","平岡八条"],"0040075":[1,"札幌市厚別区","厚別北五条"],"0040021":[1,"札幌市厚別区","青葉町"],"0040032":[1,"札幌市厚別区","上野幌二条"],"0040874":[1,"札幌市清田区","平岡四条"],"0040875":[1,"札幌市清田区","平岡五条"],"0040866":[1,"札幌市清田区","北野六条"],"0040882":[1,"札幌市清田区","平岡公園東"],"0040877":[1,"札幌市清田区","平岡七条"],"0040876":[1,"札幌市清田区","平岡六条"]}
