{"3888018":[20,"長野市","篠ノ井西寺尾"],"3888002":[20,"長野市","篠ノ井東福寺"],"3888005":[20,"長野市","篠ノ井横田"],"3888016":[20,"長野市","篠ノ井有旅"],"3888013":[20,"長野市","みこと川"],"3888011":[20,"長野市","篠ノ井布施五明"],"3888014":[20,"長野市","篠ノ井塩崎"],"3888003":[20,"長野市","篠ノ井小森"],"3888015":[20,"長野市","篠ノ井石川"],"3888017":[20,"長野市","篠ノ井山布施"],"3888004":[20,"長野市","篠ノ井会"],"3888008":[20,"長野市","合戦場"],"3888012":[20,"長野市","篠ノ井二ツ柳"],"3888001":[20,"長野市","東犀南"],"3888006":[20,"長野市","篠ノ井御幣川"],"3888007":[20,"長野市","篠ノ井布施高田"],"3888020":[20,"長野市","神明"],"3888019":[20,"長野市","篠ノ井杵淵"]}
