{"3570014":[11,"飯能市","平松"],"3570127":[11,"飯能市","唐竹"],"3570062":[11,"飯能市","永田"],"3570032":[11,"飯能市","本町"],"3570126":[11,"飯能市","下赤工"],"3570206":[11,"飯能市","上長沢"],"3570043":[11,"飯能市","前ケ貫"],"3570044":[11,"飯能市","川寺"],"3570201":[11,"飯能市","北川"],"3570033":[11,"飯能市","八幡町"],"3570121":[11,"飯能市","中藤上郷"],"3570024":[11,"飯能市","緑町"],"3570047":[11,"飯能市","落合"],"3570052":[11,"飯能市","下畑"],"3570056":[11,"飯能市","上直竹上分"],"3570035":[11,"飯能市","柳町"],"3570015":[11,"飯能市","小久保"],"3570034":[11,"飯能市","東町"],"3570036":[11,"飯能市","南町"],"3570125":[11,"飯能市","上赤工"],"3570037":[11,"飯能市","稲荷町"],"3570211":[11,"飯能市","平戸"],"3570046":[11,"飯能市","阿須"],"3570124":[11,"飯能市","原市場"],"3570025":[11,"飯能市","栄町"],"3570001":[11,"飯能市","宮沢"],"3570122":[11,"飯能市","中藤中郷"],"3570045":[11,"飯能市","笠縫"],"3570031":[11,"飯能市","山手町"],"3570000":[11,"飯能市",""],"3570212":[11,"飯能市","井上"],"3570215":[11,"飯能市","坂石"],"3570067":[11,"飯能市","小瀬戸"],"3570218":[11,"飯能市","坂元"],"3570051":[11,"飯能市","苅生"],"3570023":[11,"飯能市","岩沢"],"3570049":[11,"飯能市","征矢町"],"3570021":[11,"飯能市","双柳"],"3570128":[11,"飯能市","赤沢"],"3570065":[11,"飯能市","大河原"],"3570123":[11,"飯能市","中藤下郷"],"3570217":[11,"飯能市","南川"],"3570061":[11,"飯能市","永田台"],"3570006":[11,"飯能市","中山"],"3570012":[11,"飯能市","下川崎"],"3570002":[11,"飯能市","中居"],"3570013":[11,"飯能市","芦苅場"],"3570112":[11,"飯能市","下名栗"],"3570055":[11,"飯能市","上直竹下分"],"3570048":[11,"飯能市","岩渕"],"3570213":[11,"飯能市","坂石町分"],"3570064":[11,"飯能市","久下"],"3570214":[11,"飯能市","南"],"3570054":[11,"飯能市","下直竹"],"3570063":[11,"飯能市","飯能"],"3570038":[11,"飯能市","仲町"],"3570204":[11,"飯能市","虎秀"],"3570066":[11,"飯能市","小岩井"],"3570011":[11,"飯能市","川崎"],"3570005":[11,"飯能市","原町"],"3570022":[11,"飯能市","新光"],"3570216":[11,"飯能市","吾野"],"3570202":[11,"飯能市","高山"],"3570068":[11,"飯能市","久須美"],"3570203":[11,"飯能市","長沢"],"3570053":[11,"飯能市","上畑"],"3570042":[11,"飯能市","矢颪"],"3570111":[11,"飯能市","上名栗"],"3570003":[11,"飯能市","青木"],"3570205":[11,"飯能市","白子"],"3570004":[11,"飯能市","新町"],"3570016":[11,"飯能市","下加治"],"3570041":[11,"飯能市","美杉台"]}
