{"3450021":[11,"北葛飾郡杉戸町","北蓮沼"],"3450036":[11,"北葛飾郡杉戸町","杉戸"],"3450833":[11,"南埼玉郡宮代町","西粂原"],"3450824":[11,"南埼玉郡宮代町","山崎"],"3450024":[11,"北葛飾郡杉戸町","堤根"],"3450826":[11,"南埼玉郡宮代町","学園台"],"3450823":[11,"南埼玉郡宮代町","宮代"],"3450034":[11,"北葛飾郡杉戸町","倉松"],"3450011":[11,"北葛飾郡杉戸町","屏風"],"3450035":[11,"北葛飾郡杉戸町","内田"],"3450817":[11,"南埼玉郡宮代町","西原"],"3450022":[11,"北葛飾郡杉戸町","大塚"],"3450013":[11,"北葛飾郡杉戸町","椿"],"3450005":[11,"北葛飾郡杉戸町","目沼"],"3450025":[11,"北葛飾郡杉戸町","清地"],"3450044":[11,"北葛飾郡杉戸町","下野"],"3450812":[11,"南埼玉郡宮代町","姫宮"],"3450012":[11,"北葛飾郡杉戸町","深輪"],"3450002":[11,"北葛飾郡杉戸町","鷲巣"],"3450031":[11,"北葛飾郡杉戸町","遠野"],"3450033":[11,"北葛飾郡杉戸町","佐左エ門"],"3450802":[11,"南埼玉郡宮代町","中島"],"3450816":[11,"南埼玉郡宮代町","金原"],"3450032":[11,"北葛飾郡杉戸町","広戸沼"],"3450003":[11,"北葛飾郡杉戸町","木野川"],"3450815":[11,"南埼玉郡宮代町","中"],"3450832":[11,"南埼玉郡宮代町","東粂原"],"3450004":[11,"北葛飾郡杉戸町","宮前"],"3450001":[11,"北葛飾郡杉戸町","木津内"],"3450023":[11,"北葛飾郡杉戸町","本郷"],"3450037":[11,"北葛飾郡杉戸町","本島"],"3450827":[11,"南埼玉郡宮代町","本田"],"3450804":[11,"南埼玉郡宮代町","川端"],"3450046":[11,"北葛飾郡杉戸町","高野台南"],"3450814":[11,"南埼玉郡宮代町","東"],"3450015":[11,"北葛飾郡杉戸町","並塚"],"3450836":[11,"南埼玉郡宮代町","和戸"],"3450803":[11,"南埼玉郡宮代町","宮東"],"3450045":[11,"北葛飾郡杉戸町","高野台西"],"3450042":[11,"北葛飾郡杉戸町","大島"],"3450811":[11,"南埼玉郡宮代町","道佛"],"3450000":[11,"南埼玉郡宮代町",""],"3450801":[11,"南埼玉郡宮代町","百間"],"3450835":[11,"南埼玉郡宮代町","宮代台"],"3450014":[11,"北葛飾郡杉戸町","才羽"],"3450813":[11,"南埼玉郡宮代町","東姫宮"],"3450821":[11,"南埼玉郡宮代町","中央"],"3450043":[11,"北葛飾郡杉戸町","下高野"],"3450047":[11,"北葛飾郡杉戸町","高野台東"],"3450041":[11,"北葛飾郡杉戸町","茨島"],"3450822":[11,"南埼玉郡宮代町","笠原"],"3450834":[11,"南埼玉郡宮代町","国納"],"3450825":[11,"南埼玉郡宮代町","逆井"],"3450831":[11,"南埼玉郡宮代町","須賀"]}
