{"0493511":[1,"山越郡長万部町","大浜"],"0490622":[1,"檜山郡上ノ国町","北村"],"0495332":[1,"虻田郡豊浦町","大岸"],"0495811":[1,"虻田郡洞爺湖町","岩屋"],"0491106":[1,"上磯郡知内町","元町"],"0495722":[1,"虻田郡洞爺湖町","清水"],"0494336":[1,"瀬棚郡今金町","鈴金"],"0494155":[1,"瀬棚郡今金町","奥沢"],"0495813":[1,"虻田郡洞爺湖町","財田"],"0494331":[1,"瀬棚郡今金町","田代"],"0491100":[1,"上磯郡知内町",""],"0494811":[1,"久遠郡せたな町","瀬棚区本町"],"0490742":[1,"檜山郡上ノ国町","館野"],"0493121":[1,"二海郡八雲町","上八雲"],"0494825":[1,"久遠郡せたな町","瀬棚区西大里"],"0490627":[1,"檜山郡上ノ国町","小森"],"0490608":[1,"檜山郡上ノ国町","汐吹"],"0495801":[1,"虻田郡洞爺湖町","旭浦"],"0495602":[1,"虻田郡洞爺湖町","泉"],"0492307":[1,"茅部郡森町","白川"],"0493512":[1,"山越郡長万部町","中の沢"],"0495615":[1,"虻田郡洞爺湖町","本町"],"0493128":[1,"二海郡八雲町","鉛川"],"0490431":[1,"上磯郡木古内町","木古内"],"0491503":[1,"松前郡松前町","大磯"],"0490451":[1,"上磯郡木古内町","新道"],"0491312":[1,"松前郡福島町","上町"],"0491325":[1,"松前郡福島町","岩部"],"0495403":[1,"虻田郡豊浦町","美和"],"0491517":[1,"松前郡松前町","朝日"],"0494515":[1,"久遠郡せたな町","北檜山区兜野"],"0493101":[1,"二海郡八雲町","元町"],"0493516":[1,"山越郡長万部町","栄原"],"0493117":[1,"二海郡八雲町","栄町"],"0490156":[1,"北斗市","中野通"],"0494822":[1,"久遠郡せたな町","瀬棚区元浦"],"0494518":[1,"久遠郡せたな町","北檜山区新成"],"0493127":[1,"二海郡八雲町","春日"],"0490625":[1,"檜山郡上ノ国町","豊田"],"0493521":[1,"山越郡長万部町","曙町"],"0490600":[1,"檜山郡上ノ国町",""],"0493461":[1,"山越郡長万部町","花岡"],"0493104":[1,"二海郡八雲町","内浦町"],"0490281":[1,"北斗市","茂辺地"],"0494321":[1,"瀬棚郡今金町","鈴岡"],"0491453":[1,"松前郡福島町","美山"],"0495611":[1,"虻田郡洞爺湖町","旭町"],"0494815":[1,"久遠郡せたな町","瀬棚区本町"],"0494306":[1,"瀬棚郡今金町","高美町"],"0490402":[1,"上磯郡木古内町","御宮野"],"0494315":[1,"瀬棚郡今金町","末広町"],"0493519":[1,"山越郡長万部町","旭浜"],"0490133":[1,"北斗市","柳沢"],"0495605":[1,"虻田郡洞爺湖町","高砂町"],"0490744":[1,"檜山郡上ノ国町","早川"],"0492323":[1,"茅部郡森町","鳥崎町"],"0492462":[1,"茅部郡森町","濁川"],"0492301":[1,"茅部郡森町","尾白内町"],"0494514":[1,"久遠郡せたな町","北檜山区豊岡"],"0491644":[1,"松前郡松前町","静浦"],"0495416":[1,"虻田郡豊浦町","船見町"],"0490562":[1,"檜山郡上ノ国町","湯ノ岱"],"0492327":[1,"茅部郡森町","清澄町"],"0491524":[1,"松前郡松前町","白神"],"0495405":[1,"虻田郡豊浦町","高岡"],"0494511":[1,"久遠郡せたな町","北檜山区松岡"],"0493124":[1,"二海郡八雲町","浜松"],"0494826":[1,"久遠郡せたな町","瀬棚区東大里"],"0493118":[1,"二海郡八雲町","緑町"],"0491783":[1,"松前郡松前町","清部"],"0490136":[1,"北斗市","峨朗"],"0491763":[1,"松前郡松前町","白坂"],"0492465":[1,"茅部郡森町","蛯谷町"],"0494151":[1,"瀬棚郡今金町","美利河"],"0494303":[1,"瀬棚郡今金町","曙町"],"0495408":[1,"虻田郡豊浦町","新富"],"0491103":[1,"上磯郡知内町","重内"],"0494432":[1,"久遠郡せたな町","北檜山区東丹羽"],"0492302":[1,"茅部郡森町","港町"],"0494517":[1,"久遠郡せたな町","北檜山区太櫓"],"0491452":[1,"松前郡福島町","豊浜"],"0492303":[1,"茅部郡森町","東森町"],"0490408":[1,"上磯郡木古内町","幸連"],"0495821":[1,"虻田郡洞爺湖町","大原"],"0490563":[1,"檜山郡上ノ国町","宮越"],"0493107":[1,"二海郡八雲町","本町"],"0491456":[1,"松前郡福島町","松浦"],"0495802":[1,"虻田郡洞爺湖町","洞爺町"],"0495141":[1,"山越郡長万部町","静狩"],"0491782":[1,"松前郡松前町","高野"],"0494327":[1,"瀬棚郡今金町","神丘"],"0490131":[1,"北斗市","富川"],"0490406":[1,"上磯郡木古内町","二乃岱"],"0491324":[1,"松前郡福島町","日の出"],"0492305":[1,"茅部郡森町","常盤町"],"0495724":[1,"虻田郡洞爺湖町","花和"],"0491762":[1,"松前郡松前町","原口"],"0490613":[1,"檜山郡上ノ国町","向浜"],"0491504":[1,"松前郡松前町","愛宕"],"0491311":[1,"松前郡福島町","桧倉"],"0495407":[1,"虻田郡豊浦町","上泉"],"0492308":[1,"茅部郡森町","栄町"],"0493463":[1,"山越郡長万部町","豊野"],"0490284":[1,"北斗市","湯ノ沢"],"0491641":[1,"松前郡松前町","館浜"],"0490612":[1,"檜山郡上ノ国町","上ノ国"],"0490452":[1,"上磯郡木古内町","建川"],"0494307":[1,"瀬棚郡今金町","八幡町"],"0491107":[1,"上磯郡知内町","上雷"],"0492673":[1,"二海郡八雲町","東野"],"0492325":[1,"茅部郡森町","本町"],"0490157":[1,"北斗市","清川"],"0492141":[1,"茅部郡森町","駒ケ岳"],"0491645":[1,"松前郡松前町","茂草"],"0494802":[1,"久遠郡せたな町","瀬棚区本町"],"0490623":[1,"檜山郡上ノ国町","新村"],"0495831":[1,"虻田郡洞爺湖町","香川"],"0492311":[1,"茅部郡森町","上台町"],"0495723":[1,"虻田郡洞爺湖町","月浦"],"0490111":[1,"北斗市","七重浜"],"0494156":[1,"瀬棚郡今金町","住吉"],"0495333":[1,"虻田郡豊浦町","礼文華"],"0491455":[1,"松前郡福島町","吉野"],"0495603":[1,"虻田郡洞爺湖町","入江"],"0495814":[1,"虻田郡洞爺湖町","早月"],"0494827":[1,"久遠郡せたな町","瀬棚区共和"],"0491513":[1,"松前郡松前町","神明"],"0492223":[1,"茅部郡森町","砂原東"],"0494335":[1,"瀬棚郡今金町","金原"],"0491221":[1,"上磯郡知内町","湯ノ里"],"0493342":[1,"二海郡八雲町","山崎"],"0494312":[1,"瀬棚郡今金町","旭町"],"0494313":[1,"瀬棚郡今金町","本町"],"0490285":[1,"北斗市","茂辺地市ノ渡"],"0490141":[1,"北斗市","谷好"],"0492562":[1,"二海郡八雲町","落部"],"0490134":[1,"北斗市","三好"],"0492463":[1,"茅部郡森町","石倉町"],"0491332":[1,"松前郡福島町","千軒"],"0492566":[1,"二海郡八雲町","上の湯"],"0493123":[1,"二海郡八雲町","立岩"],"0490100":[1,"北斗市",""],"0493515":[1,"山越郡長万部町","栗岡"],"0490605":[1,"檜山郡上ノ国町","小安在"],"0491451":[1,"松前郡福島町","宮歌"],"0490455":[1,"上磯郡木古内町","鶴岡"],"0494334":[1,"瀬棚郡今金町","八束"],"0494318":[1,"瀬棚郡今金町","大和町"],"0491500":[1,"松前郡松前町",""],"0491507":[1,"松前郡松前町","西館"],"0493464":[1,"山越郡長万部町","豊津"],"0490142":[1,"北斗市","昭和"],"0494324":[1,"瀬棚郡今金町","種川"],"0494300":[1,"瀬棚郡今金町",""],"0495404":[1,"虻田郡豊浦町","桜"],"0490171":[1,"北斗市","常盤"],"0493502":[1,"山越郡長万部町","知来"],"0494755":[1,"久遠郡せたな町","北檜山区富里"],"0490743":[1,"檜山郡上ノ国町","小砂子"],"0495612":[1,"虻田郡洞爺湖町","大磯町"],"0492565":[1,"二海郡八雲町","下の湯"],"0490601":[1,"檜山郡上ノ国町","勝山"],"0493102":[1,"二海郡八雲町","東町"],"0492324":[1,"茅部郡森町","栗ケ丘"],"0494753":[1,"久遠郡せたな町","北檜山区小川"],"0490405":[1,"上磯郡木古内町","泉沢"],"0490154":[1,"北斗市","添山"],"0490626":[1,"檜山郡上ノ国町","桂岡"],"0494154":[1,"瀬棚郡今金町","中里"],"0492321":[1,"茅部郡森町","鷲ノ木町"],"0495413":[1,"虻田郡豊浦町","海岸町"],"0494754":[1,"久遠郡せたな町","北檜山区二俣"],"0493514":[1,"山越郡長万部町","富野"],"0490624":[1,"檜山郡上ノ国町","中須田"],"0491501":[1,"松前郡松前町","建石"],"0495401":[1,"虻田郡豊浦町","山梨"],"0494500":[1,"久遠郡せたな町",""],"0491761":[1,"松前郡松前町","神山"],"0492312":[1,"茅部郡森町","霞台"],"0494814":[1,"久遠郡せたな町","瀬棚区本町"],"0492671":[1,"二海郡八雲町","山越"],"0490564":[1,"檜山郡上ノ国町","早瀬"],"0494323":[1,"瀬棚郡今金町","光台"],"0495406":[1,"虻田郡豊浦町","新山梨"],"0494513":[1,"久遠郡せたな町","北檜山区愛知"],"0492306":[1,"茅部郡森町","姫川"],"0493122":[1,"二海郡八雲町","花浦"],"0490152":[1,"北斗市","押上"],"0491523":[1,"松前郡松前町","荒谷"],"0490161":[1,"北斗市","飯生"],"0493462":[1,"山越郡長万部町","国縫"],"0494801":[1,"久遠郡せたな町","瀬棚区本町"],"0491300":[1,"松前郡福島町",""],"0491771":[1,"松前郡松前町","江良"],"0494153":[1,"瀬棚郡今金町","花石"],"0495412":[1,"虻田郡豊浦町","旭町"],"0495400":[1,"虻田郡豊浦町",""],"0494434":[1,"久遠郡せたな町","北檜山区西丹羽"],"0491522":[1,"松前郡松前町","大沢"],"0493126":[1,"二海郡八雲町","大新"],"0491331":[1,"松前郡福島町","新栄町"],"0492142":[1,"茅部郡森町","赤井川"],"0492563":[1,"二海郡八雲町","栄浜"],"0490286":[1,"北斗市","矢不来"],"0494314":[1,"瀬棚郡今金町","昭和町"],"0490411":[1,"上磯郡木古内町","札苅"],"0494311":[1,"瀬棚郡今金町","栄町"],"0495600":[1,"虻田郡洞爺湖町",""],"0490283":[1,"北斗市","三ツ石"],"0493103":[1,"二海郡八雲町","豊河町"],"0495822":[1,"虻田郡洞爺湖町","富丘"],"0490441":[1,"上磯郡木古内町","中野"],"0495613":[1,"虻田郡洞爺湖町","清水"],"0491781":[1,"松前郡松前町","大津"],"0490611":[1,"檜山郡上ノ国町","大留"],"0491514":[1,"松前郡松前町","豊岡"],"0494304":[1,"瀬棚郡今金町","寒昇"],"0490143":[1,"北斗市","公園通"],"0490404":[1,"上磯郡木古内町","亀川"],"0495833":[1,"虻田郡洞爺湖町","伏見"],"0494501":[1,"久遠郡せたな町","北檜山区北檜山"],"0493501":[1,"山越郡長万部町","大峰"],"0493500":[1,"山越郡長万部町",""],"0491323":[1,"松前郡福島町","浦和"],"0490151":[1,"北斗市","桜岱"],"0494326":[1,"瀬棚郡今金町","商工団地"],"0491505":[1,"松前郡松前町","博多"],"0490412":[1,"上磯郡木古内町","大平"],"0494828":[1,"久遠郡せたな町","瀬棚区南川"],"0494752":[1,"久遠郡せたな町","北檜山区若松"],"0491101":[1,"上磯郡知内町","中ノ川"],"0494333":[1,"瀬棚郡今金町","日進"],"0492322":[1,"茅部郡森町","富士見町"],"0494433":[1,"久遠郡せたな町","北檜山区丹羽"],"0494317":[1,"瀬棚郡今金町","緑町"],"0491104":[1,"上磯郡知内町","涌元"],"0490422":[1,"上磯郡木古内町","本町"],"0493114":[1,"二海郡八雲町","三杉町"],"0492464":[1,"茅部郡森町","本茅部町"],"0493106":[1,"二海郡八雲町","富士見町"],"0490606":[1,"檜山郡上ノ国町","木ノ子"],"0494823":[1,"久遠郡せたな町","瀬棚区島歌"],"0490421":[1,"上磯郡木古内町","前浜"],"0494805":[1,"久遠郡せたな町","瀬棚区本町"],"0490401":[1,"上磯郡木古内町","大釜谷"],"0495616":[1,"虻田郡洞爺湖町","三豊"],"0490158":[1,"北斗市","野崎"],"0495721":[1,"虻田郡洞爺湖町","洞爺湖温泉"],"0492674":[1,"二海郡八雲町","わらび野"],"0494821":[1,"久遠郡せたな町","瀬棚区三本杉"],"0490155":[1,"北斗市","中野"],"0495414":[1,"虻田郡豊浦町","幸町"],"0493113":[1,"二海郡八雲町","相生町"],"0491515":[1,"松前郡松前町","月島"],"0494301":[1,"瀬棚郡今金町","東町"],"0491643":[1,"松前郡松前町","赤神"],"0490101":[1,"北斗市","追分"],"0491302":[1,"松前郡福島町","日向"],"0490602":[1,"檜山郡上ノ国町","原歌"],"0493341":[1,"二海郡八雲町","黒岩"],"0491511":[1,"松前郡松前町","松城"],"0490282":[1,"北斗市","当別"],"0494332":[1,"瀬棚郡今金町","白石"],"0490741":[1,"檜山郡上ノ国町","石崎"],"0494152":[1,"瀬棚郡今金町","宮島"],"0491301":[1,"松前郡福島町","白符"],"0492564":[1,"二海郡八雲町","入沢"],"0494431":[1,"久遠郡せたな町","北檜山区小倉山"],"0491764":[1,"松前郡松前町","二越"],"0492461":[1,"茅部郡森町","三岱"],"0493503":[1,"山越郡長万部町","蕨岱"],"0492222":[1,"茅部郡森町","砂原"],"0495601":[1,"虻田郡洞爺湖町","青葉町"],"0490403":[1,"上磯郡木古内町","釜谷"],"0490135":[1,"北斗市","水無"],"0490153":[1,"北斗市","大工川"],"0493111":[1,"二海郡八雲町","住初町"],"0491502":[1,"松前郡松前町","弁天"],"0490122":[1,"北斗市","東浜"],"0493465":[1,"山越郡長万部町","茶屋川"],"0495614":[1,"虻田郡洞爺湖町","浜町"],"0495331":[1,"虻田郡豊浦町","豊泉"],"0492561":[1,"二海郡八雲町","旭丘"],"0491321":[1,"松前郡福島町","月崎"],"0494516":[1,"久遠郡せたな町","北檜山区共和"],"0495604":[1,"虻田郡洞爺湖町","栄町"],"0493125":[1,"二海郡八雲町","熱田"],"0490132":[1,"北斗市","館野"],"0491105":[1,"上磯郡知内町","小谷石"],"0491102":[1,"上磯郡知内町","森越"],"0494305":[1,"瀬棚郡今金町","南栄町"],"0494325":[1,"瀬棚郡今金町","稲穂"],"0491506":[1,"松前郡松前町","唐津"],"0494803":[1,"久遠郡せたな町","瀬棚区本町"],"0493504":[1,"山越郡長万部町","美畑"],"0490604":[1,"檜山郡上ノ国町","大安在"],"0494812":[1,"久遠郡せたな町","瀬棚区本町"],"0495411":[1,"虻田郡豊浦町","東雲町"],"0495402":[1,"虻田郡豊浦町","大和"],"0493116":[1,"二海郡八雲町","宮園町"],"0493517":[1,"山越郡長万部町","共立"],"0493100":[1,"二海郡八雲町",""],"0490454":[1,"上磯郡木古内町","瓜谷"],"0491521":[1,"松前郡松前町","上川"],"0494302":[1,"瀬棚郡今金町","日の出町"],"0494824":[1,"久遠郡せたな町","瀬棚区北島歌"],"0494816":[1,"久遠郡せたな町","瀬棚区本町"],"0491454":[1,"松前郡福島町","館崎"],"0494804":[1,"久遠郡せたな町","瀬棚区本町"],"0492300":[1,"茅部郡森町",""],"0490561":[1,"檜山郡上ノ国町","神明"],"0493513":[1,"山越郡長万部町","平里"],"0491322":[1,"松前郡福島町","塩釜"],"0493115":[1,"二海郡八雲町","出雲町"],"0490407":[1,"上磯郡木古内町","橋呉"],"0495832":[1,"虻田郡洞爺湖町","成香"],"0490621":[1,"檜山郡上ノ国町","内郷"],"0495812":[1,"虻田郡洞爺湖町","川東"],"0495731":[1,"有珠郡壮瞥町","洞爺湖温泉"],"0494157":[1,"瀬棚郡今金町","上種川"],"0490603":[1,"檜山郡上ノ国町","大崎"],"0490121":[1,"北斗市","久根別"],"0490162":[1,"北斗市","中央"],"0492672":[1,"二海郡八雲町","野田生"],"0491516":[1,"松前郡松前町","東山"],"0492675":[1,"二海郡八雲町","桜野"],"0493105":[1,"二海郡八雲町","東雲町"],"0495415":[1,"虻田郡豊浦町","浜町"],"0493112":[1,"二海郡八雲町","末広町"],"0492313":[1,"茅部郡森町","森川町"],"0492326":[1,"茅部郡森町","御幸町"],"0491512":[1,"松前郡松前町","福山"],"0490400":[1,"上磯郡木古内町",""],"0492221":[1,"茅部郡森町","砂原西"],"0494512":[1,"久遠郡せたな町","北檜山区徳島"],"0490453":[1,"上磯郡木古内町","大川"],"0494337":[1,"瀬棚郡今金町","豊田"],"0493518":[1,"山越郡長万部町","静狩"],"0491642":[1,"松前郡松前町","札前"],"0491784":[1,"松前郡松前町","小浜"],"0494316":[1,"瀬棚郡今金町","南町"],"0492304":[1,"茅部郡森町","新川町"],"0494322":[1,"瀬棚郡今金町","御影"],"0494813":[1,"久遠郡せたな町","瀬棚区本町"],"0494308":[1,"瀬棚郡今金町","今金"],"0490607":[1,"檜山郡上ノ国町","扇石"],"0494751":[1,"久遠郡せたな町","北檜山区栄"]}
