{"4980051":[23,"弥富市","狐地"],"4980052":[23,"弥富市","稲荷"],"4980021":[23,"弥富市","鯏浦町"],"4980046":[23,"弥富市","三好"],"4980808":[24,"桑名郡木曽岬町","近江島"],"4980005":[23,"弥富市","楽平"],"4980037":[23,"弥富市","川原欠"],"4980045":[23,"弥富市","稲元"],"4980035":[23,"弥富市","鎌島"],"4980805":[24,"桑名郡木曽岬町","小林"],"4980032":[23,"弥富市","平島中"],"4980812":[24,"桑名郡木曽岬町","中和泉"],"4980058":[23,"弥富市","富島"],"4980811":[24,"桑名郡木曽岬町","栄"],"4980816":[24,"桑名郡木曽岬町","源緑輪中"],"4980027":[23,"弥富市","鯏浦町"],"4980047":[23,"弥富市","加稲"],"4980807":[24,"桑名郡木曽岬町","西対海地"],"4980801":[24,"桑名郡木曽岬町","加路戸"],"4980057":[23,"弥富市","中原"],"4980034":[23,"弥富市","平島東"],"4980012":[23,"弥富市","五之三町"],"4980026":[23,"弥富市","鯏浦町"],"4980006":[23,"弥富市","佐古木"],"4980818":[24,"桑名郡木曽岬町","雁ケ地"],"4980011":[23,"弥富市","荷之上町"],"4980814":[24,"桑名郡木曽岬町","三崎"],"4980038":[23,"弥富市","中山町"],"4980016":[23,"弥富市","小島町"],"4980018":[23,"弥富市","五之三川平"],"4980044":[23,"弥富市","間崎"],"4980065":[23,"弥富市","駒野町"],"4980066":[23,"弥富市","楠"],"4980043":[23,"弥富市","寛延"],"4980014":[23,"弥富市","五明"],"4980817":[24,"桑名郡木曽岬町","松永"],"4980007":[23,"弥富市","鎌倉町"],"4980042":[23,"弥富市","松名"],"4980023":[23,"弥富市","鯏浦町"],"4980028":[23,"弥富市","鯏浦町"],"4980056":[23,"弥富市","稲荷崎"],"4980822":[24,"桑名郡木曽岬町","見入流作"],"4980062":[23,"弥富市","大谷"],"4980036":[23,"弥富市","森津"],"4980069":[23,"弥富市","富浜"],"4980064":[23,"弥富市","西末広"],"4980067":[23,"弥富市","上野町"],"4980022":[23,"弥富市","鯏浦町"],"4980041":[23,"弥富市","芝井"],"4980068":[23,"弥富市","鍋田町"],"4980013":[23,"弥富市","川平"],"4980001":[23,"弥富市","西中地町"],"4980803":[24,"桑名郡木曽岬町","和泉"],"4980000":[23,"弥富市",""],"4980063":[23,"弥富市","東末広"],"4980821":[24,"桑名郡木曽岬町","新加路戸"],"4980015":[23,"弥富市","海老江"],"4980055":[23,"弥富市","境町"],"4980061":[23,"弥富市","操出"],"4980819":[24,"桑名郡木曽岬町","田代"],"4980003":[23,"弥富市","前ケ平"],"4980024":[23,"弥富市","鯏浦町"],"4980031":[23,"弥富市","平島町"],"4980823":[24,"桑名郡木曽岬町","和富"],"4980804":[24,"桑名郡木曽岬町","小和泉"],"4980004":[23,"弥富市","又八"],"4980048":[23,"弥富市","稲吉"],"4980813":[24,"桑名郡木曽岬町","富田子"],"4980025":[23,"弥富市","平島町"],"4980053":[23,"弥富市","稲狐町"],"4980815":[24,"桑名郡木曽岬町","白鷺"],"4980802":[24,"桑名郡木曽岬町","見入"],"4980806":[24,"桑名郡木曽岬町","外平喜"],"4980033":[23,"弥富市","平島西"],"4980002":[23,"弥富市","東中地"],"4980017":[23,"弥富市","前ケ須町"],"4980054":[23,"弥富市","三稲"]}
