{"5160002":[24,"伊勢市","馬瀬町"],"5160078":[24,"伊勢市","曽祢"],"5161105":[24,"伊勢市","矢持町"],"5160012":[24,"伊勢市","通町"],"5161238":[24,"度会郡度会町","中之郷"],"5160103":[24,"度会郡南伊勢町","泉"],"5160804":[24,"伊勢市","御薗町長屋"],"5160008":[24,"伊勢市","船江"],"5161535":[24,"度会郡南伊勢町","棚橋竈"],"5160036":[24,"伊勢市","岡本"],"5160114":[24,"度会郡南伊勢町","始神"],"5160046":[24,"伊勢市","辻久留町"],"5160118":[24,"度会郡南伊勢町","相賀浦"],"5160062":[24,"伊勢市","浦口"],"5161242":[24,"度会郡度会町","市場"],"5160064":[24,"伊勢市","二俣"],"5162117":[24,"度会郡度会町","麻加江"],"5160041":[24,"伊勢市","常磐"],"5160805":[24,"伊勢市","御薗町高向"],"5161106":[24,"伊勢市","横輪町"],"5160105":[24,"度会郡南伊勢町","下津浦"],"5162104":[24,"度会郡度会町","牧戸"],"5161306":[24,"度会郡南伊勢町","慥柄浦"],"5160061":[24,"伊勢市","宮川"],"5160802":[24,"伊勢市","御薗町新開"],"5162105":[24,"度会郡度会町","平生"],"5160102":[24,"度会郡南伊勢町","切原"],"5160038":[24,"伊勢市","岩渕町"],"5160108":[24,"度会郡南伊勢町","中津浜浦"],"5160072":[24,"伊勢市","宮後"],"5160074":[24,"伊勢市","本町"],"5160027":[24,"伊勢市","桜木町"],"5160052":[24,"伊勢市","川端町"],"5162114":[24,"度会郡度会町","当津"],"5162107":[24,"度会郡度会町","立岡"],"5161531":[24,"度会郡南伊勢町","方座浦"],"5160044":[24,"伊勢市","前山町"],"5161236":[24,"度会郡度会町","小川"],"5160031":[24,"伊勢市","尾上町"],"5160032":[24,"伊勢市","倭町"],"5160106":[24,"度会郡南伊勢町","木谷"],"5161421":[24,"度会郡南伊勢町","河内"],"5161234":[24,"度会郡度会町","火打石"],"5161301":[24,"度会郡南伊勢町","道方"],"5160015":[24,"伊勢市","久世戸町"],"5161303":[24,"度会郡南伊勢町","道行竈"],"5160051":[24,"伊勢市","上地町"],"5160023":[24,"伊勢市","宇治館町"],"5162101":[24,"度会郡度会町","葛原"],"5160000":[24,"伊勢市",""],"5161108":[24,"伊勢市","円座町"],"5162106":[24,"度会郡度会町","大久保"],"5160017":[24,"伊勢市","神久"],"5160047":[24,"伊勢市","常磐町"],"5161103":[24,"伊勢市","津村町"],"5161536":[24,"度会郡南伊勢町","新桑竈"],"5160003":[24,"伊勢市","下野町"],"5160112":[24,"度会郡南伊勢町","伊勢路"],"5160117":[24,"度会郡南伊勢町","礫浦"],"5160115":[24,"度会郡南伊勢町","押渕"],"5161532":[24,"度会郡南伊勢町","小方竈"],"5161231":[24,"度会郡度会町","川口"],"5162103":[24,"度会郡度会町","棚橋"],"5161233":[24,"度会郡度会町","日向"],"5160077":[24,"伊勢市","宮町"],"5160007":[24,"伊勢市","小木町"],"5162100":[24,"度会郡度会町",""],"5161243":[24,"度会郡度会町","和井野"],"5162119":[24,"度会郡度会町","注連指"],"5161309":[24,"度会郡南伊勢町","東宮"],"5160035":[24,"伊勢市","勢田町"],"5161246":[24,"度会郡度会町","脇出"],"5160018":[24,"伊勢市","黒瀬町"],"5160037":[24,"伊勢市","岩渕"],"5160045":[24,"伊勢市","旭町"],"5161245":[24,"度会郡度会町","川上"],"5162113":[24,"度会郡度会町","田間"],"5160025":[24,"伊勢市","宇治中之切町"],"5161534":[24,"度会郡南伊勢町","古和浦"],"5160033":[24,"伊勢市","古市町"],"5162111":[24,"度会郡度会町","下久具"],"5160013":[24,"伊勢市","鹿海町"],"5161307":[24,"度会郡南伊勢町","贄浦"],"5160006":[24,"伊勢市","田尻町"],"5161104":[24,"伊勢市","上野町"],"5160011":[24,"伊勢市","一色町"],"5160063":[24,"伊勢市","浦口町"],"5161305":[24,"度会郡南伊勢町","阿曽浦"],"5160076":[24,"伊勢市","八日市場町"],"5162118":[24,"度会郡度会町","田口"],"5160005":[24,"伊勢市","竹ケ鼻町"],"5160067":[24,"伊勢市","中島"],"5160073":[24,"伊勢市","吹上"],"5160079":[24,"伊勢市","大世古"],"5161237":[24,"度会郡度会町","五ケ町"],"5160111":[24,"度会郡南伊勢町","内瀬"],"5161107":[24,"伊勢市","神薗町"],"5161423":[24,"度会郡南伊勢町","村山"],"5160222":[24,"度会郡南伊勢町","田曽浦"],"5160042":[24,"伊勢市","豊川町"],"5160053":[24,"伊勢市","中須町"],"5160803":[24,"伊勢市","御薗町王中島"],"5161247":[24,"度会郡度会町","小萩"],"5160104":[24,"度会郡南伊勢町","神津佐"],"5160065":[24,"伊勢市","二俣町"],"5161302":[24,"度会郡南伊勢町","大江"],"5160009":[24,"伊勢市","河崎"],"5160075":[24,"伊勢市","一志町"],"5161235":[24,"度会郡度会町","駒ケ野"],"5160101":[24,"度会郡南伊勢町","五ケ所浦"],"5162108":[24,"度会郡度会町","鮠川"],"5162116":[24,"度会郡度会町","坂井"],"5160109":[24,"度会郡南伊勢町","船越"],"5162112":[24,"度会郡度会町","上久具"],"5160100":[24,"度会郡南伊勢町",""],"5160107":[24,"度会郡南伊勢町","飯満"],"5160043":[24,"伊勢市","藤里町"],"5161101":[24,"伊勢市","大倉町"],"5160026":[24,"伊勢市","宇治浦田"],"5160071":[24,"伊勢市","一之木"],"5160028":[24,"伊勢市","中村町"],"5160014":[24,"伊勢市","楠部町"],"5161304":[24,"度会郡南伊勢町","大方竈"],"5161102":[24,"伊勢市","佐八町"],"5160016":[24,"伊勢市","神田久志本町"],"5161422":[24,"度会郡南伊勢町","神前浦"],"5161533":[24,"度会郡南伊勢町","栃木竈"],"5161232":[24,"度会郡度会町","栗原"],"5160024":[24,"伊勢市","宇治今在家町"],"5162102":[24,"度会郡度会町","大野木"],"5160801":[24,"伊勢市","御薗町小林"],"5160221":[24,"度会郡南伊勢町","宿浦"],"5161244":[24,"度会郡度会町","南中村"],"5161308":[24,"度会郡南伊勢町","奈屋浦"],"5160001":[24,"伊勢市","大湊町"],"5160004":[24,"伊勢市","神社港"],"5160066":[24,"伊勢市","辻久留"],"5160021":[24,"伊勢市","朝熊町"],"5160116":[24,"度会郡南伊勢町","迫間浦"],"5161241":[24,"度会郡度会町","柳"],"5160034":[24,"伊勢市","中之町"],"5160022":[24,"伊勢市","一宇田町"],"5160054":[24,"伊勢市","粟野町"],"5160806":[24,"伊勢市","御薗町上條"],"5160113":[24,"度会郡南伊勢町","斎田"],"5162115":[24,"度会郡度会町","長原"]}
