{"2540000":[14,"平塚市",""],"2540063":[14,"平塚市","諏訪町"],"2540912":[14,"平塚市","高根"],"2540806":[14,"平塚市","夕陽ケ丘"],"2540035":[14,"平塚市","宮の前"],"2540077":[14,"平塚市","東中原"],"2540074":[14,"平塚市","大原"],"2540033":[14,"平塚市","老松町"],"2540018":[14,"平塚市","東真土"],"2540052":[14,"平塚市","平塚"],"2540902":[14,"平塚市","徳延"],"2540044":[14,"平塚市","錦町"],"2540803":[14,"平塚市","千石河岸"],"2540015":[14,"平塚市","八幡"],"2540032":[14,"平塚市","八千代町"],"2540014":[14,"平塚市","四之宮"],"2540016":[14,"平塚市","東八幡"],"2540815":[14,"平塚市","桃浜町"],"2540064":[14,"平塚市","達上ケ丘"],"2540073":[14,"平塚市","西八幡"],"2540055":[14,"平塚市","上平塚"],"2540913":[14,"平塚市","万田"],"2540823":[14,"平塚市","虹ケ浜"],"2540019":[14,"平塚市","西真土"],"2540001":[14,"平塚市","大島"],"2540003":[14,"平塚市","下島"],"2540901":[14,"平塚市","纒"],"2540043":[14,"平塚市","紅谷町"],"2540904":[14,"平塚市","根坂間"],"2540811":[14,"平塚市","八重咲町"],"2540011":[14,"平塚市","吉際"],"2540826":[14,"平塚市","唐ケ原"],"2540026":[14,"平塚市","中堂"],"2540082":[14,"平塚市","東豊田"],"2540085":[14,"平塚市","豊田宮下"],"2540914":[14,"平塚市","高村"],"2540027":[14,"平塚市","堤町"],"2540822":[14,"平塚市","菫平"],"2540012":[14,"平塚市","大神"],"2540054":[14,"平塚市","中里"],"2540042":[14,"平塚市","明石町"],"2540072":[14,"平塚市","中原下宿"],"2540051":[14,"平塚市","豊原町"],"2540801":[14,"平塚市","久領堤"],"2540045":[14,"平塚市","見附町"],"2540915":[14,"平塚市","出縄"],"2540807":[14,"平塚市","代官町"],"2540013":[14,"平塚市","田村"],"2540083":[14,"平塚市","豊田小嶺"],"2540031":[14,"平塚市","天沼"],"2540812":[14,"平塚市","松風町"],"2540075":[14,"平塚市","中原"],"2540805":[14,"平塚市","高浜台"],"2540825":[14,"平塚市","撫子原"],"2540005":[14,"平塚市","城所"],"2540022":[14,"平塚市","須賀"],"2540824":[14,"平塚市","花水台"],"2540821":[14,"平塚市","黒部丘"],"2540024":[14,"平塚市","馬入本町"],"2540088":[14,"平塚市","北豊田"],"2540813":[14,"平塚市","袖ケ浜"],"2540025":[14,"平塚市","榎木町"],"2540036":[14,"平塚市","宮松町"],"2540905":[14,"平塚市","日向岡"],"2540084":[14,"平塚市","南豊田"],"2540906":[14,"平塚市","公所"],"2540804":[14,"平塚市","幸町"],"2540053":[14,"平塚市","桜ケ丘"],"2540023":[14,"平塚市","馬入"],"2540004":[14,"平塚市","小鍋島"],"2540911":[14,"平塚市","山下"],"2540081":[14,"平塚市","豊田打間木"],"2540076":[14,"平塚市","新町"],"2540021":[14,"平塚市","長瀞"],"2540903":[14,"平塚市","河内"],"2540046":[14,"平塚市","立野町"],"2540061":[14,"平塚市","御殿"],"2540071":[14,"平塚市","中原上宿"],"2540034":[14,"平塚市","宝町"],"2540087":[14,"平塚市","豊田本郷"],"2540802":[14,"平塚市","札場町"],"2540814":[14,"平塚市","龍城ケ丘"],"2540086":[14,"平塚市","豊田平等寺"],"2540062":[14,"平塚市","富士見町"],"2540041":[14,"平塚市","浅間町"],"2540047":[14,"平塚市","追分"],"2540065":[14,"平塚市","南原"],"2540002":[14,"平塚市","横内"]}
