{"2130025":[14,"川崎市高津区","蟹ケ谷"],"2130002":[14,"川崎市高津区","二子"],"2130035":[14,"川崎市高津区","向ケ丘"],"2130022":[14,"川崎市高津区","千年"],"2130021":[14,"川崎市高津区","千年新町"],"2130011":[14,"川崎市高津区","久本"],"2130024":[14,"川崎市高津区","明津"],"2130031":[14,"川崎市高津区","宇奈根"],"2130023":[14,"川崎市高津区","子母口"],"2130004":[14,"川崎市高津区","諏訪"],"2130032":[14,"川崎市高津区","久地"],"2130012":[14,"川崎市高津区","坂戸"],"2130033":[14,"川崎市高津区","下作延"],"2130013":[14,"川崎市高津区","末長"],"2130026":[14,"川崎市高津区","久末"],"2130003":[14,"川崎市高津区","瀬田"],"2130005":[14,"川崎市高津区","北見方"],"2130034":[14,"川崎市高津区","上作延"],"2130014":[14,"川崎市高津区","新作"],"2130027":[14,"川崎市高津区","野川"],"2130001":[14,"川崎市高津区","溝口"],"2130000":[14,"川崎市高津区",""],"2130015":[14,"川崎市高津区","梶ケ谷"],"2130006":[14,"川崎市高津区","下野毛"]}
