{"0500062":[1,"室蘭市","高平町"],"0500086":[1,"室蘭市","大沢町"],"0500071":[1,"室蘭市","水元町"],"0500065":[1,"室蘭市","本輪西町"],"0500055":[1,"室蘭市","崎守町"],"0500061":[1,"室蘭市","八丁平"],"0500066":[1,"室蘭市","幌萌町"],"0500084":[1,"室蘭市","みゆき町"],"0500051":[1,"室蘭市","石川町"],"0500054":[1,"室蘭市","白鳥台"],"0500072":[1,"室蘭市","高砂町"],"0500083":[1,"室蘭市","東町"],"0500067":[1,"室蘭市","陣屋町"],"0500073":[1,"室蘭市","宮の森町"],"0500076":[1,"室蘭市","知利別町"],"0500085":[1,"室蘭市","輪西町"],"0500063":[1,"室蘭市","港北町"],"0500052":[1,"室蘭市","香川町"],"0500075":[1,"室蘭市","中島本町"],"0500077":[1,"室蘭市","天神町"],"0500074":[1,"室蘭市","中島町"],"0500081":[1,"室蘭市","日の出町"],"0500000":[1,"室蘭市",""],"0500087":[1,"室蘭市","仲町"],"0500053":[1,"室蘭市","神代町"],"0500082":[1,"室蘭市","寿町"],"0500064":[1,"室蘭市","柏木町"]}
