{"1570071":[13,"世田谷区","千歳台"],"1570068":[13,"世田谷区","宇奈根"],"1570074":[13,"世田谷区","大蔵"],"1570067":[13,"世田谷区","喜多見"],"1570064":[13,"世田谷区","給田"],"1570075":[13,"世田谷区","砧公園"],"1570063":[13,"世田谷区","粕谷"],"1570062":[13,"世田谷区","南烏山"],"1570077":[13,"世田谷区","鎌田"],"1570072":[13,"世田谷区","祖師谷"],"1570066":[13,"世田谷区","成城"],"1570061":[13,"世田谷区","北烏山"],"1570076":[13,"世田谷区","岡本"],"1570065":[13,"世田谷区","上祖師谷"],"1570073":[13,"世田谷区","砧"]}
