{"1900182":[13,"西多摩郡日の出町","平井"],"1901204":[13,"西多摩郡瑞穂町","富士山栗原新田"],"1900201":[13,"西多摩郡檜原村","倉掛"],"1900200":[13,"西多摩郡檜原村",""],"1901203":[13,"西多摩郡瑞穂町","高根"],"1900174":[13,"あきる野市","乙津"],"1900003":[13,"立川市","栄町"],"1901231":[13,"西多摩郡瑞穂町","長岡長谷部"],"1900162":[13,"あきる野市","三内"],"1900181":[13,"西多摩郡日の出町","大久野"],"1900002":[13,"立川市","幸町"],"1900161":[13,"あきる野市","入野"],"1900165":[13,"あきる野市","小中野"],"1900000":[13,"立川市",""],"1900034":[13,"立川市","西砂町"],"1900143":[13,"あきる野市","上ノ台"],"1901224":[13,"西多摩郡瑞穂町","南平"],"1900033":[13,"立川市","一番町"],"1900155":[13,"あきる野市","網代"],"1900012":[13,"立川市","曙町"],"1901213":[13,"西多摩郡瑞穂町","武蔵"],"1901223":[13,"西多摩郡瑞穂町","箱根ケ崎西松原"],"1900172":[13,"あきる野市","深沢"],"1900011":[13,"立川市","高松町"],"1901214":[13,"西多摩郡瑞穂町","むさし野"],"1900166":[13,"あきる野市","舘谷台"],"1900173":[13,"あきる野市","戸倉"],"1901233":[13,"西多摩郡瑞穂町","長岡下師岡"],"1901232":[13,"西多摩郡瑞穂町","長岡"],"1900213":[13,"西多摩郡檜原村","下元郷"],"1900015":[13,"立川市","泉町"],"1900163":[13,"あきる野市","舘谷"],"1901201":[13,"西多摩郡瑞穂町","二本木"],"1900164":[13,"あきる野市","五日市"],"1900152":[13,"あきる野市","留原"],"1901221":[13,"西多摩郡瑞穂町","箱根ケ崎"],"1901202":[13,"西多摩郡瑞穂町","駒形富士山"],"1901222":[13,"西多摩郡瑞穂町","箱根ケ崎東松原"],"1901211":[13,"西多摩郡瑞穂町","石畑"],"1900154":[13,"あきる野市","高尾"],"1900171":[13,"あきる野市","養沢"],"1900013":[13,"立川市","富士見町"],"1900211":[13,"西多摩郡檜原村","三都郷"],"1900001":[13,"立川市","若葉町"],"1900031":[13,"立川市","砂川町"],"1900014":[13,"立川市","緑町"],"1900204":[13,"西多摩郡檜原村","小沢"],"1900212":[13,"西多摩郡檜原村","上元郷"],"1900205":[13,"西多摩郡檜原村","樋里"],"1900223":[13,"西多摩郡檜原村","南郷"],"1900222":[13,"西多摩郡檜原村","人里"],"1900142":[13,"あきる野市","伊奈"],"1900151":[13,"あきる野市","小和田"],"1900214":[13,"西多摩郡檜原村","本宿"],"1900100":[13,"あきる野市",""],"1900221":[13,"西多摩郡檜原村","数馬"],"1901212":[13,"西多摩郡瑞穂町","殿ケ谷"],"1900141":[13,"あきる野市","横沢"],"1900153":[13,"あきる野市","小峰台"],"1900023":[13,"立川市","柴崎町"],"1901200":[13,"西多摩郡瑞穂町",""],"1900004":[13,"立川市","柏町"],"1900202":[13,"西多摩郡檜原村","藤原"],"1900032":[13,"立川市","上砂町"],"1900144":[13,"あきる野市","山田"],"1900022":[13,"立川市","錦町"],"1901234":[13,"西多摩郡瑞穂町","長岡藤橋"],"1900203":[13,"西多摩郡檜原村","神戸"],"1900021":[13,"立川市","羽衣町"]}
