{"1140034":[13,"北区","上十条"],"1140005":[13,"北区","栄町"],"1140033":[13,"北区","十条台"],"1140031":[13,"北区","十条仲原"],"1140024":[13,"北区","西ケ原"],"1140002":[13,"北区","王子"],"1140004":[13,"北区","堀船"],"1140016":[13,"北区","上中里"],"1140023":[13,"北区","滝野川"],"1140032":[13,"北区","中十条"],"1140001":[13,"北区","東十条"],"1140015":[13,"北区","中里"],"1140014":[13,"北区","田端"],"1140011":[13,"北区","昭和町"],"1140021":[13,"北区","岸町"],"1140013":[13,"北区","東田端"],"1140022":[13,"北区","王子本町"],"1140000":[13,"北区",""],"1140003":[13,"北区","豊島"],"1140012":[13,"北区","田端新町"]}
