[
    {
        "Submitted": "1401303038.5193",
        "name": "Mike",
        "inicio": "1/1/2014",
        "fin": "2/1/2014",
        "Submitted Login": "msimpson",
        "Submitted From": "192.168.1.1",
        "fields_with_file" : ""
    },
    {
        "Submitted": "1401303030.4485",
        "name": "Oya",
        "inicio": "5/1/2014",
        "fin": "6/1/2014",
        "Submitted Login": "msimpson",
        "Submitted From": "192.168.1.1",
        "fields_with_file" : ""
    }
]