[
    {
        "Submitted": "1401303038.5193",
        "name": "b1",
        "age": "2000",
        "misc": "x1",
        "Submitted Login": "msimpson",
        "Submitted From": "192.168.1.1",
        "fields_with_file" : ""
    },
    {
        "Submitted": "1401303030.4485",
        "name": "a2",
        "age": "30",
        "misc": "X11",
        "Submitted Login": "msimpson",
        "Submitted From": "192.168.1.1",
        "fields_with_file" : ""
    },
    {
        "Submitted": "1401303022.9142",
        "name": "a",
        "age": "9",
        "misc": "X101",
        "Submitted Login": "msimpson",
        "Submitted From": "192.168.1.1",
        "fields_with_file" : ""
    },
    {
        "Submitted": "1401303016.1247",
        "name": "p1",
        "age": "20",
        "misc": "x2",
        "Submitted Login": "msimpson",
        "Submitted From": "192.168.1.1",
        "fields_with_file" : ""
    },
    {
        "Submitted": "1401303009.4765",
        "name": "p2",
        "age": "20.001",
        "misc": "x6",
        "Submitted Login": "msimpson",
        "Submitted From": "192.168.1.1",
        "fields_with_file" : ""
    },
    {
        "Submitted": "1401302992.7106",
        "name": "j",
        "age": "1500",
        "misc": "X8",
        "Submitted Login": "msimpson",
        "Submitted From": "192.168.1.1",
        "fields_with_file" : ""
    },
    {
        "Submitted": "1401302985.4975",
        "name": "d",
        "age": ".99999",
        "misc": "x123",
        "Submitted Login": "msimpson",
        "Submitted From": "192.168.1.1",
        "fields_with_file" : ""
    },
    {
        "Submitted": "1401302974.9052",
        "name": "m",
        "age": "900",
        "misc": "x12",
        "Submitted Login": "msimpson",
        "Submitted From": "192.168.1.1",
        "fields_with_file" : ""
    }
]
