{
    "last_updated": "2014-11-07 01:30",
    "disclaimer": "This data is compiled from official European Commission sources to be as accurate as possible, however no guarantee of accuracy is provided. Use at your own risk. Don't trust random people on the internet without doing your own research.",
    
    "rates": {
        "BE": {
            "country": "Belgium",
            "standard_rate": 21.00,
            "reduced_rate": 12.00,
            "reduced_rate_alt": 6.00,
            "super_reduced_rate": false,
            "parking_rate": 12.00
        },
        "BG": {
            "country": "Bulgaria",
            "standard_rate": 20.00,
            "reduced_rate": 9.00,
            "reduced_rate_alt": false,
            "super_reduced_rate": false,
            "parking_rate": false
        },
        "CZ": {
            "country": "Czech Republic",
            "standard_rate": 21.00,
            "reduced_rate": 15.00,
            "reduced_rate_alt": false,
            "super_reduced_rate": false,
            "parking_rate": false
        },
        "DK": {
            "country": "Denmark",
            "standard_rate": 25.00,
            "reduced_rate": false,
            "reduced_rate_alt": false,
            "super_reduced_rate": false,
            "parking_rate": false
        },
        "DE": {
            "country": "Germany",
            "standard_rate": 19.00,
            "reduced_rate": 7.00,
            "reduced_rate_alt": false,
            "super_reduced_rate": false,
            "parking_rate": false
        },
        "EE": {
            "country": "Estonia",
            "standard_rate": 20.00,
            "reduced_rate": 9.00,
            "reduced_rate_alt": false,
            "super_reduced_rate": false,
            "parking_rate": false
        },
        "EL": {
            "country": "Greece",
            "standard_rate": 23.00,
            "reduced_rate": 13.00,
            "reduced_rate_alt": 6.50,
            "super_reduced_rate": false,
            "parking_rate": false
        },
        "ES": {
            "country": "Spain",
            "standard_rate": 21.00,
            "reduced_rate": 10.00,
            "reduced_rate_alt": false,
            "super_reduced_rate": 4.00,
            "parking_rate": false
        },
        "FR": {
            "country": "France",
            "standard_rate": 20.00,
            "reduced_rate": 10.00,
            "reduced_rate_alt": 5.50,
            "super_reduced_rate": 2.10,
            "parking_rate": false
        },
        "HR": {
            "country": "Croatia",
            "standard_rate": 25.00,
            "reduced_rate": 13.00,
            "reduced_rate_alt": 5.00,
            "super_reduced_rate": false,
            "parking_rate": false
        },
        "IE": {
            "country": "Ireland",
            "standard_rate": 23.00,
            "reduced_rate": 13.50,
            "reduced_rate_alt": 9.00,
            "super_reduced_rate": 4.80,
            "parking_rate": 13.50
        },
        "IT": {
            "country": "Italy",
            "standard_rate": 22.00,
            "reduced_rate": 10.00,
            "reduced_rate_alt": 4.00,
            "super_reduced_rate": false,
            "parking_rate": false
        },
        "CY": {
            "country": "Cyprus",
            "standard_rate": 19.00,
            "reduced_rate": 9.00,
            "reduced_rate_alt": 5.00,
            "super_reduced_rate": false,
            "parking_rate": false
        },
        "LV": {
            "country": "Latvia",
            "standard_rate": 21.00,
            "reduced_rate": 12.00,
            "reduced_rate_alt": false,
            "super_reduced_rate": false,
            "parking_rate": false
        },
        "LT": {
            "country": "Lithuania",
            "standard_rate": 21.00,
            "reduced_rate": 9.00,
            "reduced_rate_alt": 5.00,
            "super_reduced_rate": false,
            "parking_rate": false
        },
        "LU": {
            "country": "Luxembourg",
            "standard_rate": 17.00,
            "reduced_rate": 14.00,
            "reduced_rate_alt": 8.00,
            "super_reduced_rate": 3.00,
            "parking_rate": 12.00
        },
        "HU": {
            "country": "Hungary",
            "standard_rate": 27.00,
            "reduced_rate": 18.00,
            "reduced_rate_alt": 5.00,
            "super_reduced_rate": false,
            "parking_rate": false
        },
        "MT": {
            "country": "Malta",
            "standard_rate": 18.00,
            "reduced_rate": 7.00,
            "reduced_rate_alt": 5.00,
            "super_reduced_rate": false,
            "parking_rate": false
        },
        "NL": {
            "country": "Netherlands",
            "standard_rate": 21.00,
            "reduced_rate": 6.00,
            "reduced_rate_alt": false,
            "super_reduced_rate": false,
            "parking_rate": false
        },
        "AT": {
            "country": "Austria",
            "standard_rate": 20.00,
            "reduced_rate": 10.00,
            "reduced_rate_alt": false,
            "super_reduced_rate": false,
            "parking_rate": 12.00
        },
        "PL": {
            "country": "Poland",
            "standard_rate": 23.00,
            "reduced_rate": 8.00,
            "reduced_rate_alt": 5.00,
            "super_reduced_rate": false,
            "parking_rate": false
        },
        "PT": {
            "country": "Portugal",
            "standard_rate": 23.00,
            "reduced_rate": 13.00,
            "reduced_rate_alt": 6.00,
            "super_reduced_rate": false,
            "parking_rate": 13.00
        },
        "RO": {
            "country": "Romania",
            "standard_rate": 24.00,
            "reduced_rate": 9.00,
            "reduced_rate_alt": 5.00,
            "super_reduced_rate": false,
            "parking_rate": false
        },
        "SI": {
            "country": "Slovenia",
            "standard_rate": 22.00,
            "reduced_rate": 9.50,
            "reduced_rate_alt": false,
            "super_reduced_rate": false,
            "parking_rate": false
        },
        "SK": {
            "country": "Slovakia",
            "standard_rate": 20.00,
            "reduced_rate": 10.00,
            "reduced_rate_alt": false,
            "super_reduced_rate": false,
            "parking_rate": false
        },
        "FI": {
            "country": "Finland",
            "standard_rate": 24.00,
            "reduced_rate": 14.00,
            "reduced_rate_alt": 10.00,
            "super_reduced_rate": false,
            "parking_rate": false
        },
        "SE": {
            "country": "Sweden",
            "standard_rate": 25.00,
            "reduced_rate": 12.00,
            "reduced_rate_alt": 6.00,
            "super_reduced_rate": false,
            "parking_rate": false
        },
        "UK": {
            "country": "United Kingdom",
            "standard_rate": 20.00,
            "reduced_rate": 5.00,
            "reduced_rate_alt": false,
            "super_reduced_rate": false,
            "parking_rate": false
        }
    }
}
