{"ELEMENTCOUNT":"4","ENTITY":"address","TYPE":"DB","DATA":"{\"2\":{\"subelements\":{\"1\":{\"id\":1,\"populate\":\"\",\"sortorder\":10,\"hide\":1}},\"rules\":[{\"type\":\"rule_forcevalue\",\"parameters\":[\"function\",\"customerid\"]}],\"mandatory\":1,\"hidden\":1,\"links\":[],\"id\":2,\"label\":\"Customer \",\"x\":5,\"y\":5,\"type\":\"number\",\"column\":\"CUSTOMERID\",\"children\":2,\"attributes\":[]},\"3\":{\"subelements\":{\"1\":{\"id\":1,\"populate\":\"shipping\",\"sortorder\":9,\"hide\":1},\"2\":{\"id\":2,\"populate\":\"shipping=Shipping\",\"label\":\"Key pairs\"},\"3\":{\"id\":3,\"populate\":\"\",\"label\":\"Size\"}},\"rules\":[],\"links\":[],\"id\":3,\"label\":\"Type \",\"x\":5,\"y\":57,\"type\":\"select\",\"column\":\"TYPE\",\"children\":4,\"attributes\":[]},\"5\":{\"subelements\":{\"1\":{\"id\":1,\"populate\":\"\",\"label\":\"First\",\"sortorder\":1,\"hide\":0},\"2\":{\"id\":2,\"populate\":\"\",\"label\":\"Last\",\"sortorder\":2,\"hide\":0}},\"rules\":[],\"links\":[],\"id\":5,\"label\":\"Name \",\"x\":5,\"y\":175,\"type\":\"simple_name\",\"column\":\"NAME\",\"children\":3,\"attributes\":[]},\"1\":{\"subelements\":{\"1\":{\"id\":1,\"populate\":\"\",\"label\":\"Street\",\"sortorder\":3,\"hide\":0},\"2\":{\"id\":2,\"populate\":\"\",\"label\":\"Line 2\",\"sortorder\":8,\"hide\":1},\"3\":{\"id\":3,\"populate\":\"\",\"label\":\"City\",\"sortorder\":4},\"4\":{\"id\":4,\"populate\":\"\",\"label\":\"State\",\"sortorder\":6,\"hide\":1},\"5\":{\"id\":5,\"populate\":\"\",\"label\":\"Zip\",\"sortorder\":5},\"6\":{\"id\":6,\"populate\":\"\",\"sortorder\":7}},\"rules\":[],\"links\":[],\"id\":1,\"label\":\"Address \",\"x\":5,\"y\":238,\"type\":\"address\",\"column\":\"ADDRESS\",\"children\":7,\"attributes\":[]}}","LABEL":"Other addresses","PROJECT":"fws","ID":"54","NAME":"address"}