{"ELEMENTCOUNT":"6","ATTRIBUTES":"null","ENTITY":"category","TYPE":"DB","DATA":"{\"6\":{\"subelements\":{\"1\":{\"id\":\"1\",\"populate\":\"\"}},\"system\":\"1\",\"hidden\":\"1\",\"id\":\"6\",\"label\":\"ID \",\"x\":\"191\",\"y\":\"186\",\"type\":\"number\",\"column\":\"ID\",\"children\":\"1\",\"attributes\":{\"zfsize\":\"\",\"zfmaxlength\":\"\",\"zfrows\":\"\",\"zfregex\":\"\",\"zfrepeatable\":\"0\",\"zfguidelines\":\"\"}},\"1\":{\"subelements\":{\"1\":{\"id\":\"1\",\"populate\":\"\",\"sortorder\":\"1\"}},\"id\":\"1\",\"label\":\"Category name \",\"x\":\"191\",\"y\":\"243\",\"type\":\"text_large\",\"column\":\"DESC\",\"children\":\"1\",\"attributes\":{\"zfsize\":\"\",\"zfmaxlength\":\"\",\"zfrows\":\"\",\"zfregex\":\"\",\"zfrepeatable\":\"0\",\"zfguidelines\":\"\"}},\"2\":{\"subelements\":{\"1\":{\"id\":\"1\",\"populate\":\"0\",\"sortorder\":\"2\"},\"2\":{\"id\":\"2\",\"populate\":\"id\",\"label\":\"Key\"},\"3\":{\"id\":\"3\",\"populate\":\"name\",\"label\":\"Value\"},\"4\":{\"id\":\"4\",\"populate\":\"group\",\"label\":\"Table\"}},\"id\":\"2\",\"label\":\"Group \",\"x\":\"191\",\"y\":\"300\",\"type\":\"sql\",\"column\":\"GROUPID\",\"children\":\"4\",\"attributes\":{\"zfsize\":\"\",\"zfmaxlength\":\"\",\"zfrows\":\"\",\"zfregex\":\"\",\"zfrepeatable\":\"0\",\"zfguidelines\":\"\"}},\"3\":{\"subelements\":{\"1\":{\"id\":\"1\",\"populate\":\"\",\"hide\":\"1\"}},\"hidden\":\"1\",\"id\":\"3\",\"label\":\"Sort order \",\"x\":\"191\",\"y\":\"368\",\"type\":\"number\",\"column\":\"SORTORDER\",\"children\":\"1\",\"attributes\":{\"zfsize\":\"\",\"zfmaxlength\":\"\",\"zfrows\":\"\",\"zfregex\":\"\",\"zfrepeatable\":\"0\",\"zfguidelines\":\"\"}},\"5\":{\"subelements\":{\"1\":{\"id\":\"1\"},\"2\":{\"id\":\"2\",\"populate\":\"ZING_WS_CATS_\",\"label\":\"Directory\\\/URL\"}},\"id\":\"5\",\"label\":\"Image \",\"x\":\"191\",\"y\":\"425\",\"type\":\"image\",\"column\":\"IMAGE\",\"children\":\"2\",\"attributes\":{\"zfsize\":\"\",\"zfmaxlength\":\"\",\"zfrows\":\"\",\"zfregex\":\"\",\"zfrepeatable\":\"0\",\"zfguidelines\":\"\"}},\"7\":{\"subelements\":{\"1\":{\"id\":\"1\",\"populate\":\"\"}},\"hidden\":\"1\",\"id\":\"7\",\"label\":\"Parent \",\"x\":\"191\",\"y\":\"494\",\"type\":\"number\",\"column\":\"PARENTID\",\"children\":\"1\",\"attributes\":{\"zfsize\":\"\",\"zfmaxlength\":\"\",\"zfrows\":\"\",\"zfregex\":\"\",\"zfrepeatable\":\"0\",\"zfguidelines\":\"\"}}}","CUSTOM":"","LABEL":"Category","PROJECT":"fws","ID":"66","NAME":"category"}