{"ELEMENTCOUNT":"2","ENTITY":"country","TYPE":"DB","DATA":"{\"2\":{\"subelements\":{\"1\":{\"id\":1,\"populate\":\"\"}},\"rules\":[],\"id\":2,\"label\":\"ISO\",\"x\":5,\"y\":5,\"type\":\"text_small\",\"column\":\"ISO\",\"children\":2,\"attributes\":[]},\"1\":{\"subelements\":{\"1\":{\"id\":1,\"populate\":\"\"}},\"rules\":[],\"links\":[],\"id\":1,\"label\":\"Name (English)\",\"x\":5,\"y\":56,\"type\":\"text_large\",\"column\":\"NAME_EN\",\"children\":2,\"attributes\":{\"zfsize\":\"\",\"zfmaxlength\":\"\",\"zfrows\":\"\",\"zfrepeatable\":0,\"zfguidelines\":\"\"}}}","LABEL":"Countries","PROJECT":"fws","ID":"77","NAME":"country"}