{"ELEMENTCOUNT":"13","ENTITY":"customer","TYPE":"DB","DATA":"{\"18\":{\"subelements\":{\"1\":{\"id\":1,\"populate\":\"\",\"sortorder\":4,\"hide\":1}},\"rules\":[],\"links\":[],\"id\":18,\"label\":\"Prefix \",\"x\":5,\"y\":5,\"type\":\"text_small\",\"column\":\"MIDDLENAME\",\"children\":2,\"attributes\":[]},\"17\":{\"subelements\":{\"1\":{\"id\":1,\"populate\":\"\",\"sortorder\":1}},\"rules\":[],\"mandatory\":1,\"searchable\":1,\"links\":[],\"id\":17,\"label\":\"Initials \",\"x\":5,\"y\":56,\"type\":\"text_small\",\"column\":\"INITIALS\",\"children\":2,\"attributes\":{\"zfsize\":\"\",\"zfmaxlength\":\"\",\"zfrows\":\"\",\"zfrepeatable\":0,\"zfguidelines\":\"\"}},\"5\":{\"subelements\":{\"1\":{\"id\":1,\"populate\":\"\",\"sortorder\":2,\"hide\":0}},\"rules\":[],\"mandatory\":1,\"searchable\":1,\"links\":[],\"id\":5,\"label\":\"Surname \",\"x\":5,\"y\":106,\"type\":\"text_large\",\"column\":\"LASTNAME\",\"children\":2,\"attributes\":[]},\"12\":{\"subelements\":{\"1\":{\"id\":1,\"populate\":\"\",\"sortorder\":5}},\"rules\":[],\"mandatory\":1,\"searchable\":1,\"system\":1,\"unique\":1,\"links\":[],\"id\":12,\"label\":\"E-mail \",\"x\":5,\"y\":157,\"type\":\"email\",\"column\":\"EMAIL\",\"children\":2,\"attributes\":{\"zfsize\":\"\",\"zfmaxlength\":\"\",\"zfrows\":\"\",\"zfrepeatable\":0}},\"8\":{\"subelements\":{\"1\":{\"id\":1,\"populate\":\"\",\"hide\":1}},\"rules\":[],\"links\":[],\"id\":8,\"label\":\"Company \",\"x\":5,\"y\":208,\"type\":\"text_large\",\"column\":\"COMPANY\",\"children\":2,\"attributes\":[]},\"9\":{\"subelements\":{\"1\":{\"id\":1,\"populate\":\"\",\"hide\":1}},\"rules\":[],\"mandatory\":1,\"system\":1,\"links\":[],\"id\":9,\"label\":\"Address \",\"x\":5,\"y\":258,\"type\":\"text_large\",\"column\":\"ADDRESS\",\"children\":2,\"attributes\":[]},\"6\":{\"subelements\":{\"1\":{\"id\":1,\"populate\":\"\",\"hide\":1}},\"rules\":[],\"mandatory\":1,\"system\":1,\"links\":[],\"id\":6,\"label\":\"Zip \",\"x\":5,\"y\":309,\"type\":\"text_small\",\"column\":\"ZIP\",\"children\":2,\"attributes\":[]},\"10\":{\"subelements\":{\"1\":{\"id\":1,\"populate\":\"\",\"sortorder\":3}},\"rules\":[],\"mandatory\":1,\"system\":1,\"links\":[],\"id\":10,\"label\":\"City \",\"x\":5,\"y\":359,\"type\":\"text_large\",\"column\":\"CITY\",\"children\":2,\"attributes\":[]},\"11\":{\"subelements\":{\"1\":{\"id\":1,\"populate\":\"\",\"hide\":1}},\"rules\":[],\"system\":1,\"links\":[],\"id\":11,\"label\":\"State \",\"x\":5,\"y\":410,\"type\":\"text_large\",\"column\":\"STATE\",\"children\":2,\"attributes\":[]},\"23\":{\"subelements\":{\"1\":{\"id\":1,\"populate\":\"AF\"}},\"rules\":[],\"system\":1,\"links\":[],\"id\":23,\"label\":\"Country \",\"x\":5,\"y\":461,\"type\":\"country_iso\",\"column\":\"COUNTRY\",\"children\":2,\"attributes\":[]},\"13\":{\"subelements\":{\"1\":{\"id\":1,\"populate\":\"\",\"sortorder\":6,\"hide\":0}},\"rules\":[],\"links\":[],\"id\":13,\"label\":\"Telephone \",\"x\":5,\"y\":514,\"type\":\"simple_phone\",\"column\":\"PHONE\",\"children\":2,\"attributes\":[]},\"21\":{\"subelements\":{\"1\":{\"id\":1,\"populate\":1,\"sortorder\":1,\"hide\":1}},\"rules\":[],\"links\":[],\"id\":21,\"label\":\"Newsletter? \",\"x\":5,\"y\":564,\"type\":\"checkbox\",\"column\":\"NEWSLETTER\",\"children\":2,\"attributes\":[]},\"22\":{\"subelements\":{\"1\":{\"id\":1,\"populate\":\"ADMIN\"},\"2\":{\"id\":2,\"populate\":\"ADMIN=Admins,CUSTOMER=Customers\",\"label\":\"Key pairs\"},\"3\":{\"id\":3,\"populate\":\"\",\"label\":\"Size\"}},\"rules\":[],\"system\":1,\"links\":[],\"id\":22,\"label\":\"Group \",\"x\":5,\"y\":608,\"type\":\"select\",\"column\":\"GROUP\",\"children\":4,\"attributes\":{\"zfsize\":\"\",\"zfmaxlength\":\"\",\"zfrows\":\"\",\"zfrepeatable\":0}}}","LABEL":"Customer","PROJECT":"fws","ID":"72","NAME":"customer"}