{"ELEMENTCOUNT":"8","ENTITY":"discount","TYPE":"DB","DATA":"{\"3\":{\"subelements\":{\"1\":{\"id\":1,\"populate\":\"\",\"sortorder\":1}},\"rules\":[],\"mandatory\":1,\"links\":[],\"id\":3,\"label\":\"Discount code \",\"x\":5,\"y\":5,\"type\":\"text_small\",\"column\":\"CODE\",\"children\":2,\"attributes\":[]},\"7\":{\"subelements\":{\"1\":{\"id\":1,\"populate\":\"0\",\"sortorder\":2},\"2\":{\"id\":2,\"populate\":\"id\",\"label\":\"Key\"},\"3\":{\"id\":3,\"populate\":\"desc\",\"label\":\"Value\"},\"4\":{\"id\":4,\"populate\":\"category\",\"label\":\"Table\"}},\"rules\":[],\"links\":[],\"id\":7,\"label\":\"Category \",\"x\":5,\"y\":57,\"type\":\"sql\",\"column\":\"CATID\",\"children\":5,\"attributes\":[]},\"8\":{\"subelements\":{\"1\":{\"id\":1,\"populate\":\"0\",\"sortorder\":3},\"2\":{\"id\":2,\"populate\":\"id\",\"label\":\"Key\"},\"3\":{\"id\":3,\"populate\":\"productid\",\"label\":\"Value\"},\"4\":{\"id\":4,\"populate\":\"product\",\"label\":\"Table\"}},\"rules\":[],\"links\":[],\"id\":8,\"label\":\"Product \",\"x\":5,\"y\":120,\"type\":\"sql\",\"column\":\"PRODUCTID\",\"children\":5,\"attributes\":[]},\"1\":{\"subelements\":{\"1\":{\"id\":1,\"populate\":\"\",\"sortorder\":7}},\"rules\":[],\"links\":[],\"id\":1,\"label\":\"Discount amount \",\"x\":5,\"y\":183,\"type\":\"amount\",\"column\":\"amount\",\"children\":2,\"attributes\":[]},\"2\":{\"subelements\":{\"1\":{\"id\":1,\"populate\":\"\",\"sortorder\":6}},\"rules\":[],\"links\":[],\"id\":2,\"label\":\"Discount percentage \",\"x\":5,\"y\":235,\"type\":\"percentage\",\"column\":\"percentage\",\"children\":2,\"attributes\":[]},\"4\":{\"subelements\":{\"1\":{\"id\":1,\"populate\":\"\",\"sortorder\":5}},\"rules\":[],\"links\":[],\"id\":4,\"label\":\"Expiry date \",\"x\":5,\"y\":287,\"type\":\"date\",\"column\":\"EXPIRYDATE\",\"children\":2,\"attributes\":[]},\"6\":{\"subelements\":{\"1\":{\"id\":1,\"populate\":\"\",\"sortorder\":4}},\"rules\":[],\"links\":[],\"id\":6,\"label\":\"Expiry quantity \",\"x\":5,\"y\":339,\"type\":\"number\",\"column\":\"EXPIRYQTY\",\"children\":2,\"attributes\":[]},\"9\":{\"subelements\":{\"1\":{\"id\":1,\"populate\":\"1\",\"sortorder\":8},\"2\":{\"id\":2,\"populate\":\"1=Active,9=Used\",\"label\":\"Key pairs\"},\"3\":{\"id\":3,\"populate\":\"10\",\"label\":\"Size\"}},\"rules\":[],\"searchable\":1,\"links\":[],\"id\":9,\"label\":\"Status \",\"x\":5,\"y\":391,\"type\":\"select\",\"column\":\"STATUS\",\"children\":4,\"attributes\":[]}}","LABEL":"Discounts","PROJECT":"fws","ID":"59","NAME":"discount"}