{"ELEMENTCOUNT":"3","ENTITY":"group","TYPE":"DB","DATA":"{\"4\":{\"subelements\":{\"1\":{\"id\":1,\"populate\":\"\"}},\"rules\":[],\"system\":1,\"hidden\":1,\"id\":4,\"label\":\"ID\",\"x\":5,\"y\":5,\"type\":\"number\",\"column\":\"ID\",\"children\":2,\"attributes\":{\"zfsize\":\"\",\"zfmaxlength\":\"\",\"zfrows\":\"\",\"zfrepeatable\":0,\"zfguidelines\":\"\"}},\"2\":{\"subelements\":{\"1\":{\"id\":1,\"populate\":\"\"}},\"rules\":[],\"links\":[],\"id\":2,\"label\":\"Group name \",\"x\":5,\"y\":56,\"type\":\"text_large\",\"column\":\"NAME\",\"children\":2,\"attributes\":[]},\"3\":{\"subelements\":{\"1\":{\"id\":1,\"populate\":\"\",\"hide\":1}},\"rules\":[],\"hidden\":1,\"links\":[],\"id\":3,\"label\":\"Sort order \",\"x\":5,\"y\":106,\"type\":\"number\",\"column\":\"SORTORDER\",\"children\":2,\"attributes\":{\"zfsize\":\"\",\"zfmaxlength\":\"\"}}}","LABEL":"Group","PROJECT":"fws","ID":"61","NAME":"group"}