{"ELEMENTCOUNT":"7","ENTITY":"payment","TYPE":"DB","DATA":"{\"11\":{\"subelements\":{\"1\":{\"id\":1,\"populate\":\"\",\"hide\":1}},\"rules\":[],\"mandatory\":1,\"links\":[],\"id\":11,\"label\":\"Gateway \",\"x\":5,\"y\":5,\"type\":\"payment_gateway\",\"column\":\"GATEWAY\",\"children\":2,\"attributes\":{\"zfsize\":\"\",\"zfmaxlength\":\"\",\"zfrows\":\"\",\"zfrepeatable\":0,\"zfguidelines\":\"\"}},\"1\":{\"subelements\":{\"1\":{\"id\":1,\"populate\":\"\",\"sortorder\":1}},\"rules\":[],\"mandatory\":1,\"links\":[],\"id\":1,\"label\":\"Description \",\"x\":5,\"y\":57,\"type\":\"text_large\",\"column\":\"DESCRIPTION\",\"children\":2,\"attributes\":{\"zfsize\":\"\",\"zfmaxlength\":\"\",\"zfrows\":\"\",\"zfrepeatable\":0,\"zfguidelines\":\"\"}},\"7\":{\"subelements\":{\"1\":{\"id\":1,\"populate\":\"\",\"sortorder\":2}},\"rules\":[],\"links\":[],\"id\":7,\"label\":\"Merchant ID \",\"x\":5,\"y\":109,\"type\":\"text_large\",\"column\":\"MERCHANTID\",\"children\":2,\"attributes\":[]},\"12\":{\"subelements\":{\"1\":{\"id\":1,\"populate\":\"\",\"hide\":1}},\"rules\":[{\"type\":\"rule_formfield\",\"parameters\":[\"11\",\"function\",\"wsIsGatewayField,SUBID\",\"EQ\",\"\",\"hide\"]}],\"links\":[],\"id\":12,\"label\":\"Sub ID \",\"x\":5,\"y\":161,\"type\":\"text_large\",\"column\":\"SUBID\",\"children\":2,\"attributes\":{\"zfsize\":\"\",\"zfmaxlength\":\"\",\"zfrows\":\"\",\"zfrepeatable\":0,\"zfguidelines\":\"\"}},\"8\":{\"subelements\":{\"1\":{\"id\":1,\"populate\":\"\",\"hide\":1}},\"rules\":[{\"type\":\"rule_formfield\",\"parameters\":[\"11\",\"function\",\"wsIsGatewayField,SECRET\",\"EQ\",\"\",\"hide\"]}],\"links\":[],\"id\":8,\"label\":\"Secret \",\"x\":5,\"y\":213,\"type\":\"text_large\",\"column\":\"SECRET\",\"children\":2,\"attributes\":{\"zfsize\":\"\",\"zfmaxlength\":\"\",\"zfrows\":\"\",\"zfrepeatable\":0,\"zfguidelines\":\"\"}},\"13\":{\"subelements\":{\"1\":{\"id\":1,\"populate\":0,\"hide\":1}},\"rules\":[{\"type\":\"rule_formfield\",\"parameters\":[\"11\",\"function\",\"wsIsGatewayField,TESTMODE\",\"EQ\",\"\",\"hide\"]}],\"links\":[],\"id\":13,\"label\":\"Test mode \",\"x\":5,\"y\":265,\"type\":\"checkbox\",\"column\":\"TESTMODE\",\"children\":2,\"attributes\":[]},\"6\":{\"subelements\":{\"1\":{\"id\":1,\"populate\":\"\",\"sortorder\":4}},\"rules\":[],\"links\":[],\"id\":6,\"label\":\"Payment HTML code \",\"x\":5,\"y\":309,\"type\":\"textarea\",\"column\":\"CODE\",\"children\":2,\"attributes\":[]}}","LABEL":"Payment options","PROJECT":"fws","ID":"60","NAME":"payment"}