{"ELEMENTCOUNT":"22","ATTRIBUTES":"null","ENTITY":"product","TYPE":"DB","DATA":"{\"31\":{\"subelements\":{\"1\":{\"id\":\"1\",\"populate\":\"General\",\"label\":\"Title\"}},\"id\":\"31\",\"label\":\"Divider \",\"x\":\"191\",\"y\":\"243\",\"type\":\"system_divider\",\"column\":\"system_divider\",\"children\":\"1\",\"attributes\":{\"zfsize\":\"\",\"zfmaxlength\":\"\",\"zfrows\":\"\",\"zfregex\":\"\",\"zfrepeatable\":\"0\",\"zfguidelines\":\"\"}},\"19\":{\"subelements\":{\"1\":{\"id\":\"1\",\"populate\":\"1\"}},\"id\":\"19\",\"label\":\"Category \",\"x\":\"191\",\"y\":\"311\",\"type\":\"product_category\",\"column\":\"CATID\",\"children\":\"1\",\"attributes\":{\"zfsize\":\"\",\"zfmaxlength\":\"\",\"zfrows\":\"\",\"zfregex\":\"\",\"zfrepeatable\":\"0\",\"zfguidelines\":\"The product category helps classifying your products.\"}},\"2\":{\"subelements\":{\"1\":{\"id\":\"1\",\"populate\":\"\"}},\"id\":\"2\",\"label\":\"ID \",\"x\":\"191\",\"y\":\"368\",\"type\":\"text_large\",\"column\":\"PRODUCTID\",\"children\":\"1\",\"attributes\":{\"zfsize\":\"40\",\"zfmaxlength\":\"60\",\"zfrows\":\"\",\"zfregex\":\"\",\"zfrepeatable\":\"0\",\"zfguidelines\":\"\"}},\"3\":{\"subelements\":{\"1\":{\"id\":\"1\"}},\"id\":\"3\",\"label\":\"Description \",\"x\":\"191\",\"y\":\"425\",\"type\":\"htmlarea\",\"column\":\"DESCRIPTION\",\"children\":\"1\",\"attributes\":{\"zfsize\":\"\",\"zfmaxlength\":\"\",\"zfrows\":\"\",\"zfregex\":\"\",\"zfrepeatable\":\"0\",\"zfguidelines\":\"\"}},\"18\":{\"subelements\":{\"1\":{\"id\":\"1\",\"populate\":\"\"}},\"id\":\"18\",\"label\":\"Short description \",\"x\":\"191\",\"y\":\"473\",\"type\":\"textarea\",\"column\":\"EXCERPT\",\"children\":\"1\",\"attributes\":{\"zfsize\":\"\",\"zfmaxlength\":\"\",\"zfrows\":\"3\",\"zfregex\":\"\",\"zfrepeatable\":\"0\",\"zfguidelines\":\"\"}},\"5\":{\"subelements\":{\"1\":{\"id\":\"1\",\"populate\":\"\"}},\"id\":\"5\",\"label\":\"SKU \",\"x\":\"191\",\"y\":\"580\",\"type\":\"text_large\",\"column\":\"SKU\",\"children\":\"1\",\"attributes\":{\"zfsize\":\"\",\"zfmaxlength\":\"\",\"zfrows\":\"\",\"zfregex\":\"\",\"zfrepeatable\":\"0\",\"zfguidelines\":\"\"}},\"23\":{\"subelements\":{\"1\":{\"id\":\"1\"},\"2\":{\"id\":\"2\",\"populate\":\"ZING_DIG\",\"label\":\"Files directory\"}},\"id\":\"23\",\"label\":\"Digital source? \",\"x\":\"191\",\"y\":\"638\",\"type\":\"file_multiple\",\"column\":\"LINK\",\"children\":\"2\",\"attributes\":{\"zfsize\":\"\",\"zfmaxlength\":\"\",\"zfrows\":\"\",\"zfregex\":\"\",\"zfrepeatable\":\"0\",\"zfguidelines\":\"\"}},\"20\":{\"subelements\":{\"1\":{\"id\":\"1\",\"populate\":\"\"}},\"id\":\"20\",\"label\":\"Features header \",\"x\":\"191\",\"y\":\"706\",\"type\":\"text_large\",\"column\":\"FEATURESHEADER\",\"children\":\"1\",\"attributes\":{\"zfsize\":\"50\",\"zfmaxlength\":\"80\",\"zfrows\":\"\",\"zfregex\":\"\",\"zfrepeatable\":\"0\",\"zfguidelines\":\"\"}},\"22\":{\"subelements\":{\"1\":{\"id\":\"1\",\"populate\":\"0\"},\"2\":{\"id\":\"2\",\"populate\":\"id\",\"label\":\"Key\"},\"3\":{\"id\":\"3\",\"populate\":\"name\",\"label\":\"Value\"},\"4\":{\"id\":\"4\",\"populate\":\"featureset\",\"label\":\"Table\"}},\"rules\":[{\"type\":\"rule_constant\",\"parameters\":[\"ZING_WS_PRO\",\"EQ\",\"\",\"disable\"]}],\"id\":\"22\",\"label\":\"Features set \",\"x\":\"191\",\"y\":\"763\",\"type\":\"sql\",\"column\":\"FEATURES_SET\",\"children\":\"4\",\"attributes\":{\"zfsize\":\"\",\"zfmaxlength\":\"\",\"zfrows\":\"\",\"zfregex\":\"\",\"zfrepeatable\":\"0\",\"zfguidelines\":\"\"}},\"13\":{\"subelements\":{\"1\":{\"id\":\"1\",\"populate\":\"\"}},\"id\":\"13\",\"label\":\"Features \",\"x\":\"191\",\"y\":\"831\",\"type\":\"textarea\",\"column\":\"FEATURES\",\"children\":\"1\",\"attributes\":{\"zfsize\":\"\",\"zfmaxlength\":\"\",\"zfrows\":\"\",\"zfregex\":\"\",\"zfrepeatable\":\"0\",\"zfguidelines\":\"\"}},\"14\":{\"subelements\":{\"1\":{\"id\":\"1\",\"populate\":\"0,00\"}},\"id\":\"14\",\"label\":\"Price \",\"x\":\"191\",\"y\":\"939\",\"type\":\"amount\",\"column\":\"PRICE\",\"children\":\"1\",\"attributes\":{\"zfsize\":\"\",\"zfmaxlength\":\"\",\"zfrows\":\"\",\"zfregex\":\"\",\"zfrepeatable\":\"0\",\"zfguidelines\":\"\"}},\"21\":{\"subelements\":{\"1\":{\"id\":\"1\",\"populate\":\"custom\"}},\"rules\":[{\"type\":\"rule_constant\",\"parameters\":[\"ZING_WS_PRO\",\"EQ\",\"\",\"disable\"]}],\"id\":\"21\",\"label\":\"Price formula \",\"x\":\"191\",\"y\":\"996\",\"type\":\"product_price_formula\",\"column\":\"PRICE_FORMULA\",\"children\":\"1\",\"attributes\":{\"zfsize\":\"\",\"zfmaxlength\":\"\",\"zfrows\":\"\",\"zfregex\":\"\",\"zfrepeatable\":\"0\",\"zfguidelines\":\"\"}},\"25\":{\"subelements\":{\"1\":{\"id\":\"1\",\"populate\":\"0\"},\"2\":{\"id\":\"2\",\"populate\":\"id\",\"label\":\"Key\"},\"3\":{\"id\":\"3\",\"populate\":\"name\",\"label\":\"Value\"},\"4\":{\"id\":\"4\",\"populate\":\"taxcategory\",\"label\":\"Table\"}},\"id\":\"25\",\"label\":\"Tax category \",\"x\":\"191\",\"y\":\"1053\",\"type\":\"sql\",\"column\":\"TAXCATEGORYID\",\"children\":\"4\",\"attributes\":{\"zfsize\":\"\",\"zfmaxlength\":\"\",\"zfrows\":\"\",\"zfregex\":\"\",\"zfrepeatable\":\"0\",\"zfguidelines\":\"\"}},\"10\":{\"subelements\":{\"1\":{\"id\":\"1\",\"populate\":\"\"}},\"id\":\"10\",\"label\":\"Weight \",\"x\":\"191\",\"y\":\"1121\",\"type\":\"number\",\"column\":\"WEIGHT\",\"children\":\"1\",\"attributes\":{\"zfsize\":\"\",\"zfmaxlength\":\"\",\"zfrows\":\"\",\"zfregex\":\"\",\"zfrepeatable\":\"0\",\"zfguidelines\":\"\"}},\"9\":{\"subelements\":{\"1\":{\"id\":\"1\",\"populate\":\"\"}},\"id\":\"9\",\"label\":\"Stock amount \",\"x\":\"191\",\"y\":\"1179\",\"type\":\"number\",\"column\":\"STOCK\",\"children\":\"1\",\"attributes\":{\"zfsize\":\"\",\"zfmaxlength\":\"\",\"zfrows\":\"\",\"zfregex\":\"\",\"zfrepeatable\":\"0\",\"zfguidelines\":\"\"}},\"16\":{\"subelements\":{\"1\":{\"id\":\"1\",\"populate\":\"1\"}},\"id\":\"16\",\"label\":\"On frontpage \",\"x\":\"191\",\"y\":\"1236\",\"type\":\"checkbox\",\"column\":\"FRONTPAGE\",\"children\":\"1\",\"attributes\":{\"zfsize\":\"\",\"zfmaxlength\":\"\",\"zfrows\":\"\",\"zfregex\":\"\",\"zfrepeatable\":\"0\",\"zfguidelines\":\"\"}},\"15\":{\"subelements\":{\"1\":{\"id\":\"1\",\"populate\":\"1\"}},\"id\":\"15\",\"label\":\"New \",\"x\":\"191\",\"y\":\"1284\",\"type\":\"checkbox\",\"column\":\"NEW\",\"children\":\"1\",\"attributes\":{\"zfsize\":\"\",\"zfmaxlength\":\"\",\"zfrows\":\"\",\"zfregex\":\"\",\"zfrepeatable\":\"0\",\"zfguidelines\":\"\"}},\"17\":{\"subelements\":{\"1\":{\"id\":\"1\"},\"2\":{\"id\":\"2\",\"populate\":\"ZING_WS_PRODUCT_DIR\",\"label\":\"Images directory\"},\"3\":{\"id\":\"3\",\"populate\":\"ZING_WS_PRODUCT_URL\",\"label\":\"Images URL\"}},\"id\":\"17\",\"label\":\"Image multiple upload \",\"x\":\"191\",\"y\":\"1333\",\"type\":\"image_multiple\",\"column\":\"DEFAULTIMAGE\",\"children\":\"3\",\"attributes\":{\"zfsize\":\"\",\"zfmaxlength\":\"\",\"zfrows\":\"\",\"zfregex\":\"\",\"zfrepeatable\":\"0\",\"zfguidelines\":\"\"}},\"30\":{\"subelements\":{\"1\":{\"id\":\"1\",\"populate\":\"SEO\",\"label\":\"Title\"}},\"id\":\"30\",\"label\":\"Divider \",\"x\":\"191\",\"y\":\"1538\",\"type\":\"system_divider\",\"column\":\"SYSTEM_DIVIDER2\",\"children\":\"1\",\"attributes\":{\"zfsize\":\"\",\"zfmaxlength\":\"\",\"zfrows\":\"\",\"zfregex\":\"\",\"zfrepeatable\":\"0\",\"zfguidelines\":\"\"}},\"26\":{\"subelements\":{\"1\":{\"id\":\"1\",\"populate\":\"\"}},\"id\":\"26\",\"label\":\"Page title \",\"x\":\"191\",\"y\":\"1606\",\"type\":\"text_large\",\"column\":\"SEO_TITLE\",\"children\":\"1\",\"attributes\":{\"zfsize\":\"40\",\"zfmaxlength\":\"128\",\"zfrows\":\"\",\"zfregex\":\"\",\"zfrepeatable\":\"0\",\"zfguidelines\":\"Page title as it appears on the top bar of your browser. If left blank, the product group, category and description is used.\"}},\"27\":{\"subelements\":{\"1\":{\"id\":\"1\",\"populate\":\"\"}},\"id\":\"27\",\"label\":\"Description \",\"x\":\"191\",\"y\":\"1663\",\"type\":\"textarea\",\"column\":\"SEO_DESCRIPTION\",\"children\":\"1\",\"attributes\":{\"zfsize\":\"\",\"zfmaxlength\":\"256\",\"zfrows\":\"3\",\"zfregex\":\"\",\"zfrepeatable\":\"0\",\"zfguidelines\":\"Description used in your page header. This is not visible to you but used by searched engines. If left blank, the product description is used.\"}},\"29\":{\"subelements\":{\"1\":{\"id\":\"1\",\"populate\":\"\"}},\"id\":\"29\",\"label\":\"Keywords \",\"x\":\"191\",\"y\":\"1771\",\"type\":\"text_large\",\"column\":\"SEO_KEYWORDS\",\"children\":\"1\",\"attributes\":{\"zfsize\":\"60\",\"zfmaxlength\":\"255\",\"zfrows\":\"\",\"zfregex\":\"\",\"zfrepeatable\":\"0\",\"zfguidelines\":\"Keywords used in the page header. This is not visible to you but will be used by search engines.\"}}}","CUSTOM":"","LABEL":"Product","PROJECT":"fws","ID":"62","NAME":"product"}