{"ELEMENTCOUNT":"13","ATTRIBUTES":"null","ENTITY":"customer","TYPE":"DB","DATA":"{\"2\":{\"subelements\":{\"1\":{\"id\":\"1\",\"populate\":\"\",\"sortorder\":\"1\"}},\"rules\":[{\"type\":\"rule_function\",\"parameters\":[\"wsSetting,login_with_email\",\"EQ\",\"\",\"required\"]},{\"type\":\"rule_function\",\"parameters\":[\"wsSetting,login_with_email\",\"EQ\",\"1\",\"disable\"]}],\"mandatory\":\"1\",\"system\":\"1\",\"unique\":\"1\",\"readonly\":\"1\",\"id\":\"2\",\"label\":\"Login name \",\"x\":\"191\",\"y\":\"186\",\"type\":\"text_large\",\"column\":\"LOGINNAME\",\"children\":\"1\",\"attributes\":{\"zfsize\":\"\",\"zfmaxlength\":\"\",\"zfrows\":\"\",\"zfregex\":\"\",\"zfrepeatable\":\"0\",\"zfguidelines\":\"\"}},\"18\":{\"subelements\":{\"1\":{\"id\":\"1\",\"populate\":\"\",\"sortorder\":\"4\",\"hide\":\"1\"}},\"id\":\"18\",\"label\":\"Prefix \",\"x\":\"191\",\"y\":\"243\",\"type\":\"text_small\",\"column\":\"MIDDLENAME\",\"children\":\"1\",\"attributes\":{\"zfsize\":\"\",\"zfmaxlength\":\"\",\"zfrows\":\"\",\"zfregex\":\"\",\"zfrepeatable\":\"0\",\"zfguidelines\":\"\"}},\"17\":{\"subelements\":{\"1\":{\"id\":\"1\",\"populate\":\"\",\"sortorder\":\"2\"}},\"mandatory\":\"1\",\"id\":\"17\",\"label\":\"Initials \",\"x\":\"191\",\"y\":\"300\",\"type\":\"text_small\",\"column\":\"INITIALS\",\"children\":\"1\",\"attributes\":{\"zfsize\":\"\",\"zfmaxlength\":\"\",\"zfrows\":\"\",\"zfregex\":\"\",\"zfrepeatable\":\"0\",\"zfguidelines\":\"\"}},\"5\":{\"subelements\":{\"1\":{\"id\":\"1\",\"populate\":\"\",\"sortorder\":\"3\",\"hide\":\"0\"}},\"mandatory\":\"1\",\"id\":\"5\",\"label\":\"Surname \",\"x\":\"191\",\"y\":\"357\",\"type\":\"text_large\",\"column\":\"LASTNAME\",\"children\":\"1\",\"attributes\":{\"zfsize\":\"\",\"zfmaxlength\":\"\",\"zfrows\":\"\",\"zfregex\":\"\",\"zfrepeatable\":\"0\",\"zfguidelines\":\"\"}},\"8\":{\"subelements\":{\"1\":{\"id\":\"1\",\"populate\":\"\",\"hide\":\"1\"}},\"id\":\"8\",\"label\":\"Company \",\"x\":\"191\",\"y\":\"414\",\"type\":\"text_large\",\"column\":\"COMPANY\",\"children\":\"1\",\"attributes\":{\"zfsize\":\"\",\"zfmaxlength\":\"\",\"zfrows\":\"\",\"zfregex\":\"\",\"zfrepeatable\":\"0\",\"zfguidelines\":\"\"}},\"9\":{\"subelements\":{\"1\":{\"id\":\"1\",\"populate\":\"\",\"hide\":\"1\"}},\"mandatory\":\"1\",\"system\":\"1\",\"id\":\"9\",\"label\":\"Address \",\"x\":\"191\",\"y\":\"472\",\"type\":\"text_large\",\"column\":\"ADDRESS\",\"children\":\"1\",\"attributes\":{\"zfsize\":\"\",\"zfmaxlength\":\"\",\"zfrows\":\"\",\"zfregex\":\"\",\"zfrepeatable\":\"0\",\"zfguidelines\":\"\"}},\"6\":{\"subelements\":{\"1\":{\"id\":\"1\",\"populate\":\"\",\"hide\":\"1\"}},\"mandatory\":\"1\",\"system\":\"1\",\"id\":\"6\",\"label\":\"Zip \",\"x\":\"191\",\"y\":\"529\",\"type\":\"text_small\",\"column\":\"ZIP\",\"children\":\"1\",\"attributes\":{\"zfsize\":\"\",\"zfmaxlength\":\"\",\"zfrows\":\"\",\"zfregex\":\"\",\"zfrepeatable\":\"0\",\"zfguidelines\":\"\"}},\"10\":{\"subelements\":{\"1\":{\"id\":\"1\",\"populate\":\"\",\"sortorder\":\"7\"}},\"mandatory\":\"1\",\"system\":\"1\",\"id\":\"10\",\"label\":\"City \",\"x\":\"191\",\"y\":\"586\",\"type\":\"text_large\",\"column\":\"CITY\",\"children\":\"1\",\"attributes\":{\"zfsize\":\"\",\"zfmaxlength\":\"\",\"zfrows\":\"\",\"zfregex\":\"\",\"zfrepeatable\":\"0\",\"zfguidelines\":\"\"}},\"11\":{\"subelements\":{\"1\":{\"id\":\"1\",\"populate\":\"\",\"hide\":\"1\"}},\"system\":\"1\",\"id\":\"11\",\"label\":\"State \",\"x\":\"191\",\"y\":\"643\",\"type\":\"text_large\",\"column\":\"STATE\",\"children\":\"1\",\"attributes\":{\"zfsize\":\"\",\"zfmaxlength\":\"\",\"zfrows\":\"\",\"zfregex\":\"\",\"zfrepeatable\":\"0\",\"zfguidelines\":\"\"}},\"22\":{\"subelements\":{\"1\":{\"id\":\"1\",\"populate\":\"AF\"}},\"system\":\"1\",\"id\":\"22\",\"label\":\"Country \",\"x\":\"191\",\"y\":\"700\",\"type\":\"country_iso\",\"column\":\"COUNTRY\",\"children\":\"1\",\"attributes\":{\"zfsize\":\"\",\"zfmaxlength\":\"\",\"zfrows\":\"\",\"zfregex\":\"\",\"zfrepeatable\":\"0\",\"zfguidelines\":\"\"}},\"13\":{\"subelements\":{\"1\":{\"id\":\"1\",\"populate\":\"\",\"sortorder\":\"1\",\"hide\":\"1\"}},\"id\":\"13\",\"label\":\"Telephone \",\"x\":\"191\",\"y\":\"761\",\"type\":\"simple_phone\",\"column\":\"PHONE\",\"children\":\"1\",\"attributes\":{\"zfsize\":\"\",\"zfmaxlength\":\"\",\"zfrows\":\"\",\"zfregex\":\"\",\"zfrepeatable\":\"0\",\"zfguidelines\":\"\"}},\"12\":{\"subelements\":{\"1\":{\"id\":\"1\",\"populate\":\"@\",\"sortorder\":\"4\"}},\"mandatory\":\"1\",\"system\":\"1\",\"unique\":\"1\",\"id\":\"12\",\"label\":\"E-mail \",\"x\":\"191\",\"y\":\"819\",\"type\":\"email\",\"column\":\"EMAIL\",\"children\":\"1\",\"attributes\":{\"zfsize\":\"\",\"zfmaxlength\":\"\",\"zfrows\":\"\",\"zfregex\":\"\",\"zfrepeatable\":\"0\",\"zfguidelines\":\"\"}},\"21\":{\"subelements\":{\"1\":{\"id\":\"1\",\"populate\":\"1\"}},\"id\":\"21\",\"label\":\"Newsletter? \",\"x\":\"191\",\"y\":\"876\",\"type\":\"checkbox\",\"column\":\"NEWSLETTER\",\"children\":\"1\",\"attributes\":{\"zfsize\":\"\",\"zfmaxlength\":\"\",\"zfrows\":\"\",\"zfregex\":\"\",\"zfrepeatable\":\"0\",\"zfguidelines\":\"\"}}}","CUSTOM":"","LABEL":"Profile","PROJECT":"fws","ID":"64","NAME":"profile"}