{"ELEMENTCOUNT":"4","ENTITY":"prompt","TYPE":"DB","DATA":"{\"4\":{\"subelements\":{\"1\":{\"id\":1,\"populate\":\"\",\"sortorder\":2}},\"rules\":[],\"mandatory\":1,\"searchable\":1,\"readonly\":1,\"links\":[],\"id\":4,\"label\":\"Label \",\"x\":5,\"y\":5,\"type\":\"text_large\",\"column\":\"LABEL\",\"children\":2,\"attributes\":[]},\"5\":{\"subelements\":{\"1\":{\"id\":1,\"populate\":\"en\"}},\"rules\":[],\"searchable\":1,\"links\":[],\"id\":5,\"label\":\"Language \",\"x\":5,\"y\":57,\"type\":\"ws_language\",\"column\":\"LANG\",\"children\":2,\"attributes\":[]},\"2\":{\"subelements\":{\"1\":{\"id\":1,\"populate\":\"\",\"sortorder\":3}},\"rules\":[],\"mandatory\":1,\"searchable\":1,\"readonly\":1,\"links\":[],\"id\":2,\"label\":\"Standard text \",\"x\":5,\"y\":108,\"type\":\"textarea\",\"column\":\"STANDARD\",\"children\":2,\"attributes\":[]},\"3\":{\"subelements\":{\"1\":{\"id\":1,\"populate\":\"\",\"sortorder\":4}},\"rules\":[],\"searchable\":1,\"links\":[],\"id\":3,\"label\":\"Custom text \",\"x\":5,\"y\":215,\"type\":\"textarea\",\"column\":\"CUSTOM\",\"children\":2,\"attributes\":[]}}","LABEL":"Prompts","PROJECT":"fws","ID":"53","NAME":"prompt"}