{"ELEMENTCOUNT":"15","ATTRIBUTES":"null","ENTITY":"customer","TYPE":"DB","DATA":"{\"2\":{\"subelements\":{\"1\":{\"id\":\"1\",\"populate\":\"\"}},\"rules\":[{\"type\":\"rule_function\",\"parameters\":[\"wsSetting,login_with_email\",\"EQ\",\"\",\"required\"]},{\"type\":\"rule_function\",\"parameters\":[\"wsSetting,login_with_email\",\"EQ\",\"1\",\"disable\"]}],\"mandatory\":\"1\",\"system\":\"1\",\"unique\":\"1\",\"id\":\"2\",\"label\":\"Login name \",\"x\":\"191\",\"y\":\"186\",\"type\":\"text_large\",\"column\":\"LOGINNAME\",\"children\":\"1\",\"attributes\":{\"zfsize\":\"\",\"zfmaxlength\":\"\",\"zfrows\":\"\",\"zfregex\":\"\",\"zfrepeatable\":\"0\",\"zfguidelines\":\"\"}},\"3\":{\"subelements\":{\"1\":{\"id\":\"1\",\"populate\":\"\",\"label\":\"Password\",\"hide\":\"1\"},\"2\":{\"id\":\"2\",\"populate\":\"\",\"label\":\"Repeat\",\"hide\":\"1\"},\"3\":{\"id\":\"3\",\"populate\":\"\",\"label\":\"Login field ID\"}},\"rules\":[{\"type\":\"rule_function\",\"parameters\":[\"wsSetting,generate_password\",\"EQ\",\"\",\"required\"]},{\"type\":\"rule_function\",\"parameters\":[\"wsSetting,generate_password\",\"EQ\",\"1\",\"disable\"]}],\"mandatory\":\"1\",\"system\":\"1\",\"id\":\"3\",\"label\":\"Password \",\"x\":\"191\",\"y\":\"243\",\"type\":\"password2\",\"column\":\"PASSWORD\",\"children\":\"3\",\"attributes\":{\"zfsize\":\"\",\"zfmaxlength\":\"\",\"zfrows\":\"\",\"zfregex\":\"\",\"zfrepeatable\":\"0\",\"zfguidelines\":\"\"}},\"12\":{\"subelements\":{\"1\":{\"id\":\"1\",\"populate\":\"\"}},\"rules\":[{\"type\":\"rule_function\",\"parameters\":[\"wsSetting,require_registration\",\"EQ\",\"\",\"disable\"]}],\"mandatory\":\"1\",\"system\":\"1\",\"unique\":\"1\",\"id\":\"12\",\"label\":\"E-mail \",\"x\":\"191\",\"y\":\"311\",\"type\":\"email\",\"column\":\"EMAIL\",\"children\":\"1\",\"attributes\":{\"zfsize\":\"\",\"zfmaxlength\":\"\",\"zfrows\":\"\",\"zfregex\":\"\",\"zfrepeatable\":\"0\",\"zfguidelines\":\"\"}},\"18\":{\"subelements\":{\"1\":{\"id\":\"1\",\"populate\":\"\"}},\"id\":\"18\",\"label\":\"Prefix \",\"x\":\"191\",\"y\":\"368\",\"type\":\"text_small\",\"column\":\"MIDDLENAME\",\"children\":\"1\",\"attributes\":{\"zfsize\":\"\",\"zfmaxlength\":\"\",\"zfrows\":\"\",\"zfregex\":\"\",\"zfrepeatable\":\"0\",\"zfguidelines\":\"\"}},\"17\":{\"subelements\":{\"1\":{\"id\":\"1\",\"populate\":\"\"}},\"mandatory\":\"1\",\"id\":\"17\",\"label\":\"Initials \",\"x\":\"191\",\"y\":\"425\",\"type\":\"text_small\",\"column\":\"INITIALS\",\"children\":\"1\",\"attributes\":{\"zfsize\":\"\",\"zfmaxlength\":\"\",\"zfrows\":\"\",\"zfregex\":\"\",\"zfrepeatable\":\"0\",\"zfguidelines\":\"\"}},\"5\":{\"subelements\":{\"1\":{\"id\":\"1\",\"populate\":\"\",\"hide\":\"1\"}},\"mandatory\":\"1\",\"id\":\"5\",\"label\":\"Surname \",\"x\":\"191\",\"y\":\"483\",\"type\":\"text_large\",\"column\":\"LASTNAME\",\"children\":\"1\",\"attributes\":{\"zfsize\":\"\",\"zfmaxlength\":\"\",\"zfrows\":\"\",\"zfregex\":\"\",\"zfrepeatable\":\"0\",\"zfguidelines\":\"\"}},\"8\":{\"subelements\":{\"1\":{\"id\":\"1\",\"populate\":\"\",\"hide\":\"1\"}},\"id\":\"8\",\"label\":\"Company \",\"x\":\"191\",\"y\":\"540\",\"type\":\"text_large\",\"column\":\"COMPANY\",\"children\":\"1\",\"attributes\":{\"zfsize\":\"\",\"zfmaxlength\":\"\",\"zfrows\":\"\",\"zfregex\":\"\",\"zfrepeatable\":\"0\",\"zfguidelines\":\"\"}},\"9\":{\"subelements\":{\"1\":{\"id\":\"1\",\"populate\":\"\",\"hide\":\"1\"}},\"mandatory\":\"1\",\"system\":\"1\",\"id\":\"9\",\"label\":\"Address \",\"x\":\"191\",\"y\":\"597\",\"type\":\"text_large\",\"column\":\"ADDRESS\",\"children\":\"1\",\"attributes\":{\"zfsize\":\"\",\"zfmaxlength\":\"\",\"zfrows\":\"\",\"zfregex\":\"\",\"zfrepeatable\":\"0\",\"zfguidelines\":\"\"}},\"6\":{\"subelements\":{\"1\":{\"id\":\"1\",\"populate\":\"\",\"hide\":\"1\"}},\"mandatory\":\"1\",\"system\":\"1\",\"id\":\"6\",\"label\":\"Zip \",\"x\":\"191\",\"y\":\"654\",\"type\":\"text_small\",\"column\":\"ZIP\",\"children\":\"1\",\"attributes\":{\"zfsize\":\"\",\"zfmaxlength\":\"\",\"zfrows\":\"\",\"zfregex\":\"\",\"zfrepeatable\":\"0\",\"zfguidelines\":\"\"}},\"10\":{\"subelements\":{\"1\":{\"id\":\"1\",\"populate\":\"\"}},\"mandatory\":\"1\",\"system\":\"1\",\"id\":\"10\",\"label\":\"City \",\"x\":\"191\",\"y\":\"711\",\"type\":\"text_large\",\"column\":\"CITY\",\"children\":\"1\",\"attributes\":{\"zfsize\":\"\",\"zfmaxlength\":\"\",\"zfrows\":\"\",\"zfregex\":\"\",\"zfrepeatable\":\"0\",\"zfguidelines\":\"\"}},\"11\":{\"subelements\":{\"1\":{\"id\":\"1\",\"populate\":\"\",\"hide\":\"1\"}},\"system\":\"1\",\"id\":\"11\",\"label\":\"State \",\"x\":\"191\",\"y\":\"768\",\"type\":\"text_large\",\"column\":\"STATE\",\"children\":\"1\",\"attributes\":{\"zfsize\":\"\",\"zfmaxlength\":\"\",\"zfrows\":\"\",\"zfregex\":\"\",\"zfrepeatable\":\"0\",\"zfguidelines\":\"\"}},\"22\":{\"subelements\":{\"1\":{\"id\":\"1\",\"populate\":\"AF\"}},\"system\":\"1\",\"id\":\"22\",\"label\":\"Country \",\"x\":\"191\",\"y\":\"826\",\"type\":\"country_iso\",\"column\":\"COUNTRY\",\"children\":\"1\",\"attributes\":{\"zfsize\":\"\",\"zfmaxlength\":\"\",\"zfrows\":\"\",\"zfregex\":\"\",\"zfrepeatable\":\"0\",\"zfguidelines\":\"\"}},\"13\":{\"subelements\":{\"1\":{\"id\":\"1\",\"populate\":\"\"}},\"rules\":[{\"type\":\"rule_function\",\"parameters\":[\"wsSetting,require_registration\",\"EQ\",\"\",\"disable\"]}],\"id\":\"13\",\"label\":\"Telephone \",\"x\":\"191\",\"y\":\"887\",\"type\":\"simple_phone\",\"column\":\"PHONE\",\"children\":\"1\",\"attributes\":{\"zfsize\":\"\",\"zfmaxlength\":\"\",\"zfrows\":\"\",\"zfregex\":\"\",\"zfrepeatable\":\"0\",\"zfguidelines\":\"\"}},\"21\":{\"subelements\":{\"1\":{\"id\":\"1\",\"populate\":\"1\"}},\"rules\":[{\"type\":\"rule_function\",\"parameters\":[\"wsSetting,require_registration\",\"EQ\",\"\",\"disable\"]}],\"id\":\"21\",\"label\":\"Newsletter? \",\"x\":\"191\",\"y\":\"944\",\"type\":\"checkbox\",\"column\":\"NEWSLETTER\",\"children\":\"1\",\"attributes\":{\"zfsize\":\"\",\"zfmaxlength\":\"\",\"zfrows\":\"\",\"zfregex\":\"\",\"zfrepeatable\":\"0\",\"zfguidelines\":\"\"}},\"15\":{\"subelements\":{\"1\":{\"id\":\"1\",\"populate\":\"\"}},\"rules\":[{\"type\":\"rule_function\",\"parameters\":[\"wsSetting,use_captcha\",\"EQ\",\"\",\"disable\"]}],\"mandatory\":\"1\",\"id\":\"15\",\"label\":\"Type this code \",\"x\":\"191\",\"y\":\"993\",\"type\":\"captcha\",\"column\":\"captcha\",\"children\":\"1\",\"attributes\":{\"zfsize\":\"\",\"zfmaxlength\":\"\",\"zfrows\":\"\",\"zfregex\":\"\",\"zfrepeatable\":\"0\",\"zfguidelines\":\"\"}}}","CUSTOM":"","LABEL":"Register","PROJECT":"fws","ID":"58","NAME":"register"}