{"ELEMENTCOUNT":"3","ENTITY":"shipping","TYPE":"DB","DATA":"{\"3\":{\"subelements\":{\"1\":{\"id\":1,\"populate\":\"FR\"}},\"rules\":[],\"mandatory\":1,\"id\":3,\"label\":\"Shipping calculator \",\"x\":5,\"y\":5,\"type\":\"shipping_calculator\",\"column\":\"CALCULATOR\",\"children\":2,\"attributes\":[]},\"2\":{\"subelements\":{\"1\":{\"id\":1,\"populate\":\"\"}},\"rules\":[],\"mandatory\":1,\"links\":[],\"id\":2,\"label\":\"Description \",\"x\":5,\"y\":58,\"type\":\"text\",\"column\":\"DESCRIPTION\",\"children\":2,\"attributes\":{\"zfsize\":\"\",\"zfmaxlength\":\"150\",\"zfrows\":\"\",\"zfrepeatable\":0,\"zfguidelines\":\"\"}},\"1\":{\"subelements\":{\"1\":{\"id\":1,\"populate\":0}},\"rules\":[],\"links\":[],\"id\":1,\"label\":\"Only locally \",\"x\":5,\"y\":109,\"type\":\"checkbox\",\"column\":\"COUNTRY\",\"children\":2,\"attributes\":{\"zfsize\":\"\",\"zfmaxlength\":\"\",\"zfrows\":\"\",\"zfrepeatable\":0,\"zfguidelines\":\"\"}}}","LABEL":"Shipping","PROJECT":"fws","ID":"79","NAME":"shipping"}