{"ELEMENTCOUNT":"2","ENTITY":"task","TYPE":"DB","DATA":"{\"1\":{\"subelements\":{\"1\":{\"id\":1,\"populate\":\"\"}},\"rules\":[],\"mandatory\":1,\"links\":[],\"id\":1,\"label\":\"Name \",\"x\":5,\"y\":5,\"type\":\"text_large\",\"column\":\"NAME\",\"children\":2,\"attributes\":{\"zfsize\":\"\",\"zfmaxlength\":\"\",\"zfrows\":\"\",\"zfrepeatable\":0}},\"2\":{\"subelements\":{\"1\":{\"id\":1,\"populate\":\"\"}},\"rules\":[],\"mandatory\":1,\"links\":[],\"id\":2,\"label\":\"Action \",\"x\":5,\"y\":57,\"type\":\"action_button\",\"column\":\"ACTION\",\"children\":2,\"attributes\":{\"zfsize\":\"\",\"zfmaxlength\":\"\",\"zfrows\":\"\",\"zfrepeatable\":0}}}","LABEL":"Maintenance & tasks","PROJECT":"fws","ID":"74","NAME":"task"}