{"ELEMENTCOUNT":"2","ENTITY":"taxes","TYPE":"DB","DATA":"{\"3\":{\"subelements\":{\"1\":{\"id\":1,\"populate\":\"\",\"sortorder\":1}},\"rules\":[],\"mandatory\":1,\"links\":[],\"id\":3,\"label\":\"Label \",\"x\":5,\"y\":5,\"type\":\"text_small\",\"column\":\"LABEL\",\"children\":2,\"attributes\":[]},\"5\":{\"subelements\":{\"1\":{\"id\":1,\"populate\":1,\"sortorder\":2}},\"rules\":[],\"links\":[],\"id\":5,\"label\":\"Cascading \",\"x\":5,\"y\":57,\"type\":\"checkbox\",\"column\":\"CASCADING\",\"children\":2,\"attributes\":[]}}","LABEL":"Taxes","PROJECT":"fws","ID":"49","NAME":"taxes"}