{"ELEMENTCOUNT":"5","ENTITY":"taxrates","TYPE":"DB","DATA":"{\"4\":{\"subelements\":{\"1\":{\"id\":1,\"populate\":\"1\",\"sortorder\":1,\"hide\":1},\"2\":{\"id\":2,\"populate\":\"id\",\"label\":\"Key\"},\"3\":{\"id\":3,\"populate\":\"label\",\"label\":\"Value\"},\"4\":{\"id\":4,\"populate\":\"taxes\",\"label\":\"Table\"}},\"rules\":[],\"links\":[],\"id\":4,\"label\":\"Tax\",\"x\":5,\"y\":5,\"type\":\"sql\",\"column\":\"TAXESID\",\"children\":5,\"attributes\":{\"zfsize\":\"\",\"zfmaxlength\":\"\",\"zfrows\":\"\",\"zfrepeatable\":0,\"zfguidelines\":\"\"}},\"5\":{\"subelements\":{\"1\":{\"id\":1,\"populate\":\"0\"},\"2\":{\"id\":2,\"populate\":\"id\",\"label\":\"Key\"},\"3\":{\"id\":3,\"populate\":\"name\",\"label\":\"Value\"},\"4\":{\"id\":4,\"populate\":\"taxcategory\",\"label\":\"Table\"}},\"rules\":[],\"links\":[],\"id\":5,\"label\":\"Category \",\"x\":5,\"y\":67,\"type\":\"sql\",\"column\":\"TAXCATEGORYID\",\"children\":5,\"attributes\":{\"zfsize\":\"\",\"zfmaxlength\":\"\",\"zfrows\":\"\",\"zfrepeatable\":0}},\"1\":{\"subelements\":{\"1\":{\"id\":1,\"populate\":\"\",\"sortorder\":3}},\"rules\":[],\"links\":[],\"id\":1,\"label\":\"Country \",\"x\":5,\"y\":128,\"type\":\"country\",\"column\":\"COUNTRY\",\"children\":2,\"attributes\":[]},\"2\":{\"subelements\":{\"1\":{\"id\":1,\"populate\":\"\",\"sortorder\":2}},\"rules\":[],\"links\":[],\"id\":2,\"label\":\"State \",\"x\":5,\"y\":181,\"type\":\"text_large\",\"column\":\"STATE\",\"children\":2,\"attributes\":[]},\"3\":{\"subelements\":{\"1\":{\"id\":1,\"populate\":\"\",\"sortorder\":4}},\"rules\":[],\"mandatory\":1,\"links\":[],\"id\":3,\"label\":\"Rate \",\"x\":5,\"y\":232,\"type\":\"percentage\",\"column\":\"RATE\",\"children\":2,\"attributes\":[]}}","LABEL":"Tax rates","PROJECT":"fws","ID":"50","NAME":"taxrates"}