{"ELEMENTCOUNT":"4","ENTITY":"template","TYPE":"DB","DATA":"{\"1\":{\"subelements\":{\"1\":{\"id\":1,\"populate\":\"\",\"sortorder\":1}},\"rules\":[],\"mandatory\":1,\"links\":[],\"id\":1,\"label\":\"Name \",\"x\":5,\"y\":5,\"type\":\"text_large\",\"column\":\"NAME\",\"children\":2,\"attributes\":[]},\"2\":{\"subelements\":{\"1\":{\"id\":1,\"populate\":\"en\",\"sortorder\":2}},\"rules\":[],\"searchable\":1,\"links\":[],\"id\":2,\"label\":\"Language \",\"x\":5,\"y\":57,\"type\":\"ws_language\",\"column\":\"LANG\",\"children\":2,\"attributes\":{\"zfsize\":\"\",\"zfmaxlength\":\"\",\"zfrepeatable\":0}},\"4\":{\"subelements\":{\"1\":{\"id\":1,\"populate\":\"\",\"sortorder\":3}},\"rules\":[],\"links\":[],\"id\":4,\"label\":\"Title \",\"x\":5,\"y\":108,\"type\":\"text_large\",\"column\":\"TITLE\",\"children\":2,\"attributes\":{\"zfsize\":\"40\",\"zfmaxlength\":\"80\"}},\"3\":{\"subelements\":{\"1\":{\"id\":1,\"populate\":\"\",\"hide\":1}},\"rules\":[],\"links\":[],\"id\":3,\"label\":\"Content \",\"x\":5,\"y\":160,\"type\":\"htmlarea\",\"column\":\"CONTENT\",\"children\":2,\"attributes\":[]}}","LABEL":"Templates","PROJECT":"fws","ID":"67","NAME":"template"}